# Hénon map (a=1.4, b=0.3); columns: x y
1.07867766 0.29541829
-0.54033821 1.07867766
0.91485177 -0.54033821
-0.33383673 0.91485177
1.11842979 -0.33383673
-0.85139028 1.11842979
0.32071736 -0.85139028
0.60057944 0.32071736
0.59124128 0.60057944
0.69078108 0.59124128
0.50932249 0.69078108
0.84406117 0.50932249
0.15538180 0.84406117
1.21941745 0.15538180
-1.03515593 1.21941745
-0.13434169 -1.03515593
0.66418646 -0.13434169
0.34209639 0.66418646
1.03541402 0.34209639
-0.39828617 1.03541402
1.08853959 -0.39828617
-0.77837166 1.08853959
0.47835446 -0.77837166
0.44613631 0.47835446
0.86485369 0.44613631
0.08668024 0.86485369
1.24893726 0.08668024
-1.15777791 1.24893726
-0.50194839 -1.15777791
0.29993356 -0.50194839
0.72347128 0.29993356
0.35720509 0.72347128
1.03840772 0.35720509
-0.40244529 1.03840772
1.08477522 -0.40244529
-0.76816577 1.08477522
0.49932246 -0.76816577
0.42049819 0.49932246
0.90225052 0.42049819
-0.01352895 0.90225052
1.27041891 -0.01352895
-1.26360858 1.27041891
-0.85426361 -1.26360858
-0.40075542 -0.85426361
0.51887404 -0.40075542
0.50285099 0.51887404
0.80165945 0.50285099
0.25113428 0.80165945
1.15220204 0.25113428
-0.78325706 1.15220204
0.48677235 -0.78325706
0.43329664 0.48677235
0.88318733 0.43329664
0.03796118 0.88318733
1.26293873 0.03796118
-1.22163157 1.26293873
-0.71045556 -1.22163157
-0.07313541 -0.71045556
0.77937503 -0.07313541
0.12766376 0.77937503
1.21099526 0.12766376
-1.01481419 1.21099526
-0.07848840 -1.01481419
0.68693114 -0.07848840
0.31582933 0.68693114
1.06643191 0.31582933
-0.49743904 1.06643191
0.97350574 -0.49743904
-0.47603051 0.97350574
0.97480466 -0.47603051
-0.47315093 0.97480466
0.97902088 -0.47315093
-0.48381991 0.97902088
0.96599188 -0.48381991
-0.45154241 0.96599188
1.00435080 -0.45154241
-0.54767145 1.00435080
0.88138361 -0.54767145
-0.25187334 0.88138361
1.17559883 -0.25187334
-1.01040767 1.17559883
-0.07661347 -1.01040767
0.68866023 -0.07661347
0.31306189 0.68866023
1.06938722 0.31306189
-0.50710608 1.06938722
0.96079696 -0.50710608
-0.44451495 0.96079696
1.01160813 -0.44451495
-0.56604591 1.01160813
0.85491128 -0.56604591
-0.19303639 0.85491128
1.20430512 -0.19303639
-1.08840206 1.20430512
-0.29717511 -1.08840206
0.54984112 -0.29717511
0.48759211 0.54984112
0.83210784 0.48759211
0.17691279 0.83210784
1.20581496 0.17691279
-0.98251178 1.20581496
0.01028333 -0.98251178
0.70509842 0.01028333
0.30705570 0.70509842
1.07953304 0.30705570
-0.53943150 1.07953304
0.91647903 -0.53943150
-0.33773678 0.91647903
1.11525112 -0.33773678
-0.84262013 1.11525112
0.34056319 -0.84262013
0.58483736 0.34056319
0.62332032 0.58483736
0.63151171 0.62332032
0.62866625 0.63151171
0.63614376 0.62866625
0.62204943 0.63614376
0.64911943 0.62204943
0.59671637 0.64911943
0.69623723 0.59671637
0.50037013 0.69623723
0.85835280 0.50037013
0.11863371 0.85835280
1.23780230 0.11863371
-1.10942623 1.23780230
-0.35181651 -1.10942623
0.49388734 -0.35181651
0.55296047 0.49388734
0.72009481 0.55296047
0.43993699 0.72009481
0.94506606 0.43993699
-0.11842871 0.94506606
1.26388432 -0.11842871
-1.27189360 1.26388432
-0.88563338 -1.27189360
-0.47965316 -0.88563338
0.41221598 -0.47965316
0.61821324 0.41221598
0.58860214 0.61821324
0.70043050 0.58860214
0.48973661 0.70043050
0.87435042 0.48973661
0.07663686 0.87435042
1.25408264 0.07663686
-1.17882150 1.25408264
-0.56924340 -1.17882150
0.19270029 -0.56924340
0.77724022 0.19270029
0.21206678 0.77724022
1.17021082 0.21206678
-0.85353067 1.17021082
0.33114280 -0.85353067
0.59042302 0.33114280
0.61130376 0.59042302
0.65395771 0.61130376
0.58466617 0.65395771
0.71761897 0.58466617
0.45443206 0.71761897
0.92617380 0.45443206
-0.06458744 0.92617380
1.27201199 -0.06458744
-1.28459652 1.27201199
-0.92865992 -1.28459652
-0.59275190 -0.92865992
0.22950528 -0.59275190
0.74843269 0.22950528
0.28463951 0.74843269
1.11110230 0.28463951
-0.64297579 1.11110230
0.75454568 -0.64297579
0.01003241 0.75454568
1.22622279 0.01003241
-1.10206156 1.22622279
-0.33248871 -1.10206156
0.51461330 -0.33248871
0.52949581 0.51461330
0.76187186 0.52949581
0.34622053 0.76187186
1.06074544 0.34622053
-0.47138709 1.06074544
1.00713553 -0.47138709
-0.56146689 1.00713553
0.86079757 -0.56146689
-0.20580150 0.86079757
1.19894331 -0.20580150
-1.07419154 1.19894331
-0.25575945 -1.07419154
0.58616448 -0.25575945
0.44224784 0.58616448
0.90203293 0.44224784
-0.00645442 0.90203293
1.27055156 -0.00645442
-1.26195808 1.27055156
-0.84838802 -1.26195808
-0.38625456 -0.84838802
0.53661397 -0.38625456
0.48098725 0.53661397
0.83709596 0.48098725
0.16327467 0.83709596
1.21380672 0.16327467
-1.01367506 1.21380672
-0.07440997 -1.01367506
0.68814590 -0.07440997
0.31471432 0.68814590
1.06778063 0.31471432
-0.50180336 1.06778063
0.96780493 -0.50180336
-0.46184593 0.96780493
0.99171914 -0.46184593
-0.51546338 0.99171914
0.92553224 -0.51546338
-0.35389292 0.92553224
1.10232340 -0.35389292
-0.80733149 1.10232340
0.41819923 -0.80733149
0.51295372 0.41819923
0.75708964 0.51295372
0.35142750 0.75708964
1.05422509 0.35142750
-0.45051852 1.05422509
1.03211382 -0.45051852
-0.62651806 1.03211382
0.76009932 -0.62651806
0.00319322 0.76009932
1.22801552 0.00319322
-1.11027300 1.22801552
-0.35738393 -1.11027300
0.48810551 -0.35738393
0.55923903 0.48810551
0.70858404 0.55923903
0.46484382 0.70858404
0.91006352 0.46484382
-0.02004872 0.91006352
1.27245633 -0.02004872
-1.27281776 1.27245633
-0.88635416 -1.27281776
-0.48171849 -0.88635416
0.40921997 -0.48171849
0.62103908 0.40921997
0.58280064 0.62103908
0.71079250 0.58280064
0.46752382 0.71079250
0.90722782 0.46752382
-0.01203010 0.90722782
1.27196573 -0.01203010
-1.26866459 1.27196573
-0.87172405 -1.26866459
-0.44446331 -0.87172405
0.46191610 -0.44446331
0.56794793 0.46191610
0.68698403 0.56794793
0.50965849 0.68698403
0.84244272 0.50965849
0.15930392 0.84244272
1.21720398 0.15930392
-1.02642857 1.21720398
-0.10981665 -1.02642857
0.67518786 -0.10981665
0.32882491 0.67518786
1.05118021 0.32882491
-0.44832429 1.05118021
1.03396153 -0.44832429
-0.63120431 1.03396153
0.75240203 -0.63120431
0.01808638 0.75240203
1.22526264 0.01808638
-1.09635005 1.22526264
-0.31519802 -1.09635005
0.53200527 -0.31519802
0.50919914 0.53200527
0.79660432 0.50919914
0.26434993 0.79660432
1.14114806 0.26434993
-0.74380147 1.14114806
0.56780754 -0.74380147
0.32549200 0.56780754
1.02201921 0.32549200
-0.36468496 1.02201921
1.12041259 -0.36468496
-0.86685962 1.12041259
0.28409994 -0.86685962
0.62694423 0.28409994
0.53494730 0.62694423
0.78744721 0.53494730
0.29238183 0.78744721
1.11655217 0.29238183
-0.65764971 1.11655217
0.72946126 -0.65764971
0.05774587 0.72946126
1.21416996 0.05774587
-1.04656839 1.21416996
-0.16917658 -1.04656839
0.64596048 -0.16917658
0.36507611 0.64596048
1.00719536 0.36507611
-0.31069665 1.00719536
1.16701324 -0.31069665
-0.99989685 1.16701324
-0.04960722 -0.99989685
0.69658572 -0.04960722
0.30579351 0.69658572
1.07806218 0.30579351
-0.53536724 1.07806218
0.92215334 -0.53536724
-0.35112368 0.92215334
1.10404303 -0.35112368
-0.81181253 1.10404303
0.40855750 -0.81181253
0.52276932 0.40855750
0.73996439 0.52276932
0.39026458 0.73996439
1.00876030 0.39026458
-0.30755690 1.00876030
1.17020035 -0.30755690
-1.00938346 1.17020035
-0.07533686 -1.00938346
0.68923906 -0.07533686
0.31232826 0.68923906
1.07020320 0.31232826
-0.50977036 1.07020320
0.95724881 -0.50977036
-0.43578651 0.95724881
1.02130080 -0.43578651
-0.59101342 1.02130080
0.81737463 -0.59101342
-0.11264583 0.81737463
1.22744767 -0.11264583
-1.14307266 1.22744767
-0.46102683 -1.14307266
0.35951416 -0.46102683
0.68074134 0.35951416
0.45908197 0.68074134
0.90916365 0.45908197
-0.01948537 0.90916365
1.27221754 -0.01948537
-1.27179808 1.27221754
-0.88279324 -1.27179808
-0.47259290 -0.88279324
0.42248036 -0.47259290
0.60833661 0.42248036
0.60864131 0.60833661
0.66387905 0.60864131
0.56556285 0.66387905
0.75135785 0.56556285
0.37931479 0.75135785
1.02397576 0.37931479
-0.35414245 1.02397576
1.13160910 -0.35414245
-0.89899756 1.13160910
0.20800747 -0.89899756
0.66972678 0.20800747
0.43445470 0.66972678
0.93666680 0.43445470
-0.09794616 0.93666680
1.26756921 -0.09794616
-1.27880823 1.26756921
-0.90921992 -1.27880823
-0.54099568 -0.90921992
0.31748717 -0.54099568
0.69658395 0.31748717
0.41592527 0.69658395
0.96678382 0.41592527
-0.18376177 0.96678382
1.24275941 -0.18376177
-1.21735985 1.24275941
-0.70192317 -1.21735985
-0.05498255 -0.70192317
0.78519073 -0.05498255
0.12037095 0.78519073
1.21527239 0.12037095
-1.03153049 1.21527239
-0.12509548 -1.03153049
0.66863242 -0.12509548
0.33657431 0.66863242
1.04199455 0.33657431
-0.41908141 1.04199455
1.06671744 -0.41908141
-0.71876497 1.06671744
0.59674291 -0.71876497
0.28582756 0.59674291
1.06464652 0.28582756
-0.50111283 1.06464652
0.96783425 -0.50111283
-0.46171825 0.96783425
0.99189303 -0.46171825
-0.51590798 0.99189303
0.92494244 -0.51590798
-0.35249833 0.92494244
1.10352563 -0.35249833
-0.81062585 1.10352563
0.41109771 -0.81062585
0.52021039 0.41109771
0.74446293 0.52021039
0.38014805 0.74446293
1.02102132 0.38014805
-0.34543395 1.02102132
1.13925194 -0.34543395
-0.92068317 1.13925194
0.15505509 -0.92068317
0.69013614 0.15505509
0.37971349 0.69013614
1.00518558 0.37971349
-0.30064321 1.00518558
1.17501480 -0.30064321
-1.02311664 1.17501480
-0.11297029 -1.02311664
0.67519781 -0.11297029
0.32786000 0.67519781
1.05207029 0.32786000
-0.45123464 1.05207029
1.03056331 -0.45123464
-0.62225541 1.03056331
0.76708648 -0.62225541
-0.01046695 0.76708648
1.22997256 -0.01046695
-1.12110559 1.22997256
-0.39063709 -1.12110559
0.45003205 -0.39063709
0.59926848 0.45003205
0.63223781 0.59926848
0.62016603 0.63223781
0.65122308 0.62016603
0.59232171 0.65122308
0.70418391 0.59232171
0.48347154 0.70418391
0.88401256 0.48347154
0.05097198 0.88401256
1.26156637 0.05097198
-1.21287798 1.26156637
-0.68103228 -1.21287798
-0.01319035 -0.68103228
0.79544674 -0.01319035
0.11021318 0.79544674
1.22162830 0.11021318
-1.05626202 1.22162830
-0.19547675 -1.05626202
0.62962577 -0.19547675
0.38635692 0.62962577
0.97990739 0.38635692
-0.22839881 0.97990739
1.22093979 -0.22839881
-1.15549122 1.22093979
-0.50294200 -1.15549122
0.29922172 -0.50294200
0.72377031 0.29922172
0.35638567 0.72377031
1.03931605 0.35638567
-0.40533329 1.03931605
1.08178171 -0.40533329
-0.75995232 1.08178171
0.51599597 -0.75995232
0.39926172 0.51599597
0.93162490 0.39926172
-0.09531642 0.93162490
1.26676816 -0.09531642
-1.27517713 1.26676816
-0.89647696 -1.27517713
-0.50769246 -0.89647696
0.37020463 -0.50769246
0.65582021 0.37020463
0.50892119 0.65582021
0.83414498 0.50892119
0.17855938 0.83414498
1.20560666 0.17855938
-0.98131458 1.20560666
0.01351237 -0.98131458
0.70535001 0.01351237
0.30752762 0.70535001
1.07920247 0.30752762
-0.53829086 1.07920247
0.91810086 -0.53829086
-0.34156013 0.91810086
1.11210160 -0.34156013
-0.83394601 1.11210160
0.35997815 -0.83394601
0.56839822 0.35997815
0.65568630 0.56839822
0.56862514 0.65568630
0.74403752 0.56862514
0.39555898 0.74403752
1.00415759 0.39555898
-0.29299775 1.00415759
1.18106052 -0.29299775
-1.04076486 1.18106052
-0.16214994 -1.04076486
0.65096090 -0.16214994
0.35810489 0.65096090
1.01575351 0.35810489
-0.33702580 1.01575351
1.14570511 -0.33702580
-0.93880401 1.14570511
0.10981738 -0.93880401
0.70147500 0.10981738
0.34405117 0.70147500
1.04472281 0.34405117
-0.42480869 1.04472281
1.06076945 -0.42480869
-0.70276717 1.06076945
0.62679647 -0.70276717
0.23914652 0.62679647
1.10797146 0.23914652
-0.64689711 1.10797146
0.74652523 -0.64689711
0.02571099 0.74652523
1.22303209 0.02571099
-1.08641720 1.22303209
-0.28551363 -1.08641720
0.55994960 -0.28551363
0.47538494 0.55994960
0.85159770 0.47538494
0.12730937 0.85159770
1.23278856 0.12730937
-1.08948189 1.23278856
-0.29192254 -1.08948189
0.55384915 -0.29192254
0.48297480 0.55384915
0.83958423 0.48297480
0.15803009 0.83958423
1.21691235 0.15803009
-1.02581692 1.21691235
-0.10814678 -1.02581692
0.67588091 -0.10814678
0.32801496 0.67588091
1.05213293 0.32801496
-0.45137269 1.05213293
1.03040765 -0.45137269
-0.62184771 1.03040765
0.76774989 -0.62184771
-0.01177016 0.76774989
1.23013101 -0.01177016
-1.12204229 1.23013101
-0.39353114 -1.12204229
0.44657385 -0.39353114
0.60274118 0.44657385
0.62535646 0.60274118
0.63332337 0.62535646
0.62606905 0.63332337
0.64124957 0.62606905
0.61213930 0.64124957
0.66777454 0.61213930
0.55934982 0.66777454
0.76231125 0.55934982
0.35423914 0.76231125
1.05301386 0.35423914
-0.44610172 1.05301386
1.03729471 -0.44610172
-0.64020296 1.03729471
0.73738464 -0.64020296
0.04670855 0.73738464
1.21816103 0.04670855
-1.06347024 1.21816103
-0.21790823 -1.06347024
0.61448133 -0.21790823
0.40600530 0.61448133
0.95356797 0.40600530
-0.15120703 0.95356797
1.25406140 -0.15120703
-1.24710010 1.25406140
-0.80114370 -1.24710010
-0.27269375 -0.80114370
0.65555026 -0.27269375
0.31654728 0.65555026
1.05638203 0.31654728
-0.46735601 1.05638203
1.01112432 -0.46735601
-0.57152814 1.01112432
0.84603511 -0.57152814
-0.17354401 0.84603511
1.21164600 -0.17354401
-1.10738364 1.21164600
-0.35332414 -1.10738364
0.49301178 -0.35332414
0.55371789 0.49301178
0.71865863 0.55371789
0.44305705 0.71865863
0.94077822 0.44305705
-0.10617201 0.94077822
1.26645197 -0.10617201
-1.27731244 1.26645197
-0.90420231 -1.27731244
-0.52780828 -0.90420231
0.33872510 -0.52780828
0.68102895 0.33872510
0.45229694 0.68102895
0.91790716 0.45229694
-0.04388589 0.91790716
1.27267579 -0.04388589
-1.28075089 1.27267579
-0.91464925 -1.28075089
-0.55544181 -0.91464925
0.29368337 -0.55544181
0.71261756 0.29368337
0.37715171 0.71261756
1.01464449 0.37715171
-0.32815931 1.01464449
1.15362940 -0.32815931
-0.96165290 1.15362940
0.05140200 -0.96165290
0.70780510 0.05140200
0.31403732 0.70780510
1.07427431 0.31403732
-0.52148023 1.07427431
0.94156402 -0.52148023
-0.39760399 0.94156402
1.06114470 -0.39760399
-0.69572051 1.06114470
0.64070557 -0.69572051
0.21657877 0.64070557
1.12654276 0.21657877
-0.71176439 1.12654276
0.62871085 -0.71176439
0.23308241 0.62871085
1.11255488 0.23308241
-0.66296499 1.11255488
0.71843486 -0.66296499
0.07850240 0.71843486
1.20690278 0.07850240
-1.01570932 1.20690278
-0.08226077 -1.01570932
0.68581364 -0.08226077
0.31684529 0.68581364
1.06519678 0.31684529
-0.49344826 1.06519678
0.97867137 -0.49344826
-0.48895120 0.97867137
0.95889883 -0.48895120
-0.43396711 0.95889883
1.02401122 -0.43396711
-0.59822870 1.02401122
0.80617475 -0.59822870
-0.08935344 0.80617475
1.23067477 -0.08935344
-1.14719059 1.23067477
-0.47326233 -1.14719059
0.34227470 -0.47326233
0.69400854 0.34227470
0.42837541 0.69400854
0.95129487 0.42837541
-0.13843408 0.95129487
1.25855887 -0.13843408
-1.25908882 1.25855887
-0.84185886 -1.25908882
-0.36994353 -0.84185886
0.55584084 -0.36994353
0.45647429 0.55584084
0.87503597 0.45647429
0.06497917 0.87503597
1.25659958 0.06497917
-1.19116576 1.25659958
-0.60944634 -1.19116576
0.12265549 -0.60944634
0.79610398 0.12265549
0.14950248 0.79610398
1.20753981 0.14950248
-0.99656259 1.20753981
-0.02812985 -0.99656259
0.69992342 -0.02812985
0.30571114 0.69992342
1.07913401 0.30571114
-0.53862895 1.07913401
0.91757060 -0.53862895
-0.34029881 0.91757060
1.11314659 -0.34029881
-0.83682310 1.11314659
0.35356191 -0.83682310
0.57394463 0.35356191
0.64489115 0.57394463
0.58994495 0.64489115
0.70621828 0.58994495
0.47874153 0.70621828
0.89099465 0.47874153
0.03220241 0.89099465
1.26584660 0.03220241
-1.23365395 1.26584660
-0.75090890 -1.23365395
-0.15950604 -0.75090890
0.73910828 -0.15950604
0.18735472 0.73910828
1.17258998 0.18735472
-0.86874775 1.17258998
0.29516529 -0.86874775
0.61740411 0.29516529
0.55488662 0.61740411
0.75416240 0.55488662
0.37020068 0.75416240
1.03438076 0.37020068
-0.38686077 1.03438076
1.10078847 -0.38686077
-0.81248759 1.10078847
0.40604603 -0.81248759
0.52543099 0.40604603
0.73530500 0.52543099
0.40068649 0.73530500
0.99582197 0.40068649
-0.26812002 0.99582197
1.19810291 -0.26812002
-1.09006681 1.19810291
-0.30411305 -1.09006681
0.54350131 -0.30411305
0.49521495 0.54350131
0.81971741 0.49521495
0.20785319 0.81971741
1.18543110 0.20785319
-0.90498968 1.18543110
0.20902048 -0.90498968
0.66733771 0.20902048
0.43923068 0.66733771
0.93010829 0.43923068
-0.07937281 0.93010829
1.27021243 -0.07937281
-1.28262730 1.27021243
-0.92212218 -1.28262730
-0.57522123 -0.92212218
0.26013210 -0.57522123
0.73269744 0.26013210
0.32645589 0.73269744
1.07060641 0.32645589
-0.50674054 1.07060641
0.96168155 -0.50674054
-0.44678614 0.96168155
1.00903947 -0.44678614
-0.55946077 1.00903947
0.86451695 -0.55946077
-0.21418362 0.86451695
1.19513062 -0.21418362
-1.06392715 1.19513062
-0.22617819 -1.06392715
0.60920266 -0.22617819
0.41256752 0.60920266
0.94446406 0.41256752
-0.12504704 0.94446406
1.26144775 -0.12504704
-1.26526471 1.26144775
-0.86281837 -1.26526471
-0.42181717 -0.86281837
0.49205287 -0.42181717
0.53449241 0.49205287
0.74766087 0.53449241
0.37775224 0.74766087
1.02452280 0.37775224
-0.35618008 1.02452280
1.12974689 -0.35618008
-0.89371327 1.12974689
0.22071129 -0.89371327
0.66368716 0.22071129
0.44954049 0.66368716
0.91618483 0.44954049
-0.04029036 0.91618483
1.27258281 -0.04029036
-1.27934092 1.27258281
-0.90962364 -1.27934092
-0.54218350 -0.90962364
0.31556478 -0.54218350
0.69793137 0.31556478
0.41271796 0.69793137
0.97090885 0.41271796
-0.19591420 0.97090885
1.23753733 -0.19591420
-1.20287236 1.23753733
-0.65440149 -1.20287236
0.03960047 -0.65440149
0.80148408 0.03960047
0.11255272 0.80148408
1.22270986 0.11255272
-1.05926136 1.22270986
-0.20403551 -1.05926136
0.62393891 -0.20403551
0.39376968 0.62393891
0.97010528 0.39376968
-0.19941506 0.97010528
1.23535867 -0.19941506
-1.19637998 1.23535867
-0.63324749 -1.19637998
0.07968267 -0.63324749
0.80113669 0.07968267
0.12535680 0.80113669
1.21834095 0.12535680
-1.04048951 1.21834095
-0.15016349 -1.04048951
0.65628444 -0.15016349
0.35195797 0.65628444
1.02346115 0.35195797
-0.36087444 1.02346115
1.12471584 -0.36087444
-0.87924236 1.12471584
0.25512079 -0.87924236
0.64510603 0.25512079
0.49390973 0.64510603
0.85200626 0.49390973
0.13189238 0.85200626
1.23124804 0.13189238
-1.08279272 1.23124804
-0.27204168 -1.08279272
0.57155284 -0.27204168
0.46104579 0.57155284
0.87387735 0.46104579
0.06918747 0.87387735
1.25546153 0.06918747
-1.18590089 1.25546153
-0.59226683 -1.18590089
0.15313774 -0.59226683
0.78948832 0.15313774
0.17333280 0.78948832
1.19478453 0.17333280
-0.94651427 1.19478453
0.10419038 -0.94651427
0.70084783 0.10419038
0.34359436 0.70084783
1.04497443 0.34359436
-0.42568187 1.04497443
1.05980526 -0.42568187
-0.70016662 1.05980526
0.63161497 -0.70016662
0.23143756 0.63161497
1.11449581 0.23143756
-0.66951001 1.11449581
0.70680762 -0.66951001
0.09973918 0.70680762
1.19811522 0.09973918
-0.97975036 1.19811522
0.01555949 -0.97975036
0.70573595 0.01555949
0.30737931 0.70573595
1.07944593 0.30737931
-0.53907112 1.07944593
0.91699703 -0.53907112
-0.33895832 0.91699703
1.11424927 -0.33895832
-0.83985950 1.11424927
0.34676520 -0.83985950
0.57969760 0.34676520
0.63356053 0.57969760
0.61195076 0.63356053
0.66579094 0.61195076
0.56299662 0.66579094
0.75598602 0.56299662
0.36877819 0.75598602
1.03639951 0.36877819
-0.39314008 1.03639951
1.09453709 -0.39314008
-0.79515803 1.09453709
0.44317431 -0.79515803
0.48648773 0.44317431
0.80161385 0.48648773
0.24632764 0.80161385
1.15553593 0.24632764
-0.79547030 1.15553593
0.46077859 -0.79547030
0.46411524 0.46077859
0.83666944 0.46411524
0.15921252 0.83666944
1.21551275 0.15921252
-1.02069599 1.21551275
-0.09389461 -1.02069599
0.68144852 -0.09389461
0.32171069 0.68144852
1.05953768 0.32171069
-0.47515493 1.05953768
1.00178021 -0.47515493
-0.54753550 1.00178021
0.88082088 -0.54753550
-0.25044425 0.88082088
1.17643501 -0.25044425
-1.01273235 1.17643501
-0.08294703 -1.01273235
0.68654800 -0.08294703
0.31522847 0.68654800
1.06684782 0.31522847
-0.49886143 1.06684782
0.97164652 -0.49886143
-0.47139418 0.97164652
0.98039649 -0.47139418
-0.48706646 0.98039649
0.96199172 -0.48706646
-0.44171924 0.96199172
1.01543527 -0.44171924
-0.57606808 1.01543527
0.84003438 -0.57606808
-0.16074129 0.84003438
1.21583745 -0.16074129
-1.11778736 1.21583745
-0.38447679 -1.11778736
0.45771243 -0.38447679
0.59135603 0.45771243
0.64773100 0.59135603
0.59002919 0.64773100
0.70693108 0.59002919
0.47735659 0.70693108
0.89306228 0.47735659
0.02662264 0.89306228
1.26692641 0.02662264
-1.23915676 1.26692641
-0.76963533 -1.23915676
-0.20102099 -0.76963533
0.71253619 -0.20102099
0.22890276 0.71253619
1.14040580 0.22890276
-0.75206471 1.14040580
0.55027989 -0.75206471
0.35044945 0.55027989
0.99314322 0.35044945
-0.27573201 0.99314322
1.19150357 -0.27573201
-1.07027265 1.19150357
-0.24622590 -1.07027265
0.59404013 -0.24622590
0.43209508 0.59404013
0.91682342 0.43209508
-0.04716274 0.91682342
1.27193297 -0.04716274
-1.27908770 1.27193297
-0.90891161 -1.27908770
-0.54029474 -0.90891161
0.31864075 -0.54029474
0.69576688 0.31864075
0.41786405 0.69576688
0.96427555 0.41786405
-0.17639906 0.96427555
1.24571939 -0.17639906
-1.22546323 1.24571939
-0.72874835 -1.22546323
-0.11114279 -0.72874835
0.76408169 -0.11114279
0.14930801 0.76408169
1.19801447 0.14930801
-0.96454175 1.19801447
0.05692725 -0.96454175
0.70610048 0.05692725
0.31906913 0.70610048
1.06930299 0.31906913
-0.50505170 1.06930299
0.96368279 -0.50505170
-0.45167385 0.96368279
1.00349187 -0.45167385
-0.54529645 1.00349187
0.88476006 -0.54529645
-0.25950944 0.88476006
1.17114481 -0.25950944
-0.99806507 1.17114481
-0.04324398 -0.99806507
0.69796242 -0.04324398
0.30501465 0.69796242
1.07914122 0.30501465
-0.53885968 1.07914122
0.91722471 -0.53885968
-0.33947954 0.91722471
1.11382251 -0.33947954
-0.83868469 1.11382251
0.34939794 -0.83868469
0.57748410 0.34939794
0.63793634 0.57748410
0.60349735 0.63793634
0.68148824 0.60349735
0.53085250 0.68148824
0.80992035 0.53085250
0.24089640 0.80992035
1.16173260 0.24089640
-0.81720277 1.16173260
0.41357127 -0.81720277
0.51538150 0.41357127
0.75220605 0.51538150
0.36247492 0.75220605
1.04171852 0.36247492
-0.41050598 1.04171852
1.07659433 -0.41050598
-0.74582929 1.07659433
0.54421243 -0.74582929
0.36161718 0.54421243
0.98018995 0.36161718
-0.23659613 0.98018995
1.21568817 -0.23659613
-1.14003564 1.21568817
-0.45484733 -1.14003564
0.36834878 -0.45484733
0.67359265 0.36834878
0.47528675 0.67359265
0.88582131 0.47528675
0.04403488 0.88582131
1.26303169 0.04403488
-1.22013822 1.26303169
-0.70532266 -1.22013822
-0.06251355 -0.70532266
0.78293208 -0.06251355
0.12307024 0.78293208
1.21367483 0.12307024
-1.02528815 1.21367483
-0.10759966 -1.02528815
0.67620479 -0.10759966
0.32756601 0.67620479
1.05264215 0.32756601
-0.45300789 1.05264215
1.02849003 -0.45300789
-0.61681082 1.02849003
0.77590919 -0.61681082
-0.02789235 0.77590919
1.23168358 -0.02789235
-1.13222993 1.23168358
-0.42521737 -1.13222993
0.40719728 -0.42521737
0.64030131 0.40719728
0.54817911 0.64030131
0.77138992 0.54817911
0.33139435 0.77138992
1.07766587 0.33139435
-0.52649092 1.07766587
0.93523000 -0.52649092
-0.38246450 0.93523000
1.07577827 -0.38246450
-0.73495780 1.07577827
0.56650533 -0.73495780
0.33021306 0.56650533
1.01729467 0.33021306
-0.34977989 1.01729467
1.13390404 -0.34977989
-0.90496768 1.13390404
0.19361812 -0.90496768
0.67602653 0.19361812
0.41826882 0.67602653
0.95787963 0.41826882
-0.15906610 0.95787963
1.25194105 -0.15906610
-1.24201880 1.25194105
-0.78407265 -1.24201880
-0.23328353 -0.78407265
0.68858852 -0.23328353
0.26619913 0.68858852
1.10736979 0.26619913
-0.63691524 1.10736979
0.76428551 -0.63691524
-0.00885984 0.76428551
1.22917576 -0.00885984
-1.11788021 1.22917576
-0.38076590 -1.11788021
0.46166020 -0.38076590
0.58738803 0.46166020
0.65546348 0.58738803
0.57473110 0.65546348
0.73419688 0.57473110
0.41775625 0.73419688
0.97593066 0.41775625
-0.20809005 0.97593066
1.23215714 -0.20809005
-1.18792273 1.23215714
-0.60597745 -1.18792273
0.12953105 -0.60597745
0.79471716 0.12953105
0.15465381 0.79471716
1.20493022 0.15465381
-0.98620344 1.20493022
-0.00015705 -0.98620344
0.70413893 -0.00015705
0.30581659 0.70413893
1.08030838 0.30581659
-0.54214769 1.08030838
0.91259876 -0.54214769
-0.32861539 0.91259876
1.12259632 -0.32861539
-0.86289612 1.12259632
0.29435329 -0.86289612
0.61982976 0.29435329
0.55044148 0.61982976
0.76176877 0.55044148
0.35272413 0.76176877
1.05435060 0.35272413
-0.45050002 1.05435060
1.03217481 -0.45050002
-0.62668878 1.03217481
0.75981809 -0.62668878
0.00374042 0.75981809
1.22792584 0.00374042
-1.10980049 1.22792584
-0.35594222 -1.10980049
0.48968704 -0.35594222
0.55750657 0.48968704
0.71176710 0.55750657
0.45799461 0.71176710
0.91986745 0.45799461
-0.04722018 0.91986745
1.27283859 -0.04722018
-1.28233136 1.27283859
-0.92027163 -1.28233136
-0.57035923 -0.92027163
0.26848501 -0.57035923
0.72797435 0.26848501
0.33862018 0.72797435
1.05786323 0.33862018
-0.46511841 1.05786323
1.01448979 -0.46511841
-0.58040086 1.01448979
0.83273572 -0.58040086
-0.14494855 0.83273572
1.22040660 -0.14494855
-1.12863375 1.22040660
-0.41721781 -1.12863375
0.41771090 -0.41721781
0.63055930 0.41771090
0.56866622 0.63055930
0.73643402 0.56866622
0.41133078 0.73643402
0.98405999 0.41133078
-0.23232446 0.98405999
1.21965348 -0.23232446
-1.15227380 1.21965348
-0.49293282 -1.15227380
0.31414199 -0.49293282
0.71396088 0.31414199
0.38060640 0.71396088
1.01138255 0.38060640
-0.31787060 1.01138255
1.16195636 -0.31787060
-0.98556079 1.16195636
-0.01127520 -0.98556079
0.70415378 -0.01127520
0.30245188 0.70415378
1.08317814 0.30245188
-0.55184928 1.08317814
0.89860077 -0.55184928
-0.29603145 0.89860077
1.14689176 -0.29603145
-0.93031443 1.14689176
0.13238862 -0.93031443
0.69636823 0.13238862
0.36081640 0.69636823
1.02664660 0.36081640
-0.36735963 1.02664660
1.11905965 -0.36735963
-0.86342018 1.11905965
0.29202572 -0.86342018
0.62158332 0.29202572
0.54669557 0.62158332
0.76804853 0.54669557
0.33815070 0.76804853
1.07033031 0.33815070
-0.50240454 1.07033031
0.96772465 -0.50240454
-0.46180875 0.96772465
0.99174315 -0.46180875
-0.51551888 0.99174315
0.92545934 -0.51551888
-0.35372064 0.92545934
1.10247219 -0.35372064
-0.80773910 1.10247219
0.41732223 -0.80773910
0.51385729 0.41732223
0.75552762 0.51385729
0.35500641 0.75552762
1.05021692 0.35500641
-0.43763588 1.05021692
1.04692984 -0.43763588
-0.66577770 1.04692984
0.69351503 -0.66577770
0.12691835 0.69351503
1.18550293 0.12691835
-0.92950858 1.18550293
0.14607019 -0.92950858
0.69127632 0.14607019
0.37481292 0.69127632
1.01070428 0.37481292
-0.31768853 1.01070428
1.16191488 -0.31768853
-0.98537123 1.16191488
-0.01076458 -0.98537123
0.70422640 -0.01076458
0.30246187 0.70422640
1.08319147 0.30246187
-0.55188670 1.08319147
0.89854694 -0.55188670
-0.29590725 0.89854694
1.14697854 -0.29590725
-0.93055586 1.14697854
0.13178566 -0.93055586
0.69651880 0.13178566
0.36034189 0.69651880
1.02717085 0.36034189
-0.36900936 1.02717085
1.11751619 -0.36900936
-0.85908220 1.11751619
0.30202373 -0.85908220
0.61456967 0.30202373
0.56183288 0.61456967
0.74245224 0.56183288
0.39682040 0.74245224
1.00228267 0.39682040
-0.28735264 1.00228267
1.18508464 -0.28735264
-1.05240165 1.18508464
-0.19504354 -1.05240165
0.63102073 -0.19504354
0.38402491 0.63102073
0.98284103 0.38402491
-0.23715962 0.98284103
1.21610975 -0.23715962
-1.14163999 1.21610975
-0.45984568 -1.14163999
0.36146673 -0.45984568
0.67912482 0.36146673
0.46274529 0.67912482
0.90395096 0.46274529
-0.00515468 0.90395096
1.27114809 -0.00515468
-1.26369085 1.27114809
-0.85433598 -1.26369085
-0.40095321 -0.85433598
0.51863034 -0.40095321
0.50314563 0.51863034
0.80117136 0.50314563
0.25231791 0.80117136
1.15122135 0.25231791
-0.77973945 1.15122135
0.49417535 -0.77973945
0.42418518 0.49417535
0.89634631 0.42418518
0.00244416 0.89634631
1.26889553 0.00244416
-1.25340096 1.26889553
-0.81875091 -1.25340096
-0.31451456 -0.81875091
0.61588756 -0.31451456
0.37460116 0.61588756
0.98830983 0.37460116
-0.25507850 0.98830983
1.20540189 -0.25507850
-1.11071476 1.20540189
-0.36554164 -1.11071476
0.47971661 -0.36554164
0.56815828 0.47971661
0.69198963 0.56815828
0.50005798 0.69198963
0.85751571 0.50005798
0.12055093 0.85751571
1.23690918 0.12055093
-1.10575675 1.23690918
-0.34070444 -1.10575675
0.50576165 -0.34070444
0.53967588 0.50576165
0.74397841 0.53967588
0.38699734 0.74397841
1.01351981 0.38699734
-0.32201216 1.01351981
1.15888738 -0.32201216
-0.97683158 1.15888738
0.01178631 -0.97683158
0.70675604 0.01178631
0.30423015 0.70675604
1.08244844 0.30423015
-0.54910342 1.08244844
0.90261413 -0.54910342
-0.30532821 0.90261413
1.14026880 -0.30532821
-0.91189657 1.14026880
0.17790315 -0.91189657
0.68212169 0.17790315
0.40196495 0.68212169
0.97843036 0.40196495
-0.21966688 0.97843036
1.22597416 -0.21966688
-1.17011775 1.22597416
-0.54905353 -1.17011775
0.22692099 -0.54905353
0.76319355 0.22692099
0.25262614 0.76319355
1.13961011 0.25262614
-0.74240786 1.13961011
0.57024584 -0.74240786
0.32202520 0.57024584
1.02589343 0.32202520
-0.37683269 1.02589343
1.10896400 -0.37683269
-0.83477143 1.10896400
0.35710852 -0.83477143
0.57103148 0.35710852
0.65062483 0.57103148
0.57867170 0.65062483
0.72638213 0.57867170
0.43491811 0.72638213
0.95309937 0.43491811
-0.14128234 0.95309937
1.25798483 -0.14128234
-1.25792087 1.25798483
-0.83791544 -1.25792087
-0.36031945 -0.83791544
0.56686322 -0.36031945
0.44203670 0.56686322
0.89650395 0.44203670
0.00740395 0.89650395
1.26887444 0.00740395
-1.25183809 1.26887444
-0.81327572 -1.25183809
-0.30153578 -0.81327572
0.62872392 -0.30153578
0.35612798 0.62872392
1.01105918 0.35612798
-0.32429854 1.01105918
1.15608039 -0.32429854
-0.96842018 1.15608039
0.03385141 -0.96842018
0.70786966 0.03385141
0.30864418 0.70786966
1.07899517 0.30864418
-0.53732956 1.07899517
0.91948627 -0.53732956
-0.34483587 0.91948627
1.10936940 -0.34483587
-0.82643140 1.10936940
0.37662642 -0.82643140
0.55348414 0.37662642
0.68410536 0.55348414
0.51084504 0.68410536
0.83988389 0.51084504
0.16568660 0.83988389
1.21353230 0.16568660
-1.01201891 1.21353230
-0.06979551 -1.01201891
0.68957435 -0.06979551
0.31334345 0.68957435
1.06941454 0.31334345
-0.50710339 1.06941454
0.96080897 -0.50710339
-0.44454645 0.96080897
1.01157253 -0.44454645
-0.56595451 1.01157253
0.85504545 -0.56595451
-0.19333016 0.85504545
1.20418646 -0.19333016
-1.08809010 1.20418646
-0.29626017 -1.08809010
0.55069485 -0.29626017
0.48655121 0.55069485
0.83378355 0.48655121
0.17269236 0.83378355
1.20838335 0.17269236
-0.99245876 1.20838335
-0.01644913 -0.99245876
0.70188357 -0.01644913
0.30536850 0.70188357
1.08001518 0.30536850
-0.54139537 1.08001518
0.91365203 -0.54139537
-0.33108266 0.91365203
1.12063359 -0.33108266
-0.85747229 1.12063359
0.30682785 -0.85747229
0.61095765 0.30682785
0.56947141 0.61095765
0.72927053 0.56947141
0.42627171 0.72927053
0.96439056 0.42627171
-0.17418731 0.96439056
1.24683946 -0.17418731
-1.22870829 1.24683946
-0.73956185 -1.22870829
-0.13434492 -0.73956185
0.75286346 -0.13434492
0.16617177 0.75286346
1.18720076 0.16617177
-0.92337237 1.18720076
0.16249709 -0.92337237
0.68602087 0.16249709
0.38987465 0.68602087
0.99300312 0.38987465
-0.26351489 0.99300312
1.20068480 -0.26351489
-1.09735606 1.20068480
-0.32566102 -1.09735606
0.52231604 -0.32566102
0.52036203 0.52231604
0.77760752 0.52036203
0.30956577 0.77760752
1.09911890 0.30956577
-0.59841757 1.09911890
0.82839065 -0.59841757
-0.14024877 0.82839065
1.22097959 -0.14024877
-1.12918226 1.22097959
-0.41877972 -1.12918226
0.41571829 -0.41877972
0.63241571 0.41571829
0.56478601 0.63241571
0.74314819 0.56478601
0.39625889 0.74314819
1.00311491 0.39625889
-0.28985766 1.00311491
1.18331002 -0.28985766
-1.04726895 1.18331002
-0.18048815 -1.04726895
0.64021295 -0.18048815
0.37203188 0.64021295
0.99829308 0.37203188
-0.28361513 0.99829308
1.18687536 -0.28361513
-1.05722692 1.18687536
-0.20875765 -1.05722692
0.62182027 -0.20875765
0.39604808 0.62182027
0.96695037 0.39604808
-0.19017579 0.96695037
1.23945155 -0.19017579
-1.20778893 1.23945155
-0.67042027 -1.20778893
0.00841465 -0.67042027
0.79877479 0.00841465
0.10926676 0.79877479
1.22291752 0.10926676
-1.06095814 1.22291752
-0.20900979 -1.06095814
0.62055343 -0.20900979
0.39817588 0.62055343
0.96420438 0.39817588
-0.18211336 0.96420438
1.24282993 -0.18211336
-1.21711074 1.24282993
-0.70105298 -1.21711074
-0.05319862 -0.70105298
0.78572198 -0.05319862
0.11973778 0.78572198
1.21564460 0.11973778
-1.03298718 1.21564460
-0.12919414 -1.03298718
0.66673627 -0.12919414
0.33888960 0.66673627
1.03923625 0.33888960
-0.41034991 1.03923625
1.07602901 -0.41034991
-0.74407878 1.07602901
0.54769419 -0.74407878
0.35681987 0.54769419
0.98605967 0.35681987
-0.25419317 0.98605967
1.20535806 -0.25419317
-1.11030123 1.20535806
-0.36426894 -1.11030123
0.48114102 -0.36426894
0.56662396 0.48114102
0.69485451 0.56662396
0.49403529 0.69485451
0.86675713 0.49403529
0.09643549 0.86675713
1.24700742 0.09643549
-1.14810785 1.24700742
-0.47131005 -1.14810785
0.34458122 -0.47131005
0.69237628 0.34458122
0.43223548 0.69237628
0.94615437 0.43223548
-0.12362069 0.94615437
1.26245141 -0.12362069
-1.26838318 1.26245141
-0.87357884 -1.26838318
-0.44891094 -0.87357884
0.45579690 -0.44891094
0.57447558 0.45579690
0.67470800 0.57447558
0.53501943 0.67470800
0.80166829 0.53501943
0.26076496 0.80166829
1.14530278 0.26076496
-0.75817634 1.14530278
0.53882693 -0.75817634
0.36607886 0.53882693
0.97402885 0.36607886
-0.21840144 0.97402885
1.22542979 -0.21840144
-1.16786989 1.22542979
-0.54185916 -1.16786989
0.23858315 -0.54185916
0.75775157 0.23858315
0.26771254 0.75775157
1.12698747 0.26771254
-0.69782729 1.12698747
0.65634814 -0.69782729
0.18754178 0.65634814
1.14766375 0.18754178
-0.78772239 1.14766375
0.47558993 -0.78772239
0.44702318 0.47558993
0.86291536 0.44702318
0.09163486 0.86291536
1.24711888 0.09163486
-1.14993725 1.24711888
-0.47716228 -1.14993725
0.33626144 -0.47716228
0.69855085 0.33626144
0.41771582 0.69855085
0.96528415 0.41771582
-0.17916813 0.96528415
1.24464354 -0.17916813
-1.22254299 1.24464354
-0.71906285 -1.22254299
-0.09063484 -0.71906285
0.77278060 -0.09063484
0.13674375 0.77278060
1.20565579 0.13674375
-0.99402510 1.20565579
-0.02162353 -0.99402510
0.70113786 -0.02162353
0.30528092 0.70113786
1.07986634 0.30528092
-0.54097157 1.07986634
0.91424957 -0.54097157
-0.33248466 0.91424957
1.11951040 -0.33248466
-0.85437035 1.11951040
0.31392494 -0.85437035
0.60572048 0.31392494
0.58052127 0.60572048
0.70990923 0.58052127
0.46859682 0.70990923
0.90555659 0.46859682
-0.00746679 0.90555659
1.27158892 -0.00746679
-1.26595378 1.27158892
-0.86221789 -1.26595378
-0.42057370 -0.86221789
0.49369951 -0.42057370
0.53259301 0.49369951
0.75099242 0.53259301
0.37019245 0.75099242
1.03343830 0.37019245
-0.38413487 1.03343830
1.10344806 -0.38413487
-0.81987711 1.10344806
0.38995654 -0.81987711
0.54114432 0.38995654
0.70701491 0.54114432
0.46252517 0.70701491
0.91260313 0.46252517
-0.02722470 0.91260313
1.27274328 -0.02722470
-1.27599305 1.27274328
-0.89759858 -1.27599305
-0.51075441 -0.89759858
0.36550233 -0.51075441
0.65974494 0.36550233
0.50028195 0.65974494
0.84752864 0.50028195
0.14445788 0.84752864
1.22504328 0.14445788
-1.05768610 1.22504328
-0.19866686 -1.05768610
0.62743824 -0.19866686
0.38924970 0.62743824
0.97611002 0.38924970
-0.21713216 0.97611002
1.22682808 -0.21713216
-1.17228964 1.22682808
-0.55591978 -1.17228964
0.21564758 -0.55591978
0.76811864 0.21564758
0.23868554 0.76811864
1.15067649 0.23868554
-0.78207327 1.15067649
0.48890890 -0.78207327
0.43073334 0.48890890
0.88692898 0.43073334
0.02791979 0.88692898
1.26498737 0.02791979
-1.23189434 1.26498737
-0.74509290 -1.23189434
-0.14679711 -0.74509290
0.74630298 -0.14679711
0.17620547 0.74630298
1.18042318 0.17620547
-0.89789680 1.18042318
0.22542083 -0.89789680
0.65949059 0.22542083
0.45872727 0.65949059
0.90324418 0.45872727
-0.00457189 0.90324418
1.27094399 -0.00457189
-1.26278965 1.27094399
-0.85120957 -1.26278965
-0.39321771 -0.85120957
0.52816889 -0.39321771
0.49148735 0.52816889
0.82026692 0.49148735
0.20547325 0.82026692
1.18697312 0.20547325
-0.91082527 1.18697312
0.19464818 -0.91082527
0.67370934 0.19464818
0.42295648 0.67370934
0.95166375 0.42295648
-0.14104250 0.95166375
1.25764894 -0.14104250
-1.25666596 1.25764894
-0.83359839 -1.25666596
-0.34984057 -0.83359839
0.57857668 -0.34984057
0.42639646 0.57857668
0.91903349 0.42639646
-0.05455265 0.91903349
1.27154366 -0.05455265
-1.27991838 1.27154366
-0.91200440 -1.27991838
-0.54842836 -0.91200440
0.30531555 -0.54842836
0.70496687 0.30531555
0.39582506 0.70496687
0.99214160 0.39582506
-0.25933541 0.99214160
1.20348568 -0.25933541
-1.10552952 1.20348568
-0.35002802 -1.10552952
0.49681369 -0.35002802
0.54943822 0.49681369
0.72640880 0.54943822
0.42609382 0.72640880
0.96374433 0.42609382
-0.17249623 0.96374433
1.24746637 -0.17249623
-1.23039014 1.24746637
-0.74516395 -1.23039014
-0.14649409 -0.74516395
0.74640609 -0.14649409
0.17608091 0.74640609
1.18051555 0.17608091
-0.89823947 1.18051555
0.22458687 -0.89823947
0.65991319 0.22458687
0.45769647 0.65991319
0.90469347 0.45769647
-0.00854945 0.90469347
1.27130571 -0.00854945
-1.26527033 1.27130571
-0.85988091 -1.26527033
-0.41473435 -0.85988091
0.50122931 -0.41473435
0.52385654 0.50122931
0.76617285 0.52385654
0.33532780 0.76617285
1.07242923 0.33532780
-0.50954789 1.07242923
0.95823410 -0.50954789
-0.43836200 0.95823410
1.01844449 -0.43836200
-0.58362946 1.01844449
0.82866066 -0.58362946
-0.13643872 0.82866066
1.22253646 -0.13643872
-1.13336518 1.22253646
-0.43156235 -1.13336518
0.39924596 -0.43156235
0.64737502 0.39924596
0.53304160 0.64737502
0.79642581 0.53304160
0.27190077 0.79642581
1.13542570 0.27190077
-0.72329790 1.13542570
0.60820391 -0.72329790
0.26513384 0.60820391
1.08404684 0.26513384
-0.56568042 1.08404684
0.87722198 -0.56568042
-0.24702989 0.87722198
1.17773332 -0.24702989
-1.01598705 1.17773332
-0.09180157 -1.01598705
0.68340534 -0.09180157
0.31859952 0.68340534
1.06291369 0.31859952
-0.48611985 1.06291369
0.98803659 -0.48611985
-0.51253878 0.98803659
0.92863658 -0.51253878
-0.36107389 0.92863658
1.09606688 -0.36107389
-0.79022980 1.09606688
0.45457167 -0.79022980
0.47364150 0.45457167
0.82230073 0.47364150
0.19544257 0.82230073
1.19321330 0.19544257
-0.93462841 1.19321330
0.13502163 -0.93462841
0.69408830 0.13502163
0.36604449 0.69408830
1.02064250 0.36604449
-0.34858221 1.02064250
1.13607937 -0.34858221
-0.91152154 1.13607937
0.17760368 -0.91152154
0.68238324 0.17760368
0.40137546 0.68238324
0.97917181 0.40137546
-0.22187577 0.97917181
1.22483114 -0.22187577
-1.16685859 1.22483114
-0.53873323 -1.16685859
0.24361554 -0.53873323
0.75529209 0.24361554
0.27443206 0.75529209
1.12114949 0.27443206
-0.67743703 1.12114949
0.69385555 -0.67743703
0.12275917 0.69385555
1.18705893 0.12275917
-0.93592470 1.18705893
0.12978061 -0.93592470
0.69564238 0.12978061
0.36144854 0.69564238
1.02578965 0.36144854
-0.36470762 1.02578965
1.12152059 -0.36470762
-0.87034410 1.12152059
0.27595778 -0.87034410
0.63228299 0.27595778
0.52309284 0.63228299
0.80660834 0.52309284
0.24606404 0.80660834
1.15721598 0.24606404
-0.80098915 1.15721598
0.44894772 -0.80098915
0.47752758 0.44894772
0.81543870 0.47752758
0.21234190 0.81543870
1.18150690 0.21234190
-0.89063939 1.18150690
0.24391813 -0.89063939
0.64951371 0.24391813
0.48256017 0.64951371
0.86884407 0.48256017
0.08792202 0.86884407
1.24983083 0.08792202
-1.16053133 1.24983083
-0.51061692 -1.16053133
0.28681911 -0.51061692
0.73164364 0.28681911
0.33662234 0.73164364
1.06085265 0.33662234
-0.47458499 1.06085265
1.00293252 -0.47458499
-0.55059860 1.00293252
0.87645741 -0.55059860
-0.24062821 0.87645741
1.18187451 -0.24062821
-1.02774677 1.18187451
-0.12420644 -1.02774677
0.67007783 -0.12420644
0.33413204 0.67007783
1.04472144 0.33413204
-0.42778043 1.04472144
1.05722190 -0.42778043
-0.69313953 1.05722190
0.64454720 -0.69313953
0.21044061 0.64454720
1.13136481 0.21044061
-0.72884869 1.13136481
0.59570087 -0.72884869
0.28454206 0.59570087
1.06536040 0.28454206
-0.50362729 1.06536040
0.96451149 -0.50362729
-0.45348358 0.96451149
1.00144715 -0.45348358
-0.54010003 1.00144715
0.89204289 -0.54010003
-0.27606673 0.89204289
1.16091489 -0.27606673
-0.96963276 1.16091489
0.03201171 -0.96963276
0.70767552 0.03201171
0.30847701 0.70767552
1.07908137 0.30847701
-0.53764014 1.07908137
0.91904473 -0.53764014
-0.34379254 0.91904473
1.11024278 -0.34379254
-0.82883242 1.11024278
0.37132438 -0.82883242
0.55831576 0.37132438
0.67499424 0.55831576
0.52963062 0.67499424
0.80978625 0.52963062
0.24083392 0.80978625
1.16173451 0.24083392
-0.81722772 1.16173451
0.41351475 -0.81722772
0.51543945 0.41351475
0.75210547 0.51543945
0.36270415 0.75210547
1.04145562 0.36270415
-0.40967048 1.04145562
1.07747482 -0.40967048
-0.74823394 1.07747482
0.53944681 -0.74823394
0.36812581 0.53944681
0.97211079 0.36812581
-0.21256140 0.97211079
1.22837795 -0.21256140
-1.17624576 1.22837795
-0.56846235 -1.17624576
0.19471706 -0.56846235
0.77638067 0.19471706
0.21454139 0.77638067
1.16847499 0.21454139
-0.84710490 1.16847499
0.34592109 -0.84710490
0.57834257 0.34592109
0.63550415 0.57834257
0.60809103 0.63550415
0.67296666 0.60809103
0.54838953 0.67296666
0.78086650 0.54838953
0.31086338 0.78086650
1.09896949 0.31086338
-0.59756852 1.09896949
0.82976746 -0.59756852
-0.14319021 0.82976746
1.22022543 -0.14319021
-1.12748719 1.22022543
-0.41365069 -1.12748719
0.42220420 -0.41365069
0.62634586 0.42220420
0.57742847 0.62634586
0.72111066 0.57742847
0.44522772 0.72111066
0.93881439 0.44522772
-0.10035312 0.93881439
1.26754527 -0.10035312
-1.27944535 1.26754527
-0.91150897 -1.27944535
-0.54702165 -0.91150897
0.30762154 -0.54702165
0.70341009 0.30762154
0.39958642 0.70341009
0.98748600 0.39958642
-0.24530412 0.98748600
1.21200205 -0.24530412
-1.13011978 1.21200205
-0.42443839 -1.13011978
0.40875694 -0.42443839
0.63875335 0.40875694
0.55141889 0.63875335
0.76593809 0.55141889
0.34410005 0.76593809
1.06401465 0.34410005
-0.48174803 1.06401465
0.99429077 -0.48174803
-0.52858419 0.99429077
0.90712548 -0.52858419
-0.31060256 0.90712548
1.13707412 -0.31060256
-0.90329334 1.13707412
0.19880785 -0.90329334
0.67367762 0.19880785
0.42426421 0.67367762
0.95010312 0.42426421
-0.13649504 0.95010312
1.25894768 -0.13649504
-1.25987748 1.25894768
-0.84452346 -1.25987748
-0.37647106 -0.84452346
0.54822032 -0.37647106
0.46629496 0.54822032
0.86006271 0.46629496
0.10429748 0.86006271
1.24278966 0.10429748
-1.13104736 1.24278966
-0.41813848 -1.13104736
0.41591008 -0.41813848
0.63238478 0.41591008
0.56489831 0.63238478
0.74296129 0.56489831
0.39668143 0.74296129
1.00258977 0.39668143
-0.28825630 1.00258977
1.18444855 -0.28825630
-1.05056262 1.18444855
-0.18981998 -1.05056262
0.63438694 -0.18981998
0.37962850 0.63438694
0.98855117 0.37962850
-0.25423822 0.98855117
1.20607345 -0.25423822
-1.11272989 1.20607345
-0.37161289 -1.11272989
0.47284644 -0.37161289
0.57549888 0.47284644
0.67817539 0.57549888
0.52875906 0.67817539
0.81203201 0.52875906
0.23547334 0.81203201
1.16598283 0.23547334
-0.83268034 1.16598283
0.37909569 -0.83268034
0.54899694 0.37909569
0.69177201 0.54899694
0.49473117 0.69177201
0.86486911 0.49473117
0.10122135 0.86486911
1.24511666 0.10122135
-1.14007531 1.24511666
-0.44614538 -1.14007531
0.37931342 -0.44614538
0.66472624 0.37931342
0.49518866 0.66472624
0.85612134 0.49518866
0.12243534 0.85612134
1.23584983 0.12243534
-1.10152411 1.23584983
-0.32794256 -1.10152411
0.51897791 -0.32794256
0.52454393 0.51897791
0.77048851 0.52454393
0.32624961 0.77048851
1.08213222 0.32624961
-0.54153931 1.08213222
0.91406891 -0.54153931
-0.33219256 0.91406891
1.11972802 -0.33219256
-0.85496493 1.11972802
0.31256736 -0.85496493
0.60673282 0.31256736
0.57839560 0.60673282
0.71366179 0.57839560
0.46048027 0.71366179
0.91723962 0.46048027
-0.03971586 0.91723962
1.27296360 -0.03971586
-1.28052561 1.27296360
-0.91375509 -1.28052561
-0.55308539 -0.91375509
0.29760864 -0.55308539
0.71007512 0.29760864
0.38339325 0.71007512
1.00723599 0.38339325
-0.30531611 1.00723599
1.17166570 -0.30531611
-1.01351555 1.17166570
-0.08659957 -1.01351555
0.68544605 -0.08659957
0.31624932 0.68544605
1.06561473 0.31624932
-0.49487387 1.06561473
0.97682422 -0.49487387
-0.48432193 0.97682422
0.96465244 -0.48432193
-0.44807265 0.96465244
1.00831899 -0.44807265
-0.55781186 1.00831899
0.86688000 -0.55781186
-0.21941686 0.86688000
1.19266274 -0.21941686
-1.05724722 1.19266274
-0.20708154 -1.05724722
0.62278997 -0.20708154
0.39486126 0.62278997
0.96855541 0.39486126
-0.19488103 0.96855541
1.23739656 -0.19488103
-1.20207465 1.23739656
-0.65175789 -1.20207465
0.04467391 -0.65175789
0.80167857 0.04467391
0.11363823 0.80167857
1.22242446 0.11363823
-1.05795873 1.22242446
-0.20026001 -1.05795873
0.62646668 -0.20026001
0.39047729 0.62646668
0.97447848 0.39047729
-0.21230845 0.97447848
1.22923872 -0.21230845
-1.17913148 1.22923872
-0.57771986 -1.17913148
0.17899623 -0.57771986
0.78182853 0.17899623
0.19794067 0.78182853
1.17969585 0.19794067
-0.88897301 1.17969585
0.24752655 -0.88897301
0.64753095 0.24752655
0.48724310 0.64753095
0.86189111 0.48724310
0.10617413 0.86189111
1.24278521 0.10617413
-1.13046887 1.24278521
-0.41630825 -1.13046887
0.41822176 -0.41630825
0.63023431 0.41822176
0.56939312 0.63023431
0.73517835 0.56939312
0.41413584 0.73517835
0.98044161 0.41413584
-0.22153131 0.98044161
1.22542591 -0.22153131
-1.16879553 1.22542591
-0.54488842 -1.16879553
0.23369660 -0.54488842
0.76007374 0.23369660
0.26131206 0.76007374
1.13242453 0.26131206
-0.71694582 1.13242453
0.62011153 -0.71694582
0.24656263 0.62011153
1.10092308 0.24656263
-0.62287548 1.10092308
0.78711352 -0.62287548
-0.05422941 0.78711352
1.23201690 -0.05422941
-1.14128070 1.23201690
-0.45392523 -1.14128070
0.36914842 -0.45392523
0.67304365 0.36914842
0.47656168 0.67304365
0.88395765 0.47656168
0.04903493 0.88395765
1.26182110 0.04903493
-1.21435901 1.26182110
-0.68598860 -1.21435901
-0.02312020 -0.68598860
0.79345506 -0.02312020
0.11166463 0.79345506
1.22057993 0.11166463
-1.05224213 1.22057993
-0.18392491 -1.05224213
0.63696764 -0.18392491
0.37680364 0.63696764
0.99231692 0.37680364
-0.26552892 0.99231692
1.19898723 -0.26552892
-1.09225720 1.19898723
-0.31053993 -1.09225720
0.53731377 -0.31053993
0.50264949 0.53731377
0.80747501 0.50264949
0.23797259 0.80747501
1.16295917 0.23797259
-0.82207186 1.16295917
0.40276476 -0.82207186
0.52627121 0.40276476
0.73308349 0.52627121
0.40550541 0.73308349
0.98971656 0.40550541
-0.24970279 0.98971656
1.20962289 -0.24970279
-1.12337339 1.20962289
-0.40386802 -1.12337339
0.43463486 -0.40386802
0.61436915 0.43463486
0.60196122 0.61436915
0.67701052 0.60196122
0.53890783 0.67701052
0.79651285 0.53890783
0.27346654 0.79651285
1.13425633 0.27346654
-0.71911243 1.13425633
0.61630513 -0.71911243
0.25250145 0.61630513
1.09563177 0.25250145
-0.60482212 1.09563177
0.81655581 -0.60482212
-0.11491539 0.81655581
1.22647898 -0.11491539
-1.14042557 1.22647898
-0.45285499 -1.14042557
0.37076362 -0.45285499
0.67169157 0.37076362
0.47959169 0.67169157
0.87949600 0.47959169
0.06095900 0.87949600
1.25864640 0.06095900
-1.19957936 1.25864640
-0.63699299 -1.19957936
0.07206210 -0.63699299
0.80163198 0.07206210
0.12195927 0.80163198
1.21966591 0.12195927
-1.04603111 1.21966591
-0.16595375 -1.04603111
0.64763376 -0.16595375
0.36301259 0.64763376
1.00980073 0.36301259
-0.31867274 1.00980073
1.16076697 -0.31867274
-0.98193378 1.16076697
-0.00164144 -0.98193378
0.70541609 -0.00164144
0.30285096 0.70541609
1.08321864 0.30285096
-0.55185240 1.08321864
0.89860810 -0.55185240
-0.29605084 0.89860810
1.14687789 -0.29605084
-0.93027571 1.14687789
0.13248531 -0.93027571
0.69634399 0.13248531
0.36089266 0.69634399
1.02656228 0.36089266
-0.36709435 1.02656228
1.11930712 -0.36709435
-0.86411610 1.11930712
0.29041686 -0.86411610
0.62268644 0.29041686
0.54429129 0.62268644
0.77205172 0.54429129
0.32879799 0.77205172
1.08026415 0.32879799
-0.53511948 1.08026415
0.92318524 -0.53511948
-0.35371523 0.92318524
1.10179533 -0.35371523
-0.80564869 1.10179533
0.42184087 -0.80564869
0.50917578 0.42184087
0.76358829 0.50917578
0.33645883 0.76358829
1.07059013 0.33645883
-0.50369085 1.07059013
0.96599077 -0.50369085
-0.45750069 0.96599077
0.99676760 -0.45750069
-0.52821410 0.99676760
0.90841608 -0.52821410
-0.31377193 0.90841608
1.13469087 -0.31377193
-0.89666431 1.13469087
0.21479762 -0.89666431
0.66640748 0.21479762
0.44270078 0.66640748
0.92554467 0.44270078
-0.06647587 0.92554467
1.27147674 -0.06647587
-1.28325711 1.27147674
-0.92400531 -1.28325711
-0.58027728 -0.92400531
0.25138799 -0.58027728
0.73744252 0.25138799
0.31406633 0.73744252
1.08314003 0.31406633
-0.54824935 1.08314003
0.90413371 -0.54824935
-0.30891568 0.90413371
1.13763965 -0.30891568
-0.90458828 1.13763965
0.19569996 -0.90458828
0.67500565 0.19569996
0.42082430 0.67500565
0.95457136 0.42082430
-0.14944179 0.95457136
1.25510542 -0.14944179
-1.25023800 1.25510542
-0.81180146 -1.25023800
-0.29770165 -0.81180146
0.63238279 -0.29770165
0.35081832 0.63238279
1.01741194 0.35081832
-0.34393238 1.01741194
1.13961831 -0.34393238
-0.92140155 1.13961831
0.15331235 -0.92140155
0.69067299 0.15331235
0.37815286 0.69067299
1.00700248 0.37815286
-0.30622973 1.00700248
1.17081344 -0.30622973
-1.01099467 1.17081344
-0.07971028 -1.01099467
0.68780638 -0.07971028
0.31377826 0.68780638
1.06850240 0.31377826
-0.50424286 1.06850240
0.96458551 -0.50424286
-0.45386816 0.96458551
1.00098083 -0.45386816
-0.53890811 1.00098083
0.89370352 -0.53890811
-0.27986080 0.89370352
1.15846016 -0.27986080
-0.96280016 1.15846016
0.04976025 -0.96280016
0.70769344 0.04976025
0.31376607 0.70769344
1.07447922 0.31376607
-0.52217802 1.07447922
0.94060593 -0.52217802
-0.39528872 0.94060593
1.06342734 -0.39528872
-0.70181540 1.06342734
0.62946540 -0.70181540
0.23473801 0.62946540
1.11169691 0.23473801
-0.65979663 1.11169691
0.72404485 -0.65979663
0.06812370 0.72404485
1.21071628 0.06812370
-1.03173037 1.21071628
-0.12703969 -1.03173037
0.66788618 -0.12703969
0.33738737 0.66788618
1.04100352 0.33738737
-0.41594744 1.04100352
1.07008387 -0.41594744
-0.72789553 1.07008387
0.57926050 -0.72789553
0.31187152 0.57926050
1.03760877 0.31187152
-0.41372329 1.03760877
1.07164888 -0.41372329
-0.73192085 1.07164888
0.57150328 -0.73192085
0.32316134 0.57150328
1.02524443 0.32316134
-0.37462820 1.02524443
1.11108853 -0.37462820
-0.84071326 1.11108853
0.34380826 -0.84071326
0.58230025 0.34380826
0.62843946 0.58230025
0.62177946 0.62843946
0.64727826 0.62177946
0.59997703 0.64727826
0.69022206 0.59997703
0.51302402 0.69022206
0.83859551 0.51302402
0.16936781 0.83859551
1.21141901 0.16936781
-1.00374010 1.21141901
-0.04706615 -1.00374010
0.69577666 -0.04706615
0.30813293 0.69577666
1.07580873 0.30813293
-0.52787032 1.07580873
0.93263671 -0.52787032
-0.37609682 0.93263671
1.08176266 -0.37609682
-0.75112369 1.08176266
0.53466728 -0.75112369
0.37444616 0.53466728
0.96410629 0.37444616
-0.18896747 0.96410629
1.23923970 -0.18896747
-1.20669130 1.23923970
-0.66677353 -1.20669130
0.01557090 -0.66677353
0.79962851 0.01557090
0.10950322 0.79962851
1.22310122 0.10950322
-1.06151625 1.22310122
-0.21061308 -1.06151625
0.61944411 -0.21061308
0.39962067 0.61944411
0.96225787 0.39962067
-0.17643010 0.96225787
1.24509875 -0.17643010
-1.22330829 1.24509875
-0.72154680 -1.22330829
-0.09587418 -0.72154680
0.77066736 -0.09587418
0.13973830 0.77066736
1.20386270 0.13973830
-0.98707807 1.20386270
-0.00289354 -0.98707807
0.70386486 -0.00289354
0.30553590 0.70386486
1.08046639 0.30553590
-0.54270991 1.08046639
0.91179225 -0.54270991
-0.32672413 0.91179225
1.12408956 -0.32672413
-0.86702551 1.12408956
0.28480034 -0.86702551
0.62633662 0.28480034
0.53622352 0.62633662
0.78535105 0.53622352
0.29738027 0.78535105
1.11179628 0.29738027
-0.64131327 1.11179628
0.75774309 -0.64131327
0.00376159 0.75774309
1.22730312 0.00376159
-1.10765365 1.22730312
-0.34946430 -1.10765365
0.49672849 -0.34946430
0.54972584 0.49672849
0.72594064 0.54972584
0.42713201 0.72594064
0.96236373 0.42713201
-0.16846194 0.96236373
1.24897793 -0.16846194
-1.23446279 1.24897793
-0.75876435 -1.23446279
-0.17635150 -0.75876435
0.72883090 -0.17635150
0.20342227 0.72883090
1.16071640 0.20342227
-0.82514091 1.16071640
0.39501439 -0.82514091
0.53400681 0.39501439
0.71927574 0.53400681
0.43590142 0.71927574
0.94976866 0.43590142
-0.13211428 0.94976866
1.26049474 -0.13211428
-1.26402007 1.26049474
-0.85869702 -1.26402007
-0.41151083 -0.85869702
0.50531326 -0.41151083
0.51906866 0.50531326
0.77438879 0.51906866
0.31617139 0.77438879
1.09236655 0.31617139
-0.57571913 1.09236655
0.86367644 -0.57571913
-0.21702753 0.86367644
1.19316160 -0.21702753
-1.05819672 1.19316160
-0.20974393 -1.05819672
0.62095146 -0.20974393
0.39726382 0.62095146
0.96533948 0.39726382
-0.18545330 0.96533948
1.24145175 -0.18545330
-1.21331941 1.24145175
-0.68856607 -1.21331941
-0.02776835 -0.68856607
0.79235067 -0.02776835
0.11272209 0.79235067
1.21991642 0.11272209
-1.04965789 1.21991642
-0.17651942 -1.04965789
0.64147988 -0.17651942
0.37094915 0.64147988
0.99979938 0.37094915
-0.28815358 0.99979938
1.18369434 -0.28815358
-1.04803127 1.18369434
-0.18260905 -1.04803127
0.63890613 -0.18260905
0.37373583 0.63890613
0.99612198 0.37373583
-0.27704186 0.99612198
1.19138353 -0.27704186
-1.07026516 1.19138353
-0.24623945 -1.07026516
0.59403304 -0.24623945
0.43210281 0.59403304
0.91681194 0.43210281
-0.04713095 0.91681194
1.27193373 -0.04713095
-1.27908085 1.27193373
-0.90888682 -1.27908085
-0.54022961 -0.90888682
0.31874671 -0.54022961
0.69569187 0.31874671
0.41804197 0.69569187
0.96404484 0.41804197
-0.17572285 0.96404484
1.24598352 -0.17572285
-1.22618178 1.24598352
-0.73113539 -1.22618178
-0.11623707 -0.73113539
0.76174390 -0.11623707
0.15277359 0.76174390
1.19584749 0.15277359
-0.95623964 1.19584749
0.07860231 -0.95623964
0.70447846 0.07860231
0.32877484 0.70447846
1.06001349 0.32877484
-0.47444757 1.06001349
1.00286334 -0.47444757
-0.55036311 1.00286334
0.87679962 -0.55036311
-0.24139755 0.87679962
1.18145800 -0.24139755
-1.02659948 1.18145800
-0.12103168 -1.02659948
0.67151202 -0.12103168
0.33239074 0.67151202
1.04677656 0.33239074
-0.43432040 1.04677656
1.04994507 -0.43432040
-0.67363463 1.04994507
0.67968647 -0.67363463
0.15114644 0.67968647
1.17192259 0.15114644
-0.87741965 1.17192259
0.27376543 -0.87741965
0.63184759 0.27376543
0.52320570 0.63184759
0.80631239 0.52320570
0.24676616 0.80631239
1.15664276 0.24676616
-0.79892163 1.15664276
0.45340675 -0.79892163
0.47251476 0.45340675
0.82344375 0.47251476
0.19247098 0.82344375
1.19517002 0.19247098
-0.94206263 1.19517002
0.11607622 -0.94206263
0.69851805 0.11607622
0.35172441 0.69851805
1.03636133 0.35172441
-0.39814539 1.03636133
1.08898074 -0.39814539
-0.77967430 1.08898074
0.47564541 -0.77967430
0.44936373 0.47564541
0.85999476 0.44936373
0.09938175 0.85999476
1.24417100 0.09938175
-1.13733155 1.24417100
-0.43768098 -1.13733155
0.39061004 -0.43768098
0.65508903 0.39061004
0.51638473 0.65508903
0.82321225 0.51638473
0.20616565 0.82321225
1.18745769 0.20616565
-0.91222837 1.18745769
0.19121247 -0.91222837
0.67514440 0.19121247
0.41921581 0.67514440
0.95650467 0.41921581
-0.15509692 0.95650467
1.25327433 -0.15509692
-1.24550422 1.25327433
-0.79581079 -1.24550422
-0.26029200 -0.79581079
0.66640407 -0.26029200
0.30018026 0.66640407
1.07376976 0.30018026
-0.52412001 1.07376976
0.93754843 -0.52412001
-0.38783189 0.93754843
1.07068553 -0.38783189
-0.72126406 1.07068553
0.59289507 -0.72126406
0.29148639 0.59289507
1.05891848 0.29148639
-0.48238578 1.05891848
0.99190109 -0.48238578
-0.52213061 0.99190109
0.91590181 -0.52213061
-0.33106576 0.91590181
1.12132419 -0.33106576
-0.85963486 1.12132419
0.30183634 -0.85963486
0.61456230 0.30183634
0.56178936 0.61456230
0.74251849 0.56178936
0.39666961 0.74251849
1.00247006 0.39666961
-0.28792383 1.00247006
1.18468083 -0.28792383
-1.05123329 1.18468083
-0.19172375 -1.05123329
0.63316882 -0.19172375
0.38121902 0.63316882
0.98649153 0.38121902
-0.24806603 0.98649153
1.20979600 -0.24806603
-1.12346871 1.20979600
-0.40411591 -1.12346871
0.43432585 -0.40411591
0.61467070 0.43432585
0.60134965 0.61467070
0.67813124 0.60134965
0.53659812 0.67813124
0.80032681 0.53659812
0.26424724 0.80032681
1.14234080 0.26424724
-0.74764532 1.14234080
0.56013931 -0.74764532
0.33644794 0.56013931
1.00956569 0.33644794
-0.32597767 1.00956569
1.15410369 -0.32597767
-0.96253077 1.15410369
0.04917943 -0.96253077
0.70785471 0.04917943
0.31327223 0.70785471
1.07496113 0.31327223
-0.52377632 1.07496113
0.93841004 -0.52377632
-0.38999167 0.93841004
1.06859211 -0.38999167
-0.71564223 1.06859211
0.60357632 -0.71564223
0.27528121 0.60357632
1.07498125 0.27528121
-0.53523420 1.07498125
0.92142846 -0.53523420
-0.34921284 0.92142846
1.10569909 -0.34921284
-0.81636252 1.10569909
0.39868286 -0.81636252
0.53256401 0.39868286
0.72253066 0.53256401
0.42889842 0.72253066
0.95922380 0.42889842
-0.15948490 0.95922380
1.25215753 -0.15948490
-1.24290335 1.25215753
-0.78708498 -1.24290335
-0.24017488 -0.78708498
0.68311694 -0.24017488
0.27463928 0.68311694
1.09933766 0.27463928
-0.60956881 1.09933766
0.80959751 -0.60956881
-0.10049801 0.80959751
1.22873946 -0.10049801
-1.14387033 1.22873946
-0.46319323 -1.14387033
0.35647174 -0.46319323
0.68314109 0.35647174
0.45358708 0.68314109
0.91690459 0.45358708
-0.04092350 0.91690459
1.27272675 -0.04092350
-1.28004378 1.27272675
-0.91209889 -1.28004378
-0.54870727 -0.91209889
0.30485879 -0.54870727
0.70527338 0.30485879
0.39508288 0.70527338
0.99305534 0.39508288
-0.26209761 0.99305534
1.20174338 -0.26209761
-1.10049131 1.20174338
-0.33499055 -1.10049131
0.51274647 -0.33499055
0.53143032 0.51274647
0.75843848 0.53143032
0.35410859 0.75843848
1.05198149 0.35410859
-0.44309851 1.05198149
1.04072364 -0.44309851
-0.64927752 1.04072364
0.72203127 -0.64927752
0.07535592 0.72203127
1.20865946 0.07535592
-1.02259399 1.20865946
-0.10138002 -1.02259399
0.67883273 -0.10138002
0.32444657 0.67883273
1.05627801 0.32444657
-0.46467857 1.05627801
1.01458676 -0.46467857
-0.58054438 1.01458676
0.83253154 -0.58054438
-0.14451559 0.83253154
1.22052081 -0.14451559
-1.12889413 1.22052081
-0.41800649 -1.12889413
0.41671057 -0.41800649
0.63149128 0.41671057
0.56671944 0.63149128
0.73980809 0.56671944
0.40377342 0.73980809
0.99369627 0.40377342
-0.26127316 0.99369627
1.20253975 -0.26127316
-1.10292454 1.20253975
-0.34225765 -1.10292454
0.50512622 -0.34225765
0.54010921 0.50512622
0.74313273 0.54010921
0.38888801 0.74313273
1.01121238 0.38888801
-0.31490428 1.01121238
1.16453313 -0.31490428
-0.99306366 1.16453313
-0.03128567 -0.99306366
0.70071059 -0.03128567
0.30322083 0.70071059
1.08149315 0.30322083
-0.54651217 1.08149315
0.90630218 -0.54651217
-0.31389074 0.90630218
1.13395230 -0.31389074
-0.89435417 1.13395230
0.22036857 -0.89435417
0.66370652 0.22036857
0.44940168 0.66370652
0.91636534 0.44940168
-0.04079510 0.91636534
1.27257966 -0.04079510
-1.27948113 1.27257966
-0.91012687 -1.27948113
-0.54350762 -0.91012687
0.31340120 -0.54350762
0.69943928 0.31340120
0.40911894 0.69943928
0.97550216 0.40911894
-0.20951056 0.97550216
1.23119810 -0.20951056
-1.18504144 1.23119810
-0.59669308 -1.18504144
0.14602789 -0.59669308
0.79113828 0.14602789
0.16754869 0.79113828
1.19803989 0.16754869
-0.95915482 1.19803989
0.07144282 -0.95915482
0.70510785 0.07144282
0.32538494 0.70510785
1.06330686 0.32538494
-0.48525457 1.06330686
0.98933125 -0.48525457
-0.51586323 0.98933125
0.92423855 -0.51586323
-0.35066262 0.92423855
1.10512158 -0.35066262
-0.81500997 1.10512158
0.40159872 -0.81500997
0.52970287 0.40159872
0.72766043 0.52970287
0.41762527 0.72766043
0.97412292 0.41762527
-0.20319406 0.97412292
1.23443392 -0.20319406
-1.19431616 1.23443392
-0.62661733 -1.19431616
0.09199616 -0.62661733
0.80016619 0.09199616
0.13122654 0.80016619
1.21594129 0.13122654
-1.03055054 1.21594129
-0.12206581 -1.03055054
0.66997475 -0.12206581
0.33496762 0.66997475
1.04390779 0.33496762
-0.42515059 1.04390779
1.06011811 -0.42515059
-0.70093574 1.06011811
0.63020016 -0.70093574
0.23370615 0.63020016
1.11259406 0.23370615
-0.66289991 1.11259406
0.71856741 -0.66289991
0.07825525 0.71856741
1.20699679 0.07825525
-1.01610116 1.20699679
-0.08334717 -1.01610116
0.68544420 -0.08334717
0.31722860 0.68544420
1.06474569 0.31722860
-0.49198815 1.06474569
0.98055044 -0.49198815
-0.49366726 0.98055044
0.95297482 -0.49366726
-0.41952558 0.95297482
1.03949004 -0.41952558
-0.63861305 1.03949004
0.74088974 -0.63861305
0.03993144 0.74088974
1.22003459 0.03993144
-1.07189874 1.22003459
-0.24254329 -1.07189874
0.59607223 -0.24254329
0.42981406 0.59607223
0.92018549 0.42981406
-0.05649365 0.92018549
1.27158750 -0.05649365
-1.28065678 1.27158750
-0.91463824 -1.28065678
-0.55538540 -0.91463824
0.29377441 -0.55538540
0.71255961 0.29377441
0.37729464 0.71255961
1.01447614 0.37729464
-0.32763819 1.01447614
1.15405735 -0.32763819
-0.96287916 1.15405735
0.04822642 -0.96287916
0.70788015 0.04822642
0.31293590 0.70788015
1.07526362 0.31293590
-0.52478783 1.07526362
0.93701592 -0.52478783
-0.38663472 0.93701592
1.07182381 -0.38663472
-0.72431921 1.07182381
0.58705350 -0.72431921
0.30021970 0.58705350
1.04993143 0.30021970
-0.45323251 1.04993143
1.02739184 -0.45323251
-0.61371735 1.02739184
0.78090897 -0.61371735
-0.03786156 0.78090897
1.23226580 -0.03786156
-1.13722905 1.23226580
-0.44092615 -1.13722905
0.38664906 -0.44092615
0.65842566 0.38664906
0.50906064 0.65842566
0.83472787 0.50906064
0.17723932 0.83472787
1.20643907 0.17723932
-0.98452154 1.20643907
0.00493600 -0.98452154
0.70460943 0.00493600
0.30641657 0.70460943
1.07993527 0.30641657
-0.54083928 1.07993527
0.91447061 -0.54083928
-0.33301088 0.91447061
1.11908644 -0.33301088
-0.85319951 1.11908644
0.31659676 -0.85319951
0.60371324 0.31659676
0.58472148 0.60371324
0.70245507 0.58472148
0.48459607 0.70245507
0.88196983 0.48459607
0.05635972 0.88196983
1.26014396 0.05635972
-1.20624002 1.26014396
-0.65897778 -1.20624002
0.03017559 -0.65897778
0.80103187 0.03017559
0.11073979 0.80103187
1.22314094 0.11073979
-1.06128132 1.22314094
-0.20990299 -1.06128132
0.61993263 -0.20990299
0.39898605 0.61993263
0.96311398 0.39898605
-0.17892814 0.96311398
1.24411280 -0.17892814
-1.22062178 1.24411280
-0.71265070 -1.22062178
-0.07720597 -0.71265070
0.77785972 -0.07720597
0.12974616 0.77785972
1.20979022 0.12974616
-1.01010549 1.20979022
-0.06550129 -1.01010549
0.69096177 -0.06550129
0.31195019 0.69096177
1.07105044 0.31195019
-0.51242361 1.07105044
0.95370599 -0.51242361
-0.42710424 0.95370599
1.03072655 -0.42710424
-0.61548738 1.03072655
0.77886336 -0.61548738
-0.03392561 0.77886336
1.23204768 -0.03392561
-1.13529577 1.23204768
-0.43484078 -1.13529577
0.39469016 -0.43484078
0.65145532 0.39469016
0.52425540 0.65145532
0.81065537 0.52425540
0.23724963 0.81065537
1.16439427 0.23724963
-0.82696473 1.16439427
0.39189935 -0.82696473
0.53689144 0.39189935
0.71401642 0.53689144
0.44732020 0.71401642
0.93407142 0.44732020
-0.08728913 0.93407142
1.26955428 -0.08728913
-1.28266203 1.26955428
-0.92244435 -1.28266203
-0.57606361 -0.92244435
0.25867770 -0.57606361
0.73350110 0.25867770
0.32436989 0.73350110
1.07274817 0.32436989
-0.51379313 1.07274817
0.95224773 -0.51379313
-0.42362396 0.95224773
1.03443415 -0.42362396
-0.62516281 1.03443415
0.76317028 -0.62516281
-0.00294928 0.76317028
1.22893891 -0.00294928
-1.11529196 1.22893891
-0.37274494 -1.11529196
0.47089810 -0.37274494
0.57773348 0.47089810
0.67398306 0.57773348
0.53736562 0.67398306
0.79792839 0.53736562
0.26984408 0.79792839
1.13743636 0.26984408
-0.73031283 1.13743636
0.59453134 -0.73031283
0.28605163 0.59453134
1.06380365 0.28605163
-0.49853399 1.06380365
0.97119049 -0.49853399
-0.47005557 0.97119049
0.98202402 -0.47005557
-0.49113632 0.98202402
0.95690637 -0.49113632
-0.42927862 0.95690637
1.02907972 -0.42927862
-0.61139069 1.02907972
0.78540591 -0.61139069
-0.04702462 0.78540591
1.23252593 -0.04702462
-1.14087562 1.23252593
-0.45247829 -1.14087562
0.37110607 -0.45247829
0.67144891 0.37110607
0.48015072 0.67144891
0.87867207 0.48015072
0.06315476 0.87867207
1.25801769 0.06315476
-1.19670547 1.25801769
-0.62754028 -1.19670547
0.08965883 -0.62754028
0.80048373 0.08965883
0.12981377 0.80048373
1.21655286 0.12981377
-1.03305706 1.21655286
-0.12912379 -1.03305706
0.66674075 -0.12912379
0.33890235 0.66674075
1.03922550 0.33890235
-0.41031479 1.03922550
1.07606613 -0.41031479
-0.74418009 1.07606613
0.54749423 -0.74418009
0.35709606 0.54749423
0.98572363 0.35709606
-0.25318269 0.98572363
1.20597503 -0.25318269
-1.11208088 1.20597503
-0.36962092 -1.11208088
0.47510827 -0.36962092
0.57309471 0.47510827
0.68271991 0.57309471
0.51937935 0.68271991
0.82715910 0.51937935
0.19794475 0.82715910
1.19329276 0.19794475
-0.93414321 1.19329276
0.13631487 -0.93414321
0.69374260 0.13631487
0.36710415 0.69374260
1.01945113 0.36710415
-0.34486162 1.01945113
1.13933399 -0.34486162
-0.92077321 1.13933399
0.15484758 -0.92077321
0.69019916 0.15484758
0.37952945 0.69019916
1.00540011 0.37952945
-0.30130229 1.00540011
1.17452374 -0.30130229
-1.02169910 1.17452374
-0.10905954 -1.02169910
0.67683869 -0.10905954
0.32592727 0.67683869
1.05433159 0.32592727
-0.45848295 1.05433159
1.02201022 -0.45848295
-0.59985173 1.02201022
0.80285214 -0.59985173
-0.08235569 0.80285214
1.23136020 -0.08235569
-1.14745382 1.23136020
-0.47390231 -1.14745382
0.34134710 -0.47390231
0.69470433 0.34134710
0.42674439 0.69470433
0.95345621 0.42674439
-0.14468694 0.95345621
1.25672883 -0.14468694
-1.25452038 1.25672883
-0.82633127 -1.25452038
-0.33230883 -0.82633127
0.59749979 -0.33230883
0.40049895 0.59749979
0.95469077 0.40049895
-0.15585856 0.95469077
1.25239858 -0.15585856
-1.24266066 1.25239858
-0.78616816 -1.24266066
-0.23808272 -0.78616816
0.68479282 -0.23808272
0.27205750 0.68479282
1.10181645 0.27205750
-0.61798204 1.10181645
0.79588241 -0.61798204
-0.07219495 0.79588241
1.23146777 -0.07219495
-1.14477649 1.23146777
-0.46527818 -1.14477649
0.35348975 -0.46527818
0.68547954 0.35348975
0.44821185 0.68547954
0.92439246 0.44821185
-0.06183843 0.92439246
1.27196415 -0.06183843
-1.28360145 1.27196415
-0.92509650 -1.28360145
-0.58320537 -0.92509650
0.24629115 -0.58320537
0.74011533 0.24629115
0.30700836 0.74011533
1.09007881 0.30700836
-0.57147802 1.09007881
0.86980166 -0.57147802
-0.23062031 0.86980166
1.18648048 -0.23062031
-1.04001640 1.18648048
-0.15834362 -1.04001640
0.65289330 -0.15834362
0.35571939 0.65289330
1.01871719 0.35571939
-0.34618278 1.01871719
1.13783563 -0.34618278
-0.91639274 1.13783563
0.16566478 -0.91639274
0.68665943 0.16566478
0.38959779 0.68665943
0.99349681 0.38959779
-0.26497094 0.99349681
1.19975560 -0.26497094
-1.09467019 1.19975560
-0.31769727 -1.09467019
0.53029476 -0.31769727
0.51099327 0.53029476
0.79352866 0.51099327
0.27173514 0.79352866
1.13468262 0.27173514
-0.72098596 1.13468262
0.61265574 -0.72098596
0.25821834 0.61265574
1.09044932 0.25821834
-0.58724612 1.09044932
0.84433359 -0.58724612
-0.17423273 0.84433359
1.21080021 -0.17423273
-1.10472184 1.21080021
-0.34533441 -1.10472184
0.50162525 -0.34533441
0.54412063 0.50162525
0.73599341 0.54412063
0.40487538 0.73599341
0.99130432 0.40487538
-0.25429536 0.99130432
1.20685872 -0.25429536
-1.11539976 1.20685872
-0.37970566 -1.11539976
0.46353313 -0.37970566
0.58528015 0.46353313
0.65948594 0.58528015
0.56669365 0.65948594
0.74824741 0.56669365
0.38618424 0.74824741
1.01568065 0.38618424
-0.32839478 1.01568065
1.15372381 -0.32839478
-0.96202853 1.15372381
0.05041870 -0.96202853
0.70783258 0.05041870
0.31368787 0.70783258
1.07458966 0.31368787
-0.52253376 1.07458966
0.94011876 -0.52253376
-0.39411272 0.94011876
1.06458086 -0.39411272
-0.70489917 1.06458086
0.62373827 -0.70489917
0.24386104 0.62373827
1.10386599 0.24386104
-0.63276986 1.10386599
0.77060302 -0.63276986
-0.02119158 0.77060302
1.23055219 -0.02119158
-1.12631964 1.23055219
-0.40686866 -1.12631964
0.43034516 -0.40686866
0.61866366 0.43034516
0.59326093 0.61866366
0.69285716 0.59326093
0.50590682 0.69285716
0.84953875 0.50590682
0.14136953 0.84953875
1.22688214 0.14136953
-1.06492486 1.22688214
-0.21962629 -1.06492486
0.61299255 -0.21962629
0.40804830 0.61299255
0.95079299 0.40804830
-0.14319574 0.95079299
1.25653087 -0.14319574
-1.25337648 1.25653087
-0.82237437 -1.25337648
-0.32283240 -0.82237437
0.60737863 -0.32283240
0.38667797 0.60737863
0.97288580 0.38667797
-0.20910610 0.97288580
1.23065024 -0.20910610
-1.18303183 1.23065024
-0.59019498 -1.18303183
0.15742829 -0.59019498
0.78824437 0.15742829
0.17736762 0.78824437
1.19243033 0.17736762
-0.93743585 1.19243033
0.12742874 -0.93743585
0.69603593 0.12742874
0.35997620 0.69603593
1.02739476 0.35997620
-0.36976314 1.02739476
1.11680374 -0.36976314
-0.85707976 1.11680374
0.30662111 -0.85707976
0.61125296 0.30662111
0.56890407 0.61125296
0.73026331 0.56890407
0.42407292 0.73026331
0.96730601 0.42407292
-0.18273140 0.96730601
1.24344473 -0.18273140
-1.21943614 1.24344473
-0.70880087 -1.21943614
-0.06918899 -0.70880087
0.78065778 -0.06918899
0.12604611 0.78065778
1.21195466 0.12604611
-1.01855390 1.21195466
-0.08884648 -1.01855390
0.68338265 -0.08884648
0.31952947 0.68338265
1.06207608 0.31952947
-0.48334901 1.06207608
0.99154605 -0.48334901
-0.52143370 0.99154605
0.91681347 -0.52143370
-0.33319583 0.91681347
1.11961680 -0.33319583
-0.85491723 1.11961680
0.31264818 -0.85491723
0.60667639 0.31264818
0.57851571 0.60667639
0.71345031 0.57851571
0.46093882 0.71345031
0.91658466 0.46093882
-0.03789676 0.91658466
1.27296477 -0.03789676
-1.27998405 1.27296477
-0.91181339 -1.27998405
-0.54796033 -0.91181339
0.30609124 -0.54796033
0.70444331 0.30609124
0.39709085 0.70444331
0.99057940 0.39709085
-0.25461931 0.99057940
1.20641043 -0.25461931
-1.11398237 1.20641043
-0.37541629 -1.11398237
0.46849294 -0.37541629
0.58009522 0.46849294
0.66943323 0.58009522
0.54663138 0.66943323
0.78250175 0.54663138
0.30675683 0.78250175
1.10301088 0.30675683
-0.61125914 1.10301088
0.80781043 -0.61125914
-0.09695852 0.80781043
1.22918179 -0.09695852
-1.14433059 1.22918179
-0.46453497 -1.14433059
0.35459099 -0.46453497
0.68461083 0.35459099
0.45020851 0.68461083
0.92162046 0.45020851
-0.05407544 0.92162046
1.27239232 -0.05407544
-1.28279775 1.27239232
-0.92208040 -1.28279775
-0.57516451 -0.92208040
0.26023599 -0.57516451
0.73263877 0.26023599
0.32660740 0.73263877
1.07045028 0.32660740
-0.50622711 1.07045028
0.96236284 -0.50622711
-0.44846727 0.96236284
1.00713681 -0.44846727
-0.55459455 1.00713681
0.87153588 -0.55459455
-0.22978308 0.87153588
1.18754040 -0.22978308
-1.04328799 1.18754040
-0.16756766 -1.04328799
0.64770311 -0.16756766
0.36240265 0.64770311
1.01044098 0.36240265
-0.32066657 1.01044098
1.15917442 -0.32066657
-0.97735945 1.15917442
0.01042824 -0.97735945
0.70663992 0.01042824
0.30405251 0.70663992
1.08256488 0.30405251
-0.54950964 1.08256488
0.90202428 -0.54950964
-0.30395980 0.90202428
1.14125910 -0.30395980
-0.91464919 1.14125910
0.17116132 -0.91464919
0.68459056 0.17116132
0.39521846 0.68459056
0.98670049 0.39521846
-0.24444345 0.98670049
1.21235650 -0.24444345
-1.13106465 1.21235650
-0.42732317 -1.13106465
0.40503347 -0.42732317
0.64213009 0.40503347
0.54424657 0.64213009
0.77795296 0.54424657
0.31597883 0.77795296
1.09360622 0.31597883
-0.57957074 1.09360622
0.85781873 -0.57957074
-0.20406538 0.85781873
1.19904587 -0.20406538
-1.07401500 1.19904587
-0.25519775 -1.07401500
0.58661925 -0.25519775
0.44166967 0.58661925
0.90288485 0.44166967
-0.00878056 0.90288485
1.27075752 -0.00878056
-1.26338870 1.27075752
-0.85338415 -1.26338870
-0.39858692 -0.85338415
0.52156461 -0.39858692
0.49958243 0.52156461
0.80705374 0.49958243
0.23800468 0.80705374
1.16281140 0.23800468
-0.82158109 1.16281140
0.40384974 -0.82158109
0.52519322 0.40384974
0.73499584 0.52519322
0.40125153 0.73499584
0.99509484 0.40125153
-0.26592379 0.99509484
1.19952681 -0.26592379
-1.09418753 1.19952681
-0.31628684 -1.09418753
0.53169143 -0.31628684
0.50933986 0.53169143
0.79630950 0.50933986
0.26504960 0.79630950
1.14054104 0.26504960
-0.74165254 1.14054104
0.57209442 -0.74165254
0.31929540 0.57209442
1.02889896 0.31929540
-0.38629767 1.02889896
1.09975344 -0.38629767
-0.80912997 1.09975344
0.41335819 -0.80912997
0.51805002 0.41335819
0.74828131 0.51805002
0.37152012 0.74828131
1.03124632 0.37152012
-0.37740052 1.03124632
1.10997028 -0.37740052
-0.83806779 1.10997028
0.34969041 -0.83806779
0.57738293 0.34969041
0.63818766 0.57738293
0.60301798 0.63818766
0.68237333 0.60301798
0.52901868 0.68237333
0.81290693 0.52901868
0.23356086 0.81290693
1.16750113 0.23356086
-0.83821419 1.16750113
0.36660611 -0.83821419
0.56037569 0.36660611
0.67035255 0.56037569
0.53899115 0.67035255
0.79438971 0.53899115
0.27822032 0.79438971
1.12994775 0.27822032
-0.70402858 1.12994775
0.64506558 -0.70402858
0.20623797 0.64506558
1.13397193 0.20623797
-0.73837789 1.13397193
0.57690891 -0.73837789
0.31253319 0.57690891
1.03632488 0.31253319
-0.40979701 1.03632488
1.07579044 -0.40979701
-0.74319420 1.07579044
0.54946446 -0.74319420
0.35436607 0.54946446
0.98903390 0.35436607
-0.26315345 0.98903390
1.19976053 -0.26315345
-1.09414151 1.19976053
-0.31607574 -1.09414151
0.53189213 -0.31607574
0.50910435 0.53189213
0.79670550 0.50910435
0.26409579 0.79670550
1.14136643 0.26409579
-0.74457553 1.14136643
0.56626013 -0.74457553
0.32771659 0.56626013
1.01952061 0.32771659
-0.35687620 1.01952061
1.12755131 -0.35687620
-0.88698360 1.12755131
0.23682952 -0.88698360
0.65538141 0.23682952
0.46971415 0.65538141
0.88773049 0.46971415
0.03762265 0.88773049
1.26433750 0.03762265
-1.22668224 1.26433750
-0.72734779 -1.22668224
-0.10865339 -0.72734779
0.76526788 -0.10865339
0.14751508 0.76526788
1.19911539 0.14751508
-0.96877427 1.19911539
0.04580160 -0.96877427
0.70643082 0.04580160
0.31507818 0.70643082
1.07294528 0.31507818
-0.51717276 1.07294528
0.94742886 -0.51717276
-0.41182185 0.94742886
1.04679252 -0.41182185
-0.65763098 1.04679252
0.70856785 -0.65763098
0.09981495 0.70856785
1.19862212 0.09981495
-0.98142851 1.19862212
0.01110396 -0.98142851
0.70539883 0.01110396
0.30670867 0.70539883
1.07992136 0.30670867
-0.54070959 1.07992136
0.91466281 -0.54070959
-0.33346415 0.91466281
1.11872117 -0.33346415
-0.85219112 1.11872117
0.31889477 -0.85219112
0.60197124 0.31889477
0.58835130 0.60197124
0.69597122 0.58835130
0.49837907 0.69597122
0.86105699 0.49837907
0.11152694 0.86105699
1.24090354 0.11152694
-1.12232014 1.24090354
-0.39117243 -1.12232014
0.44908174 -0.39117243
0.60030409 0.44908174
0.63021352 0.60030409
0.62405452 0.63021352
0.64384239 0.62405452
0.60687012 0.64384239
0.67754483 0.60687012
0.53936723 0.67754483
0.79597963 0.53936723
0.27479316 0.79597963
1.13307810 0.27479316
-0.71497442 1.13307810
0.62425965 -0.71497442
0.23992752 0.62425965
1.10668659 0.23992752
-0.64267904 1.10668659
0.75375509 -0.64267904
0.01179085 0.75375509
1.22593189 0.01179085
-1.10053536 1.22593189
-0.32786973 -1.10053536
0.51934141 -0.32786973
0.52403738 0.51934141
0.77134117 0.52403738
0.32425712 0.77134117
1.08420260 0.32425712
-0.54841624 1.08420260
0.90419625 -0.54841624
-0.30912408 0.90419625
1.13747810 -0.30912408
-0.90413623 1.13747810
0.19679619 -0.90413623
0.67453890 0.19679619
0.42203504 0.67453890
0.95300266 0.42203504
-0.14488919 0.95300266
1.25651077 -0.14488919
-1.25381380 1.25651077
-0.82391543 -1.25381380
-0.32651544 -0.82391543
0.60356811 -0.32651544
0.39203313 0.60356811
0.96590447 0.39203313
-0.18855009 0.96590447
1.23999975 -0.18855009
-1.20920416 1.23999975
-0.67504466 -1.20920416
-0.00072065 -0.67504466
0.79748588 -0.00072065
0.10940659 0.79748588
1.22248804 0.10940659
-1.05944583 1.22248804
-0.20464924 -1.05944583
0.62353241 -0.20464924
0.39429549 0.62353241
0.96940322 0.39429549
-0.19735100 0.96940322
1.23629458 -0.19735100
-1.19899932 1.23629458
-0.64175073 -1.19899932
0.06371861 -0.64175073
0.80179070 0.06371861
0.11909993 0.80179070
1.22067850 0.11909993
-1.05034841 1.22067850
-0.17832094 -1.05034841
0.64037778 -0.17832094
0.37238654 0.64037778
0.99797290 0.37238654
-0.28261391 0.99797290
1.18757300 -0.28261391
-1.05924565 1.18757300
-0.21453000 -1.05924565
0.61779394 -0.21453000
0.40130391 0.61779394
0.95987542 0.40130391
-0.16951398 0.95987542
1.24773364 -0.16951398
-1.23042913 1.24773364
-0.74521810 -1.23042913
-0.14661876 -0.74521810
0.74633868 -0.14661876
0.17618437 0.74633868
1.18044430 0.17618437
-0.89797294 1.18044430
0.22523574 -0.89797294
0.65958453 0.22523574
0.45849827 0.65958453
0.90356643 0.45849827
-0.00545572 0.90356643
1.27102826 -0.00545572
-1.26335468 1.27102826
-0.85318258 -1.26335468
-0.39809512 -0.85318258
0.52217361 -0.39809512
0.49884008 0.52217361
0.80827409 0.49884008
0.23502222 0.80827409
1.16515261 0.23502222
-0.83010618 1.16515261
0.38483901 -0.83010618
0.54362666 0.38483901
0.70170979 0.54362666
0.47373272 0.70170979
0.89632117 0.47373272
0.01737152 0.89632117
1.26847387 0.01737152
-1.24742490 1.26847387
-0.79795427 -1.24742490
-0.26565088 -0.79795427
0.66181517 -0.26565088
0.30710568 0.66181517
1.06650509 0.30710568
-0.50027465 1.06650509
0.96956692 -0.50027465
-0.46616640 0.96956692
0.98663452 -0.46616640
-0.50267666 0.98663452
0.94223300 -0.50267666
-0.39372723 0.94223300
1.06564032 -0.39372723
-0.70794318 1.06564032
0.61803514 -0.70794318
0.25286264 0.61803514
1.09589522 0.25286264
-0.60552209 1.09589522
0.81544877 -0.60552209
-0.11259600 0.81544877
1.22688563 -0.11259600
-1.14112648 1.22688563
-0.45497181 -1.14112648
0.36786296 -0.45497181
0.67405603 0.36786296
0.47426674 0.67405603
0.88731629 0.47426674
0.04001775 0.88731629
1.26395290 0.04001775
-1.22460237 1.26395290
-0.72032549 -1.22460237
-0.09379706 -0.72032549
0.77158531 -0.09379706
0.13837944 0.77158531
1.20466718 0.13837944
-0.99019837 1.20466718
-0.01128979 -0.99019837
0.70276204 -0.01128979
0.30518877 0.70276204
1.08043235 0.30518877
-0.54271106 1.08043235
0.91178030 -0.54271106
-0.32669395 0.91178030
1.12411358 -0.32669395
-0.86709206 1.12411358
0.28464598 -0.86709206
0.62643972 0.28464598
0.53599639 0.62643972
0.78572294 0.53599639
0.29649417 0.78572294
1.11264457 0.29649417
-0.64422087 1.11264457
0.75276463 -0.64422087
0.01341731 0.75276463
1.22557736 0.01341731
-1.09883061 1.22557736
-0.32272698 -1.09883061
0.52453703 -0.32272698
0.51798717 0.52453703
0.78172612 0.51798717
0.29986212 0.78172612
1.10863363 0.29986212
-0.63073729 1.10863363
0.77562875 -0.63073729
-0.03146112 0.77562875
1.23130290 -0.03146112
-1.13198790 1.23130290
-0.42456439 -1.13198790
0.40804674 -0.42456439
0.63952769 0.40804674
0.54982009 0.63952769
0.76863532 0.54982009
0.33782567 0.76863532
1.07081394 0.33782567
-0.50395177 1.07081394
0.96568983 -0.50395177
-0.45676513 0.96568983
0.99761882 -0.45676513
-0.53037016 0.99761882
0.90547613 -0.53037016
-0.30695288 0.90547613
1.13973474 -0.30695288
-0.91067925 1.13973474
0.18084905 -0.91067925
0.68100730 0.18084905
0.40497540 0.68100730
0.97469508 0.40497540
-0.20855009 0.97469508
1.23151813 -0.20855009
-1.18585669 1.23151813
-0.59930309 -1.18585669
0.14141311 -0.59930309
0.79221234 0.14141311
0.16378340 0.79221234
1.20010870 0.16378340
-0.96723023 1.20010870
0.05028457 -0.96723023
0.70629098 0.05028457
0.31669965 0.70629098
1.07146916 0.31669965
-0.51225474 1.07146916
0.95407387 -0.51225474
-0.42803614 0.95407387
1.02972125 -0.42803614
-0.61286702 1.02972125
0.78306799 -0.61286702
-0.04233378 0.78306799
1.23241139 -0.04233378
-1.13907310 1.23241139
-0.44675912 -1.13907310
0.37884688 -0.44675912
0.66503732 0.37884688
0.49446956 0.66503732
0.85721099 0.49446956
0.11960592 0.85721099
1.23713549 0.11960592
-1.10682414 1.23713549
-0.34394289 -1.10682414
0.50233737 -0.34394289
0.54353717 0.50233737
0.73709549 0.54353717
0.40242749 0.73709549
0.99440161 0.40242749
-0.26364015 0.99440161
1.20101190 -0.26364015
-1.09849347 1.20101190
-0.32905951 -1.09849347
0.51885973 -0.32905951
0.52438055 0.51885973
0.77069297 0.52438055
0.32575945 0.77069297
1.08264098 0.32575945
-0.54322825 1.08264098
0.91165659 -0.54322825
-0.32653331 0.91165659
1.12422337 -0.32653331
-0.86738946 1.12422337
0.28395675 -0.86738946
0.62689915 0.28395675
0.53498346 0.62689915
0.78737953 0.53498346
0.29254191 0.78737953
1.11640078 0.29254191
-0.65712840 1.11640078
0.73037541 -0.65712840
0.05603395 0.73037541
1.21471690 0.05603395
-1.04894181 1.21471690
-0.17597541 -1.04894181
0.64196317 -0.17597541
0.37024398 0.64196317
1.00067611 0.37024398
-0.29082056 1.00067611
1.18179560 -0.29082056
-1.04254334 1.18179560
-0.16711658 -1.04254334
0.64813787 -0.16711658
0.36174925 0.64813787
1.01123383 0.36174925
-0.32310662 1.01123383
1.15721311 -0.32310662
-0.97173103 1.15721311
0.02519826 -0.97173103
0.70759176 0.02519826
0.30659894 0.70759176
1.08067345 0.30659894
-0.54301747 1.08067345
0.91138688 -0.54301747
-0.32578170 0.91138688
1.12482886 -0.32578170
-0.86907046 1.12482886
0.28005181 -0.86907046
0.62947824 0.28005181
0.52927554 0.62947824
0.79665783 0.52927554
0.27025349 0.79665783
1.13674562 0.27025349
-0.72799081 1.13674562
0.59906482 -0.72799081
0.27917264 0.59906482
1.07060714 0.27917264
-0.52092771 1.07060714
0.94127019 -0.52092771
-0.39666371 0.94127019
1.06210212 -0.39666371
-0.69828439 1.06210212
0.63598910 -0.69828439
0.22423969 0.63598910
1.12039992 0.22423969
-0.69014247 1.12039992
0.66930470 -0.69014247
0.16580096 0.66930470
1.16230547 0.16580096
-0.84159531 1.16230547
0.35709591 -0.84159531
0.56899692 0.35709591
0.65386828 0.56899692
0.57213785 0.65386828
0.73788207 0.57213785
0.40938342 0.73788207
0.98673193 0.40938342
-0.24028083 0.98673193
1.21519075 -0.24028083
-1.13944824 1.21519075
-0.45312197 -1.13944824
0.37071820 -0.45312197
0.67165863 0.37071820
0.47964002 0.67165863
0.87942121 0.47964002
0.06115767 0.87942121
1.25859000 0.06115767
-1.19932100 1.25859000
-0.63614221 -1.19932100
0.07365603 -0.63614221
0.80156204 0.07365603
0.12259441 0.80156204
1.21942747 0.12259441
-1.04502636 1.21942747
-0.16308389 -1.04502636
0.64925720 -0.16308389
0.36092596 0.64925720
1.01240259 0.36092596
-0.32666481 1.01240259
1.15432692 -0.32666481
-0.96345834 1.15432692
0.04674533 -0.96345834
0.70790332 0.04674533
0.31244564 0.70790332
1.07569981 0.31244564
-0.52624843 1.07569981
0.93499757 -0.52624843
-0.38178318 0.93499757
1.07643752 -0.38178318
-0.73673978 1.07643752
0.56303155 -0.73673978
0.33517172 0.56303155
1.01163335 0.33517172
-0.33221133 1.01163335
1.14897989 -0.33221133
-0.94788011 1.14897989
0.08682658 -0.94788011
0.70508157 0.08682658
0.33005194 0.70508157
1.05901647 0.33005194
-0.47110665 1.05901647
1.00698687 -0.47110665
-0.56096357 1.00698687
0.86154388 -0.56096357
-0.20745007 0.86154388
1.19821342 -0.20745007
-1.07223658 1.19821342
-0.25010378 -1.07223658
0.59075636 -0.25010378
0.43637855 0.59075636
0.91063017 0.43637855
-0.03003266 0.91063017
1.27192631 -0.03003266
-1.27392494 1.27192631
-0.89046075 -1.27392494
-0.49226597 -0.89046075
0.39360568 -0.49226597
0.63542461 0.39360568
0.55281149 0.63542461
0.76278662 0.55281149
0.35126266 0.76278662
1.05609635 0.35126266
-0.45609649 1.05609635
1.02559529 -0.45609649
-0.60941292 1.02559529
0.78774084 -0.60941292
-0.05157375 0.78774084
1.23259846 -0.05157375
-1.14249067 1.23259846
-0.45761936 -1.14249067
0.36407113 -0.45761936
0.67714729 0.36407113
0.46728150 0.67714729
0.89745139 0.46728150
0.01259786 0.89745139
1.26901323 0.01259786
-1.25077304 1.26901323
-0.80950252 -1.25077304
-0.29264397 -0.80950252
0.63725255 -0.29264397
0.34367967 0.63725255
1.02581377 0.34367967
-0.37010753 1.02581377
1.11597271 -0.37010753
-0.85458538 1.11597271
0.31234917 -0.85458538
0.60703758 0.31234917
0.57781228 0.60703758
0.71469743 0.57781228
0.45823430 0.71469743
0.92043909 0.45823430
-0.04862107 0.92043909
1.27282211 -0.04862107
-1.28269291 1.27282211
-0.92157490 -1.28269291
-0.57382830 -0.92157490
0.26253704 -0.57382830
0.73135553 0.26253704
0.32992784 0.73135553
1.06701333 0.32992784
-0.49494608 1.06701333
0.97714373 -0.49494608
-0.48521763 0.97714373
0.96353250 -0.48521763
-0.44531813 0.96353250
1.01142822 -0.44531813
-0.56577730 1.01142822
0.85528294 -0.56577730
-0.19384565 0.85528294
1.20397829 -0.19384565
-1.08754291 1.20397829
-0.29465592 -1.08754291
0.55218617 -0.29465592
0.48472983 0.55218617
0.83670765 0.48472983
0.16530739 0.83670765
1.21275515 0.16530739
-1.00949286 1.21275515
-0.06287962 -1.00949286
0.69161676 -0.06287962
0.31146888 0.69161676
1.07166702 0.31146888
-0.51441761 1.07166702
0.95102443 -0.51441761
-0.42055175 0.95102443
1.03769805 -0.42055175
-0.63370966 1.03769805
0.74908631 -0.63370966
0.02430468 0.74908631
1.22389889 0.02430468
-1.08980848 1.22389889
-0.29558586 -1.08980848
0.55073805 -0.29558586
0.48668687 0.55073805
0.83361166 0.48668687
0.17313431 0.83361166
1.20811781 0.17313431
-0.99142781 1.20811781
-0.01366541 -0.99142781
0.70231022 -0.01366541
0.30536488 0.70231022
1.08014627 0.30536488
-0.54179288 1.08014627
0.91308855 -0.54179288
-0.32976084 0.91308855
1.12168747 -0.32976084
-0.86038414 1.12168747
0.30014102 -0.86038414
0.61576628 0.30014102
0.55920696 0.61576628
0.74693249 0.55920696
0.38669068 0.74693249
1.01473820 0.38669068
-0.32556385 1.01473820
1.15603291 -0.32556385
-0.96864607 1.15603291
0.03322458 -0.96864607
0.70786076 0.03322458
0.30847378 0.70786076
1.07913972 0.30847378
-0.53781743 1.07913972
0.91879530 -0.53781743
-0.34320395 0.91879530
1.11073406 -0.34320395
-0.83018339 1.11073406
0.36833397 -0.83018339
0.56100710 0.36833397
0.66987964 0.56100710
0.54006791 0.66987964
0.79262120 0.54006791
0.28247267 0.79262120
1.12607923 0.28247267
-0.69053440 1.12607923
0.67025091 -0.69053440
0.16390888 0.67025091
1.16346271 0.16390888
-0.84593099 1.16346271
0.34719987 -0.84593099
0.57745385 0.34719987
0.63732583 0.57745385
0.60457825 0.63732583
0.67947695 0.60457825
0.53500898 0.67947695
0.80311463 0.53500898
0.25751234 0.80311463
1.14809674 0.25751234
-0.76812287 1.14809674
0.51841119 -0.76812287
0.39331292 0.51841119
0.93895029 0.39331292
-0.11628482 0.93895029
1.26275406 -0.11628482
-1.26725240 1.26275406
-0.86947388 -1.26725240
-0.43855448 -0.86947388
0.46989580 -0.43855448
0.55931077 0.46989580
0.70300878 0.55931077
0.47588335 0.70300878
0.89385169 0.47588335
0.02420582 0.89385169
1.26733522 0.02420582
-1.24133222 1.26733522
-0.77706740 -1.24133222
-0.21776692 -0.77706740
0.70048838 -0.21776692
0.24771237 0.70048838
1.12424052 0.24771237
-0.69516974 1.12424052
0.66070679 -0.69516974
0.18030222 0.66070679
1.15269959 0.18030222
-0.80611222 1.15269959
0.43606620 -0.80611222
0.49195111 0.43606620
0.79199761 0.49195111
0.26942103 0.79199761
1.13597652 0.26942103
-0.72579340 1.13597652
0.60330647 -0.72579340
0.27269180 0.60330647
1.07688680 0.27269180
-0.54175171 1.07688680
0.91217316 -0.54175171
-0.32740933 0.91217316
1.12357633 -0.32740933
-0.86561608 1.12357633
0.28806523 -0.86561608
0.62414097 0.28806523
0.54104684 0.62414097
0.77741794 0.54104684
0.31618395 0.77741794
1.09326418 0.31618395
-0.57846200 1.09326418
0.85951365 -0.57846200
-0.20780781 0.85951365
1.19739638 -0.20780781
-1.06960365 1.19739638
-0.24245386 -1.06960365
0.59682148 -0.24245386
0.42858961 0.59682148
0.92188177 0.42858961
-0.06123551 0.92188177
1.27131483 -0.06123551
-1.28110860 1.27131483
-0.91634050 -1.28110860
-0.55988445 -0.91634050
0.28623901 -0.55988445
0.71732879 0.28623901
0.36548688 0.71732879
1.02818571 0.36548688
-0.37038614 1.02818571
1.11639546 -0.37038614
-0.85599021 1.11639546
0.30911171 -0.85599021
0.60943287 0.30911171
0.57276172 0.60943287
0.72355148 0.57276172
0.43889107 0.72355148
0.94738992 0.43889107
-0.12489941 0.94738992
1.26237717 -0.12489941
-1.26850439 1.26237717
-0.87403158 -1.26850439
-0.45005501 -0.87403158
0.45422121 -0.45005501
0.57613983 0.45422121
0.67155441 0.57613983
0.54146249 0.67155441
0.79101205 0.54146249
0.28645866 0.79101205
1.12242162 0.28645866
-0.67782482 1.12242162
0.69350141 -0.67782482
0.12333067 0.69350141
1.18675579 0.12333067
-0.93474582 1.18675579
0.13277709 -0.93474582
0.69489460 0.13277709
0.36380323 0.69489460
1.02317447 0.36380323
-0.35649944 1.02317447
1.12902376 -0.35649944
-0.89152233 1.12902376
0.22597024 -0.89152233
0.66105573 0.22597024
0.45599852 0.66105573
0.90720821 0.45599852
-0.01543786 0.90720821
1.27182880 -0.01543786
-1.26919927 1.27182880
-0.87366484 -1.26919927
-0.44936615 -0.87366484
0.45519864 -0.44936615
0.57510203 0.45519864
0.67352031 0.57510203
0.53744917 0.67352031
0.79766384 0.53744917
0.27046011 0.79766384
1.13689101 0.27046011
-0.72839162 1.13689101
0.59829121 -0.72839162
0.28034919 0.59829121
1.06945343 0.28034919
-0.51711814 1.06945343
0.94646039 -0.51711814
-0.40923761 0.94646039
1.04947253 -0.40923761
-0.66472090 1.04947253
0.69624633 -0.66472090
0.12192120 0.69624633
1.18806321 0.12192120
-0.93951550 1.18806321
0.12065383 -0.93951550
0.69776506 0.12065383
0.35456963 0.69776506
1.03332205 0.35456963
-0.38848534 1.03332205
1.09870741 -0.38848534
-0.80656676 1.09870741
0.41884230 -0.80656676
0.51242955 0.41884230
0.75803503 0.51242955
0.34926490 0.75803503
1.05663015 0.34926490
-0.45827470 1.05663015
1.02296706 -0.45827470
-0.60252866 1.02296706
0.79863302 -0.60252866
-0.07369919 0.79863302
1.23198571 -0.07369919
-1.14701406 1.23198571
-0.47230204 -1.14701406
0.34359888 -0.47230204
0.69302512 0.34359888
0.43068232 0.69302512
0.94822537 0.43068232
-0.12957920 0.94822537
1.26096054 -0.12957920
-1.26490382 1.26096054
-0.86168618 -1.26490382
-0.41897545 -0.86168618
0.49573754 -0.41897545
0.53024937 0.49573754
0.75509111 0.53024937
0.36084719 0.75509111
1.04423236 0.36084719
-0.41833556 1.04423236
1.06826322 -0.41833556
-0.72316148 1.06826322
0.58833142 -0.72316148
0.29846415 0.58833142
1.05178624 0.29846415
-0.45921676 1.05178624
1.02030383 -0.45921676
-0.59519289 1.02030383
0.81013473 -0.59519289
-0.09740347 0.81013473
1.22975801 -0.09740347
-1.14644771 1.22975801
-0.47115188 -1.14644771
0.34528795 -0.47115188
0.69174116 0.34528795
0.43367822 0.69174116
0.94421483 0.43367822
-0.11805483 0.94421483
1.26375273 -0.11805483
-1.27131579 1.26375273
-0.88361555 -1.27131579
-0.47448175 -0.88361555
0.41972923 -0.47448175
0.61101380 0.41972923
0.60324577 0.61101380
0.67383650 0.60324577
0.54529584 0.67383650
0.78586437 0.54529584
0.29897281 0.78586437
1.11062067 0.29897281
-0.63717775 1.11062067
0.76479252 -0.63717775
-0.01002397 0.76479252
1.22929709 -0.01002397
-1.11864705 1.22929709
-0.38313057 -1.11864705
0.45890124 -0.38313057
0.59023434 0.45890124
0.64994316 0.59023434
0.58567375 0.64994316
0.71476371 0.58567375
0.46046010 0.71476371
0.91759620 0.46046010
-0.04063788 0.91759620
1.27296685 -0.04063788
-1.28081380 1.27296685
-0.91478754 -1.28081380
-0.55581488 -0.91478754
0.29306148 -0.55581488
0.71301649 0.29306148
0.37616892 0.71301649
1.01580066 0.37616892
-0.33174070 1.01580066
1.15066755 -0.33174070
-0.95317233 1.15066755
0.07324777 -0.95317233
0.70653697 0.07324777
0.32310204 0.70653697
1.06580819 0.32310204
-0.49339532 1.06580819
0.97892794 -0.49339532
-0.48963848 0.97892794
0.95803421 -0.48963848
-0.43185290 0.95803421
1.02631457 -0.43185290
-0.60420609 1.02631457
0.79680336 -0.60420609
-0.07011567 0.79680336
1.23215832 -0.07011567
-1.14653447 1.23215832
-0.47071032 -1.14653447
0.34584417 -0.47071032
0.69133544 0.34584417
0.43463068 0.69133544
0.94293527 0.43463068
-0.11438849 0.94293527
1.26456196 -0.11438849
-1.27308029 1.26456196
-0.88965820 -1.27308029
-0.49001250 -0.88965820
0.39694539 -0.49001250
0.63240435 0.39694539
0.55917426 0.63240435
0.75197512 0.55917426
0.37609907 0.75197512
1.02756182 0.37609907
-0.36540688 1.02756182
1.12133748 -0.36540688
-0.86997891 1.12133748
0.27679263 -0.86997891
0.63174651 0.27679263
0.52429268 0.63174651
0.80468801 0.52429268
0.25075590 0.80468801
1.15337647 0.25075590
-0.78716142 1.15337647
0.47854059 -0.78716142
0.44325004 0.47854059
0.86850334 0.44325004
0.07695774 0.86850334
1.25225951 0.07695774
-1.17232812 1.25225951
-0.54841665 -1.17232812
0.22723642 -0.54841665
0.76318406 0.22723642
0.25274105 0.76318406
1.13952596 0.25274105
-0.74210486 1.13952596
0.57085031 -0.74210486
0.32115044 0.57085031
1.02686245 0.32115044
-0.37987994 1.02686245
1.10602645 -0.37987994
-0.82657630 1.10602645
0.37528820 -0.82657630
0.55484939 0.37528820
0.68158548 0.55484939
0.51607254 0.68158548
0.83161243 0.51607254
0.18661083 0.83161243
1.20073069 0.18661083
-0.96247262 1.20073069
0.06332425 -0.96247262
0.70564427 0.06332425
0.32188991 0.70564427
1.06663492 0.32188991
-0.49622711 1.06663492
0.97525259 -0.49622711
-0.48043280 0.97525259
0.96943383 -0.48043280
-0.45985257 0.96943383
0.99478001 -0.45985257
-0.52337793 0.99478001
0.91493975 -0.52337793
-0.32897404 0.91493975
1.12296844 -0.32897404
-0.86417358 1.12296844
0.29137616 -0.86417358
0.62188783 0.29137616
0.54597058 0.62188783
0.76924892 0.54597058
0.33534970 0.76924892
1.07333148 0.33534970
-0.51225175 1.07333148
0.95463685 -0.51225175
-0.42953963 0.95463685
1.02808504 -0.42953963
-0.60860427 1.02808504
0.78986669 -0.60860427
-0.05602642 0.78986669
1.23256546 -0.05602642
-1.14371259 1.23256546
-0.46154026 -1.14371259
0.35865905 -0.46154026
0.68144708 0.35865905
0.45747954 0.68144708
0.91143159 0.45747954
-0.02574669 0.91143159
1.27250143 -0.02574669
-1.27468784 1.27250143
-0.89301030 -1.27468784
-0.49886071 -0.89301030
0.38369010 -0.49886071
0.64423646 0.38369010
0.53405017 0.64423646
0.79397752 0.53405017
0.27765462 0.79397752
1.13026434 0.27765462
-0.70520007 1.13026434
0.64284930 -0.70520007
0.20988266 0.64284930
1.13118377 0.20988266
-0.72844260 1.13118377
0.59647506 -0.72844260
0.28337172 0.59647506
1.06652317 0.28337172
-0.50744883 1.06652317
0.95945090 -0.50744883
-0.44099910 0.95945090
1.01556298 -0.44099910
-0.57621516 1.01556298
0.83983542 -0.57621516
-0.16031749 0.83983542
1.21596825 -0.16031749
-1.11810554 1.21596825
-0.38543353 -1.11810554
0.45658573 -0.38543353
0.59251120 0.45658573
0.64547839 0.59251120
0.59445406 0.64547839
0.69891763 0.59445406
0.49445603 0.69891763
0.86739382 0.49445603
0.09501596 0.86739382
1.24757890 0.09501596
-1.15052957 1.24757890
-0.47893195 -1.15052957
0.33371499 -0.47893195
0.70040844 0.33371499
0.41331371 0.70040844
0.97096302 0.41331371
-0.19588274 0.97096302
1.23757084 -0.19588274
-1.20297903 1.23757084
-0.65475071 -1.20297903
0.03892841 -0.65475071
0.80145320 0.03892841
0.11242040 0.80145320
1.22274227 0.11242040
-1.05941202 1.22274227
-0.20447267 -1.05941202
0.62364369 -0.20447267
0.39415416 0.62364369
0.96959260 0.39415416
-0.19790750 0.96959260
1.23604345 -0.19790750
-1.19829703 1.23604345
-0.63946906 -1.19829703
0.06802194 -0.63946906
0.80168150 0.06802194
0.12063606 0.80168150
1.22013017 0.12063606
-1.04801387 1.22013017
-0.17162725 -1.04801387
0.64435756 -0.17162725
0.36723649 0.64435756
1.00449957 0.36723649
-0.30245621 1.00449957
1.17327821 -0.30245621
-1.01795133 1.17327821
-0.09873142 -1.01795133
0.68096755 -0.09873142
0.32117705 0.68096755
1.05987369 0.32117705
-0.47631202 1.05987369
1.00033971 -0.47631202
-0.54384495 1.00033971
0.88602765 -0.54384495
-0.26221649 0.88602765
1.16954781 -0.26221649
-0.99364387 1.16954781
-0.03139505 -0.99364387
0.70052693 -0.03139505
0.30354831 0.70052693
1.08115987 0.30354831
-0.54540483 1.08115987
0.90789495 -0.54540483
-0.31760400 0.90789495
1.13114727 -0.31760400
-0.88657300 1.13114727
0.23892782 -0.88657300
0.65410699 0.23892782
0.47268000 0.65410699
0.88343516 0.47268000
0.04916325 0.88343516
1.26164671 0.04916325
-1.21370442 1.26164671
-0.68381578 -1.21370442
-0.01875696 -0.68381578
0.79436271 -0.01875696
0.11095595 0.79436271
1.22107310 0.11095595
-1.05414055 1.22107310
-0.18937529 -1.05414055
0.63354964 -0.18937529
0.38124821 0.63354964
0.98657461 0.38124821
-0.24828678 0.98657461
1.20966753 -0.24828678
-1.12309977 1.20966753
-0.40299409 -1.12309977
0.43570414 -0.40299409
0.61332844 0.43570414
0.60407076 0.61332844
0.67313646 0.60407076
0.54686346 0.67313646
0.78325743 0.54686346
0.30516996 0.78325743
1.10459704 0.30516996
-0.61663749 1.10459704
0.79904060 -0.61663749
-0.07884348 0.79904060
1.23100937 -0.07884348
-1.14519073 1.23100937
-0.46674373 -1.14519073
0.35145318 -0.46674373
0.68704980 0.35145318
0.44458355 0.68704980
0.92939860 0.44458355
-0.07591939 0.92939860
1.27075032 -0.07591939
-1.28350476 1.27075032
-0.92511315 -1.28350476
-0.58321950 -0.92511315
0.24626308 -0.58321950
0.74013045 0.24626308
0.30696862 0.74013045
1.09011751 0.30696862
-0.57160808 1.09011751
0.86960514 -0.57160808
-0.23018077 0.86960514
1.18670508 -0.23018077
-1.04063076 1.18670508
-0.16006581 -1.04063076
0.65194128 -0.16006581
0.35694185 0.65194128
1.01721191 0.35694185
-0.34152553 1.01721191
1.14186801 -0.34152553
-0.92786522 1.14186801
0.13725298 -0.92786522
0.69526670 0.13725298
0.36442180 0.69526670
1.02265546 0.36442180
-0.35482734 1.02265546
1.13053322 -0.35482734
-0.89579571 1.13053322
0.21573002 -0.89579571
0.66610607 0.21573002
0.44354280 0.66610607
0.92440952 0.44354280
-0.06328332 0.92440952
1.27171617 -0.06328332
-1.28315181 1.27171617
-0.92355515 -1.28315181
-0.57908130 -0.92355515
0.25346425 -0.57908130
0.73633384 0.25346425
0.31697675 0.73633384
1.08023619 0.31697675
-0.53858129 1.08023619
0.91797313 -0.53858129
-0.34131893 0.91797313
1.11229388 -0.34131893
-0.83447243 1.11229388
0.35880623 -0.83447243
0.56941959 0.35880623
0.65370773 0.56941959
0.57255856 0.65370773
0.73715969 0.57255856
0.41100139 0.73715969
0.98465690 0.41100139
-0.23406849 0.98465690
1.21869379 -0.23406849
-1.14952092 1.21869379
-0.48434955 -1.14952092
0.32671144 -0.48434955
0.70525862 0.32671144
0.40166781 0.70525862
0.98570574 0.40166781
-0.23976179 0.98570574
1.21523172 -0.23976179
-1.13943193 1.21523172
-0.45305766 -1.13943193
0.37080468 -0.45305766
0.67158814 0.37080468
0.47979851 0.67158814
0.87918718 0.47979851
0.06178141 0.87918718
1.25841244 0.06178141
-1.19850818 1.25841244
-0.63346687 -1.19850818
0.07865516 -0.63346687
0.80129865 0.07865516
0.12468521 0.80129865
1.21862463 0.12468521
-1.04165883 1.21862463
-0.15348698 -1.04165883
0.65452079 -0.15348698
0.35419745 0.65452079
1.02071807 0.35419745
-0.35235231 1.02071807
1.13240241 -0.35235231
-0.90097501 1.13240241
0.20326236 -0.90097501
0.67186567 0.20326236
0.42901383 0.67186567
0.94388569 0.42901383
-0.11858412 0.94388569
1.26347864 -0.11858412
-1.27050480 1.26347864
-0.88081185 -1.27050480
-0.46731277 -0.88081185
0.43002273 -0.46731277
0.60091880 0.43002273
0.62346206 0.60091880
0.63608873 0.62346206
0.62058620 0.63608873
0.65164848 0.62058620
0.59167181 0.65164848
0.70538879 0.59167181
0.48089885 0.70538879
0.88784745 0.48089885
0.04068732 0.88784745
1.26403659 0.04068732
-1.22469772 1.26403659
-0.72062732 -1.22469772
-0.09443455 -0.72062732
0.77132677 -0.09443455
0.13874666 0.77132677
1.20444714 0.13874666
-0.98934607 1.20444714
-0.00899377 -0.98934607
0.70308294 -0.00899377
0.30524601 0.70308294
1.08047970 0.30524601
-0.54283714 1.08047970
0.91160288 -0.54283714
-0.32627888 0.91160288
1.12443979 -0.32627888
-0.86799445 1.12443979
0.28255183 -0.86799445
0.62783191 0.28255183
0.53292348 0.62783191
0.79073917 0.53292348
0.28450123 0.79073917
1.12390442 0.28450123
-0.68307523 1.12390442
0.68394284 -0.68307523
0.14018849 0.68394284
1.17766891 0.14018849
-0.89960915 1.17766891
0.22028541 -0.89960915
0.66218133 0.22028541
0.45220786 0.66218133
0.91236567 0.45220786
-0.02971321 0.91236567
1.27247368 -0.02971321
-1.27577892 1.27247368
-0.89691451 -1.27577892
-0.50897157 -0.89691451
0.36825277 -0.50897157
0.65745439 0.36825277
0.50533105 0.65745439
0.83973305 0.50533105
0.16438707 0.83973305
1.21408756 0.16438707
-1.01429593 1.21408756
-0.07608845 -1.01429593
0.68760599 -0.07608845
0.31525067 0.68760599
1.06714562 0.31525067
-0.49974447 1.06714562
0.97050133 -0.49974447
-0.46854531 0.97050133
0.98380181 -0.46854531
-0.49557598 0.98380181
0.95130676 -0.49557598
-0.41565118 0.95130676
1.04351976 -0.41565118
-0.64920225 1.04351976
0.72300694 -0.64920225
0.07340468 0.72300694
1.20935854 0.07340468
-1.02554589 1.20935854
-0.10963457 -1.02554589
0.67550860 -0.10963457
0.32827302 0.67550860
1.05178414 0.32827302
-0.45026792 1.05178414
1.03169757 -0.45026792
-0.62524019 1.03169757
0.76221385 -0.62524019
-0.00093000 0.76221385
1.22866295 -0.00093000
-1.11373669 1.22866295
-0.36797429 -1.11373669
0.47631189 -0.36797429
0.57198549 0.47631189
0.68485920 0.57198549
0.51495067 0.68485920
0.83421389 0.51495067
0.18020727 0.83421389
1.20479964 0.18020727
-0.97809688 1.20479964
0.02209699 -0.97809688
0.70588735 0.02209699
0.30904137 0.70588735
1.07805701 0.30904137
-0.53437727 1.07805701
0.92363441 -0.53437727
-0.35465390 0.92363441
1.10099918 -0.35465390
-0.80347503 1.10099918
0.42649878 -0.80347503
0.50429579 0.42649878
0.77190969 0.50429579
0.31710635 0.77190969
1.09079390 0.31710635
-0.57063195 1.09079390
0.87136901 -0.57063195
-0.23418713 0.87136901
1.18462965 -0.23418713
-1.03494251 1.18462965
-0.14415949 -1.03494251
0.66042250 -0.14415949
0.34613111 0.66042250
1.03039730 0.34613111
-0.38256671 1.03039730
1.10421899 -0.38256671
-0.82178941 1.10421899
0.38579273 -0.82178941
0.54509274 0.38579273
0.69976129 0.54509274
0.47799561 0.69976129
0.89005666 0.47799561
0.03431747 0.89005666
1.26536823 0.03431747
-1.23132423 1.26536823
-0.74301265 -1.23132423
-0.14229218 -0.74301265
0.74875031 -0.14229218
0.17243450 0.74875031
1.18299798 0.17243450
-0.90754755 1.18299798
0.20179983 -0.90754755
0.67072330 0.20179983
0.43072231 0.67072330
0.94148660 0.43072231
-0.11173913 0.94148660
1.26496609 -0.11173913
-1.27371664 1.26496609
-0.89180589 -1.27371664
-0.49555984 -0.89180589
0.38864686 -0.49555984
0.63986711 0.38864686
0.54339216 0.63986711
0.77857507 0.54339216
0.31436685 0.77857507
1.09521540 0.31436685
-0.58498543 1.09521540
0.84947349 -0.58498543
-0.18574292 0.84947349
1.20654144 -0.18574292
-1.09376203 1.20654144
-0.31287908 -1.09376203
0.53482074 -0.31287908
0.50568976 0.53482074
0.80243524 0.50568976
0.25024369 0.80243524
1.15305991 0.25024369
-0.78629290 1.15305991
0.48035883 -0.78629290
0.44106968 0.48035883
0.87174820 0.44106968
0.06839801 0.87174820
1.25497486 0.06839801
-1.18442724 1.25497486
-0.58752260 -1.18442724
0.16141591 -0.58752260
0.78726609 0.16141591
0.18072172 0.78726609
1.19045535 0.18072172
-0.92984100 1.19045535
0.14669060 -0.92984100
0.69092232 0.14669060
0.37568407 0.69092232
1.00968276 0.37568407
-0.31453777 1.00968276
1.16439722 -0.31453777
-0.99251056 1.16439722
-0.02978894 -0.99251056
0.70100450 -0.02978894
0.30309309 0.70100450
1.08168976 0.30309309
-0.54714590 1.08168976
0.90539083 -0.54714590
-0.31176935 0.90539083
1.13553707 -0.31176935
-0.89875302 1.13553707
0.20980133 -0.89875302
0.66875085 0.20980133
0.43682161 0.66875085
0.93348689 0.43682161
-0.08891039 0.93348689
1.26897899 -0.08891039
-1.28110385 1.26897899
-0.91702420 -1.28110385
-0.56163790 -0.91702420
0.28328075 -0.56163790
0.71916145 0.28328075
0.36091376 0.71916145
1.03338620 0.36091376
-0.38676773 1.03338620
1.10059087 -0.38676773
-0.81185069 1.10059087
0.40743509 -0.81185069
0.52404009 0.40743509
0.73776530 0.52404009
0.39519534 0.73776530
1.00267849 0.39519534
-0.28895122 1.00267849
1.18391361 -0.28895122
-1.04899739 1.18391361
-0.18537965 -1.04899739
0.63718892 -0.18537965
0.37597249 0.63718892
0.99325923 0.37597249
-0.26839772 0.99325923
1.19712550 -0.26839772
-1.08687256 1.19712550
-0.29467111 -1.08687256
0.55237475 -0.29467111
0.48443366 0.55237475
0.83716606 0.48443366
0.16414429 0.83716606
1.21342913 0.16414429
-1.01213108 1.21342913
-0.07014430 -1.01213108
0.68947236 -0.07014430
0.31343571 0.68947236
1.06930299 0.31343571
-0.50674171 1.06930299
0.96128887 -0.50674171
-0.44572932 0.96128887
1.01024219 -0.44572932
-0.56254378 1.01024219
0.86003495 -0.56254378
-0.20428729 0.86003495
1.19958387 -0.20428729
-1.07588823 1.19958387
-0.26067451 -1.07588823
0.58210185 -0.26067451
0.44741806 0.58210185
0.89437447 0.44741806
0.01435746 0.89437447
1.26802375 0.01435746
-1.24673068 1.26802375
-0.79566522 -1.24673068
-0.26033561 -0.79566522
0.66641595 -0.26033561
0.30014500 0.66641595
1.07380295 0.30014500
-0.52423039 1.07380295
0.93739638 -0.52423039
-0.38746588 0.93739638
1.07103719 -0.38746588
-0.72220868 1.07103719
0.59109163 -0.72220868
0.29419235 0.59109163
1.05615870 0.29419235
-0.47340197 1.05615870
1.00309442 -0.47340197
-0.55069836 1.00309442
0.87635217 -0.55069836
-0.24039988 0.87635217
1.18199671 -0.24039988
-1.02808267 1.18199671
-0.12513656 -1.02808267
0.66965237 -0.12513656
0.33465101 0.66965237
1.04410790 0.33465101
-0.42583052 1.04410790
1.05936809 -0.42583052
-0.69891419 1.05936809
0.63393696 -0.69891419
0.22769925 0.63393696
1.11759536 0.22769925
-0.68031736 1.11759536
0.68731421 -0.68031736
0.13454364 0.68731421
1.18085148 0.13454364
-0.91181120 1.18085148
0.19029592 -0.91181120
0.67575909 0.19029592
0.41777829 0.67575909
0.95837355 0.41777829
-0.16053832 0.95837355
1.25143049 -0.16053832
-1.24067108 1.25143049
-0.77954147 -1.24067108
-0.22296018 -0.77954147
0.69654182 -0.22296018
0.25387324 0.69654182
1.11873028 0.25387324
-0.67601844 1.11873028
0.69581778 -0.67601844
0.11936713 0.69581778
1.18879742 0.11936713
-0.94272488 1.18879742
0.11241693 -0.94272488
0.69948994 0.11241693
0.34872443 0.69948994
1.03959476 0.34872443
-0.40844284 1.03959476
1.07832265 -0.40844284
-0.75042449 1.07832265
0.53510512 -0.75042449
0.37400017 0.53510512
0.96470496 0.37400017
-0.19071787 0.96470496
1.23848886 -0.19071787
-1.20461188 1.23848886
-0.65997902 -1.20461188
0.02881521 -0.65997902
0.80084385 0.02881521
0.11075334 0.80084385
1.22308033 0.11075334
-1.06106970 1.22308033
-0.20929237 -1.06106970
0.62035448 -0.20929237
0.39843674 0.62035448
0.96385377 0.39843674
-0.18108871 0.96385377
1.24324576 -0.18108871
-1.21825065 1.24324576
-0.70481478 -1.21825065
-0.06094463 -0.70481478
0.78335562 -0.06094463
0.12261218 0.78335562
1.21395944 0.12261218
-1.02639288 1.21395944
-0.11068745 -1.02639288
0.67492974 -0.11068745
0.32905155 0.67492974
1.05089403 0.32905155
-0.44741411 1.05089403
1.03501707 -0.44741411
-0.63398870 1.03501707
0.74778678 -0.63398870
0.02694430 0.74778678
1.22331964 0.02694430
-1.08703203 1.22331964
-0.28729818 -1.08703203
0.55833405 -0.28729818
0.47737887 0.55833405
0.84845339 0.47737887
0.13539123 0.84845339
1.22887292 0.13539123
-1.07356274 1.22887292
-0.24488985 -1.07356274
0.59397172 -0.24488985
0.43260967 0.59397172
0.91617994 0.43260967
-0.04535705 0.91617994
1.27197381 -0.04535705
-1.27869145 1.27197381
-0.90748042 -1.27869145
-0.53653644 -0.90748042
0.32473598 -0.53653644
0.69140423 0.32473598
0.42816507 0.69140423
0.95076581 0.42816507
-0.13708837 0.95076581
1.25891924 -0.13708837
-1.25995521 1.25891924
-0.84480621 -1.25995521
-0.37716312 -0.84480621
0.54740531 -0.37716312
0.46733746 0.54740531
0.85845558 0.46733746
0.10847687 0.85845558
1.24106255 0.10847687
-1.12378769 1.24106255
-0.39573951 -1.12378769
0.44361003 -0.39573951
0.60577234 0.44361003
0.61933883 0.60577234
0.64471889 0.61933883
0.60387422 0.64471889
0.68288596 0.60387422
0.52829574 0.68288596
0.81413084 0.52829574
0.23055608 0.81413084
1.16982070 0.23055608
-0.84670584 1.16982070
0.34727113 -0.84670584
0.57715212 0.34727113
0.63783495 0.57715212
0.60357885 0.63783495
0.68132009 0.60357885
0.53119776 0.68132009
0.80935654 0.53119776
0.24227812 0.80935654
1.16062880 0.24227812
-0.81319945 1.16062880
0.42237796 -0.81319945
0.50627577 0.42237796
0.76787217 0.50627577
0.32640400 0.76787217
1.08120625 0.32640400
-0.53868854 1.08120625
0.91810240 -0.53868854
-0.34168338 0.91810240
1.11198417 -0.34168338
-0.83361734 1.11198417
0.36071024 -0.83361734
0.56775817 0.36071024
0.65692399 0.56775817
0.56615867 0.65692399
0.74832730 0.56615867
0.38585636 0.74832730
1.01605900 0.38585636
-0.32956935 1.01605900
1.15275536 -0.32956935
-0.95925370 1.15275536
0.05759188 -0.95925370
0.70758034 0.05759188
0.31633966 0.70758034
1.07217501 0.31633966
-0.51448104 1.07217501
0.95108546 -0.51448104
-0.42073328 0.95108546
1.03750254 -0.42073328
-0.63319613 1.03750254
0.74993849 -0.63319613
0.02267032 0.74993849
1.22426203 0.02267032
-1.09154342 1.22426203
-0.30077524 -1.09154342
0.54588493 -0.30077524
0.49258093 0.54588493
0.82407512 0.49258093
0.19703456 0.82407512
1.19287087 0.19703456
-0.93300692 1.19287087
0.13915859 -0.93300692
0.69298677 0.13915859
0.36942465 0.69298677
1.01683162 0.36942465
-0.33669778 1.01683162
1.14633794 -0.33669778
-0.94073626 1.14633794
0.10492278 -0.94073626
0.70236682 0.10492278
0.34083003 0.70236682
1.04807889 0.34083003
-0.43560809 1.04807889
1.04876749 -0.43560809
-0.67056098 1.04876749
0.68511741 -0.67056098
0.14169149 0.68511741
1.17742815 0.14169149
-0.89836443 1.17742815
0.22334633 -0.89836443
0.66065365 0.22334633
0.45595535 0.66065365
0.90714270 0.45595535
-0.01528441 0.90714270
1.27181575 -0.01528441
-1.26910675 1.27181575
-0.87333999 -1.26910675
-0.44854385 -0.87333999
0.45632979 -0.44854385
0.57390522 0.45632979
0.67578486 0.57390522
0.53281232 0.67578486
0.80529089 0.53281232
0.25195290 0.80529089
1.15271490 0.25195290
-0.78466642 1.15271490
0.48383252 -0.78466642
0.43686860 0.48383252
0.87795392 0.43686860
0.05193627 0.87795392
1.25960985 0.05193627
-1.20568288 1.25960985
-0.65725673 -1.20568288
0.03351416 -0.65725673
0.80125050 0.03351416
0.11125093 0.80125050
1.22304767 0.11125093
-1.06080857 1.22304767
-0.20852645 -1.06080857
0.62088083 -0.20852645
0.39775185 0.62088083
0.96477510 0.39775185
-0.18378185 0.96477510
1.24214646 -0.18378185
-1.21523350 1.24214646
-0.69486552 -1.21523350
-0.04054337 -0.69486552
0.78923907 -0.04054337
0.11577935 0.78923907
1.21800492 0.11577935
-1.04221658 1.21800492
-0.15530009 -1.04221658
0.65356966 -0.15530009
0.35539535 0.65356966
1.01924270 0.35539535
-0.34777934 1.01924270
1.13644215 -0.34777934
-0.91243487 1.13644215
0.17538030 -0.91243487
0.68320799 0.17538030
0.39913167 0.68320799
0.98193387 0.39913167
-0.23013228 0.98193387
1.22043495 -0.23013228
-1.15428574 1.22043495
-0.49919530 -1.15428574
0.30483995 -0.49919530
0.72014305 0.30483995
0.36540356 0.72014305
1.02911525 0.36540356
-0.37308841 1.02911525
1.11386163 -0.37308841
-0.84888934 1.11386163
0.32530014 -0.84888934
0.59718495 0.32530014
0.59830823 0.59718495
0.67799364 0.59830823
0.53594694 0.67799364
0.80126333 0.53594694
0.26195199 0.80126333
1.14431261 0.26195199
-0.75464630 1.14431261
0.54600633 -0.75464630
0.35623403 0.54600633
0.98613814 0.35623403
-0.25458558 0.98613814
1.20510210 -0.25458558
-1.10955516 1.20510210
-0.36202708 -1.10955516
0.48364440 -0.36202708
0.56391520 0.48364440
0.69989282 0.56391520
0.48338461 0.69989282
0.88284290 0.48338461
0.05383917 0.88284290
1.26079475 0.05383917
-1.20929301 1.26079475
-0.66910700 -1.20929301
0.01042625 -0.66910700
0.79911571 0.01042625
0.10910759 0.79911571
1.22306846 0.10910759
-1.06152277 1.22306846
-0.21064229 -1.06152277
0.61942493 -0.21064229
0.39964518 0.61942493
0.96222470 0.39964518
-0.17633337 0.96222470
1.24513657 -0.17633337
-1.22341112 1.24513657
-0.72188769 -1.22341112
-0.09659391 -0.72188769
0.77037115 -0.09659391
0.14016143 0.77037115
1.20360803 0.14016143
-0.98609278 1.20360803
-0.00024815 -0.98609278
0.70417208 -0.00024815
0.30572391 0.70417208
1.08039767 0.30572391
-0.54244561 1.08039767
0.91217317 -0.54244561
-0.32761753 0.91217317
1.12338540 -0.32761753
-0.86507793 1.12338540
0.28931186 -0.86507793
0.62329473 0.28931186
0.54289872 0.62329473
0.77435380 0.54289872
0.32339629 0.77435380
1.08588691 0.32339629
-0.55379165 1.08588691
0.89640680 -0.55379165
-0.29110072 0.89640680
1.15028656 -0.29110072
-0.93975307 1.15028656
0.10869582 -0.93975307
0.70153339 0.10869582
0.34360001 0.70153339
1.04517466 0.34360001
-0.42626609 1.04517466
1.05916850 -0.42626609
-0.69845291 1.05916850
0.63477950 -0.69845291
0.22634111 0.63477950
1.11871143 0.22634111
-0.68421903 1.11871143
0.68019547 -0.68421903
0.14700207 0.68019547
1.17380519 0.14700207
-0.88484545 1.17380519
0.25600950 -0.88484545
0.64278915 0.25600950
0.49835380 0.64278915
0.84513764 0.49835380
0.14954546 0.84513764
1.22223191 0.14954546
-1.04652754 1.22223191
-0.16663827 -1.04652754
0.64716610 -0.16663827
0.36365497 0.64716610
1.00900692 0.36365497
-0.31623645 1.00900692
1.16269438 -0.31623645
-0.98747246 1.16269438
-0.01633428 -0.98747246
0.70338473 -0.01633428
0.30244960 0.70338473
1.08294935 0.30244960
-0.55115613 1.08294935
0.89960249 -0.55115613
-0.29834534 0.89960249
1.14526683 -0.29834534
-0.92579416 1.14526683
0.14364730 -0.92579416
0.69337339 0.14364730
0.37002087 0.69337339
1.01633039 0.37002087
-0.33509219 1.01633039
1.14769763 -0.33509219
-0.94462145 1.14769763
0.09507574 -0.94462145
0.70395841 0.09507574
0.33474230 0.70395841
1.05431415 0.33474230
-0.45578698 1.05431415
1.02545577 -0.45578698
-0.60891944 1.02545577
0.78854070 -0.60891944
-0.05319083 0.78854070
1.23260124 -0.05319083
-1.14298539 1.23260124
-0.45920147 -1.14298539
0.36189200 -0.45920147
0.67888741 0.36189200
0.46332424 0.67888741
0.90312913 0.46332424
-0.00290184 0.90312913
1.27092695 -0.00290184
-1.26222799 1.27092695
-0.84922921 -1.26222799
-0.38833475 -0.84922921
0.53410581 -0.38833475
0.48412295 0.53410581
0.83210670 0.48412295
0.17587471 0.83210670
1.20632733 0.17587471
-0.98455346 1.20632733
0.00481447 -0.98455346
0.70460151 0.00481447
0.30639574 0.70460151
1.07995077 0.30639574
-0.54089240 1.07995077
0.91439481 -0.54089240
-0.33283272 0.91439481
1.11922977 -0.33283272
-0.85359521 1.11922977
0.31569424 -0.85359521
0.60439344 0.31569424
0.58330026 0.60439344
0.70498316 0.58330026
0.47918832 0.70498316
0.89002492 0.47918832
0.03475440 0.89002492
1.26531646 0.03475440
-1.23100973 1.26531646
-0.74194398 -1.23100973
-0.13997614 -0.74194398
0.74998616 -0.13997614
0.17053623 0.74998616
1.18428020 0.17053623
-0.91236656 1.18428020
0.18990622 -0.91236656
0.67579991 0.18990622
0.41758414 0.67579991
0.95861285 0.41758414
-0.16123880 0.95861285
1.25118673 -0.16123880
-1.24002715 1.25118673
-0.77737825 -1.24002715
-0.21805187 -0.77737825
0.70022126 -0.21805187
0.24815070 0.70022126
1.12385610 0.24815070
-0.69382834 1.12385610
0.66319996 -0.69382834
0.17608363 0.66319996
1.15555237 0.17608363
-0.81659669 1.15555237
0.41310350 -0.81659669
0.51610469 0.41310350
0.75102137 0.51610469
0.36518507 0.75102137
1.03860223 0.36518507
-0.40061690 1.03860223
1.08688921 -0.40061690
-0.77404449 1.08688921
0.48726395 -0.77404449
0.43539004 0.48726395
0.88078891 0.43539004
0.04451227 0.88078891
1.26146279 0.04451227
-1.21445005 1.26146279
-0.68640566 -1.21445005
-0.02394884 -0.68640566
0.79327534 -0.02394884
0.11181529 0.79327534
1.22047888 0.11181529
-1.05185159 1.22047888
-0.18280481 -1.05185159
0.63765989 -0.18280481
0.37590437 0.63765989
0.99347223 0.37590437
-0.26901058 0.99347223
1.19672830 -0.26901058
-1.08572524 1.19672830
-0.29130053 -1.08572524
0.55548403 -0.29130053
0.48062233 0.55548403
0.84324825 0.48062233
0.14869203 0.84324825
1.22202143 0.14869203
-1.04606330 1.22202143
-0.16534138 -1.04606330
0.64790813 -0.16534138
0.36269867 0.64790813
1.01020199 0.36269867
-0.31990168 1.01020199
1.15978868 -0.31990168
-0.97912419 1.15978868
0.00577875 -0.97912419
0.70621599 0.00577875
0.30349619 0.70621599
1.08291089 0.30349619
-0.55072553 1.08291089
0.90025522 -0.55072553
-0.29986090 0.90025522
1.14419339 -0.29986090
-0.92280817 1.14419339
0.15105312 -0.92280817
0.69121368 0.15105312
0.37642903 0.69121368
1.00898576 0.37642903
-0.31234446 1.00898576
1.16611304 -0.31234446
-0.99745082 1.16611304
-0.04303747 -0.99745082
0.69817164 -0.04303747
0.30466766 0.69817164
1.07950016 0.30466766
-0.54004852 1.07950016
0.91553668 -0.54004852
-0.33550493 0.91553668
1.11707202 -0.33550493
-0.84764134 1.11707202
0.32922744 -0.84764134
0.59396061 0.32922744
0.60486334 0.59396061
0.66598466 0.60486334
0.56050921 0.66598466
0.75995659 0.56050921
0.35960514 0.75995659
1.04694477 0.35960514
-0.42664916 1.04694477
1.05924213 -0.42664916
-0.69878619 1.05924213
0.63414965 -0.69878619
0.22736005 0.63414965
1.11787526 0.22736005
-0.68129513 1.11787526
0.68553430 -0.68129513
0.13767127 0.68553430
1.17912556 0.13767127
-0.90517053 1.17912556
0.20667050 -0.90517053
0.66865107 0.20667050
0.43606920 0.66865107
0.93437644 0.43606920
-0.09146230 0.93437644
1.26860144 -0.09146230
-1.28052814 1.26860144
-0.91507282 -1.28052814
-0.55646001 -0.91507282
0.29197131 -0.55646001
0.71371585 0.29197131
0.37444494 0.71371585
1.01782213 0.37444494
-0.33801317 1.01782213
1.14539257 -0.33801317
-0.93809776 1.14539257
0.11157940 -0.93809776
0.70114072 0.11157940
0.34523618 0.70114072
1.04347899 0.34523618
-0.42081690 1.04347899
1.06512209 -0.42081690
-0.71452415 1.06512209
0.60477396 -0.71452415
0.27359059 0.60477396
1.07663965 0.27359059
-0.54073694 1.07663965
0.91363689 -0.54073694
-0.33084638 0.91363689
1.12084800 -0.33084638
-0.85807427 1.12084800
0.30544638 -0.85807427
0.61196123 0.30544638
0.56733874 0.61196123
0.73296582 0.56733874
0.41806717 0.73296582
0.97519753 0.41806717
-0.20599416 0.97519753
1.23315223 -0.20599416
-1.19072843 1.23315223
-0.61502219 -1.19072843
0.11322826 -0.61502219
0.79754445 0.11322826
0.14346047 0.79754445
1.21045006 0.14346047
-1.00822696 1.21045006
-0.05999522 -1.00822696
0.69249272 -0.05999522
0.31063681 0.69249272
1.07265450 0.31063681
-0.51763170 1.07265450
0.94667675 -0.51763170
-0.40996512 0.94667675
1.04870307 -0.40996512
-0.66267890 1.04870307
0.69981026 -0.66267890
0.11556817 0.69981026
1.19124467 0.11556817
-0.95201897 1.19124467
0.08849724 -0.95201897
0.70342984 0.08849724
0.33381021 0.70342984
1.05502799 0.33381021
-0.45817463 1.05502799
1.02261481 -0.45817463
-0.60148985 1.02261481
0.80027839 -0.60148985
-0.07707065 0.80027839
1.23176768 -0.07707065
-1.14727345 1.23176768
-0.47320061 -1.14727345
0.34233162 -0.47320061
0.69397250 0.34233162
0.42846252 0.69397250
0.95117957 0.42846252
-0.13810086 0.95117957
1.25865329 -0.13810086
-1.25932159 1.25865329
-0.84265123 -1.25932159
-0.37188201 -0.84265123
0.55358991 -0.37188201
0.45938889 0.55358991
0.87062356 0.45938889
0.07663712 0.87062356
1.25296452 0.07663712
-1.17489699 1.25296452
-0.55664676 -1.17489699
0.21373305 -0.55664676
0.76905143 0.21373305
0.23610377 0.76905143
1.15267244 0.23610377
-0.78928414 1.15267244
0.47364451 -0.78928414
0.44913999 0.47364451
0.85967593 0.44913999
0.10008221 0.85967593
1.24387975 0.10008221
-1.13610690 1.24387975
-0.43387052 -1.13610690
0.39562685 -0.43387052
0.65071000 0.39562685
0.52589515 0.65071000
0.80802101 0.52589515
0.24371142 0.80802101
1.15925294 0.24371142
-0.80830092 1.15925294
0.43308535 -0.80830092
0.49492163 0.43308535
0.78699922 0.49492163
0.28136161 0.78699922
1.12526967 0.28136161
-0.68831608 1.12526967
0.67429027 -0.68831608
0.15697086 0.67429027
1.16779129 0.15697086
-0.86213984 1.16779129
0.30973823 -0.86213984
0.60704517 0.30973823
0.57701610 0.60704517
0.71598694 0.57701610
0.45541262 0.71598694
0.92443516 0.45541262
-0.05978873 0.92443516
1.27232598 -0.05978873
-1.28427538 1.27232598
-0.92741074 -1.28427538
-0.58940958 -0.92741074
0.23541167 -0.58940958
0.74559101 0.23541167
0.29235516 0.74559101
1.10401715 0.29235516
-0.61868886 1.10401715
0.79531888 -0.61868886
-0.07115162 0.79531888
1.23150809 -0.07115162
-1.14460253 1.23150809
-0.46470850 -1.14460253
0.35428366 -0.46470850
0.68486378 0.35428366
0.44963134 0.68486378
0.92242345 0.44963134
-0.05632163 0.92242345
1.27228606 -0.05632163
-1.28309303 1.27228606
-0.92317300 -1.28309303
-0.57807565 -0.92317300
0.25520807 -0.57807565
0.73539369 0.25520807
0.31943700 0.73539369
1.07776211 0.31943700
-0.53036854 1.07776211
0.92952153 -0.53036854
-0.36872495 0.92952153
1.08851513 -0.36872495
-0.76942876 1.08851513
0.49772568 -0.76942876
0.42234818 0.49772568
0.89958853 0.42234818
-0.00625887 0.89958853
1.26982172 -0.00625887
-1.25930373 1.26982172
-0.83923771 -1.25930373
-0.36383903 -0.83923771
0.56289831 -0.36383903
0.44725198 0.56289831
0.88882143 0.44725198
0.02817064 0.88882143
1.26553541 0.02817064
-1.23376063 1.26553541
-0.75137079 -1.23376063
-0.16050948 -0.75137079
0.73852015 -0.16050948
0.18827034 0.73852015
1.17193204 0.18827034
-0.86631348 1.17193204
0.30088094 -0.86631348
0.61336488 0.30088094
0.56356122 0.61336488
0.73936772 0.56356122
0.40373790 0.73936772
0.99360431 0.40373790
-0.26102796 0.99360431
1.20269146 -0.26102796
-1.10336184 1.20269146
-0.34356284 -1.10336184
0.50374185 -0.34356284
0.54167295 0.50374185
0.74034913 0.54167295
0.39513832 0.74034913
1.00351673 0.39513832
-0.29132267 1.00351673
1.18223856 -0.29132267
-1.04416002 1.18223856
-0.17170665 -1.04416002
0.64547555 -0.17170665
0.36519385 0.64547555
1.00692950 0.36519385
-0.30991167 1.00692950
1.16761551 -0.30991167
-1.00162987 1.16761551
-0.05428270 -1.00162987
0.69538578 -0.05428270
0.30672925 0.69538578
1.07689977 0.30672925
-0.53157959 1.07689977
0.92746233 -0.53157959
-0.36373479 0.92746233
1.09301450 -0.36373479
-0.78167342 1.09301450
0.47248568 -0.78167342
0.45295817 0.47248568
0.85450616 0.45295817
0.11363438 0.85450616
1.23827397 0.11363438
-1.11256107 1.23827397
-0.36142680 -1.11256107
0.48335061 -0.36142680
0.56449302 0.48335061
0.69889187 0.56449302
0.48551813 0.69889187
0.87964857 0.48551813
0.06236120 0.87964857
1.25845008 0.06236120
-1.19846690 1.25845008
-0.63331704 -1.19846690
0.07893327 -0.63331704
0.80128224 0.07893327
0.12480545 0.80128224
1.21857771 0.12480545
-1.04146266 1.21857771
-0.15292893 -1.04146266
0.65481904 -0.15292893
0.35381815 0.65481904
1.02118351 0.35381815
-0.35379663 1.02118351
1.13111418 -0.35379663
-0.89732598 1.13111418
0.21206276 -0.89732598
0.66784334 0.21206276
0.43919821 0.66784334
0.93029991 0.43919821
-0.07988164 0.93029991
1.27015647 -0.07988164
-1.28258092 1.27015647
-0.92197242 -1.28258092
-0.57482067 -0.92197242
0.26082195 -0.57482067
0.73231447 0.26082195
0.32744831 0.73231447
1.06958299 0.32744831
-0.50337639 1.06958299
0.96613199 -0.50337639
-0.45778836 0.96613199
0.99644134 -0.45778836
-0.52739000 0.99644134
0.90953611 -0.52739000
-0.31637530 0.90953611
1.13273017 -0.31637530
-0.89122127 1.13273017
0.22783355 -0.89122127
0.65996224 0.22783355
0.45857984 0.65996224
0.90357502 0.45857984
-0.00545298 0.90357502
1.27103088 -0.00545298
-1.26336318 1.27103088
-0.85321186 -1.26336318
-0.39816762 -0.85321186
0.52208401 -0.39816762
0.49894931 0.52208401
0.80809462 0.49894931
0.23546111 0.80809462
1.16480968 0.23546111
-0.82885589 1.16480968
0.38763998 -0.82885589
0.54097258 0.38763998
0.70658013 0.54097258
0.46333410 0.70658013
0.91142416 0.46333410
-0.02397137 0.91142416
1.27262277 -0.02397137
-1.27458761 1.27262277
-0.89261619 -1.27458761
-0.49784541 -0.89261619
0.38522507 -0.49784541
0.64288868 0.38522507
0.53693932 0.64288868
0.78924124 0.53693932
0.28901938 0.78924124
1.11982729 0.28901938
-0.66891261 1.11982729
0.70952647 -0.66891261
0.09452728 0.70952647
1.20034837 0.09452728
-0.98881252 1.20034837
-0.00874576 -0.98881252
0.70324916 -0.00874576
0.30499314 0.70324916
1.08074561 0.30499314
-0.54371756 1.08074561
0.91034338 -0.54371756
-0.32333037 0.91034338
1.12674348 -0.32333037
-0.87437032 1.12674348
0.26769021 -0.87437032
0.63736764 0.26769021
0.51157456 0.63736764
0.82481835 0.51157456
0.20101692 0.82481835
1.19087458 0.20101692
-0.92515010 1.19087458
0.15899858 -0.92515010
0.68706220 0.15899858
0.38682332 0.68706220
0.99663347 0.38682332
-0.27454259 0.99663347
1.19346695 -0.27454259
-1.07647149 1.19346695
-0.26426713 -1.07647149
0.57928659 -0.26426713
0.45091773 0.57928659
0.88912846 0.45091773
0.02850614 0.88912846
1.26560090 0.02850614
-1.23389204 1.26560090
-0.75180513 -1.23389204
-0.16146295 -0.75180513
0.73796007 -0.16146295
0.18914203 0.73796007
1.17130343 0.18914203
-0.86398979 1.17130343
0.30632132 -0.86398979
0.60943721 0.30632132
0.57191719 0.60943721
0.72490618 0.57191719
0.43589061 0.72490618
0.95147098 0.43589061
-0.13664866 0.95147098
1.25929930 -0.13664866
-1.26116320 1.25929930
-0.84895588 -1.26116320
-0.38736549 -0.84895588
0.53524041 -0.38736549
0.48271514 0.53524041
0.83435265 0.48271514
0.17021247 0.83435265
1.20974460 0.17021247
-0.99781104 1.20974460
-0.03095424 -0.99781104
0.69931526 -0.03095424
0.30605517 0.69931526
1.07865691 0.30605517
-0.53708446 1.07865691
0.91975347 -0.53708446
-0.34545036 0.91975347
1.10885571 -0.34545036
-0.82502047 1.10885571
0.37973442 -0.82502047
0.55061634 0.37973442
0.68947063 0.55061634
0.49966726 0.68947063
0.85730687 0.49966726
0.12093507 0.85730687
1.23671665 0.12093507
-1.10497480 1.23671665
-0.33834202 -1.10497480
0.50824211 -0.33834202
0.53686334 0.50824211
0.74896149 0.53686334
0.37573836 0.74896149
1.02703741 0.37573836
-0.36400667 1.02703741
1.12261003 -0.36400667
-0.87355658 1.12261003
0.26844146 -0.87355658
0.63704788 0.26844146
0.51237044 0.63704788
0.82358151 0.51237044
0.20411003 0.82358151
1.18874919 0.20411003
-0.91714147 1.18874919
0.17901688 -0.91714147
0.67999170 0.17901688
0.40636087 0.67999170
0.97281668 0.40636087
-0.20301296 0.97281668
1.23414504 -0.20301296
-1.19326345 1.23414504
-0.62318523 -1.19326345
0.09831721 -0.62318523
0.79951165 0.09831721
0.13458873 0.79951165
1.21449372 0.13458873
-1.02461636 1.21449372
-0.10542605 -1.02461636
0.67705458 -0.10542605
0.32660812 0.67705458
1.05377436 0.32660812
-0.45663413 1.05377436
1.02421169 -0.45663413
-0.60560366 1.02421169
0.79380539 -0.60560366
-0.06385890 0.79380539
1.23243247 -0.06385890
-1.14560340 1.23243247
-0.46764026 -1.14560340
0.35015661 -0.46764026
0.68805441 0.35015661
0.44226055 0.68805441
0.93258417 0.44226055
-0.08492036 0.93258417
1.26967920 -0.08492036
-1.28239547 1.26967920
-0.92144965 -1.28239547
-0.57341589 -0.92144965
0.26323700 -0.57341589
0.73096402 0.26323700
0.33093933 0.73096402
1.06596003 0.33093933
-0.49149729 1.06596003
0.98159059 -0.49149729
-0.49637730 0.98159059
0.94953059 -0.49637730
-0.41116486 0.94953059
1.04818002 -0.41116486
-0.66150335 1.04818002
0.70183264 -0.66150335
0.11195231 0.70183264
1.19300315 0.11195231
-0.95897342 1.19300315
0.07041893 -0.95897342
0.70536562 0.07041893
0.32456876 0.70536562
1.06412686 0.32456876
-0.48794173 1.06412686
0.98591608 -0.48794173
-0.50722523 0.98591608
0.93558642 -0.50722523
-0.37761829 0.93558642
1.08104212 -0.37761829
-0.74939839 1.08104212
0.53807551 -0.74939839
0.36984512 0.53807551
0.96992307 0.36984512
-0.20609754 0.96992307
1.23151025 -0.20609754
-1.18509375 1.23151025
-0.59677299 -1.18509375
0.14587867 -0.59677299
0.79117528 0.14587867
0.16742194 0.79117528
1.19811044 0.16742194
-0.95942948 1.19811044
0.07072624 -0.95942948
0.70516808 0.07072624
0.32505105 0.70516808
1.06362896 0.32505105
-0.48631389 1.06362896
0.98798702 -0.48631389
-0.51245985 0.98798702
0.92873497 -0.51245985
-0.36130606 0.92873497
1.09586159 -0.36130606
-0.78966950 1.09586159
0.45574940 -0.78966950
0.47230863 0.45574940
0.82441920 0.47230863
0.19015877 0.82441920
1.19670126 0.19015877
-0.94788382 1.19670126
0.10113314 -0.94788382
0.70131578 0.10113314
0.34175860 0.70131578
1.04687622 0.34175860
-0.43180217 1.04687622
1.05302851 -0.43180217
-0.68195731 1.05302851
0.66481646 -0.68195731
0.17663950 0.66481646
1.15576282 0.17663950
-0.81711093 1.15576282
0.41199048 -0.81711093
0.51723611 0.41199048
0.74905067 0.51723611
0.36966316 0.74905067
1.03340401 0.36966316
-0.38419444 1.03340401
1.10337369 -0.38419444
-0.81966524 1.10337369
0.39042057 -0.81966524
0.54070092 0.39042057
0.70782569 0.54070092
0.46078619 0.70782569
0.91509423 0.46078619
-0.03412057 0.91509423
1.27289837 -0.03412057
-1.27861454 1.27289837
-0.90692768 -1.27861454
-0.53510930 -0.90692768
0.32704295 -0.53510930
0.68972728 0.32704295
0.43209967 0.68972728
0.94552401 0.43209967
-0.12199201 0.94552401
1.26282233 -0.12199201
-1.26920594 1.26282233
-0.87639051 -1.26920594
-0.45604623 -0.87639051
0.44591341 -0.45604623
0.58481185 0.44591341
0.65496717 0.58481185
0.57486876 0.65496717
0.73382642 0.57486876
0.41855894 0.73382642
0.97487971 0.41855894
-0.20497893 0.97487971
1.23364100 -0.20497893
-1.19211185 1.23364100
-0.61949064 -1.19211185
0.10509034 -0.61949064
0.79869124 0.10509034
0.13845633 0.79869124
1.21276916 0.13845633
-1.01759574 1.21276916
-0.08587077 -1.01759574
0.68439798 -0.08587077
0.31847795 0.68439798
1.06331991 0.31847795
-0.48736554 1.06331991
0.98646074 -0.48736554
-0.50855636 0.98646074
0.93385682 -0.50855636
-0.37349089 0.93385682
1.08486342 -0.37349089
-0.75974737 1.08486342
0.51735653 -0.75974737
0.39735490 0.51735653
0.93415967 0.39735490
-0.10250954 0.93415967
1.26553641 -0.10250954
-1.27296824 1.26553641
-0.88896648 -1.27296824
-0.48825644 -0.88896648
0.39955797 -0.48825644
0.63001787 0.39955797
0.56417587 0.63001787
0.74339318 0.56417587
0.39556597 0.74339318
1.00395654 0.39556597
-0.29243044 1.00395654
1.18146517 -0.29243044
-1.04193307 1.18146517
-0.16543478 -1.04193307
0.64910394 -0.16543478
0.36049926 0.64910394
1.01278758 0.36049926
-0.32788437 1.01278758
1.15332485 -0.32788437
-0.96058680 1.15332485
0.05417965 -0.96058680
0.70771435 0.05417965
0.31505045 0.70771435
1.07335481 0.31505045
-0.51841162 1.07335481
0.94575559 -0.51841162
-0.40775858 0.94575559
1.05095279 -0.40775858
-0.66863006 1.05095279
0.68939323 -0.66863006
0.13404275 0.68939323
1.18166352 0.13404275
-0.91464733 1.18166352
0.18328742 -0.91464733
0.67857381 0.18328742
0.41033884 0.67857381
0.96784299 0.41033884
-0.18830643 0.96784299
1.24070986 -0.18830643
-1.21159728 1.24070986
-0.68294219 -1.21159728
-0.01645324 -0.68294219
0.79473835 -0.01645324
0.11081137 0.79473835
1.22123068 0.11081137
-1.05472272 1.22123068
-0.19104682 -1.05472272
0.63248474 -0.19104682
0.38263422 0.63248474
0.98477289 0.38263422
-0.24289844 0.98477289
1.21283235 -0.24289844
-1.13221677 1.21283235
-0.43083105 -1.13221677
0.40047342 -0.43083105
0.64622014 0.40047342
0.53550136 0.64622014
0.79239965 0.53550136
0.28159431 0.79239965
1.12670639 0.28159431
-0.69277592 1.12670639
0.66609805 -0.69277592
0.17100597 0.66609805
1.15888915 0.17100597
-0.82893190 1.15888915
0.38568741 -0.82893190
0.54306374 0.38568741
0.70282070 0.54306374
0.47137941 0.70282070
0.89976824 0.47137941
0.00799779 0.89976824
1.26984092 0.00799779
-1.25509501 1.26984092
-0.82441660 -1.25509501
-0.32805632 -0.82441660
0.60200569 -0.32805632
0.39420791 0.60200569
0.96304187 0.39420791
-0.18016714 0.96304187
1.24346828 -0.18016714
-1.21874887 1.24346828
-0.70644784 -1.21874887
-0.06432063 -0.70644784
0.78227365 -0.06432063
0.12397093 0.78227365
1.21316579 0.12397093
-1.02328844 1.21316579
-0.10201719 -1.02328844
0.67844296 -0.10201719
0.32499606 0.67844296
1.05566148 0.32499606
-0.46269079 1.05566148
1.01698256 -0.46269079
-0.58676219 1.01698256
0.82308896 -0.58676219
-0.12449427 0.82308896
1.22522834 -0.12449427
-1.13900655 1.22522834
-0.44870178 -1.13900655
0.37643143 -0.44870178
0.66700859 0.37643143
0.49006878 0.66700859
0.86386820 0.49006878
0.10224506 0.86386820
1.24452479 0.10224506
-1.13770520 1.24452479
-0.43876493 -1.13770520
0.38916791 -0.43876493
0.65633819 0.38916791
0.51365862 0.65633819
0.82751821 0.51365862
0.19539663 0.82751821
1.19480368 0.19539663
-0.93995918 1.19480368
0.12150854 -0.93995918
0.69734219 0.12150854
0.35565198 0.69734219
1.03211900 0.35565198
-0.38468188 1.03211900
1.10246349 -0.38468188
-0.81700061 1.10246349
0.39625305 -0.81700061
0.53507675 0.39625305
0.71804593 0.53507675
0.43869707 0.71804593
0.94597661 0.43869707
-0.12121132 0.94597661
1.26322393 -0.12121132
-1.27039195 1.26322393
-0.88048683 -1.27039195
-0.46647746 -0.88048683
0.43121224 -0.46647746
0.59973517 0.43121224
0.62580849 0.59973517
0.63162978 0.62580849
0.62920389 0.63162978
0.63523239 0.62920389
0.62383290 0.63523239
0.64573524 0.62383290
0.60338627 0.64573524
0.68401559 0.60338627
0.52598762 0.68401559
0.81787651 0.52598762
0.22130551 0.81787651
1.17679637 0.22130551
-0.87239793 1.17679637
0.28752951 -0.87239793
0.62253812 0.28752951
0.54368366 0.62253812
0.77293275 0.54368366
0.32671006 0.77293275
1.08244458 0.32671006
-0.54234775 1.08244458
0.91293586 -0.54234775
-0.32953696 0.91293586
1.12184831 -0.32953696
-0.86082217 1.12184831
0.29913376 -0.86082217
0.61647994 0.29913376
0.55767361 0.61647994
0.74954418 0.55767361
0.38075901 0.74954418
1.02189486 0.38075901
-0.34774904 1.02189486
1.13726731 -0.34774904
-0.91505241 1.13726731
0.16893091 -0.91505241
0.68553156 0.16893091
0.39274434 0.68553156
0.98971210 0.39274434
-0.25351876 0.98971210
1.20693316 -0.25351876
-1.11541835 1.20693316
-0.37974138 -1.11541835
0.46348957 -0.37974138
0.58532597 0.46348957
0.65939778 0.58532597
0.56687018 0.65939778
0.74794081 0.56687018
0.38687941 0.74794081
1.01483630 0.38687941
-0.32578597 1.01483630
1.15585979 -0.32578597
-0.96815239 1.15585979
0.03451127 -0.96815239
0.70788684 0.03451127
0.30880808 0.70788684
1.07885865 0.30880808
-0.53686795 1.07885865
0.92013951 -0.53686795
-0.34637980 0.92013951
1.10807130 -0.34637980
-0.82286474 1.10807130
0.38447245 -0.82286474
0.54619389 0.38447245
0.69768286 0.54619389
0.48239224 0.69768286
0.88352167 0.48239224
0.05186290 0.88352167
1.26129084 0.05186290
-1.21163754 1.26129084
-0.67690448 -1.21163754
-0.00497080 -0.67690448
0.79689406 -0.00497080
0.10945255 0.79689406
1.22229641 0.10945255
-1.05877617 1.22229641
-0.20272084 -1.05877617
0.62483311 -0.20272084
0.39260076 0.62483311
0.97166043 0.39260076
-0.20399337 0.97166043
1.23323952 -0.20399337
-1.19042960 1.23323952
-0.61399984 -1.19042960
0.11507699 -0.61399984
0.79726025 0.11507699
0.14464964 0.79726025
1.20988515 0.14464964
-1.00595602 1.20988515
-0.05376097 -1.00595602
0.69416686 -0.05376097
0.30925704 0.69416686
1.07435418 0.30925704
-0.52315455 1.07435418
0.93913930 -0.52315455
-0.39172204 0.93913930
1.06691717 -0.39172204
-0.71115376 1.06691717
0.61203961 -0.71115376
0.26222439 0.61203961
1.08734560 0.26222439
-0.57658132 1.08734560
0.86077925 -0.57658132
-0.21029168 0.86077925
1.19632215 -0.21029168
-1.06674886 1.19632215
-0.23423773 -1.06674886
0.60316110 -0.23423773
0.42040404 0.60316110
0.93351295 0.42040404
-0.09390379 0.93351295
1.26770880 -0.09390379
-1.27809096 1.26770880
-0.90661047 -1.27809096
-0.53414685 -0.90661047
0.32857886 -0.53414685
0.68860625 0.32857886
0.43472365 0.68860625
0.94200336 0.43472365
-0.11190136 0.94200336
1.26507033 -0.11190136
-1.27413451 1.26507033
-0.89326516 -1.27413451
-0.49933207 -0.89326516
0.38295493 -0.49933207
0.64488411 0.38295493
0.53266075 0.64488411
0.79624677 0.53266075
0.27218575 0.79624677
1.13515492 0.27218575
-0.72235164 1.13515492
0.61003784 -0.72235164
0.26228988 0.61003784
1.08669697 0.26228988
-0.57458748 1.08669697
0.86379802 -0.57458748
-0.21698207 0.86379802
1.19322570 -0.21698207
-1.05839723 1.19322570
-0.21031885 -1.05839723
0.62055321 -0.21031885
0.39778355 0.62055321
0.96464151 0.39778355
-0.18341146 0.96464151
1.24229678 -0.18341146
-1.21564525 1.24229678
-0.69622168 -1.21564525
-0.04330806 -0.69622168
0.78850767 -0.04330806
0.11656549 0.78850767
1.21752978 0.11656549
-1.04036063 1.21752978
-0.15003139 -1.04036063
0.65637863 -0.15003139
0.35182452 0.65637863
1.02362090 0.35182452
-0.36137228 1.02362090
1.12426037 -0.36137228
-0.87795762 1.12426037
0.25814469 -0.87795762
0.64331856 0.25814469
0.49804113 0.64331856
0.84573261 0.49804113
0.14804324 0.84573261
1.22303626 0.14804324
-1.04973180 1.22303626
-0.17580073 -1.04973180
0.64181221 -0.17580073
0.37056771 0.64181221
1.00029506 0.37056771
-0.28965598 1.00029506
1.18262770 -0.28965598
-1.04494838 1.18262770
-0.17389566 -1.04494838
0.64417991 -0.17389566
0.36687645 0.64417991
1.00481631 0.36687645
-0.30345521 1.00481631
1.17252580 -0.30345521
-1.01578003 1.17252580
-0.09277494 -1.01578003
0.68321593 -0.09277494
0.31866991 0.68321593
1.06279406 0.31866991
-0.48574272 1.06279406
0.98851383 -0.48574272
-0.51374626 0.98851383
0.92704485 -0.51374626
-0.35730089 0.92704485
1.09938396 -0.35730089
-0.79929340 1.09938396
0.43539727 -0.79929340
0.49481288 0.43539727
0.78784348 0.49481288
0.27946757 0.78784348
1.12701007 0.27946757
-0.69437211 1.12701007
0.66308934 -0.69437211
0.17612591 0.66308934
1.15549833 0.17612591
-0.81640918 1.15549833
0.41351597 -0.81640918
0.51568360 0.41351597
0.75175338 0.51568360
0.36351868 0.75175338
1.04052185 0.36351868
-0.40670440 1.04052185
1.08058470 -0.40670440
-0.75673993 1.08058470
0.52245796 -0.75673993
0.39083078 0.52245796
0.94288921 0.39083078
-0.12740686 0.94288921
1.26014125 -0.12740686
-1.26136043 1.26014125
-0.84939980 -1.26136043
-0.38848015 -0.84939980
0.53389650 -0.38848015
0.48439229 0.53389650
0.83167871 0.48439229
0.17695243 0.83167871
1.20566659 0.17695243
-0.98199896 1.20566659
0.01164925 -0.98199896
0.70521033 0.01164925
0.30724453 0.70521033
1.07940422 0.30724453
-0.53898549 1.07940422
0.91711376 -0.53898549
-0.33923235 0.91711376
1.11402410 -0.33923235
-0.83923929 1.11402410
0.34815560 -0.83923929
0.57853096 0.34815560
0.63586938 0.57853096
0.60749747 0.63586938
0.67408637 0.60749747
0.54609982 0.67408637
0.78471089 0.54609982
0.30175030 0.78471089
1.10793873 0.30175030
-0.62801443 1.10793873
0.78021865 -0.62801443
-0.04064192 0.78021865
1.23175312 -0.04064192
-1.13629463 1.23175312
-0.43810575 -1.13629463
0.39040030 -0.43810575
0.65519092 0.39040030
0.51613490 0.65519092
0.82360395 0.51613490
0.20518761 0.82360395
1.18813845 0.20518761
-0.91478588 1.18813845
0.18487506 -0.91478588
0.67771394 0.18487506
0.41244787 0.67771394
0.96515564 0.41244787
-0.18040121 0.96515564
1.24398426 -0.18040121
-1.22061592 1.24398426
-0.71266925 -1.22061592
-0.07724122 -0.71266925
0.77784654 -0.07724122
0.12976430 0.77784654
1.20977968 0.12976430
-1.01006432 1.20977968
-0.06538800 -1.01006432
0.69099488 -0.06538800
0.31192011 0.69099488
1.07108664 0.31192011
-0.51254121 1.07108664
0.95354811 -0.51254121
-0.42671795 0.95354811
1.03114093 -0.42671795
-0.61656767 1.03114093
0.77712432 -0.61656767
-0.03046139 0.77712432
1.23183824 -0.03046139
-1.13353405 1.23183824
-0.42930775 -1.13353405
0.40191258 -0.42930775
0.64506046 0.40191258
0.53802957 0.64506046
0.78825199 0.53802957
0.29153120 0.78825199
1.11748898 0.29153120
-0.66083490 1.11748898
0.72386282 -0.66083490
0.06818119 0.72386282
1.21065070 0.06818119
-1.03149082 1.21065070
-0.12636742 -1.03149082
0.66819654 -0.12636742
0.33700851 0.66819654
1.04145433 0.33700851
-0.41737542 1.04145433
1.06855316 -0.41737542
-0.72374083 1.06855316
0.58724484 -0.72374083
0.30007865 0.58724484
1.05010738 0.30007865
-0.45379211 1.05010738
1.02673402 -0.45379211
-0.61199348 1.02673402
0.78366977 -0.61199348
-0.04339168 0.78366977
1.23246496 -0.04339168
-1.13957533 1.23246496
-0.44834521 -1.13957533
0.37670861 -0.44834521
0.66682331 0.37670861
0.49049792 0.66682331
0.86322351 0.49049792
0.10393262 0.86322351
1.24384427 0.10393262
-1.13482819 1.24384427
-0.42981576 -1.13482819
0.40091332 -0.42981576
0.64603119 0.40091332
0.53597518 0.64603119
0.79163220 0.53597518
0.28343839 0.79163220
1.12501741 0.28343839
-0.68689833 1.12501741
0.67694417 -0.68689833
0.15237572 0.67694417
1.17057755 0.15237572
-0.87263980 1.17057755
0.28507295 -0.87263980
0.62443484 0.28507295
0.53963547 0.62443484
0.77964144 0.53963547
0.31091356 0.77964144
1.09855830 0.31091356
-0.59628840 1.09855830
0.83178369 -0.59628840
-0.14749628 0.83178369
1.21907790 -0.14749628
-1.12486016 1.21907790
-0.40571118 -1.12486016
0.43209977 -0.40571118
0.61689235 0.43209977
0.59685129 0.61689235
0.68634366 0.59685129
0.51956072 0.68634366
0.82798243 0.51956072
0.19609136 0.82798243
1.19456218 0.19609136
-0.93894292 1.19456218
0.12410933 -0.93894292
0.69675275 0.12410933
0.35758265 0.69675275
1.03001433 0.35758265
-0.37802653 1.03001433
1.10893861 -0.37802653
-0.83505075 1.10893861
0.35644792 -0.83505075
0.57160760 0.35644792
0.64950502 0.57160760
0.58088279 0.64950502
0.72245676 0.58088279
0.44354357 0.72245676
0.94131378 0.44354357
-0.10743720 0.94131378
1.26623428 -0.10743720
-1.27692011 1.26623428
-0.90286467 -1.27692011
-0.52430649 -0.90286467
0.34428439 -0.52430649
0.67676362 0.34428439
0.46207272 0.67676362
0.90411341 0.46207272
-0.00576766 0.90411341
1.27118745 -0.00576766
-1.26401484 1.27118745
-0.85547069 -1.26401484
-0.40376660 -0.85547069
0.51512033 -0.40376660
0.50738148 0.51512033
0.79412575 0.50738148
0.26932445 0.79412575
1.13668780 0.26932445
-0.72808549 1.13668780
0.59885446 -0.72808549
0.27949702 0.59885446
1.07029032 0.27949702
-0.51988080 1.07029032
0.94270063 -0.51988080
-0.40012252 0.94270063
1.05867295 -0.40012252
-0.68914054 1.05867295
0.65272133 -0.68914054
0.19679465 0.65272133
1.14159701 0.19679465
-0.76550285 1.14159701
0.52208665 -0.76550285
0.38874488 0.52208665
0.94505438 0.38874488
-0.13375543 0.94505438
1.25846959 -0.13375543
-1.25737063 1.25846959
-0.83583239 -1.25737063
-0.35527330 -0.83583239
0.57254352 -0.35527330
0.43448950 0.57254352
0.90746949 0.43448950
-0.02255437 0.90746949
1.27152867 -0.02255437
-1.27026552 1.27152867
-0.87754568 -1.27026552
-0.45920066 -0.87754568
0.44152495 -0.45920066
0.58931780 0.44152495
0.64624382 0.58931780
0.59211183 0.64624382
0.70303816 0.59211183
0.48566584 0.70303816
0.88069162 0.48566584
0.05983493 0.88069162
1.25919518 0.05983493
-1.20185102 1.25919518
-0.64446568 -1.20185102
0.05797427 -0.64446568
0.80195487 0.05797427
0.11700802 0.80195487
1.22141924 0.11700802
-1.05350852 1.22141924
-0.18740652 -1.05350852
0.63477775 -0.18740652
0.37965813 0.63477775
0.98863692 0.37965813
-0.25446670 0.98863692
1.20593645 -0.25446670
-1.11233583 1.20593645
-0.37042647 -1.11233583
0.47419717 -0.37042647
0.57406392 0.47419717
0.68089001 0.57406392
0.52316348 0.68089001
0.82108696 0.52316348
0.21309173 0.82108696
1.18275477 0.21309173
-0.89454486 1.18275477
0.23453171 -0.89454486
0.65462937 0.23453171
0.47040406 0.65462937
0.88659684 0.47040406
0.04064568 0.88659684
1.26366615 0.04064568
-1.22339930 1.26366615
-0.71628834 -1.22339930
-0.08531637 -0.71628834
0.77492306 -0.08531637
0.13369704 0.77492306
1.20745206 0.13369704
-1.00100756 1.20745206
-0.04058698 -1.00100756
0.69739151 -0.04058698
0.30692703 0.69739151
1.07733157 0.30692703
-0.53282254 1.07733157
0.92573967 -0.53282254
-0.35963828 0.92573967
1.09664633 -0.35963828
-0.79157793 1.09664633
0.45176002 -0.79157793
0.47680465 0.45176002
0.81724826 0.47680465
0.20798879 0.81724826
1.18461141 0.20798879
-0.90222922 1.18461141
0.21575883 -0.90222922
0.66415861 0.21575883
0.44717833 0.66415861
0.91929174 0.44717833
-0.04898273 0.91929174
1.27242849 -0.04898273
-1.28139879 1.27242849
-0.91704746 -1.28139879
-0.56178611 -0.91704746
0.28304068 -0.56178611
0.71930733 0.28304068
0.36054795 0.71930733
1.03379944 0.36054795
-0.38807342 1.03379944
1.09929846 -0.38807342
-0.80826197 1.09929846
0.41518716 -0.80826197
0.51618888 0.41518716
0.75152481 0.51618888
0.36415131 0.75152481
1.03980879 0.36415131
-0.40443786 1.03980879
1.08294467 -0.40443786
-0.76320817 1.08294467
0.50940201 -0.76320817
0.40775098 0.50940201
0.92005540 0.40775098
-0.06277742 0.92005540
1.27049921 -0.06277742
-1.27866878 1.27049921
-0.90784162 -1.27866878
-0.53744760 -0.90784162
0.32325762 -0.53744760
0.69247203 0.32325762
0.42565276 0.69247203
0.95408923 0.42565276
-0.14670493 0.95408923
1.25609550 -0.14670493
-1.25289774 1.25609550
-0.82082519 -1.25289774
-0.31912491 -0.82082519
0.61117545 -0.31912491
0.38131293 0.61117545
0.97979327 0.38131293
-0.22959891 0.97979327
1.22013606 -0.22959891
-1.15310447 1.22013606
-0.49546907 -1.15310447
0.31038323 -0.49546907
0.71648643 0.31038323
0.37442103 0.71648643
1.01867838 0.37442103
-0.34046158 1.01867838
1.14332379 -0.34046158
-0.93220349 1.14332379
0.12639245 -0.93220349
0.69797388 0.12639245
0.35588319 0.69797388
1.03207819 0.35588319
-0.38449458 1.03207819
1.10265294 -0.38449458
-0.81752929 1.10265294
0.39510009 -0.81752929
0.53619550 0.39510009
0.71602216 0.53619550
0.44309582 0.71602216
0.93993917 0.44309582
-0.10395117 0.93993917
1.26685357 -0.10395117
-1.27807050 1.26685357
-0.90679382 -1.27807050
-0.53460621 -0.90679382
0.32783654 -0.53460621
0.68915063 0.32783654
0.43345094 0.68915063
0.94371358 0.43345094
-0.11679817 0.94371358
1.26401554 -0.11679817
-1.27186884 1.26401554
-0.88550582 -1.27186884
-0.47932942 -0.88550582
0.41268888 -0.47932942
0.61776422 0.41268888
0.58952099 0.61776422
0.69878028 0.58952099
0.49324487 0.69878028
0.86902738 0.49324487
0.09068145 0.86902738
1.24919584 0.09068145
-1.15748190 1.24919584
-0.50091135 -1.15748190
0.30147837 -0.50091135
0.72248170 0.30147837
0.35967178 0.72248170
1.03563520 0.35967178
-0.39365485 1.03563520
1.09374076 -0.39365485
-0.79287285 1.09374076
0.44801592 -0.79287285
0.48113257 0.44801592
0.81032081 0.48113257
0.22507204 0.81032081
1.17217585 0.22507204
-0.85607309 1.17217585
0.32564716 -0.85607309
0.59471357 0.32564716
0.60253622 0.59471357
0.67014422 0.60253622
0.55203028 0.67014422
0.77441087 0.55203028
0.32601201 0.77441087
1.08352590 0.32601201
-0.54583611 1.08352590
0.90794588 -0.54583611
-0.31786285 0.90794588
1.13093225 -0.31786285
-0.88596973 1.13093225
0.24036038 -0.88596973
0.65332673 0.24036038
0.47453798 0.65332673
0.88073721 0.47453798
0.05638415 0.88073721
1.25977032 0.05638415
-1.20491452 1.25977032
-0.65461551 -1.20491452
0.03859559 -0.65461551
0.80152988 0.03859559
0.11214847 0.80152988
1.22285077 0.11214847
-1.05986508 1.22285077
-0.20578434 -1.05986508
0.62275440 -0.20578434
0.39531243 0.62275440
0.96804564 0.39531243
-0.19336357 0.96804564
1.23806843 -0.19336357
-1.20394790 1.23806843
-0.65786623 -1.20394790
0.03291247 -0.65786623
0.80112361 0.03291247
0.11135509 0.80112361
1.22297714 0.11135509
-1.06053581 1.22297714
-0.20773754 -1.06053581
0.62142242 -0.20773754
0.39704659 0.62142242
0.96572234 0.39704659
-0.18655351 0.96572234
1.24099360 -0.18655351
-1.21205722 1.24099360
-0.68441772 -1.21205722
-0.01941583 -0.68441772
0.79414692 -0.01941583
0.11123819 0.79414692
1.22092057 0.11123819
-1.05353439 1.22092057
-0.18763242 -1.05353439
0.63465139 -0.18763242
0.37981493 0.63465139
0.98843228 0.37981493
-0.25385324 0.98843228
1.20631163 -0.25385324
-1.11341882 1.20631163
-0.37368858 -1.11341882
0.47047394 -0.37368858
0.57800941 0.47047394
0.67340935 0.57800941
0.53853061 0.67340935
0.79600149 0.53853061
0.27449346 0.79600149
1.13331513 0.27449346
-0.71581641 1.13331513
0.62264416 -0.71581641
0.24249503 0.62264416
1.10446787 0.24249503
-0.63504047 1.10446787
0.76675340 -0.63504047
-0.01358722 0.76675340
1.22976756 -0.01358722
-1.12133572 1.22976756
-0.39142106 -1.12133572
0.44910466 -0.39142106
0.60020069 0.44910466
0.63039419 0.60020069
0.62370464 0.63039419
0.64450780 0.62370464
0.60556497 0.64450780
0.67995983 0.60556497
0.53438597 0.67995983
0.80419223 0.53438597
0.25490059 0.80419223
1.15029363 0.25490059
-0.77597545 1.15029363
0.50209504 -0.77597545
0.41426817 0.50209504
0.91036315 0.41426817
-0.03598504 0.91036315
1.27129605 -0.03598504
-1.27346663 1.27129605
-0.88901534 -1.27346663
-0.48852756 -0.88901534
0.39917255 -0.48852756
0.63036752 0.39917255
0.56344327 0.63036752
0.74465461 0.56344327
0.39271829 0.74465461
1.00747766 0.39271829
-0.30320025 1.00747766
1.17354075 -0.30320025
-1.01903713 1.17354075
-0.10174911 -1.01903713
0.67979483 -0.10174911
0.32250586 0.67979483
1.05832441 0.32250586
-0.47131902 1.05832441
1.00649906 -0.47131902
-0.55965220 1.00649906
0.86345490 -0.55965220
-0.21167177 0.86345490
1.19630956 -0.21167177
-1.06712071 1.19630956
-0.23535239 -1.06712071
0.60231674 -0.23535239
0.42149464 0.60231674
0.93197420 0.42149464
-0.08955787 0.93197420
1.26836340 -0.08955787
-1.27911137 1.26836340
-0.91006723 -1.27911137
-0.54324471 -0.91006723
0.31381909 -0.54324471
0.69915120 0.31381909
0.40980837 0.69915120
0.97462530 0.40980837
-0.20690976 0.97462530
1.23245128 -0.20690976
-1.18858356 1.23245128
-0.60808785 -1.18858356
0.12574577 -0.60808785
0.79543685 0.12574577
0.15191604 0.79543685
1.20632118 0.15191604
-0.99172028 1.20632118
-0.01501642 -0.99172028
0.70216823 -0.01501642
0.30523877 0.70216823
1.08021148 0.30523877
-0.54202793 1.08021148
0.91275145 -0.54202793
-0.32896967 0.91275145
1.12231597 -0.32896967
-0.86212131 1.12231597
0.29614039 -0.86212131
0.61858483 0.29614039
0.55313606 0.61858483
0.75723215 0.55313606
0.36318007 0.75723215
1.04250998 0.36318007
-0.41260386 1.04250998
1.07441427 -0.41260386
-0.73989360 1.07441427
0.55590473 -0.73989360
0.34538983 0.55590473
0.99975963 0.34538983
-0.29571011 0.99975963
1.17750563 -0.29571011
-1.02984036 1.17750563
-0.13154794 -1.02984036
0.66682109 -0.13154794
0.33802511 0.66682109
1.04008096 0.33802511
-0.41306825 1.04008096
1.07314876 -0.41306825
-0.73622805 1.07314876
0.56310019 -0.73622805
0.33521703 0.56310019
1.01161142 0.33521703
-0.33213563 1.01161142
1.14904372 -0.33213563
-0.94806274 1.14904372
0.08636097 -0.94806274
0.70513967 0.08636097
0.32979755 0.70513967
1.05926891 0.32979755
-0.47193162 1.05926891
1.00597344 -0.47193162
-0.55835508 1.00597344
0.86532748 -0.55835508
-0.21581482 0.86532748
1.19439179 -0.21581482
-1.06194490 1.19439179
-0.22050022 -1.06194490
0.61334805 -0.22050022
0.40717578 0.61334805
0.95189546 0.40717578
-0.14639421 0.95189546
1.25556487 -0.14639421
-1.25093865 1.25556487
-0.81411705 -1.25093865
-0.30318279 -0.81411705
0.62707716 -0.30318279
0.35852910 0.62707716
1.00816279 0.35852910
-0.31539036 1.00816279
1.16318933 -0.31539036
-0.98883029 1.16318933
-0.01994267 -0.98883029
0.70279412 -0.01994267
0.30252979 0.70279412
1.08270425 0.30252979
-0.55038895 1.08270425
0.90071208 -0.55038895
-0.30091183 0.90071208
1.14344652 -0.30091183
-0.92073147 1.14344652
0.15618894 -0.92073147
0.68962758 0.15618894
0.38103600 0.68962758
1.00362447 0.38103600
-0.29585610 1.00362447
1.17854417 -0.29585610
-1.03330975 1.17854417
-0.14125739 -1.03330975
0.66207196 -0.14125739
0.34394778 0.66207196
1.03300148 0.34394778
-0.39074455 1.03300148
1.09614662 -0.39074455
-0.79937574 1.09614662
0.43424179 -0.79937574
0.49619498 0.43424179
0.78557930 0.49619498
0.28486973 0.78557930
1.12206272 0.28486973
-0.67717372 1.12206272
0.69462887 -0.67717372
0.12133491 0.69462887
1.18777764 0.12133491
-0.93874153 1.18777764
0.12260337 -0.93874153
0.69733332 0.12260337
0.35599774 0.69733332
1.03177184 0.35599774
-0.38357507 1.03177184
1.10354978 -0.38357507
-0.82002350 1.10354978
0.38965098 -0.82002350
0.54143391 0.38965098
0.70648434 0.54143391
0.46366199 0.70648434
0.91096988 0.46366199
-0.02271398 0.91096988
1.27256867 -0.02271398
-1.27401762 1.27256867
-0.89059866 -1.27401762
-0.49263765 -0.89059866
0.39305181 -0.49263765
0.63592309 0.39305181
0.55175810 0.63592309
0.76456513 0.55175810
0.34714365 0.76456513
1.06065734 0.34714365
-0.47084848 1.06065734
1.00781959 -0.47084848
-0.56323501 1.00781959
0.85821873 -0.56323501
-0.20012565 0.85821873
1.20139523 -0.20012565
-1.08072841 1.20139523
-0.27474487 -1.08072841
0.57010284 -0.27474487
0.46255240 0.57010284
0.87149424 0.46255240
0.07546262 0.87149424
1.25347582 0.07546262
-1.17704351 1.25347582
-0.56356123 -1.17704351
0.20224518 -0.56356123
0.77366727 0.20224518
0.22268809 0.77366727
1.16267420 0.22268809
-0.82572940 1.16267420
0.39424160 -0.82572940
0.53468416 0.39424160
0.71803046 0.53468416
0.43861040 0.71803046
0.94607842 0.43861040
-0.12150700 0.94607842
1.26315399 -0.12150700
-1.27023332 1.26315399
-0.87994355 -1.27023332
-0.46509091 -0.87994355
0.43318355 -0.46509091
0.59776554 0.43318355
0.62970197 0.59776554
0.62419527 0.62970197
0.64344297 0.62419527
0.60763218 0.64344297
0.67612927 0.60763218
0.54227855 0.67612927
0.79114635 0.54227855
0.28640599 0.79114635
1.12250416 0.28640599
-0.67810002 1.12250416
0.69300376 -0.67810002
0.12421410 0.69300376
1.18630033 0.12421410
-0.93296763 1.18630033
0.13729007 -0.93296763
0.69372172 0.13729007
0.36743726 0.69372172
1.01910232 0.36743726
-0.34376618 1.01910232
1.14028544 -0.34376618
-0.92348109 1.14028544
0.14814138 -0.92348109
0.69223146 0.14814138
0.37358427 0.69223146
1.01227815 0.37358427
-0.32251458 1.01227815
1.15806153 -0.32251458
-0.97430347 1.15806153
0.01844430 -0.97430347
0.70723269 0.01844430
0.30528398 0.70723269
1.08169217 0.30528398
-0.54649594 1.08169217
0.90638671 -0.54649594
-0.31410039 0.90638671
1.13379333 -0.31410039
-0.89391237 1.13379333
0.22142694 -0.89391237
0.66318444 0.22142694
0.45068904 0.66318444
0.91458648 0.45068904
-0.03584909 0.91458648
1.27257672 -0.03584909
-1.27798685 1.27257672
-0.90477753 -1.27798685
-0.52946739 -0.90477753
0.33609673 -0.52946739
0.68301437 0.33609673
0.44771695 0.68301437
0.92427366 0.44771695
-0.06167944 0.92427366
1.27195600 -0.06167944
-1.28352474 1.27195600
-0.92482325 -1.28352474
-0.58247469 -0.92482325
0.24756555 -0.58247469
0.73945341 0.24756555
0.30876177 0.73945341
1.08836866 0.30876177
-0.56573633 1.08836866
0.87842996 -0.56573633
-0.25001577 0.87842996
1.17601795 -0.25001577
-1.01123023 1.17601795
-0.07881583 -1.01123023
0.68793422 -0.07881583
0.31380036 0.68793422
1.06852133 0.31380036
-0.50429286 1.06852133
0.96452059 -0.50429286
-0.45370782 0.96452059
1.00116507 -0.45370782
-0.53937646 1.00116507
0.89305178 -0.53937646
-0.27837100 0.89305178
1.15942895 -0.27837100
-0.96549700 1.15942895
0.04277046 -0.96549700
0.70778986 0.04277046
0.31147805 0.70778986
1.07651096 0.31147805
-0.52898276 1.07651096
0.93120142 -0.52898276
-0.37268536 0.93120142
1.08490830 -0.37268536
-0.75964204 1.08490830
0.51759406 -0.75964204
0.39704234 0.51759406
0.93457856 0.39704234
-0.10369921 0.93457856
1.26531863 -0.10369921
-1.27255350 1.26531863
-0.88755377 -1.27255350
-0.48461842 -0.88755377
0.40493685 -0.48461842
0.62505108 0.40493685
0.57451666 0.62505108
0.72541817 0.57451666
0.43563086 0.72541817
0.95194150 0.43563086
-0.13798041 0.95194150
1.25892842 -0.13798041
-1.26025519 1.25892842
-0.84586188 -1.26025519
-0.37975181 -0.84586188
0.54434542 -0.37975181
0.47123774 0.54434542
0.85241262 0.47123774
0.12412115 0.85241262
1.23415530 0.12412115
-1.09515869 1.23415530
-0.30887498 -1.09515869
0.53788714 -0.30887498
0.50228590 0.53788714
0.80815856 0.50228590
0.23631740 0.80815856
1.16426329 0.23631740
-0.82681739 1.16426329
0.39220120 -0.82681739
0.53660429 0.39220120
0.71453853 0.53660429
0.44618986 0.71453853
0.93564202 0.44618986
-0.09173942 0.93564202
1.26891004 -0.09173942
-1.28170758 1.26891004
-0.91921102 -1.28170758
-0.56744074 -0.91921102
0.27345211 -0.56744074
0.72508130 0.27345211
0.34599558 0.72508130
1.04992627 0.34599558
-0.43948456 1.04992627
1.04457253 -0.43948456
-0.65942985 1.04457253
0.70458494 -0.65942985
0.10715513 0.70458494
1.19530037 0.10715513
-0.96809363 1.19530037
0.04650273 -0.96809363
0.70654441 0.04650273
0.31506382 0.70654441
1.07299202 0.31506382
-0.51731749 1.07299202
0.94723327 -0.51731749
-0.41134646 0.94723327
1.04728171 -0.41134646
-0.65892251 1.04728171
0.70633409 -0.65892251
0.10385226 0.70633409
1.19680082 0.10385226
-0.97410941 1.19680082
0.03059545 -0.97410941
0.70645666 0.03059545
0.31046521 0.70645666
1.07699289 0.31046521
-0.53073961 1.07699289
0.92873953 -0.53073961
-0.36680184 0.92873953
1.09026084 -0.36680184
-0.77417672 1.09026084
0.48798882 -0.77417672
0.43436065 0.48798882
0.88225980 0.43436065
0.04057291 0.88225980
1.26237331 0.04057291
-1.21884907 1.26237331
-0.70111827 -1.21884907
-0.05384829 -0.70111827
0.78560502 -0.05384829
0.11980016 0.78560502
1.21558860 0.11980016
-1.03277785 1.21558860
-0.12860555 -1.03277785
0.66701150 -0.12860555
0.33855225 0.66701150
1.03963877 0.33855225
-0.41162261 1.03963877
1.07468519 -0.41162261
-0.74041433 1.07468519
0.55490682 -0.74041433
0.34678549 0.55490682
0.99810780 0.34678549
-0.29067122 0.99810780
1.18114668 -0.29067122
-1.04035184 1.18114668
-0.16092072 -1.04035184
0.65164078 -0.16092072
0.35723379 0.65164078
1.01682986 0.35723379
-0.34035000 1.01682986
1.14287558 -0.34035000
-0.93073544 1.14287558
0.13008683 -0.93073544
0.69708775 0.13008683
0.35872218 0.69708775
1.02897208 0.35872218
-0.37468031 1.02897208
1.11215216 -0.37468031
-0.84403949 1.11215216
0.33628192 -0.84403949
0.58846841 0.33628192
0.61607148 0.58846841
0.64517882 0.61607148
0.60206345 0.64517882
0.68608109 0.60206345
0.52162886 0.68608109
0.82488899 0.52162886
0.20387007 0.82488899
1.18927849 0.20387007
-0.91897565 1.18927849
0.17446081 -0.91897565
0.68169610 0.17446081
0.40174483 0.68169610
0.97855035 0.40174483
-0.22006166 0.97855035
1.22576712 -0.22006166
-1.16952553 1.22576712
-0.54717582 -1.16952553
0.22998041 -0.54717582
0.76179987 0.22998041
0.25651946 0.76179987
1.13641683 0.25651946
-0.73106466 1.13641683
0.59268730 -0.73106466
0.28889108 0.59268730
1.06096491 0.28889108
-0.48923784 1.06096491
0.98319435 -0.48923784
-0.50011093 0.98319435
0.94480299 -0.50011093
-0.39974705 0.94480299
1.05972412 -0.39974705
-0.69214540 1.05972412
0.64722588 -0.69214540
0.20589450 0.64722588
1.13481820 0.20589450
-0.74116894 1.13481820
0.57138151 -0.74116894
0.32058176 0.57138151
1.02753272 0.32058176
-0.38197836 1.02753272
1.10398936 -0.38197836
-0.82090302 1.10398936
0.38776232 -0.82090302
0.54322562 0.38776232
0.70319699 0.54322562
0.47068728 0.70319699
0.90079397 0.47068728
0.00520450 0.90079397
1.27020027 0.00520450
-1.25721087 1.27020027
-0.83175075 -1.25721087
-0.34569628 -0.83175075
0.58316649 -0.34569628
0.42017470 0.58316649
0.92778446 0.42017470
-0.07904518 0.92778446
1.26958794 -0.07904518
-1.28030850 1.26958794
-0.91398943 -1.28030850
-0.55361990 -0.91398943
0.29671017 -0.55361990
0.71066233 0.29671017
0.38195573 0.71066233
1.00895245 0.38195573
-0.31059235 1.00895245
1.16763108 -0.31059235
-1.00188499 1.16763108
-0.05499362 -1.00188499
0.69520048 -0.05499362
0.30687671 0.69520048
1.07671750 0.30687671
-0.53098580 1.07671750
0.92829097 -0.53098580
-0.36570951 0.92829097
1.09124646 -0.36570951
-0.77685924 1.09124646
0.48245956 -0.77685924
0.44106812 0.48245956
0.87238035 0.44106812
0.06685397 0.87238035
1.25545687 0.06685397
-1.18658454 1.25545687
-0.59453895 -1.18658454
0.14915745 -0.59453895
0.79049119 0.14915745
0.16992038 0.79049119
1.19672525 0.16992038
-0.95403573 1.19672525
0.08475973 -0.95403573
0.70373138 0.08475973
0.33209491 0.70373138
1.05671757 0.33209491
-0.46368437 1.05671757
1.01601080 -0.46368437
-0.58429443 1.01601080
0.82684326 -0.58429443
-0.13242602 0.82684326
1.22350167 -0.13242602
-1.13546667 1.22350167
-0.43794788 -1.13546667
0.39084232 -0.43794788
0.65475483 0.39084232
0.51706726 0.65475483
0.82212448 0.51706726
0.20887604 0.82212448
1.18555646 0.20887604
-0.90509896 1.18555646
0.20878116 -0.90509896
0.66744491 0.20878116
0.43895855 0.66744491
0.93047502 0.43895855
-0.08040970 0.93047502
1.27009050 -0.08040970
-1.28250473 1.27009050
-0.92171859 -1.28250473
-0.57414265 -0.92171859
0.26198872 -0.57414265
0.73166388 0.26198872
0.32913178 0.73166388
1.06784035 0.32913178
-0.49765667 1.06784035
0.97362507 -0.49765667
-0.47642110 0.97362507
0.97431963 -0.47642110
-0.47194457 0.97431963
0.98047154 -0.47194457
-0.48743758 0.98047154
0.96150791 -0.48743758
-0.44052773 0.96150791
1.01676183 -0.44052773
-0.57948477 1.01676183
0.83490490 -0.57948477
-0.14973811 0.83490490
1.21908137 -0.14973811
-1.12554457 1.21908137
-0.40786640 -1.12554457
0.42943963 -0.40786640
0.61945433 0.42943963
0.59161875 0.61945433
0.69581845 0.59161875
0.49965698 0.69581845
0.85922560 0.49965698
0.11632102 0.85922560
1.23882487 0.11632102
-1.11366557 1.23882487
-0.36470395 -1.11366557
0.47968777 -0.36470395
0.56844831 0.47968777
0.69151945 0.56844831
0.50105568 0.69151945
0.85597632 0.50105568
0.12454307 0.85597632
1.23507753 0.12454307
-1.09822019 1.23507753
-0.31799936 -1.09822019
0.52896092 -0.31799936
0.51288068 0.52896092
0.79042305 0.51288068
0.27918818 0.79042305
1.12800246 0.27918818
-0.69758892 1.12800246
0.65711831 -0.69758892
0.18619706 0.65711831
1.14859841 0.18619706
-0.79113052 1.14859841
0.46833702 -0.79113052
0.45558545 0.46833702
0.84991976 0.45558545
0.12536659 0.84991976
1.23297243 0.12536659
-1.09069945 1.23297243
-0.29558368 -1.09069945
0.55047257 -0.29558368
0.48709682 0.55047257
0.83297313 0.48709682
0.17474712 0.83297313
1.20714076 0.17474712
-0.98764020 1.20714076
-0.00346420 -0.98764020
0.70369114 -0.00346420
0.30570703 0.70369114
1.08026784 0.30570703
-0.54205793 1.08026784
0.91272284 -0.54205793
-0.32890554 0.91272284
1.12236645 -0.32890554
-0.86226069 1.12236645
0.29581903 -0.86226069
0.61880934 0.29581903
0.55265072 0.61880934
0.75805086 0.55265072
0.36129766 0.75805086
1.04466485 0.36129766
-0.41946522 1.04466485
1.06706795 -0.41946522
-0.71992720 1.06706795
0.59450715 -0.71992720
0.28920758 0.59450715
1.06125471 0.28920758
-0.49000390 1.06125471
0.98223106 -0.49000390
-0.49769016 0.98223106
0.94789563 -0.49769016
-0.40721561 0.94789563
1.05221431 -0.40721561
-0.67218162 1.05221431
0.68310492 -0.67218162
0.14506026 0.68310492
1.17547201 0.14506026
-0.89091013 1.17547201
0.24143239 -0.89091013
0.65112152 0.24143239
0.47888679 0.65112152
0.87427087 0.47888679
0.07357666 0.87427087
1.25470233 0.07357666
-1.18191610 1.25470233
-0.57928525 -1.18191610
0.17562522 -0.57928525
0.78303252 0.17562522
0.19429166 0.78303252
1.18206081 0.19429166
-0.89788736 1.18206081
0.22593584 -0.89788736
0.65916798 0.22593584
0.45947735 0.65916798
0.90218319 0.45947735
-0.00166510 0.90218319
1.27065107 -0.00166510
-1.26087534 1.27065107
-0.84453396 -1.26087534
-0.37679526 -0.84453396
0.54787527 -0.37679526
0.46672718 0.54787527
0.85939462 0.46672718
0.10603540 0.85939462
1.24207748 0.10603540
-1.12804842 1.24207748
-0.40886730 -1.12804842
0.42754401 -0.40886730
0.62142837 0.42754401
0.58762069 0.62142837
0.70301120 0.58762069
0.48437156 0.70301120
0.88244123 0.48437156
0.05512794 0.88244123
1.26047764 0.05512794
-1.20778707 1.26047764
-0.66410614 -1.20778707
0.02021213 -0.66410614
0.80019622 0.02021213
0.10962406 0.80019622
1.22323446 0.10962406
-1.06193633 1.22323446
-0.21182194 -1.06193633
0.61860315 -0.21182194
0.40071561 0.61860315
0.96077875 0.40071561
-0.17211943 0.96077875
1.24675848 -0.17211943
-1.22780524 1.24675848
-0.73648043 -1.22780524
-0.12770637 -0.73648043
0.75622339 -0.12770637
0.16106476 0.75622339
1.19054842 0.16106476
-0.93604832 1.19054842
0.13050348 -0.93604832
0.69534188 0.13050348
0.36225058 0.69534188
1.02488689 0.36225058
-0.36187522 1.02488689
1.12413092 -0.36187522
-0.87770103 1.12413092
0.25873653 -0.87770103
0.64296726 0.25873653
0.49885130 0.64296726
0.84449651 0.49885130
0.15121128 0.84449651
1.22133816 0.15121128
-1.04297028 1.22133816
-0.15650037 -1.04297028
0.65281960 -0.15650037
0.35640708 0.65281960
1.01800947 0.35640708
-0.34395848 1.01800947
1.13977244 -0.34395848
-0.92190123 1.13977244
0.15206911 -0.92190123
0.69105461 0.15206911
0.37704166 0.69105461
1.00829180 0.37704166
-0.31020081 1.00829180
1.16777318 -0.31020081
-1.00223213 1.16777318
-0.05592499 -1.00223213
0.69495171 -0.05592499
0.30708146 0.69495171
1.07646688 0.30708146
-0.53016887 1.07646688
0.92942941 -0.53016887
-0.36842531 0.92942941
1.08879673 -0.36842531
-0.77019724 1.08879673
0.49615372 -0.77019724
0.42430492 0.49615372
0.89679759 0.42430492
0.00134719 0.89679759
1.26903674 0.00134719
-1.25423177 1.26903674
-0.82162526 -1.25423177
-0.32136482 -0.82162526
0.60892693 -0.32136482
0.38448174 0.60892693
0.97572139 0.38448174
-0.21750059 0.97572139
1.22648731 -0.21750059
-1.17122973 1.22648731
-0.55254453 -1.17122973
0.22120344 -0.55254453
0.76573330 0.22120344
0.24547456 0.76573330
1.14535913 0.24547456
-0.76294417 1.14535913
0.52869041 -0.76294417
0.37979777 0.52869041
0.95666223 0.37979777
-0.16734435 0.95666223
1.24779289 -0.16734435
-1.22998523 1.24779289
-0.74367125 -1.22998523
-0.14326127 -0.74367125
0.74816531 -0.14326127
0.17336975 0.74816531
1.18236970 0.17336975
-0.90518642 1.18236970
0.20760347 -0.90518642
0.66810519 0.20760347
0.43737068 0.66810519
0.93262120 0.43737068
-0.08648403 0.93262120
1.26931508 -0.08648403
-1.28157029 1.26931508
-0.91859683 -1.28157029
-0.56581928 -0.91859683
0.27620891 -0.56581928
0.72344631 0.27620891
0.35013829 0.72344631
1.04539834 0.35013829
-0.42495929 1.04539834
1.06079294 -0.42495929
-0.70288213 1.06079294
0.62657729 -0.70288213
0.23949663 0.62657729
1.10767110 0.23949663
-0.64586038 1.10767110
0.74831144 -0.64586038
0.02228387 0.74831144
1.22379823 0.02228387
-1.09006980 1.22379823
-0.29641358 -1.09006980
0.54997365 -0.29641358
0.48761651 0.54997365
0.83211429 0.48761651
0.17690508 0.83211429
1.20582072 0.17690508
-0.98253352 1.20582072
0.01022525 -0.98253352
0.70509357 0.01022525
0.30704786 0.70509357
1.07953832 0.30704786
-0.53944983 1.07953832
0.91645293 -0.53944983
-0.33767532 0.91645293
1.11530141 -0.33767532
-0.84275873 1.11530141
0.34025123 -0.84275873
0.58509312 0.34025123
0.62280782 0.58509312
0.63248253 0.62280782
0.62679454 0.63248253
0.63972481 0.62679454
0.61509139 0.63972481
0.66224506 0.61509139
0.57053149 0.66224506
0.74296487 0.57053149
0.39836393 0.74296487
1.00071812 0.39836393
-0.28250227 1.00071812
1.18848489 -0.28250227
-1.06224555 1.18848489
-0.22316638 -1.06224555
0.61160181 -0.22316638
0.40937061 0.61160181
0.94886253 0.40937061
-0.13766496 0.94886253
1.25812646 -0.13766496
-1.25733456 1.25812646
-0.83580833 -1.25733456
-0.35520615 -0.83580833
0.57261753 -0.35520615
0.43439099 0.57261753
0.90761151 0.43439099
-0.02294482 0.90761151
1.27154640 -0.02294482
-1.27044580 1.27154640
-0.87818163 -1.27044580
-0.46081790 -0.87818163
0.43925112 -0.46081790
0.59163646 0.43925112
0.64172815 0.59163646
0.60094991 0.64172815
0.68692133 0.60094991
0.51967970 0.68692133
0.82798261 0.51967970
0.19612664 0.82798261
1.19454286 0.19612664
-0.93886772 1.19454286
0.12430124 -0.93886772
0.69670857 0.12430124
0.35772641 0.69670857
1.02985711 0.35772641
-0.37753002 1.02985711
1.10941665 -0.37753002
-0.83638644 1.10941665
0.35346582 -0.83638644
0.57417075 0.35346582
0.64449887 0.57417075
0.59072091 0.64449887
0.70481799 0.59072091
0.48174051 0.70481799
0.88654191 0.48174051
0.04418296 0.88654191
1.26322959 0.04418296
-1.22079369 1.26322959
-0.70750326 -1.22079369
-0.06702332 -0.70750326
0.78146005 -0.06702332
0.12494128 0.78146005
1.21258356 0.12494128
-1.02102007 1.21258356
-0.09569971 -1.02102007
0.68087217 -0.09569971
0.32226841 0.68087217
1.05886195 0.32226841
-0.47298357 1.05886195
1.00445975 -0.47298357
-0.55441021 1.00445975
0.87101897 -0.55441021
-0.22846673 0.87101897
1.18822983 -0.22846673
-1.04518619 1.18822983
-0.17291090 -1.04518619
0.64458669 -0.17291090
0.36643793 0.64458669
1.00538855 0.36643793
-0.30519722 1.00538855
1.17121309 -0.30519722
-1.01199530 1.17121309
-0.08242434 -1.01199530
0.68689013 -0.08242434
0.31472743 0.68689013
1.06739235 0.31472743
-0.50063876 1.06739235
0.96932287 -0.50063876
-0.46561319 0.96932287
0.98728296 -0.46561319
-0.50430267 0.98728296
0.94013524 -0.50430267
-0.38868677 0.94013524
1.07053221 -0.38868677
-0.72106092 1.07053221
0.59325927 -0.72106092
0.29094254 0.59325927
1.05947120 0.29094254
-0.48418814 1.05947120
0.98962794 -0.48418814
-0.51636528 0.98962794
0.92360204 -0.51636528
-0.34916660 0.92360204
1.10639637 -0.34916660
-0.81850809 1.10639637
0.39398122 -0.81850809
0.53713789 0.39398122
0.71427041 0.53713789
0.44688625 0.71427041
0.93469087 0.44688625
-0.08903995 0.93469087
1.26930790 -0.08903995
-1.28231156 1.26930790
-0.92125973 -1.28231156
-0.57290075 -0.92125973
0.26412070 -0.57290075
0.73046613 0.26412070
0.33222313 0.73046613
1.06461875 0.33222313
-0.48711137 1.06461875
0.98719715 -0.48711137
-0.51051490 0.98719715
0.93128349 -0.51051490
-0.36735899 0.93128349
1.09045137 -0.36735899
-0.77492555 1.09045137
0.48642195 -0.77492555
0.43627349 0.48642195
0.87945821 0.43627349
0.04805662 0.87945821
1.26060425 0.04805662
-1.21035531 1.26060425
-0.67276270 -1.21035531
0.00323989 -0.67276270
0.79815649 0.00323989
0.10909666 0.79815649
1.22278403 0.10909666
-1.06055211 1.22278403
-0.20784388 -1.06055211
0.62135566 -0.20784388
0.39713084 0.62135566
0.96560863 0.39713084
-0.18622079 0.96560863
1.24113313 -0.18622079
-1.21244227 1.24113313
-0.68568282 -1.21244227
-0.02195799 -0.68568282
0.79362014 -0.02195799
0.11164651 0.79362014
1.22063512 0.11164651
-1.05243619 1.22063512
-0.18448016 -1.05243619
0.63662304 -0.18448016
0.37725150 0.63662304
0.99174074 0.37725150
-0.26379414 0.99174074
1.20009994 -0.26379414
-1.09547405 1.20009994
-0.32005876 -1.09547405
0.52794514 -0.32005876
0.51376588 0.52794514
0.78884601 0.51376588
0.28294052 0.78884601
1.12457633 0.28294052
-0.68565853 1.12457633
0.67919423 -0.68565853
0.14847572 0.67919423
1.17289521 0.14847572
-0.88141374 1.17289521
0.26422231 -0.88141374
0.63783708 0.26422231
0.50969610 0.63783708
0.82764497 0.50969610
0.19391416 0.82764497
1.19564971 0.19391416
-0.94323526 1.19564971
0.11312505 -0.94323526
0.69911323 0.11312505
0.34967448 0.69911323
1.03855283 0.34967448
-0.40512644 1.03855283
1.08178745 -0.40512644
-0.75990765 1.08178745
0.51609274 -0.75990765
0.39913530 0.51609274
0.93179524 0.39913530
-0.09579874 0.93179524
1.26669022 -0.09579874
-1.27504537 1.26669022
-0.89602989 -1.27504537
-0.50653101 -0.89602989
0.37198791 -0.50653101
0.65431570 0.37198791
0.51221573 0.65431570
0.82898377 0.51221573
0.19156499 0.82898377
1.19731913 0.19156499
-0.94953284 1.19731913
0.09693808 -0.94953284
0.70198436 0.09693808
0.33918656 0.70198436
1.04952877 0.33918656
-0.44035893 1.04952877
1.04337625 -0.44035893
-0.65619527 1.04337625
0.71018375 -0.65619527
0.09703608 0.71018375
1.19987272 0.09703608
-0.98646154 1.19987272
-0.00238710 -0.98646154
0.70405356 -0.00238710
0.30531589 0.70405356
1.08071116 0.30531589
-0.54351649 1.08071116
0.91063910 -0.54351649
-0.32402395 0.91063910
1.12620361 -0.32402395
-0.87287557 1.12620361
0.27118462 -0.87287557
0.63517979 0.27118462
0.51652067 0.63517979
0.81704289 0.51652067
0.22037349 0.81704289
1.17712260 0.22037349
-0.87375263 1.17712260
0.28431566 -0.87375263
0.62470466 0.28431566
0.53893642 0.62470466
0.78077795 0.53893642
0.30822103 0.78077795
1.10123311 0.30822103
-0.60533378 1.10123311
0.81736934 -0.60533378
-0.11692984 0.81736934
1.22606918 -0.11692984
-1.13962284 1.22606918
-0.45041556 -1.13962284
0.37408930 -0.45041556
0.66895541 0.37408930
0.48572492 0.66895541
0.87038645 0.48572492
0.08511587 0.87038645
1.25097334 0.08511587
-1.16537326 1.25097334
-0.52604076 -1.16537326
0.26298159 -0.52604076
0.74536473 0.26298159
0.30109847 0.74536473
1.09668501 0.30109847
-0.59347568 1.09668501
0.83590676 -0.59347568
-0.15627886 0.83590676
1.21657971 -0.15627886
-1.11897633 1.21657971
-0.38797733 -1.11897633
0.45357012 -0.38797733
0.59559060 0.45357012
0.63945161 0.59559060
0.60621948 0.63945161
0.67733261 0.60621948
0.53957460 0.67733261
0.79560274 0.53957460
0.27569517 0.79560274
1.13226986 0.27569517
-0.71214050 1.13226986
0.62967923 -0.71214050
0.23126354 0.62967923
1.11402781 0.23126354
-0.66810209 1.11402781
0.70930379 -0.66810209
0.09521277 0.70930379
1.20009948 0.09521277
-0.98777042 1.20009948
-0.00593673 -0.98777042
0.70361953 -0.00593673
0.30510636 0.70361953
1.08076001 0.30510636
-0.54372718 1.08076001
0.91033306 -0.54372718
-0.32330696 0.91033306
1.12676158 -0.32330696
-0.87442039 1.12676158
0.26757304 -0.87442039
0.63744042 0.26757304
0.51140951 0.63744042
0.82507657 0.51140951
0.20037097 0.82507657
1.19131503 0.20037097
-0.92681282 1.19131503
0.15481970 -0.92681282
0.68839936 0.15481970
0.38299476 0.68839936
1.00116082 0.38299476
-0.28835376 1.00116082
1.18394120 -0.28835376
-1.04890960 1.18394120
-0.18511353 -1.04890960
0.63735329 -0.18511353
0.37575904 0.63735329
0.99353319 0.37575904
-0.26922378 0.99353319
1.19658594 -0.26922378
-1.08531220 1.19658594
-0.29008783 -1.08531220
0.55659501 -0.29008783
0.47925644 0.55659501
0.84541707 0.47925644
0.14315491 0.84541707
1.22493446 0.14315491
-1.05770374 1.22493446
-0.19875174 -1.05770374
0.62738573 -0.19875174
0.38931649 0.62738573
0.97602146 0.38931649
-0.21687009 0.97602146
1.22696075 -0.21687009
-1.17266678 1.22696075
-0.55711809 -1.17266678
0.21366718 -0.55711809
0.76894945 0.21366718
0.23630360 0.76894945
1.15250968 0.23630360
-0.78869892 1.15250968
0.47488853 -0.78869892
0.44766356 0.47488853
0.86190283 0.44766356
0.09427198 0.86190283
1.24612876 0.09427198
-1.14569006 1.24612876
-0.46380935 -1.14569006
0.35512622 -0.46380935
0.68429671 0.35512622
0.45097108 0.68429671
0.92056413 0.45097108
-0.05112231 0.92056413
1.27251035 -0.05112231
-1.28233232 1.27251035
-0.92037356 -1.28233232
-0.57062218 -0.92037356
0.26803438 -0.57062218
0.72823394 0.26803438
0.33795577 0.72823394
1.05857044 0.33795577
-0.46741319 1.05857044
1.01170601 -0.46741319
-0.57319263 1.01170601
0.84354210 -0.57319263
-0.16814637 0.84354210
1.21348015 -0.16814637
-1.11199160 1.21348015
-0.36709142 -1.11199160
0.47774397 -0.36709142
0.57033756 0.47774397
0.68792429 0.57033756
0.50856551 0.68792429
0.84428286 0.50856551
0.15463068 0.84428286
1.21980995 0.15463068
-1.03672165 1.21980995
-0.13876550 -1.03672165
0.66202530 -0.13876550
0.34478186 0.66202530
1.03218325 0.34478186
-0.38812860 1.03218325
1.09875364 -0.38812860
-0.80660196 1.09875364
0.41877668 -0.80660196
0.51249594 0.41877668
0.75792008 0.51249594
0.34952880 0.75792008
1.05633748 0.34952880
-0.45732979 1.05633748
1.02409049 -0.45732979
-0.60546480 1.02409049
0.79400447 -0.60546480
-0.06425979 0.79400447
1.23242029 -0.06425979
-1.14568163 1.23242029
-0.46789487 -1.14568163
0.34979966 -0.46789487
0.68832781 0.34979966
0.44162665 0.68832781
0.93345061 0.44162665
-0.08737406 0.93345061
1.26934727 -0.08737406
-1.28195169 1.26934727
-0.91995601 -1.28195169
-0.56943220 -0.91995601
0.27005895 -0.56943220
0.72706577 0.27005895
0.34094321 0.72706577
1.05538055 0.34094321
-0.45707639 1.05538055
1.02412780 -0.45707639
-0.60549578 1.02412780
0.79396315 -0.60549578
-0.06417721 0.79396315
1.23242275 -0.06417721
-1.14566531 1.23242275
-0.46784179 -1.14566531
0.34987409 -0.46784179
0.68827084 0.34987409
0.44175879 0.68827084
0.93327010 0.44175879
-0.08686266 0.93327010
1.26941786 -0.08686266
-1.28204917 1.26941786
-0.92028476 -1.28204917
-0.57030841 -0.92028476
0.26856221 -0.57030841
0.72793155 0.26856221
0.33873058 0.72793155
1.05774569 0.33873058
-0.46473716 1.05774569
1.01495083 -0.46473716
-0.58159642 1.01495083
0.83092910 -0.58159642
-0.14109936 0.83092910
1.22140609 -0.14109936
-1.13089578 1.22140609
-0.42407354 -1.13089578
0.40895756 -0.42407354
0.63863314 0.40895756
0.55169406 0.63863314
0.76547707 0.55169406
0.34517102 0.76547707
1.06284287 0.34517102
-0.47793765 1.06284287
0.99905871 -0.47793765
-0.54074691 0.99905871
0.89034750 -0.54074691
-0.27203021 0.89034750
1.16350364 -0.27203021
-0.97684608 1.16350364
0.01313153 -0.97684608
0.70670476 0.01313153
0.30473518 0.70670476
1.08200248 0.30473518
-0.54760057 1.08200248
0.90478781 -0.54760057
-0.31037754 0.90478781
1.13656844 -0.31037754
-0.90161620 1.13656844
0.20289405 -0.90161620
0.67188275 0.20289405
0.42887122 0.67188275
0.94406209 0.42887122
-0.11909316 0.94406209
1.26336217 -0.11909316
-1.27024553 1.26336217
-0.87992452 -1.27024553
-0.46504769 -0.87992452
0.43324555 -0.46504769
0.59770330 0.43324555
0.62982474 0.59770330
0.62396011 0.62982474
0.64389072 0.62396011
0.60675468 0.64389072
0.67775548 0.60675468
0.53893292 0.67775548
0.79669848 0.53893292
0.27306002 0.79669848
1.13462306 0.27306002
-0.72039927 1.13462306
0.61382177 -0.72039927
0.25639219 0.61382177
1.09211479 0.25639219
-0.59288295 1.09211479
0.83552017 -0.59288295
-0.15519641 0.83552017
1.21693575 -0.15519641
-1.11986460 1.21693575
-0.39065469 -1.11986460
0.45038510 -0.39065469
0.59881816 0.45038510
0.63309907 0.59881816
0.61850525 0.63309907
0.65436149 0.61850525
0.58608704 0.65436149
0.71541122 0.58608704
0.45928761 0.71541122
0.91930021 0.45928761
-0.04537175 0.91930021
1.27290803 -0.04537175
-1.28202432 1.27290803
-0.91914849 -1.28202432
-0.56737481 -0.91914849
0.27357560 -0.56737481
0.72500650 0.27357560
0.34618448 0.72500650
1.04972078 0.34618448
-0.43882385 1.04972078
1.04532331 -0.43882385
-0.66142831 1.04532331
0.70111462 -0.66142831
0.11338511 0.70111462
1.19233573 0.11338511
-0.95631476 1.19233573
0.07734763 -0.95631476
0.70472985 0.07734763
0.32790246 0.70472985
1.06089093 0.32790246
-0.47731464 1.06089093
0.99930631 -0.47731464
-0.54125272 0.99930631
0.88965558 -0.54125272
-0.27045768 0.88965558
1.16449037 -0.27045768
-0.97959026 1.16449037
0.00591120 -0.97959026
0.70607400 0.00591120
0.30381666 0.70607400
1.08259581 0.30381666
-0.54967416 1.08259581
0.90178039 -0.54967416
-0.30339326 0.90178039
1.14166766 -0.30339326
-0.91578503 1.14166766
0.16837318 -0.91578503
0.68557515 0.16837318
0.39249335 0.68557515
0.99000111 0.39249335
-0.25439507 0.99000111
1.20639674 -0.25439507
-1.11386886 1.20639674
-0.37506633 -1.11386886
0.46889469 -0.37506633
0.57967298 0.46889469
0.67023933 0.57967298
0.54499283 0.67023933
0.78524775 0.54499283
0.30023821 0.78524775
1.10937415 0.30023821
-0.63292393 1.10937415
0.77198247 -0.63292393
-0.02421688 0.77198247
1.23077370 -0.02421688
-1.12799052 1.23077370
-0.41207556 -1.12799052
0.42387407 -0.41207556
0.62484041 0.42387407
0.58056646 0.62484041
0.71557175 0.58056646
0.45730984 0.71557175
0.92188631 0.45730984
-0.05263117 0.92188631
1.27268784 -0.05263117
-1.28341742 1.27268784
-0.92421802 -1.28341742
-0.58087575 -0.92421802
0.25035131 -0.58087575
0.73799119 0.25035131
0.31262200 0.73799119
1.08457184 0.31262200
-0.55302789 1.08457184
0.89719576 -0.55302789
-0.29285269 0.89719576
1.14909095 -0.29285269
-0.93642982 1.14909095
0.11706616 -0.93642982
0.69988477 0.11706616
0.34934567 0.69988477
1.03910608 0.34934567
-0.40683431 1.03910608
1.08001200 -0.40683431
-0.75504659 1.08001200
0.52587010 -0.75504659
0.38633092 0.52587010
0.94880882 0.38633092
-0.14443418 0.94880882
1.25543692 -0.14443418
-1.24990086 1.25543692
-0.81052196 -1.24990086
-0.29469446 -0.81052196
0.63526066 -0.29469446
0.34661312 0.63526066
1.02238129 0.34661312
-0.35938495 1.02238129
1.12589382 -0.35938495
-0.88250714 1.12589382
0.24742175 -0.88250714
0.64954333 0.24742175
0.48355737 0.64954333
0.86750417 0.48355737
0.09147833 0.86750417
1.24853565 0.09147833
-1.15493428 1.24853565
-0.49286178 -1.15493428
0.31344189 -0.49286178
0.71459732 0.31344189
0.37912351 0.71459732
1.01315071 0.37912351
-0.32332705 1.01315071
1.15758868 -0.32332705
-0.97301427 1.15758868
0.02181712 -0.97301427
0.70742934 0.02181712
0.30590636 0.70742934
1.08121862 0.30590636
-0.54487527 1.08121862
0.90872090 -0.54487527
-0.31954572 0.90872090
1.12966301 -0.31954572
-0.88245765 1.12966301
0.24867479 -0.88245765
0.64868789 0.24867479
0.48548806 0.64868789
0.86462824 0.48548806
0.09903162 0.86462824
1.24565831 0.09903162
-1.14262098 1.24565831
-0.45411830 -1.14262098
0.36850090 -0.45411830
0.67365443 0.36850090
0.47521587 0.67365443
0.88593416 0.47521587
0.04373369 0.88593416
1.26310256 0.04373369
-1.22047920 1.26310256
-0.70646649 -1.22047920
-0.06487663 -0.70646649
0.78216748 -0.06487663
0.12403665 0.78216748
1.21311112 0.12403665
-1.02308303 1.21311112
-0.10144510 -1.02308303
0.67866754 -0.10144510
0.32474099 0.67866754
1.05596087 0.32474099
-0.46365240 1.05596087
1.01582529 -0.46365240
-0.58375715 1.01582529
0.82766621 -0.58375715
-0.13417103 0.82766621
1.22309725 -0.13417103
-1.13460494 1.22309725
-0.43533055 -1.13460494
0.39430075 -0.43533055
0.65173852 0.39430075
0.52362189 0.65173852
0.81166972 0.52362189
0.23475574 0.81166972
1.16634655 0.23475574
-0.83408327 1.16634655
0.37593110 -0.83408327
0.55192115 0.37593110
0.68631559 0.55192115
0.50613563 0.68631559
0.84725210 0.50613563
0.14687013 0.84725210
1.22397646 0.14687013
-1.05330469 1.22397646
-0.18603814 -1.05330469
0.63555433 -0.18603814
0.37868753 0.63555433
0.98990035 0.37868753
-0.25825754 0.98990035
1.20359437 -0.25825754
-1.10557243 1.20359437
-0.35012823 -1.10557243
0.49670258 -0.35012823
0.54956270 0.49670258
0.72618395 0.54956270
0.42658842 0.72618395
0.96308643 0.42658842
-0.17057313 0.96308643
1.24819266 -0.17057313
-1.23235081 1.24819266
-0.75170614 -1.23235081
-0.16079222 -0.75170614
0.73829237 -0.16079222
0.18865647 0.73829237
1.17165994 0.18865647
-0.86530488 1.17165994
0.30324442 -0.86530488
0.61166848 0.30324442
0.56717966 0.61166848
0.73313067 0.56717966
0.41768108 0.73313067
0.97569872 0.41768108
-0.20747887 0.97569872
1.23244314 -0.20747887
-1.18872620 1.23244314
-0.60856502 -1.18872620
0.12489020 -0.60856502
0.79559391 0.12489020
0.15130953 0.79559391
1.20662577 0.15130953
-0.99293119 1.20662577
-0.01828955 -0.99293119
0.70165233 -0.01828955
0.30527074 0.70165233
1.08002939 0.30527074
-0.54146764 1.08002939
0.91354673 -0.54146764
-0.33083497 0.91354673
1.12083153 -0.33083497
-0.85801914 1.12083153
0.30557387 -0.85801914
0.61186871 0.30557387
0.56753551 0.61186871
0.73262544 0.56753551
0.41882460 0.73262544
0.97420797 0.41882460
-0.20306625 0.97420797
1.23453213 -0.20306625
-1.19461728 1.23453213
-0.62759499 -1.19461728
0.09018916 -0.62759499
0.80033379 0.09018916
0.13030891 0.80033379
1.21632756 0.13030891
-1.03214115 1.21632756
-0.12654322 -1.03214115
0.66793919 -0.12654322
0.33743716 0.66793919
1.04097239 0.33743716
-0.41584177 1.04097239
1.07019759 -0.41584177
-0.72820457 1.07019759
0.57866463 -0.72820457
0.31274477 0.57866463
1.03666638 0.31274477
-0.41072463 1.03666638
1.07482731 -0.41072463
-0.74057263 1.07482731
0.55462125 -0.74057263
0.34718159 0.55462125
0.99763730 0.34718159
-0.28923777 0.99763730
1.18216931 -0.28923777
-1.04330530 1.18216931
-0.16922955 -1.04330530
0.64691431 -0.16922955
0.36333376 0.64691431
1.00925831 0.36333376
-0.31704314 1.00925831
1.16205460 -0.31704314
-0.98563220 1.16205460
-0.01144278 -0.98563220
0.70412703 -0.01144278
0.30245434 0.70412703
1.08316803 0.30245434
-0.55181786 1.08316803
0.89864628 -0.55181786
-0.29613655 0.89864628
1.14681829 -0.29613655
-0.93011002 1.14681829
0.13289899 -0.93011002
0.69624000 0.13289899
0.36121951 0.69624000
1.02620066 0.36121951
-0.36595705 1.02620066
1.12036581 -0.36595705
-0.86709449 1.12036581
0.28351576 -0.86709449
0.62733800 0.28351576
0.53408058 0.62733800
0.78886251 0.53408058
0.28899850 0.78886251
1.11973057 0.28899850
-0.66861561 1.11973057
0.71005360 -0.66861561
0.09356875 0.71005360
1.20075893 0.09356875
-0.99048018 1.20075893
-0.01324369 -0.99048018
0.70261039 -0.01324369
0.30490098 0.70261039
1.08063267 0.30490098
-0.54340345 1.08063267
0.91078757 -0.54340345
-0.32436862 0.91078757
1.12593527 -0.32436862
-0.87213290 1.12593527
0.27291847 -0.87213290
0.63408184 0.27291847
0.51899185 0.63408184
0.81313100 0.51899185
0.23004273 0.81313100
1.16985178 0.23004273
-0.84696163 1.16985178
0.34667393 -0.84696163
0.57765557 0.34667393
0.63684183 0.57765557
0.60550214 0.63684183
0.67776657 0.60550214
0.53853612 0.67776657
0.79730036 0.53853612
0.27159783 0.79730036
1.13591858 0.27159783
-0.72495607 1.13591858
0.60498975 -0.72495607
0.27009554 0.60498975
1.07936468 0.27009554
-0.55001071 1.07936468
0.90029292 -0.55001071
-0.29974148 0.90029292
1.14430494 -0.29974148
-0.92312975 1.14430494
0.15025553 -0.92312975
0.69145366 0.15025553
0.37572523 0.69145366
1.00979887 0.37572523
-0.31485370 1.00979887
1.16415367 -0.31485370
-0.99181138 1.16415367
-0.02791964 -0.99181138
0.70136528 -0.02791964
0.30294556 0.70136528
1.08192317 0.30294556
-0.54789717 1.08192317
0.90430911 -0.54789717
-0.30925411 0.90430911
1.13739939 -0.30925411
-0.90392455 1.13739939
0.19730839 -0.90392455
0.67431979 0.19730839
0.42260246 0.67431979
0.95226596 0.42260246
-0.14275391 0.95226596
1.25714964 -0.14275391
-1.25542147 1.25714964
-0.82937141 -1.25542147
-0.33962616 -0.82937141
0.58970428 -0.33962616
0.41126056 0.58970428
0.94012193 0.41126056
-0.11398277 0.94012193
1.26384768 -0.11398277
-1.27043016 1.26384768
-0.88043562 -1.27043016
-0.46636269 -0.88043562
0.43137750 -0.46636269
0.59957003 0.43137750
0.62613534 0.59957003
0.63100737 0.62613534
0.63040218 0.63100737
0.63293253 0.63040218
0.62827563 0.63293253
0.63725739 0.62827563
0.61994691 0.63725739
0.65310937 0.61994691
0.58881148 0.65310937
0.71055426 0.58881148
0.46980114 0.71055426
0.90416793 0.46980114
-0.00358716 0.90416793
1.27123236 -0.00358716
-1.26352056 1.27123236
-0.85370818 -1.26352056
-0.39940088 -0.85370818
0.52055806 -0.39940088
0.50080677 0.52055806
0.80503703 0.50080677
0.24292356 0.80503703
1.15889451 0.24292356
-0.80737402 1.15889451
0.43507443 -0.80737402
0.49278213 0.43507443
0.79055441 0.49278213
0.27286786 0.79055441
1.13292670 0.27286786
-0.71507172 1.13292670
0.62401942 -0.71507172
0.24031815 0.62401942
1.10635189 0.24031815
-0.64152485 1.10635189
0.75572978 -0.64152485
0.00796404 0.75572978
1.22663014 0.00796404
-1.10408088 1.22663014
-0.33860339 -1.10408088
0.50826257 -0.33860339
0.53675580 0.50826257
0.74912926 0.53675580
0.37535422 0.74912926
1.02749167 0.37535422
-0.36542852 1.02749167
1.12129430 -0.36542852
-0.86984982 1.12129430
0.27709409 -0.86984982
0.63155146 0.27709409
0.52472808 0.63155146
0.80399006 0.52472808
0.25245840 0.80399006
1.15196768 0.25245840
-0.78210382 1.15196768
0.48922936 -0.78210382
0.43028534 0.48922936
0.88756514 0.43028534
0.02620497 0.88756514
1.26530816 0.02620497
-1.23354515 1.26530816
-0.75069465 -1.23354515
-0.15902299 -0.75069465
0.73938797 -0.15902299
0.18692071 0.73938797
1.17290130 0.18692071
-0.86990022 1.17290130
0.29245344 -0.86990022
0.61928931 0.29245344
0.55080908 0.61928931
0.76103989 0.55080908
0.35438832 0.76103989
1.05248445 0.35438832
-0.44449643 1.05248445
1.03913743 -0.44449643
-0.64507816 1.03913743
0.72916507 -0.64507816
0.06212218 0.72916507
1.21334669 0.06212218
-1.04245761 1.21334669
-0.15740101 -1.04245761
0.65257761 -0.15740101
0.35657915 0.65257761
1.01776512 0.35657915
-0.34321043 1.01776512
1.14041878 -0.34321043
-0.92374011 1.14041878
0.14751152 -0.92374011
0.69241446 0.14751152
0.37304056 0.69241446
1.01290137 0.37304056
-0.32444470 1.01290137
1.15650031 -0.32444470
-0.96982355 1.15650031
0.03016928 -0.96982355
0.70777867 0.03016928
0.30771987 0.70777867
1.07976548 0.30771987
-0.53993491 1.07976548
0.91578805 -0.53993491
-0.33611533 0.91578805
1.11657350 -0.33611533
-0.84626552 1.11657350
0.33234058 -0.84626552
0.59148998 0.33234058
0.60989762 0.59148998
0.65668185 0.60989762
0.57924581 0.65668185
0.72726856 0.57924581
0.43328635 0.72726856
0.95534868 0.43328635
-0.14778164 0.95534868
1.25602943 -0.14778164
-1.25298838 1.25602943
-0.82116300 -1.25298838
-0.31992866 -0.82116300
0.61035501 -0.31992866
0.38247486 0.61035501
0.97830468 0.38247486
-0.22516960 0.97830468
1.22250951 -0.22516960
-1.15989220 1.22250951
-0.51673702 -1.15989220
0.27820833 -0.51673702
0.73661907 0.27820833
0.32381179 0.73661907
1.07419002 0.32381179
-0.51829434 1.07419002
0.94617637 -0.51829434
-0.40883793 0.94617637
1.04984508 -0.40883793
-0.66569596 1.04984508
0.69454198 -0.66569596
0.12494723 0.69454198
1.18650606 0.12494723
-0.93343110 1.18650606
0.13614074 -0.93343110
0.69402265 0.13614074
0.36650781 0.69402265
1.02014762 0.36650781
-0.34702930 1.02014762
1.13744322 -0.34702930
-0.91539669 1.13744322
0.16810143 -0.91539669
0.68581967 0.16810143
0.39194236 0.68581967
0.99067956 0.39194236
-0.25644167 0.99067956
1.20513661 -0.25644167
-1.11022844 1.20513661
-0.36410908 -1.11022844
0.48132588 -0.36410908
0.56642283 0.48132588
0.69522901 0.56642283
0.49324612 0.69522901
0.86796027 0.49324612
0.09327680 0.86796027
1.24820729 0.09327680
-1.15324699 1.24820729
-0.48750787 -1.15324699
0.32129641 -0.48750787
0.70922370 0.32129641
0.39219137 0.70922370
0.99742742 0.39219137
-0.27514862 0.99742742
1.19323876 -0.27514862
-1.07589081 1.19323876
-0.26258582 -1.07589081
0.58070092 -0.26258582
0.44912527 0.58070092
0.89181136 0.44912527
0.02127908 0.89181136
1.26690949 0.02127908
-1.24069979 1.26690949
-0.77499751 -1.24069979
-0.21307953 -0.77499751
0.70393671 -0.21307953
0.24233849 0.70393671
1.12896189 0.24233849
-0.71167538 1.12896189
0.62961398 -0.71167538
0.23151811 0.62961398
1.11384330 0.23151811
-0.66745023 1.11384330
0.71046725 -0.66745023
0.09309573 0.71046725
1.20100663 0.09309573
-0.99145499 1.20100663
-0.01587420 -0.99145499
0.70221072 -0.01587420
0.30489789 0.70221072
1.08051540 0.30489789
-0.54304958 1.08051540
0.91129064 -0.54304958
-0.32554576 0.91129064
1.12501514 -0.32554576
-0.86958640 1.12501514
0.27885182 -0.86958640
0.63026240 0.27885182
0.52753257 0.63026240
0.79947187 0.52753257
0.26344240 0.79947187
1.14267890 0.26344240
-0.74896838 1.14267890
0.55746859 -0.74896838
0.34022977 0.55746859
1.00518176 0.34022977
-0.31247760 1.00518176
1.16485538 -0.31247760
-0.99338656 1.16485538
-0.03208699 -0.99338656
0.70054263 -0.03208699
0.30330994 0.70054263
1.08136710 0.30330994
-0.54610374 1.08136710
0.90688912 -0.54610374
-0.31525814 0.90688912
1.13292396 -0.31525814
-0.89150083 1.13292396
0.22719397 -0.89150083
0.66028581 0.22719397
0.45778990 0.66028581
0.90468552 0.45778990
-0.00850128 0.90468552
1.27130448 -0.00850128
-1.26525148 1.27130448
-0.85981449 -1.26525148
-0.41456879 -0.85981449
0.50144146 -0.41456879
0.52360841 0.50144146
0.76660037 0.52360841
0.33433595 0.76660037
1.07348737 0.33433595
-0.51302441 1.07348737
0.95357455 -0.51302441
-0.42693351 0.95357455
1.03089125 -0.42693351
-0.61591153 1.03089125
0.77818156 -0.61591153
-0.03256661 0.77818156
1.23196965 -0.03256661
-1.13461889 1.23196965
-0.43271314 -1.13461889
0.39747741 -0.43271314
0.64900245 0.39747741
0.52955737 0.64900245
0.80209732 0.52955737
0.25816305 0.80209732
1.14732178 0.25816305
-0.76543725 1.14732178
0.52394469 -0.76543725
0.38604358 0.52394469
0.94854190 0.38604358
-0.14381136 0.94854190
1.25560818 -0.14381136
-1.25031607 1.25560818
-0.81192393 -1.25031607
-0.29800348 -0.81192393
0.63209431 -0.29800348
0.35123845 0.63209431
1.01691247 0.35123845
-0.34238382 1.01691247
1.14095639 -0.34238382
-0.92520922 1.14095639
0.14386998 -0.92520922
0.69345923 0.14386998
0.36992100 0.69345923
1.01645960 0.36992100
-0.33548987 1.01645960
1.14736305 -0.33548987
-0.94366571 1.14736305
0.09750196 -0.94366571
0.70359100 0.09750196
0.33619417 0.70359100
1.05284017 0.33619417
-0.45100315 1.05284017
1.03108667 -0.45100315
-0.62369657 1.03108667
0.76472963 -0.62369657
-0.00584494 0.76472963
1.22937106 -0.00584494
-1.11764797 1.22937106
-0.37998045 -1.11764797
0.46256641 -0.37998045
0.58645111 0.46256641
0.65727505 0.58645111
0.57112064 0.65727505
0.74053222 0.57112064
0.40359303 0.74053222
0.99411740 0.40359303
-0.26249925 0.99411740
1.20176702 -0.26249925
-1.10069133 1.20176702
-0.33559986 -1.10069133
0.51211442 -0.33559986
0.53215438 0.51211442
0.75717072 0.53215438
0.35701581 0.75717072
1.04870681 0.35701581
-0.43259562 1.04870681
1.05261748 -0.43259562
-0.68098368 1.05261748
0.66655096 -0.68098368
0.17369863 0.66655096
1.15772559 0.17369863
-0.82435037 1.15772559
0.39594274 -0.82435037
0.53321597 0.39594274
0.72073584 0.53321597
0.43272058 0.72073584
0.95407481 0.43272058
-0.14454606 0.95407481
1.25697145 -0.14454606
-1.25533194 1.25697145
-0.82911017 -1.25533194
-0.33899273 -0.82911017
0.59038445 -0.33899273
0.41032687 0.59038445
0.94139994 0.41032687
-0.11762933 0.94139994
1.26304866 -0.11762933
-1.26869748 1.26304866
-0.87451603 -1.26869748
-0.45129884 -0.87451603
0.45250629 -0.45129884
0.57794363 0.45250629
0.66812551 0.57794363
0.54843471 0.66812551
0.77934477 0.54843471
0.31420084 0.77934477
1.09559239 0.31420084
-0.58619151 1.09559239
0.84760903 -0.58619151
-0.18167496 0.84760903
1.20807460 -0.18167496
-1.09772443 1.20807460
-0.32457612 -1.09772443
0.52319315 -0.32457612
0.51940367 0.52319315
0.77926571 0.51940367
0.30566404 0.77926571
1.10297701 0.30566404
-0.61148238 1.10297701
0.80741812 -0.61148238
-0.09613835 0.80741812
1.22928582 -0.09613835
-1.14444259 1.22928582
-0.46486263 -1.14444259
0.35413105 -0.46486263
0.68496889 0.35413105
0.44938399 0.68496889
0.92276631 0.44938399
-0.05728154 0.92276631
1.27223625 -0.05728154
-1.28320357 1.27223625
-0.92358507 -1.28320357
-0.57917421 -0.92358507
0.25330461 -0.57917421
0.73641922 0.25330461
0.31675281 0.73641922
1.08046049 0.31675281
-0.53932697 1.08046049
0.91691514 -0.53932697
-0.33882481 0.91691514
1.11435139 -0.33882481
-0.84013806 1.11435139
0.34614067 -0.84013806
0.58021987 0.34614067
0.63252506 0.58021987
0.61394284 0.63252506
0.66206139 0.61394284
0.57052746 0.66206139
0.74291621 0.57052746
0.39846395 0.74291621
1.00059193 0.39846395
-0.28211871 1.00059193
1.18875022 -0.28211871
-1.06301354 1.18875022
-0.22537185 -1.06301354
0.60998648 -0.22537185
0.41147154 0.60998648
0.94596359 0.41147154
-0.12934449 0.94596359
1.26036708 -0.12934449
-1.26273859 1.26036708
-0.85420214 -1.26273859
-0.40034738 -0.85420214
0.51935012 -0.40034738
0.50228142 0.51935012
0.80260377 0.50228142
0.24884250 0.80260377
1.15408951 0.24884250
-0.79003887 1.15408951
0.47240087 -0.79003887
0.45056073 0.47240087
0.85751330 0.45056073
0.10570753 0.85751330
1.24161028 0.10570753
-1.12652225 1.24161028
-0.40419024 -1.12652225
0.43332568 -0.40419024
0.61586333 0.43332568
0.59899502 0.61586333
0.68244596 0.59899502
0.52767302 0.68244596
0.81491944 0.52767302
0.22857074 0.81491944
1.17133342 0.22857074
-0.85225954 1.17133342
0.33451518 -0.85225954
0.58766157 0.33451518
0.61686999 0.58766157
0.64355846 0.61686999
0.60522651 0.64355846
0.68024876 0.60522651
0.53373423 0.68024876
0.80525350 0.53373423
0.25231379 0.80525350
1.15244890 0.25231379
-0.78369972 1.15244890
0.48587532 -0.78369972
0.43438533 0.48587532
0.88159574 0.43438533
0.04222014 0.88159574
1.26198316 0.04222014
-1.21697607 1.26198316
-0.69484811 -1.21697607
-0.04103228 -0.69484811
0.78918846 -0.04103228
0.11574452 0.78918846
1.21800103 0.11574452
-1.04221374 1.21800103
-0.15529297 -1.04221374
0.65357361 -0.15529297
0.35539027 0.65357361
1.01924895 0.35539027
-0.34779870 1.01924895
1.13642518 -0.34779870
-0.91238666 1.13642518
0.17549836 -0.91238666
0.68316446 0.17549836
0.39925037 0.68316446
0.98178814 0.39925037
-0.22969602 0.98178814
1.22067207 -0.22969602
-1.15496525 1.22067207
-0.50132098 -1.15496525
0.30165861 -0.50132098
0.72220662 0.30165861
0.36028221 0.72220662
1.03493741 0.36028221
-0.39144895 1.03493741
1.09595603 -0.39144895
-0.79900217 1.09595603
0.43502057 -0.79900217
0.49535930 0.43502057
0.78697300 0.49535930
0.28155069 0.78697300
1.12511279 0.28155069
-0.68776511 1.12511279
0.67530466 -0.68776511
0.15521953 0.67530466
1.16886105 0.15521953
-0.86616477 1.16886105
0.30032035 -0.86616477
0.61388133 0.30032035
0.56250570 0.61388133
0.74118667 0.56250570
0.39965095 0.74118667
0.99874677 0.39965095
-0.27659787 0.99874677
1.19251510 -0.27659787
-1.07390853 1.19251510
-0.25683680 -1.07390853
0.58547624 -0.25683680
0.44305356 0.58547624
0.90082784 0.44305356
-0.00317105 0.90082784
1.27023427 -0.00317105
-1.25984447 1.27023427
-0.84102104 -1.25984447
-0.36819628 -0.84102104
0.55789778 -0.36819628
0.45379120 0.55789778
0.87907230 0.45379120
0.05426201 0.87907230
1.25959958 0.05426201
-1.20494893 1.25959958
-0.65478281 -1.20494893
0.03827858 -0.65478281
0.80151381 0.03827858
0.11208944 0.80151381
1.22286448 0.11208944
-1.05992973 1.22286448
-0.20597210 -1.05992973
0.62262677 -0.20597210
0.39547864 0.62262677
0.96782334 0.39547864
-0.19271123 0.96782334
1.23835433 -0.19271123
-1.20474341 1.23835433
-0.66046306 -1.20474341
0.02788094 -0.66046306
0.80077280 0.02788094
0.11063238 0.80077280
1.22309651 0.11063238
-1.06116137 1.22309651
-0.20955989 -1.06116137
0.62017010 -0.20955989
0.39867669 0.62017010
0.96353068 0.39867669
-0.18014492 0.96353068
1.24362613 -0.18014492
-1.21929182 1.24362613
-0.70825373 -1.21929182
-0.06806023 -0.70825373
0.78103881 -0.06806023
0.12555166 0.78103881
1.21224313 0.12555166
-1.01968128 1.21224313
-0.09197695 -1.01968128
0.68225195 -0.09197695
0.32075210 0.68225195
1.06064091 0.32075210
-0.47871718 1.06064091
0.99735408 -0.47871718
-0.53621638 0.99735408
0.89666701 -0.53621638
-0.28648134 0.89666701
1.15409992 -0.28648134
-0.95066968 1.15409992
0.08094799 -0.95066968
0.70562549 0.08094799
0.32721414 0.70562549
1.06179092 0.32721414
-0.48019569 1.06179092
0.99571422 -0.48019569
-0.53208423 0.99571422
0.90235519 -0.53208423
-0.29956811 0.90235519
1.14506908 -0.29956811
-0.92552691 1.14506908
0.14428063 -0.92552691
0.69319826 0.14428063
0.37055082 0.69319826
1.01572840 0.37055082
-0.33322061 1.01572840
1.14926815 -0.33322061
-0.94911038 1.14926815
0.08364572 -0.94911038
0.70547164 0.08364572
0.32832740 0.70547164
1.06072306 0.32832740
-0.47668856 1.06072306
1.00009214 -0.47668856
-0.54326458 1.00009214
0.88683668 -0.54326458
-0.26405038 0.88683668
1.16843936 -0.26405038
-0.99056586 1.16843936
-0.02317720 -0.99056586
0.70207819 -0.02317720
0.30296755 0.70207819
1.08211839 0.30296755
-0.54848202 1.08211839
0.90346998 -0.54848202
-0.30730581 0.90346998
1.13882939 -0.30730581
-0.90789708 1.13882939
0.18766087 -0.90789708
0.67832763 0.18766087
0.41211854 0.67832763
0.96571993 0.41211854
-0.18202541 0.96571993
1.24332943 -0.18202541
-1.21882292 1.24332943
-0.70674221 -1.21882292
-0.06492526 -0.70674221
0.78207593 -0.06492526
0.12422256 0.78207593
1.21301904 0.12422256
-1.02271449 1.21301904
-0.10041720 -1.02271449
0.67906859 -0.10041720
0.32428703 0.67906859
1.05649367 0.32428703
-0.46536432 1.05649367
1.01375857 -0.46536432
-0.57839831 1.01375857
0.83576512 -0.57839831
-0.15142417 0.83576512
1.21862855 -0.15142417
-1.12450500 1.21862855
-0.40472752 -1.12450500
0.43332239 -0.40472752
0.61570614 0.43332239
0.59926505 0.61570614
0.68194580 0.59926505
0.52870940 0.68194580
0.81323665 0.52870940
0.23271742 0.81323665
1.16815064 0.23271742
-0.84059105 1.16815064
0.36121456 -0.84059105
0.56515635 0.36121456
0.66120199 0.56515635
0.55748360 0.66120199
0.76325745 0.55748360
0.35165837 0.76325745
1.05584818 0.35165837
-0.45524404 1.05584818
1.02660847 -0.45524404
-0.61206815 1.02660847
0.78350416 -0.61206815
-0.04305072 0.78350416
1.23245654 -0.04305072
-1.13944398 1.23245654
-0.44792866 -1.13944398
0.37727069 -0.44792866
0.66635496 0.37727069
0.49154070 0.66635496
0.86164932 0.49154070
0.10804684 0.86164932
1.24215103 0.10804684
-1.12770080 1.24215103
-0.40774743 -1.12770080
0.42892861 -0.40774743
0.62010412 0.42892861
0.59033782 0.62010412
0.69813300 0.59033782
0.49475579 0.69813300
0.86674328 0.49475579
0.09668525 0.86674328
1.24693573 0.09668525
-1.14778264 1.24693573
-0.47028626 -1.14778264
0.34602838 -0.47028626
0.69128423 0.34602838
0.43478508 0.69128423
0.94273197 0.43478508
-0.11380548 0.94273197
1.26468723 -0.11380548
-1.27334895 1.26468723
-0.89057840 -1.27334895
-0.49238653 -0.89057840
0.39340419 -0.49238653
0.63561044 0.39340419
0.55242037 0.63561044
0.76344756 0.55242037
0.34973306 0.76344756
1.05779577 0.34973306
-0.46158472 1.05779577
1.01905410 -0.46158472
-0.59233517 1.01905410
0.81451090 -0.59233517
-0.10649975 0.81451090
1.22847419 -0.10649975
-1.14475831 1.22847419
-0.46611795 -1.14475831
0.35240019 -0.46611795
0.68630437 0.35240019
0.44630090 0.68630437
0.92703302 0.44630090
-0.06925603 0.92703302
1.27139495 -0.06925603
-1.28379997 1.27139495
-0.92598082 -1.28379997
-0.58555667 -0.92598082
0.24217850 -0.58555667
0.74222240 0.24217850
0.30140181 0.74222240
1.09548645 0.30140181
-0.58970623 1.09548645
0.84179112 -0.58970623
-0.16896908 0.84179112
1.21256657 -0.16896908
-1.10913547 1.21256657
-0.35848413 -1.10913547
0.48734414 -0.35848413
0.55994873 0.48734414
0.70724363 0.55994873
0.46771364 0.70724363
0.90591462 0.46771364
-0.00863971 0.90591462
1.27166988 -0.00863971
-1.26659392 1.27166988
-0.86446325 -1.26659392
-0.42619357 -0.86446325
0.48636368 -0.42619357
0.54097245 0.48636368
0.73619743 0.54097245
0.40351042 0.73619743
0.99291031 0.40351042
-0.25916612 0.99291031
1.20383919 -0.25916612
-1.10667014 1.20383919
-0.35345455 -1.10667014
0.49309679 -0.35345455
0.55356141 0.49309679
0.71892670 0.55356141
0.44247058 0.71892670
0.94158571 0.44247058
-0.10847593 0.94158571
1.26600187 -0.10847593
-1.27640782 1.26600187
-0.90110314 -1.27640782
-0.51970396 -0.90110314
0.35153998 -0.51970396
0.67107632 0.35153998
0.47498120 0.67107632
0.88547290 0.47498120
0.04480721 0.88547290
1.26283111 0.04480721
-1.21919721 1.26283111
-0.70216925 -1.21919721
-0.05601749 -0.70216925
0.78495608 -0.05601749
0.12057628 0.78495608
1.21513273 0.12057628
-1.03099368 1.21513273
-0.12358734 -1.03099368
0.66931853 -0.12358734
0.33574158 0.66931853
1.04298419 0.33574158
-0.42221995 1.04298419
1.06331769 -0.42221995
-0.70956831 1.06331769
0.61411325 -0.70956831
0.25914039 0.61411325
1.09021874 0.25914039
-0.58626554 1.09021874
0.84587543 -0.58626554
-0.17758700 0.84587543
1.20961063 -0.17758700
-1.10169713 1.20961063
-0.33634799 -1.10169713
0.51110890 -0.33634799
0.53337037 0.51110890
0.75505514 0.53337037
0.36185955 0.75505514
1.04319728 0.36185955
-0.41500692 1.04319728
1.07183615 -0.41500692
-0.73286789 1.07183615
0.56961736 -0.73286789
0.32589012 0.56961736
1.02219909 0.32589012
-0.36508032 1.02219909
1.12006263 -0.36508032
-0.86588050 1.12006263
0.28637014 -0.86588050
0.62542485 0.28637014
0.53829230 0.62542485
0.78196541 0.53829230
0.30542982 0.78196541
1.10398730 0.30542982
-0.61467419 1.10398730
0.80224209 -0.61467419
-0.08543157 0.80224209
1.23045465 -0.08543157
-1.14525558 1.23045465
-0.46711809 -1.14525558
0.35094429 -0.46711809
0.68743792 0.35094429
0.44368404 0.68743792
0.93063364 0.44368404
-0.07940534 0.93063364
1.27036280 -0.07940534
-1.28317190 1.27036280
-0.92403334 -1.28317190
-0.58032424 -0.92403334
0.25130328 -0.58032424
0.73748805 0.25130328
0.31394691 0.73748805
1.08325869 0.31394691
-0.54864507 1.08325869
0.90356162 -0.54864507
-0.30758657 0.90356162
1.13861519 -0.30758657
-0.90729834 1.13861519
0.18911817 -0.90729834
0.67773854 0.18911817
0.41367410 0.67773854
0.96374479 0.41367410
-0.17622340 0.96374479
1.24564687 -0.17622340
-1.22515761 1.24564687
-0.72772158 -1.22515761
-0.10895747 -0.72772158
0.76506310 -0.10895747
0.14786259 0.76506310
1.19891025 0.14786259
-0.96798133 1.19891025
0.04789009 -0.96798133
0.70639476 0.04789009
0.31577605 0.70639476
1.07231811 0.31577605
-0.51507975 1.07231811
0.95026542 -0.51507975
-0.41873004 0.95026542
1.03961084 -0.41873004
-0.63872598 1.03961084
0.74072402 -0.63872598
0.04024131 0.74072402
1.21995010 0.04024131
-1.07151714 1.21995010
-0.24142354 -1.07151714
0.59694540 -0.24142354
0.42869160 0.59694540
0.92179654 0.42869160
-0.06098492 0.92179654
1.27133214 -0.06098492
-1.28109504 1.27133214
-0.91628666 -1.28109504
-0.55974224 -0.91628666
0.28647808 -0.55974224
0.71717976 0.28647808
0.36585788 0.71717976
1.02776114 0.36585788
-0.36905279 1.02776114
1.11764840 -0.36905279
-0.85950896 1.11764840
0.30103662 -0.85950896
0.61527505 0.30103662
0.56032224 0.61527505
0.74503710 0.56032224
0.39098429 0.74503710
1.00949493 0.39098429
-0.30941672 1.00949493
1.16881429 -0.30941672
-1.00540258 1.16881429
-0.06452381 -1.00540258
0.69255057 -0.06452381
0.30916604 0.69255057
1.07394808 0.30916604
-0.52196044 1.07394808
0.94076464 -0.52196044
-0.39564147 0.94076464
1.06308435 -0.39564147
-0.70090010 1.06308435
0.63115998 -0.70090010
0.23202188 0.63115998
1.11398018 0.23202188
-0.66772600 1.11398018
0.70999283 -0.66772600
0.09395645 0.70999283
1.20063891 0.09395645
-0.98996038 1.20063891
-0.01183850 -0.98996038
0.70281568 -0.01183850
0.30491863 0.70281568
1.08067919 0.30491863
-0.54353892 1.08067919
0.91059537 -0.54353892
-0.32391919 0.91059537
1.12628552 -0.32391919
-0.87310245 1.12628552
0.27065461 -0.87310245
0.63551378 0.27065461
0.51576752 0.63551378
0.81823154 0.51576752
0.21742625 0.81823154
1.17928562 0.21742625
-0.88177252 1.17928562
0.26525380 -0.88177252
0.63696484 0.26525380
0.51156225 0.63696484
0.82471513 0.51156225
0.20125160 0.82471513
1.19071145 0.20125160
-0.92453578 1.19071145
0.16054047 -0.92453578
0.68655673 0.16054047
0.38825795 0.68655673
0.99492509 0.38825795
-0.26934893 0.99492509
1.19690914 -0.26934893
-1.08643277 1.19690914
-0.29339788 -1.08643277
0.55355493 -0.29339788
0.48298835 0.55355493
0.83947763 0.48298835
0.15828473 0.83947763
1.21676761 0.15828473
-1.02524736 1.21676761
-0.10655473 -1.02524736
0.67653031 -0.10655473
0.32726301 0.67653031
1.05301759 0.32726301
-0.45420556 1.05301759
1.02708151 -0.45420556
-0.61311667 1.02708151
0.78184759 -0.61311667
-0.03973491 0.78184759
1.23234387 -0.03973491
-1.13806045 1.23234387
-0.44355105 -1.13806045
0.38314932 -0.44355105
0.66140992 0.38314932
0.50249648 0.66140992
0.84491918 0.50249648
0.15130515 0.84491918
1.22142521 0.15130515
-1.04323980 1.22142521
-0.15726143 -1.04323980
0.65240444 -0.15726143
0.35693740 0.65240444
1.01735530 0.35693740
-0.34193531 1.01735530
1.14151893 -0.34193531
-0.92687225 1.14151893
0.13972665 -0.92687225
0.69460537 0.13972665
0.36645072 0.69460537
1.02038103 0.36645072
-0.34771321 1.02038103
1.13684804 -0.34771321
-0.91370682 1.13684804
0.17225019 -0.91370682
0.68434977 0.17225019
0.39600660 0.68434977
0.98575522 0.39600660
-0.24159670 0.98575522
1.21401001 -0.24159670
-1.13582744 1.21401001
-0.44194256 -1.13582744
0.38581326 -0.44194256
0.65902462 0.38581326
0.50770515 0.65902462
0.83683705 0.50770515
0.17189679 0.83683705
1.20968321 0.17189679
-0.99709781 1.20968321
-0.02898071 -0.99709781
0.69969482 -0.02898071
0.30590381 0.69969482
1.07890045 0.30590381
-0.53786552 1.07890045
0.91865109 -0.53786552
-0.34284742 0.91865109
1.11103324 -0.34284742
-0.83100702 1.11103324
0.36650824 -0.83100702
0.56263829 0.36650824
0.66676589 0.56263829
0.54638403 0.66676589
0.78208006 0.54638403
0.30760630 0.78208006
1.10215372 0.30760630
-0.60835807 1.10215372
0.81250675 -0.60835807
-0.10674153 0.81250675
1.22780077 -0.10674153
-1.14251508 1.22780077
-0.45913676 -1.14251508
0.36211629 -0.45913676
0.67867948 0.36211629
0.46378672 0.67867948
0.90246648 0.46378672
-0.00108803 0.90246648
1.27073829 -0.00108803
-1.26101252 1.27073829
-0.84499212 -1.26101252
-0.37792011 -0.84499212
0.54654932 -0.37792011
0.46842135 0.54654932
0.85677881 0.46842135
0.11282852 0.85677881
1.23921126 0.11282852
-1.11605381 1.23921126
-0.37204316 -1.11605381
0.47140130 -0.37204316
0.57728019 0.47140130
0.67486701 0.57728019
0.53556039 0.67486701
0.80090520 0.53556039
0.26263933 0.80090520
1.14370037 0.26263933
-0.75247897 1.14370037
0.55039568 -0.75247897
0.35014674 0.55039568
0.99347487 0.35014674
-0.27674521 0.99347487
1.19081939 -0.27674521
-1.06829469 1.19081939
-0.24050916 -1.06829469
0.59852908 -0.24050916
0.42631538 0.59852908
0.92511600 0.42631538
-0.07028085 0.92511600
1.27061964 -0.07028085
-1.28134824 1.27061964
-0.91740876 -1.28134824
-0.56269884 -0.91740876
0.28149539 -0.56269884
0.72025483 0.28149539
0.35817479 0.72025483
1.03647160 0.35817479
-0.39653029 1.03647160
1.09081070 -0.39653029
-0.78477426 1.09081070
0.46502431 -0.78477426
0.46182107 0.46502431
0.84091710 0.46182107
0.14854811 0.84091710
1.22138197 0.14854811
-1.04391906 1.22138197
-0.15925921 -1.04391906
0.65131539 -0.15925921
0.35832581 0.65131539
1.01563828 0.35832581
-0.33663182 1.01563828
1.14604211 -0.33663182
-0.93976706 1.14604211
0.10738566 -0.93976706
0.70192553 0.10738566
0.34243646 0.70192553
1.04640983 0.34243646
-0.43023202 1.04640983
1.05478352 -0.43023202
-0.68666520 1.05478352
0.65632232 -0.68666520
0.19093786 0.65632232
1.14585652 0.19093786
-0.78090067 1.14585652
0.49002876 -0.78090067
0.42955034 0.49002876
0.88868973 0.42955034
0.02318788 0.88868973
1.26585417 0.02318788
-1.23638513 1.26585417
-0.76035122 -1.23638513
-0.18030310 -0.76035122
0.72638175 -0.18030310
0.20722645 0.72638175
1.15779460 0.20722645
-0.81451573 1.15779460
0.41852815 -0.81451573
0.51041314 0.41852815
0.76082824 0.51041314
0.34272048 0.76082824
1.06380821 0.34272048
-0.48154693 1.06380821
0.99450004 -0.48154693
-0.52910653 0.99450004
0.90641481 -0.52910653
-0.30895488 0.90641481
1.13829008 -0.30895488
-0.90667249 1.13829008
0.19061002 -0.90667249
0.67713320 0.19061002
0.41526988 0.67713320
0.96171125 0.41526988
-0.17026298 0.96171125
1.24792810 -0.17026298
-1.23133325 1.24792810
-0.74827579 -1.23133325
-0.15328329 -0.74827579
0.74262319 -0.15328329
0.18193013 0.74262319
1.17644896 0.18193013
-0.88306597 1.17644896
0.26120698 -0.88306597
0.63955949 0.26120698
0.50571122 0.63955949
0.83382648 0.50571122
0.17834013 0.83382648
1.20562066 0.17834013
-0.98142760 1.20562066
0.01320600 -0.98142760
0.70532756 0.01320600
0.30748004 0.70532756
1.07923670 0.30748004
-0.53840858 1.07923670
0.91793369 -0.53840858
-0.34116574 0.91793369
1.11242842 -0.34116574
-0.83484552 1.11242842
0.35797467 -0.83484552
0.57014213 0.35797467
0.65230553 0.57014213
0.57533914 0.65230553
0.73227048 0.57533914
0.42189366 0.73227048
0.97048919 0.42189366
-0.19202087 0.97048919
1.23952594 -0.19202087
-1.20860063 1.23952594
-0.67314389 -1.20860063
0.00304804 -0.67314389
0.79804383 0.00304804
0.10929088 0.79804383
1.22269085 0.10929088
-1.06017482 1.22269085
-0.20675166 -1.06017482
0.62210280 -0.20675166
0.39615784 0.62210280
0.96691339 0.39615784
-0.19004275 0.96691339
1.23951127 -0.19004275
-1.20795629 1.23951127
-0.67096839 -1.20795629
0.00733509 -0.67096839
0.79863416 0.00733509
0.10925740 0.79863416
1.22287819 0.10925740
-1.06082629 1.22287819
-0.20862992 -1.06082629
0.62081509 -0.20862992
0.39783510 0.62081509
0.96466266 0.39783510
-0.18345314 0.96466266
1.24228172 -0.18345314
-1.21560537 1.24228172
-0.69609048 -1.21560537
-0.04304035 -0.69609048
0.78857940 -0.04304035
0.11648745 0.78857940
1.21757676 0.11648745
-1.04054421 1.21757676
-0.15055213 -1.04054421
0.65610442 -0.15055213
0.35217216 0.65610442
1.02319601 0.35217216
-0.36005045 1.02319601
1.12546795 -0.36005045
-0.88136448 1.12546795
0.25011571 -0.88136448
0.64800964 0.25011571
0.48715162 0.64800964
0.86215951 0.48715162
0.10549886 0.86215951
1.24306584 0.10549886
-1.13164810 1.24306584
-0.41995865 -1.13164810
0.41359419 -0.41995865
0.63452819 0.41359419
0.56040183 0.63452819
0.75068816 0.56040183
0.37917475 0.75068816
1.02392356 0.37917475
-0.35403483 1.02392356
1.13170015 -0.35403483
-0.89925376 1.13170015
0.20738979 -0.89925376
0.67000914 0.20738979
0.43373979 0.67000914
0.93762045 0.43373979
-0.10066301 0.93762045
1.26709988 -0.10066301
-1.27795784 1.26709988
-0.90631677 -1.27795784
-0.53336148 -0.90631677
0.32984072 -0.53336148
0.68767870 0.32984072
0.43688942 0.68767870
0.93908229 0.43688942
-0.10355895 0.93908229
1.26671045 -0.10355895
-1.27744519 1.26671045
-0.90459958 -1.27744519
-0.52885412 -0.90459958
0.33705878 -0.52885412
0.68229170 0.33705878
0.44938689 0.68229170
0.92195951 0.44938689
-0.05519700 0.92195951
1.27232246 -0.05519700
-1.28288532 1.27232246
-0.92241590 -1.28288532
-0.57605712 -0.92241590
0.25869671 -0.57605712
0.73348928 0.25869671
0.32439987 0.73348928
1.07271739 0.32439987
-0.51369169 1.07271739
0.95238441 -0.51369169
-0.42395799 0.95238441
1.03407880 -0.42395799
-0.62423394 1.03407880
0.76468843 -0.62423394
-0.00591793 0.76468843
1.22935750 -0.00591793
-1.11762318 1.22935750
-0.37990695 -1.11762318
0.46265204 -0.37990695
0.58636225 0.46265204
0.65744665 0.58636225
0.57077813 0.65744665
0.74113126 0.57077813
0.40224768 0.74113126
0.99581490 0.40224768
-0.26763193 0.99581490
1.19846688 -0.26763193
-1.09114159 1.19846688
-0.30728588 -1.09114159
0.54046306 -0.30728588
0.49887378 0.54046306
0.81371385 0.49887378
0.22267982 0.81371385
1.17469333 0.22267982
-0.86506226 1.17469333
0.30474221 -0.86506226
0.61046638 0.30474221
0.56968577 0.61046638
0.72878128 0.56968577
0.42733471 0.72878128
0.96297344 0.42733471
-0.17004458 0.96297344
1.24841081 -0.17004458
-1.23295475 1.24841081
-0.75372513 -1.23295475
-0.16522862 -0.75372513
0.73566176 -0.16522862
0.19275389 0.73566176
1.16868284 0.19275389
-0.85432125 1.16868284
0.32879413 -0.85432125
0.59235581 0.32879413
0.60739866 0.59235581
0.66120036 0.60739866
0.57015932 0.66120036
0.74324579 0.57015932
0.39766777 0.74324579
1.00157822 0.39766777
-0.28512218 1.00157822
1.18666095 -0.28512218
-1.05696654 1.18666095
-0.20805129 -1.05696654
0.62231056 -0.20805129
0.39540600 0.62231056
0.96780890 0.39540600
-0.19269390 0.96780890
1.23835936 -0.19269390
-1.20475563 1.23835936
-0.66050276 -1.20475563
0.02780386 -0.66050276
0.80076690 0.02780386
0.11062249 0.80076690
1.22309780 0.11062249
-1.06116877 1.22309780
-0.20958149 -1.06116877
0.62015520 -0.20958149
0.39869608 0.62015520
0.96350457 0.39869608
-0.18006865 0.96350457
1.24365676 -0.18006865
-1.21937560 1.24365676
-0.70853057 -1.21937560
-0.06863448 -0.70853057
0.78084586 -0.06863448
0.12580130 0.78084586
1.21209740 0.12580130
-1.01911177 1.21209740
-0.09039511 -1.01911177
0.68282668 -0.09039511
0.32012828 0.68282668
1.06137304 0.32012828
-0.48107935 1.06137304
0.99439964 -0.48107935
-0.52868671 0.99439964
0.90700641 -0.52868671
-0.31033088 0.90700641
1.13727457 -0.31033088
-0.90385008 1.13727457
0.19745942 -0.90385008
0.67425866 0.19745942
0.42276318 0.67425866
0.95205741 0.42276318
-0.14214967 0.95205741
1.25732808 -0.14214967
-1.25586837 1.25732808
-0.83088908 -1.25586837
-0.34328783 -0.83088908
0.58574813 -0.34328783
0.41667243 0.58574813
0.93266216 0.41667243
-0.09280046 0.93266216
1.26774195 -0.09280046
-1.27787766 1.26774195
-0.90583725 -1.27787766
-0.53212087 -0.90583725
0.33183515 -0.53212087
0.68620334 0.33183515
0.44032551 0.68620334
0.93441982 0.44032551
-0.09029892 0.93441982
1.26891049 -0.09029892
-1.28127706 1.26891049
-0.91766611 -1.28127706
-0.56333864 -0.91766611
0.28040958 -0.56333864
0.72091706 0.28040958
0.35651290 0.72091706
1.03833309 0.35651290
-0.40243598 1.03833309
1.08476332 -0.40243598
-0.76812685 1.08476332
0.49940259 -0.76812685
0.42039781 0.49940259
0.90239273 0.42039781
-0.01391835 0.90239273
1.27044661 -0.01391835
-1.26382393 1.27044661
-0.85501731 -1.26382393
-0.40262362 -0.85501731
0.51654671 -0.40262362
0.50566420 0.51654671
0.79698921 0.50566420
0.26243073 0.79698921
1.14267892 0.26243073
-0.74927194 1.14267892
0.55683187 -0.74927194
0.34113200 0.55683187
1.00413010 0.34113200
-0.30924856 1.00413010
1.16735049 -0.30924856
-1.00056460 1.16735049
-0.05137619 -1.00056460
0.69613530 -0.05137619
0.30614104 0.69613530
1.07762932 0.30614104
-0.53395661 1.07762932
0.92413527 -0.53395661
-0.35582337 0.92413527
1.09998620 -0.35582337
-0.80070450 1.09998620
0.43241709 -0.80070450
0.49801030 0.43241709
0.78250517 0.49801030
0.29216302 0.78250517
1.11524863 0.29216302
-0.65364239 1.11524863
0.73642686 -0.65364239
0.04465296 0.73642686
1.21813662 0.04465296
-1.06400365 1.21813662
-0.21950430 -1.06400365
0.61334391 -0.21950430
0.40748165 0.61334391
0.95154536 0.40748165
-0.14536951 0.95154536
1.25587840 -0.14536951
-1.25173362 1.25587840
-0.81680836 -1.25173362
-0.30956635 -0.81680836
0.62079364 -0.30956635
0.36759146 0.62079364
0.99706522 0.36759146
-0.28151723 0.99706522
1.18816684 -0.28151723
-1.06089177 1.18816684
-0.21923784 -1.06089177
0.61444115 -0.21923784
0.40567555 0.61444115
0.95393063 0.40567555
-0.15227443 0.95393063
1.25371668 -0.15227443
-1.24621007 1.25371668
-0.79814033 -1.24621007
-0.26570220 -0.79814033
0.66172118 -0.26570220
0.30726446 0.66172118
1.06634033 0.30726446
-0.49973503 1.06634033
0.97027296 -0.49973503
-0.46792197 0.97027296
0.98455053 -0.46792197
-0.49745224 0.98455053
0.94892294 -0.49745224
-0.40987231 0.94892294
1.04948344 -0.40987231
-0.66494339 1.04948344
0.69583543 -0.66494339
0.12265525 0.69583543
1.18768860 0.12265525
-0.93804931 1.18768860
0.12439548 -0.93804931
0.69692128 0.12439548
0.35733967 0.69692128
1.03030809 0.35733967
-0.37894677 1.03030809
1.10805151 -0.37894677
-0.83257344 1.10805151
0.36196551 -0.83257344
0.56680132 0.36196551
0.65882042 0.56680132
0.56237832 0.65882042
0.75486901 0.56237832
0.37095539 0.75486901
1.03380964 0.37095539
-0.38498071 1.03380964
1.10264869 -0.38498071
-0.81766200 1.10264869
0.39479500 -0.81766200
0.53649307 0.39479500
0.71548375 0.53649307
0.44426412 0.71548375
0.93832627 0.44426412
-0.09935943 0.93832627
1.26767667 -0.09935943
-1.27961361 1.26767667
-0.91207240 -1.27961361
-0.54851057 -0.91207240
0.30516890 -0.54851057
0.70506755 0.30516890
0.39558232 0.70506755
0.99244074 0.39558232
-0.26023938 0.99244074
1.20291788 -0.26023938
-1.10388779 1.20291788
-0.34512020 -1.10388779
0.50208253 -0.34512020
0.54354233 0.50208253
0.73701118 0.54354233
0.40260302 0.73701118
0.99417849 0.40260302
-0.26296631 0.99417849
1.20144175 -0.26296631
-1.09973710 1.20144175
-0.33275783 -1.09973710
0.51505999 -0.33275783
0.52877115 0.51505999
0.76307950 0.52877115
0.34342489 0.76307950
1.06380694 0.34342489
-0.48133182 1.06380694
0.99478964 -0.48133182
-0.52984853 0.99478964
0.90540163 -0.52984853
-0.30660753 0.90540163
1.14000904 -0.30660753
-0.91145113 1.14000904
0.17896230 -0.91145113
0.68172616 0.17896230
0.40303791 0.68172616
0.97710246 0.40303791
-0.21570954 0.97710246
1.22798789 -0.21570954
-1.17584883 1.22798789
-0.56727230 -1.17584883
0.19672835 -0.56727230
0.77563545 0.19672835
0.21676401 0.77563545
1.16690935 0.21676401
-0.84131919 1.16690935
0.35912764 -0.84131919
0.56704252 0.35912764
0.65758618 0.56704252
0.56472533 0.65758618
0.75079527 0.56472533
0.38024664 0.75079527
1.02281607 0.38024664
-0.35053982 1.02281607
1.13481539 -0.35053982
-0.90809031 1.13481539
0.18596541 -0.90809031
0.67915652 0.18596541
0.41003461 0.67915652
0.96836722 0.41003461
-0.18981871 0.96836722
1.24006656 -0.18981871
-1.20981673 1.24006656
-0.67709916 -1.20981673
-0.00479360 -0.67709916
0.79683808 -0.00479360
0.10963062 0.79683808
1.22222500 0.10963062
-1.05847836 1.22222500
-0.20185950 -1.05847836
0.62541033 -0.20185950
0.39184883 0.62541033
0.97265939 0.39184883
-0.20693815 0.97265939
1.23184506 -0.20693815
-1.18650059 1.23184506
-0.60134360 -1.18650059
0.13779005 -0.60134360
0.79301638 0.13779005
0.16091204 0.79301638
1.20165516 0.16091204
-0.97329156 1.20165516
0.03428151 -0.97329156
0.70636722 0.03428151
0.31174794 0.70636722
1.07584868 0.31174794
-0.52690614 1.07584868
0.93407249 -0.52690614
-0.37955981 0.93407249
1.07852983 -0.37955981
-0.74238518 1.07852983
0.55196888 -0.74238518
0.35074694 0.55196888
0.99335788 0.35074694
-0.27623976 0.99335788
1.19117560 -0.27623976
-1.06933095 1.19117560
-0.24350349 -1.06933095
0.59618919 -0.24350349
0.42933079 0.59618919
0.92080186 0.42933079
-0.05822725 0.92080186
1.27149398 -0.05822725
-1.28084389 1.27149398
-0.91533731 -1.28084389
-0.55723252 -0.91533731
0.29068749 -0.55723252
0.71453134 0.29068749
0.37242920 0.71453134
1.02017449 0.37242920
-0.34532961 1.02017449
1.13909879 -0.34532961
-0.92016335 1.13909879
0.15634882 -0.92016335
0.68972806 0.15634882
0.38088992 0.68972806
1.00381043 0.38088992
-0.29642256 1.00381043
1.17813027 -0.29642256
-1.03211406 1.17813027
-0.13792412 -1.03211406
0.66373349 -0.13792412
0.34186375 0.66373349
1.03550089 0.34186375
-0.39860782 1.03550089
1.08820680 -0.39860782
-0.77745401 1.08820680
0.48025342 -0.77745401
0.44386311 0.48025342
0.86825578 0.44386311
0.07774361 0.86825578
1.25201504 0.07774361
-1.17123523 1.25201504
-0.54490424 -1.17123523
0.23294054 -0.54490424
0.76056291 0.23294054
0.26004384 0.76056291
1.13349696 0.26004384
-0.72072833 1.13349696
0.61282002 -0.72072833
0.25801377 0.61282002
1.09064646 0.25801377
-0.58790944 1.09064646
0.84330142 -0.58790944
-0.17199302 0.84330142
1.21157618 -0.17199302
-1.10668150 1.21157618
-0.35116866 -1.10668150
0.49534835 -0.35116866
0.55113141 0.49534835
0.72336034 0.55113141
0.43278918 0.72336034
0.95477904 0.43278918
-0.14640746 0.95477904
1.25642451 -0.14640746
-1.25396580 1.25642451
-0.82447497 -1.25396580
-0.32785231 -0.82447497
0.60217551 -0.32785231
0.39398282 0.60217551
0.96334121 0.39398282
-0.18104196 0.96334121
1.24311570 -0.18104196
-1.21778388 1.24311570
-0.70326189 -1.21778388
-0.05774335 -0.70326189
0.78435342 -0.05774335
0.12138259 0.78435342
1.21467880 0.12138259
-1.02920765 1.21467880
-0.11857210 -1.02920765
0.67155463 -0.11857210
0.33304851 0.67155463
1.04617656 0.33304851
-0.43236499 1.04617656
1.05213769 -0.43236499
-0.67950070 1.05213769
0.66923163 -0.67950070
0.16913043 0.66923163
1.16072234 0.16913043
-0.83544777 1.16072234
0.37105454 -0.83544777
0.55661161 0.37105454
0.67757328 0.55661161
0.52423571 0.67757328
0.81851968 0.52423571
0.21930646 0.81851968
1.17822245 0.21930646
-0.87769948 1.17822245
0.27496782 -0.87769948
0.63083993 0.27496782
0.52534771 0.63083993
0.80286567 0.52534771
0.25517371 0.80286567
1.14970063 0.25517371
-0.77398404 1.14970063
0.50623837 -0.77398404
0.40901658 0.50623837
0.91765912 0.40901658
-0.05623258 0.91765912
1.27087079 -0.05623258
-1.27802737 1.27087079
-0.90543430 -1.27802737
-0.53114398 -0.90543430
0.33341021 -0.53114398
0.68502949 0.33341021
0.44305150 0.68502949
0.93069636 0.44305150
-0.07975855 0.93069636
1.27030291 -0.07975855
-1.28306485 1.27030291
-0.92366669 -1.28306485
-0.57934366 -0.92366669
0.25300529 -0.57934366
0.73658056 0.25300529
0.31633030 0.73658056
1.08088336 0.31633030
-0.54073329 1.08088336
0.91491553 -0.54073329
-0.33411857 0.91491553
1.11818535 -0.33411857
-0.85070944 1.11818535
0.32226644 -0.85070944
0.59938925 0.32226644
0.59370547 0.59938925
0.68633611 0.59370547
0.51863149 0.68633611
0.82933076 0.51863149
0.19268413 0.82933076
1.19682118 0.19268413
-0.94752808 1.19682118
0.10211311 -0.94752808
0.70114365 0.10211311
0.34239054 0.70114365
1.04621930 0.34239054
-0.42968761 1.04621930
1.05538178 -0.42968761
-0.68826925 1.05538178
0.65341414 -0.68826925
0.19578917 0.65341414
1.14235748 0.19578917
-0.76823612 1.14235748
0.51644581 -0.76823612
0.39612638 0.51644581
0.93525120 0.39612638
-0.10573481 0.93525120
1.26492357 -0.10573481
-1.27176473 1.26492357
-0.88486268 -1.27176473
-0.47770418 -0.88486268
0.41505940 -0.47770418
0.61550472 0.41505940
0.59413334 0.61550472
0.69045922 0.59413334
0.51081248 0.69045922
0.84183662 0.51081248
0.16107930 0.84183662
1.21622583 0.16107930
-1.02256357 1.21622583
-0.09902302 -1.02256357
0.67950315 -0.09902302
0.32387876 0.67950315
1.05699451 0.32387876
-0.46696873 1.05699451
1.01181464 -0.46696873
-0.57336703 1.01181464
0.84329475 -0.57336703
-0.16761455 0.84329475
1.21365593 -0.16761455
-1.11242937 1.21365593
-0.36840197 -1.11242937
0.47626317 -0.36840197
0.57192216 0.47626317
0.68494601 0.57192216
0.51476520 0.68494601
0.83450731 0.51476520
0.17946614 0.83450731
1.20526086 0.17946614
-0.97987539 1.20526086
0.01736017 -0.97987539
0.70561546 0.01736017
0.30815761 0.70561546
1.07873908 0.30815761
-0.53670193 1.07873908
0.92035318 -0.53670193
-0.34688054 0.92035318
1.10764940 -0.34688054
-0.82170623 1.10764940
0.38701325 -0.82170623
0.54379717 0.38701325
0.70210246 0.54379717
0.47301214 0.70210246
0.89739406 0.47301214
0.01446109 0.89739406
1.26892545 0.01446109
-1.24990218 1.26892545
-0.80648000 -1.24990218
-0.28554464 -0.80648000
0.64390596 -0.28554464
0.33387577 0.64390596
1.03710955 0.33387577
-0.40567197 1.03710955
1.08073521 -0.40567197
-0.75688564 1.08073521
0.52219435 -0.75688564
0.39117260 0.52219435
0.94243590 0.39117260
-0.12610782 0.94243590
1.26046631 -0.12610782
-1.26211781 1.26046631
-0.85197801 -1.26211781
-0.39484849 -0.85197801
0.52613913 -0.39484849
0.49399411 0.52613913
0.81619948 0.49399411
0.21554400 0.81619948
1.17981694 0.21554400
-0.88409202 1.17981694
0.25967891 -0.88409202
0.64036600 0.25967891
0.50380761 0.64036600
0.83675885 0.50380761
0.17091075 0.83675885
1.21013298 0.17091075
-0.99891732 1.21013298
-0.03393025 -0.99891732
0.69871304 -0.03393025
0.30634105 0.69871304
1.07823113 0.30634105
-0.53571301 1.07823113
0.92168554 -0.53571301
-0.35001983 0.92168554
1.10498623 -0.35001983
-0.81439833 1.10498623
0.40295336 -0.81439833
0.52836052 0.40295336
0.73005523 0.52836052
0.41233526 0.73005523
0.98098806 0.41233526
-0.22357203 0.98098806
1.22431818 -0.22357203
-1.16560863 1.22431818
-0.53480541 -1.16560863
0.24989385 -0.53480541
0.75213266 0.24989385
0.28298319 0.75213266
1.11352852 0.28298319
-0.65102910 1.11352852
0.74068410 -0.65102910
0.03663315 0.74068410
1.22032645 0.03663315
-1.07388535 1.22032645
-0.24842372 -1.07388535
0.59143431 -0.24842372
0.43576052 0.59143431
0.91158817 0.43576052
-0.03266204 0.91158817
1.27198292 -0.03266204
-1.27491538 1.27198292
-0.89397804 -1.27491538
-0.50135005 -0.89397804
0.37991397 -0.50135005
0.64752651 0.37991397
0.52696738 0.64752651
0.80548549 0.52696738
0.24976058 0.80548549
1.15431316 0.24976058
-0.79048624 1.15431316
0.47147805 -0.79048624
0.45164596 0.47147805
0.85586571 0.45164596
0.10998522 0.85586571
1.23982426 0.10998522
-1.11903432 1.23982426
-0.38118566 -1.11903432
0.46086619 -0.38118566
0.58828760 0.46086619
0.65374464 0.58828760
0.57815141 0.65374464
0.72816072 0.57815141
0.43114017 0.72816072
0.95821363 0.43114017
-0.15610066 0.95821363
1.25334971 -0.15610066
-1.24606988 1.25334971
-0.79776129 -1.24606988
-0.26481327 -0.79776129
0.66249512 -0.26481327
0.30609632 0.66249512
1.06757560 0.30609632
-0.50377582 1.06757560
0.96496657 -0.50377582
-0.45475743 0.96496657
0.99996392 -0.45475743
-0.53632621 0.99996392
0.89728505 -0.53632621
-0.28806650 0.89728505
1.15301028 -0.28806650
-0.94762574 1.15301028
0.08871072 -0.94762574
0.70469485 0.08871072
0.33138045 0.70469485
1.05767025 0.33138045
-0.46671876 1.05767025
1.01234411 -0.46671876
-0.57479247 1.01234411
0.84116229 -0.57479247
-0.16301335 0.84116229
1.21514600 -0.16301335
-1.11611571 1.21514600
-0.37945619 -1.11611571
0.46358348 -0.37945619
0.58528964 0.46358348
0.65948550 0.58528964
0.56669732 0.65948550
0.74824145 0.56669732
0.38619781 0.74824145
1.01566419 0.38619781
-0.32834389 1.01566419
1.15376566 -0.32834389
-0.96214846 1.15376566
0.05010819 -0.96214846
0.70784030 0.05010819
0.31357941 0.70784030
1.07468723 0.31357941
-0.52285986 1.07468723
0.93967075 -0.52285986
-0.39303154 0.93967075
1.06563792 -0.39303154
-0.70772732 1.06563792
0.61846224 -0.70772732
0.25218804 0.61846224
1.09650034 0.25218804
-0.60758178 1.09650034
0.81213224 -0.60758178
-0.10565681 0.81213224
1.22801096 -0.10565681
-1.14291234 1.22801096
-0.46034479 -1.14291234
0.36044204 -0.46034479
0.68001071 0.36044204
0.46075222 0.68001071
0.90679356 0.46075222
-0.01295873 0.90679356
1.27180297 -0.01295873
-1.26836353 1.27180297
-0.87070356 -1.26836353
-0.44188362 -0.87070356
0.46542334 -0.44188362
0.56416847 0.46542334
0.69402651 0.56416847
0.49490863 0.69402651
0.86529959 0.49490863
0.10023187 0.86529959
1.24552488 0.10023187
-1.14179555 1.24552488
-0.45151845 -1.14179555
0.37204486 -0.45151845
0.67076013 0.37204486
0.48172664 0.67076013
0.87634327 0.48172664
0.06934946 0.87634327
1.25616989 0.06934946
-1.18834308 1.25616989
-0.60017201 -1.18834308
0.13920806 -0.60017201
0.79281796 0.13920806
0.16177797 0.79281796
1.20120443 0.16177797
-0.97151553 1.20120443
0.03898193 -0.97151553
0.70641791 0.03898193
0.31305780 0.70641791
1.07471811 0.31305780
-0.52310928 1.07471811
0.93931478 -0.52310928
-0.39216995 0.93931478
1.06647825 -0.39216995
-0.70997719 1.06647825
0.61424881 -0.70997719
0.25878460 0.61424881
1.09051739 0.25878460
-0.58728406 1.09051739
0.84429162 -0.58728406
-0.17414489 0.84429162
1.21083047 -0.17414489
-1.10479805 1.21083047
-0.34556110 -1.10479805
0.50138312 -0.34556110
0.54439262 0.50138312
0.73550629 0.54439262
0.40596049 0.73550629
0.98992640 0.40596049
-0.25014783 0.98992640
1.20937441 -0.25014783
-1.12266539 1.20937441
-0.40171627 -1.12266539
0.43727404 -0.40171627
0.61179310 0.43727404
0.60717509 0.61179310
0.66741171 0.60717509
0.55853879 0.66741171
0.76347170 0.55853879
0.35151698 0.76347170
1.05605165 0.35151698
-0.45588803 1.05605165
1.02584804 -0.45588803
-0.61007629 1.02584804
0.78668411 -0.61007629
-0.04944352 0.78668411
1.23258271 -0.04944352
-1.14179723 1.23258271
-0.45540648 -1.14179723
0.36710775 -0.45540648
0.67470272 0.36710775
0.47281906 0.67470272
0.88942980 0.47281906
0.03432619 0.88942980
1.26517934 0.03432619
-1.23065241 1.26517934
-0.74075369 -1.23065241
-0.13739816 -0.74075369
0.75134434 -0.13739816
0.16845491 0.75134434
1.18567542 0.16845491
-0.91762022 1.18567542
0.17686502 -0.91762022
0.68092021 0.17686502
0.40394625 0.68092021
0.97583447 0.40394625
-0.21197019 0.97583447
1.22984643 -0.21197019
-1.18112220 1.22984643
-0.58411559 -1.18112220
0.16799590 -0.58411559
0.78525365 0.16799590
0.18712616 0.78525365
1.18655342 0.18712616
-0.91493476 1.18655342
0.18401815 -0.91493476
0.67811182 0.18401815
0.41143555 0.67811182
0.96644265 0.41143555
-0.18418528 0.96644265
1.24243889 -0.18418528
-1.21637174 1.24243889
-0.69865263 -1.21637174
-0.04827321 -0.69865263
0.78714179 -0.04827321
0.11808896 0.78714179
1.21661953 0.11808896
-1.03680163 1.21661953
-0.13995480 -1.03680163
0.66153723 -0.13995480
0.34532946 0.66153723
1.03150776 0.34532946
-0.38601272 1.03150776
1.10084418 -0.38601272
-0.81240488 1.10084418
0.40625088 -0.81240488
0.52522284 0.40625088
0.73567262 0.52522284
0.39986698 0.73567262
0.99685075 0.39986698
-0.27123589 0.99685075
1.19605876 -0.27123589
-1.08414993 1.19605876
-0.28671588 -1.08414993
0.55966663 -0.28671588
0.47546781 0.55966663
0.85140249 0.47546781
