# Ikeda map (alpha=6.0, beta=0.4, gamma=1.0, mu=0.9); columns: x y
0.14720574 0.33594790
0.72554093 0.18341739
0.32755765 0.03825000
1.05396278 0.29185827
0.53567317 -0.86785702
0.16085470 0.37193230
0.67152837 0.15847638
0.40522213 0.17847134
0.80519076 0.34764281
0.33030751 -0.41779659
1.21433354 0.42874624
1.06166871 -1.15737837
0.21537125 -1.17573657
-0.02168270 0.33681579
0.70289468 0.06324236
0.40871183 0.23196408
0.72302049 0.31964517
0.31343530 -0.18661071
1.21647577 0.24682197
0.78842210 -1.09691825
-0.08395693 -0.55059694
1.46520202 0.18669159
1.27936187 -1.29965773
0.65869435 -1.60545035
-0.01377441 -1.18804638
0.07670114 0.53939855
0.53846580 -0.16559471
0.86990132 0.49004247
0.55281790 -0.77941825
0.26617387 0.44845353
0.53527090 0.06567903
0.73145877 0.40429794
0.34500354 -0.36980472
1.21244276 0.40255718
1.01355664 -1.14969244
0.14450925 -1.08208054
0.20838541 0.58197005
0.49369883 -0.23058871
0.97595347 0.48981487
0.70884478 -0.93865633
-0.05329091 -0.10603273
1.03164359 -0.10200882
0.20509650 -0.48849852
1.32357641 0.35023073
1.17459369 -1.21978485
0.42785006 -1.41257079
-0.23498356 -0.48921290
1.48823279 0.01454062
1.15282521 -1.33072670
0.45727358 -1.48873035
-0.21831708 -0.69303059
1.41646376 0.50418298
1.61595156 -1.20485079
1.26220059 -1.79506334
0.96266513 -1.97460940
0.65327021 -1.94645362
0.23536857 -1.68221524
-0.29074292 -0.81916565
1.16856087 0.76393319
1.61919378 -1.09334034
1.23028625 -1.74323990
0.87330724 -1.91610686
0.48265859 -1.82318513
-0.03784040 -1.34314094
-0.18613911 0.23557629
0.74010179 -0.07395623
0.38902863 0.27353670
0.68360617 0.28825177
0.33396270 -0.04715473
1.12240526 0.27777369
0.63921613 -0.97609730
-0.05004802 -0.01016667
0.97140021 -0.03598147
0.20103188 -0.35641198
1.32554642 0.17218774
0.93615604 -1.20131957
0.07019883 -1.00712999
0.45754980 0.72892464
0.65206277 -0.69202086
0.22025949 0.35257413
0.68337377 0.19933456
0.36718373 0.09999044
0.95313270 0.33927756
0.44729636 -0.72360995
0.55868127 0.62563803
0.50827947 -0.57278666
0.67848889 0.60962365
0.55538406 -0.69009208
0.39722423 0.52177675
0.43056274 -0.15515170
1.07956136 0.40414058
0.74589230 -1.00585435
-0.08542526 -0.30333417
1.23081651 -0.16481537
0.44215860 -0.96844846
0.12253405 0.38484384
0.65909733 0.12614303
0.44521930 0.23870206
0.66621514 0.30870500
0.34113371 -0.05098766
1.12032758 0.28616176
0.64658768 -0.97881965
-0.05533080 -0.03113475
0.98035415 -0.05365674
0.19749753 -0.36987588
1.33117770 0.18091496
0.95969390 -1.20840163
0.10179072 -1.05925920
0.29738177 0.65081845
0.51395306 -0.42246756
0.84300375 0.57782325
0.67341208 -0.85989168
0.02202450 0.09905010
0.95418587 0.07899890
0.24124964 -0.40845344
1.31294573 0.29042005
1.06274060 -1.20858659
0.24293260 -1.23483977
-0.11871466 0.17717890
0.80818003 0.00695574
0.27488648 0.05748989
1.06077365 0.24533522
0.49001462 -0.83672774
0.27574090 0.48686049
0.49662109 -0.01390216
0.87979496 0.43067345
0.47638003 -0.70924773
0.52564695 0.60519840
0.46938633 -0.48880538
0.88179624 0.59835090
0.76965677 -0.93100409
-0.06053935 -0.23908119
1.15597740 -0.15792137
0.31871142 -0.79902217
0.64738080 0.68925362
0.68425137 -0.79030532
0.07481540 0.17084269
0.92366427 0.14949367
0.26215213 -0.40588028
1.29619110 0.31839518
1.06549183 -1.19946454
0.24222619 -1.22910909
-0.11125772 0.19054201
0.80206299 0.01598171
0.28086373 0.06424173
1.05224204 0.25398825
0.48652870 -0.82791493
0.29630165 0.50174976
0.47817489 -0.05226877
0.94347380 0.42921466
0.55710185 -0.82102335
0.19848485 0.39366399
0.63125487 0.14650858
0.47632826 0.25675935
0.59944872 0.27701624
0.41794734 0.12015358
0.86705813 0.36811835
0.38781614 -0.58646796
0.93008180 0.62891313
0.91036935 -1.00649853
-0.01168290 -0.68437209
1.32788841 0.52151273
1.46222075 -1.19787943
0.95304907 -1.70056737
0.41635396 -1.65455285
-0.19093810 -0.96927396
0.72828030 0.84657391
1.16115063 -0.99205087
0.29719427 -1.18124385
-0.07472138 0.21619375
0.80086785 0.05223057
0.27834477 0.03080210
1.08430592 0.23752141
0.51967586 -0.87596728
0.17014124 0.38937589
0.64511739 0.14252457
0.45654442 0.24127307
0.64730492 0.30263680
0.35691375 -0.00448918
1.07077406 0.31335470
0.59293285 -0.91790110
0.03426823 0.18599110
0.88928766 0.12928282
0.24495278 -0.28985588
1.28766885 0.18412347
0.86449391 -1.16282072
-0.01867063 -0.81419074
1.06494247 0.73008160
1.36791250 -1.10227442
0.72342083 -1.55670187
0.02226722 -1.19617387
0.04412913 0.49566759
0.56239747 -0.09532763
0.79185013 0.46928673
0.44002055 -0.61049235
0.77702111 0.63953014
0.71376305 -0.85930466
-0.00535583 0.00529476
0.99325319 0.00065064
0.22509508 -0.44567898
1.32028878 0.31519219
1.11506548 -1.21622032
0.32777710 -1.32415721
-0.21943648 -0.14229231
1.01688403 -0.23477329
0.15129347 -0.40240060
1.35516227 0.15349491
0.98244696 -1.22731924
0.13999301 -1.12352782
0.12319086 0.51918697
0.53022701 -0.09972728
0.86617023 0.46676485
0.51209277 -0.73900201
0.40306853 0.54630288
0.43027058 -0.22078578
1.09686177 0.42433465
0.81286288 -1.04179838
-0.07166219 -0.51562872
1.45353686 0.11756343
1.17336372 -1.30095479
0.47330131 -1.48616748
-0.21029205 -0.71111642
1.38622294 0.54429623
1.61936522 -1.18863929
1.26300763 -1.78867122
0.95932704 -1.97025822
0.64502598 -1.94005061
0.22067254 -1.66683267
-0.30208142 -0.77102288
1.28411061 0.68900074
1.67705736 -1.12328074
1.35770307 -1.78107162
1.10861376 -2.01266435
0.89258159 -2.06521997
0.63380684 -1.99147916
0.25081265 -1.72526972
-0.26801879 -0.92417154
0.87577122 0.85706953
1.37492970 -1.03714892
0.70987371 -1.52262125
-0.01220113 -1.12316908
0.22226437 0.64580955
0.52571630 -0.39102024
0.83990899 0.56752373
0.64957712 -0.84232022
0.05940893 0.17823021
0.90932811 0.14271617
0.25376595 -0.35972714
1.30283215 0.25548250
0.99116229 -1.19484839
0.13564256 -1.09774276
0.18109232 0.56601683
0.50109220 -0.19276483
0.95768922 0.48134567
0.66410914 -0.90429851
-0.00839756 0.05253310
0.96375728 0.03128840
0.22427886 -0.38910209
1.32363829 0.24214959
1.02059158 -1.21087008
0.18336578 -1.16809139
0.00999606 0.39028351
0.65114168 0.04194043
0.51612996 0.33275039
0.46351286 0.13282714
0.78314683 0.37588476
0.34158753 -0.42157532
1.19589136 0.44732190
1.05465920 -1.14783158
0.20064648 -1.15290540
0.02552612 0.39956858
0.64235358 0.04401598
0.53231818 0.34214571
0.43884719 0.09722579
0.86551096 0.38152964
0.40083316 -0.60471903
0.87283789 0.64044920
0.84613154 -0.96211311
-0.05253286 -0.47103159
1.42434479 0.04338396
1.02752829 -1.28220934
0.23196587 -1.26373354
-0.14923134 0.12821912
0.82635026 -0.03465511
0.25711470 0.04697404
1.07471756 0.22305168
0.48708529 -0.84426424
0.26757426 0.48278382
0.50323649 -0.00370602
0.85859448 0.43028554
0.45258680 -0.66889925
0.64829766 0.63611075
0.57896146 -0.70065484
0.33627778 0.47814727
0.47409772 -0.01448847
0.92198189 0.41969729
0.51321299 -0.77088100
0.34759639 0.51871191
0.44981134 -0.11445319
1.03059060 0.41660813
0.67695311 -0.94685847
-0.04657428 -0.04555799
0.99485353 -0.05840989
0.20141468 -0.40830031
1.33799524 0.23163247
1.03962148 -1.22146505
0.21587876 -1.21206994
-0.07680942 0.26117501
0.75928669 0.04569331
0.32893349 0.13542194
0.94366684 0.31515236
0.40808682 -0.67186276
0.73823824 0.65727289
0.70613962 -0.83965397
0.01397208 0.05202902
0.97942750 0.04390427
0.23737096 -0.44381715
1.31027750 0.33002419
1.11438815 -1.21068876
0.32365611 -1.31747402
-0.21495791 -0.12114064
0.99331853 -0.22196789
0.14752776 -0.33527860
1.32047647 0.07731454
0.81877203 -1.17658884
-0.05401259 -0.74391135
1.25280985 0.62185815
1.49243440 -1.15847435
0.99598959 -1.70035783
0.47788354 -1.69493249
-0.12381881 -1.11757685
0.28726781 0.71840323
0.61141382 -0.57783028
0.43532069 0.50436711
0.41826558 -0.14538291
1.09415496 0.38724862
0.74627915 -1.01331453
-0.08745044 -0.31667026
1.24851523 -0.16019228
0.47848220 -1.00569636
0.03218534 0.26083482
0.80786850 0.13795925
0.26783378 -0.08942531
1.17632368 0.18301021
0.62553078 -1.00385716
-0.06413211 -0.02876459
0.97325658 -0.05732762
0.19410483 -0.34705904
1.32356122 0.15294030
0.90875740 -1.19565499
0.03685367 -0.94828696
0.64896499 0.77863058
0.89745093 -0.90647383
-0.02493409 -0.51717658
1.44044579 0.15219428
1.18108418 -1.29097898
0.48035884 -1.48655918
-0.20634472 -0.72223312
1.36623819 0.56821707
1.61938233 -1.17891571
1.25950845 -1.78397614
0.95027189 -1.96478049
0.62792918 -1.92870431
0.19209135 -1.63700393
-0.32036484 -0.67612739
1.45780283 0.49380147
1.68405145 -1.20456926
1.39762417 -1.82054340
1.20097115 -2.05583881
1.06211485 -2.14193224
0.92888165 -2.15055136
0.75366926 -2.09388440
0.48026636 -1.93424301
0.04206981 -1.51645993
-0.34300267 -0.24595632
1.22738014 -0.30429591
0.37558338 -0.95149402
0.23255971 0.50854935
0.49991535 -0.05663545
0.90492616 0.44270819
0.52450352 -0.77198280
0.32583624 0.50106182
0.46563585 -0.06174981
0.97252050 0.42184713
0.58921160 -0.86109889
0.10338500 0.27910112
0.80475231 0.18339278
0.27150758 -0.14532291
1.20992119 0.18096834
0.69154791 -1.05695362
-0.10463099 -0.26843221
1.18075727 -0.18590223
0.34402321 -0.85263112
0.48378341 0.64671414
0.51418406 -0.54067937
0.70935089 0.60536421
0.57433315 -0.72333933
0.31205292 0.46660719
0.49518995 0.01993092
0.85306343 0.42113419
0.43534687 -0.64364162
0.73077207 0.64544208
0.67315752 -0.81435794
0.06338110 0.16420764
0.92473126 0.13938967
0.25755254 -0.39643820
1.30111349 0.30060419
1.05058588 -1.20078350
0.22095084 -1.20624537
-0.07089733 0.26701143
0.75644929 0.05003491
0.33165796 0.13726370
0.93911760 0.31725759
0.40522729 -0.66494117
0.75722583 0.65742604
0.72824057 -0.86062929
-0.01416465 -0.03152624
1.00823919 -0.02999490
0.22033010 -0.46502266
1.31898670 0.33575071
1.14250869 -1.21662623
0.37245707 -1.36471584
-0.23727416 -0.30017204
1.24231147 -0.24468551
0.42536767 -0.98407155
0.11617177 0.38705113
0.65674991 0.12023305
0.45314423 0.24905356
0.64111185 0.29625473
0.36463657 0.01828225
1.04318738 0.32573463
0.56259450 -0.88096210
0.10943616 0.30316256
0.77251990 0.17999635
0.28885171 -0.06251806
1.15428590 0.21666646
0.62232416 -0.98722358
-0.05027708 0.00743230
0.96104959 -0.02398155
0.20256445 -0.33569569
1.31700453 0.15499848
0.89614619 -1.18895753
0.02084607 -0.91475842
0.75776612 0.78706349
1.03934614 -0.98251281
0.11641495 -0.93605055
0.60025110 0.74892770
0.78034625 -0.83541573
-0.02131589 -0.12437929
1.06483008 -0.09325216
0.23640334 -0.58514356
1.20297359 0.53047916
1.22015977 -1.16260831
0.47593707 -1.42341873
-0.21701098 -0.58610600
1.50816072 0.24118464
1.44418005 -1.30084830
0.96811908 -1.74901460
0.47631883 -1.72126884
-0.10982805 -1.16271019
0.17060894 0.64569016
0.54212652 -0.38939782
0.80035470 0.56658851
0.59879391 -0.78607996
0.18575816 0.35770891
0.68665005 0.18277262
0.37143871 0.11779194
0.92674487 0.34296564
0.41998252 -0.67418820
0.70863627 0.65280040
0.66525921 -0.79992670
0.08552621 0.20130634
0.89621046 0.16726417
0.26099379 -0.35653602
1.29782477 0.26351720
0.99082658 -1.19184148
0.13378388 -1.09337579
0.19213287 0.57461237
0.49792786 -0.21276757
0.96643907 0.48617635
0.68669247 -0.92186748
-0.03420470 -0.02726614
0.99205707 -0.03855862
0.20789581 -0.41347164
1.33491206 0.24762730
1.05374129 -1.22073444
0.23608131 -1.23405206
-0.11505460 0.18797477
0.80201037 0.01197863
0.28133245 0.06813141
1.04821335 0.25601805
0.48257830 -0.82179981
0.31331327 0.51393880
0.46524979 -0.08662467
0.98884596 0.42577477
0.62128573 -0.89187830
0.03605884 0.16669178
0.90836779 0.12314022
0.24534989 -0.33338057
1.30222542 0.21781765
0.93981484 -1.18675969
0.06832198 -0.99408902
0.49400690 0.74040833
0.69208205 -0.73953151
0.11425296 0.21544968
0.88859088 0.18910466
0.26889831 -0.36609742
1.29288138 0.28522049
1.01001092 -1.19152973
0.15919552 -1.12664928
0.10306634 0.49416827
0.54923599 -0.05674516
0.80131477 0.45549657
0.43073553 -0.60340680
0.80941898 0.63943842
0.75460143 -0.89535044
-0.04343753 -0.14768026
1.07075456 -0.11911246
0.23041218 -0.58983396
1.20538415 0.53162241
1.22724132 -1.16369059
0.48907621 -1.43380525
-0.21024983 -0.62788510
1.48567730 0.34533716
1.52886185 -1.26679356
1.11576333 -1.78319048
0.72281776 -1.87274500
0.25577304 -1.64624850
-0.28930462 -0.76543602
1.29589939 0.67439678
1.67175010 -1.13023292
1.34902929 -1.78231316
1.09516289 -2.00950875
0.87046046 -2.05562650
0.59646087 -1.96815410
0.18975875 -1.66412740
-0.31735628 -0.73272670
1.36393639 0.61968466
1.70228881 -1.15095568
1.41693045 -1.80177212
1.22036555 -2.05115566
1.08745102 -2.14628584
0.96794388 -2.16521072
0.81822808 -2.12679377
0.58932298 -2.00934592
0.21614816 -1.71383841
-0.29165547 -0.86523723
1.04566916 0.82049376
1.53899609 -1.06792170
1.05644784 -1.68495575
0.55573415 -1.73387017
-0.03074616 -1.27390375
-0.08115167 0.38258295
0.65043689 -0.04122416
0.56404683 0.39243672
0.38326149 -0.04560137
1.07855291 0.33836993
0.64222724 -0.95236171
-0.03353847 0.02348687
0.96327457 -0.00302943
0.21062635 -0.35846056
1.32324251 0.18849085
0.95075510 -1.20193160
0.08788425 -1.03459677
0.37050469 0.69065772
0.56328688 -0.55394036
0.57475367 0.56984261
0.44168061 -0.46784611
0.96826369 0.57818839
0.86648616 -1.00616178
-0.04279318 -0.58373094
1.44343516 0.28434036
1.35211270 -1.27637917
0.77993086 -1.65892288
0.15663624 -1.41795436
-0.27698913 -0.13324283
1.02174348 -0.27577761
0.14143409 -0.41240167
1.36124143 0.15319404
0.99624942 -1.23284537
0.16120207 -1.15389719
0.04928675 0.44236956
0.59941217 0.00256952
0.65137030 0.41169356
0.34632642 -0.23166460
1.20851055 0.31168547
0.86251939 -1.11480582
-0.03215726 -0.73749853
1.24990374 0.61558755
1.47494154 -1.16052080
0.96178049 -1.68865945
0.41937498 -1.64982255
-0.19091808 -0.96380697
0.74444288 0.84654780
1.17973109 -0.99853684
0.33051037 -1.21932155
-0.13372770 0.08606421
0.86166018 -0.03670301
0.22512009 -0.04520477
1.14610899 0.14614174
0.52716250 -0.92612770
0.08997273 0.30281469
0.77060674 0.16795867
0.29133083 -0.04055050
1.13794881 0.22594181
0.60228359 -0.96543420
-0.02031945 0.08799594
0.93347825 0.04670494
0.22170578 -0.31913027
1.30578420 0.16971761
0.88800990 -1.17978732
0.00923485 -0.88575209
0.84943822 0.78287369
1.15045387 -1.02871629
0.29423570 -1.19630925
-0.09256886 0.18882522
0.81371493 0.03345559
0.26726157 0.01810840
1.09791917 0.22030599
0.52288815 -0.88773469
0.14864561 0.36742139
0.67996118 0.15754775
0.39378990 0.16466878
0.83877302 0.34867859
0.34824385 -0.49351660
1.12924548 0.52802449
1.06607818 -1.11999013
0.20426505 -1.14168093
0.04294163 0.41667556
0.62469428 0.03564050
0.57413907 0.36846730
0.38611188 -0.01088447
1.04741324 0.34439030
0.59581383 -0.90627461
0.04422387 0.19828638
0.88199030 0.13966042
0.24797962 -0.28349428
1.28419589 0.18477458
0.85748724 -1.15894939
-0.02601399 -0.79425325
1.12009311 0.70505656
1.41084176 -1.11807730
0.81529801 -1.60958005
0.16358760 -1.39188215
-0.25876891 -0.08012035
0.95703239 -0.23998351
0.14085796 -0.22452718
1.23802051 0.01585896
0.58132754 -1.03266639
-0.06646790 0.01276298
0.94716306 -0.03031117
0.19836964 -0.29120172
1.29530524 0.11556586
0.80229623 -1.15358651
-0.07059515 -0.67314434
1.38199895 0.47449284
1.49715965 -1.21747057
1.03105314 -1.73644758
0.55797117 -1.76296635
-0.00867933 -1.32373168
-0.16377013 0.25502001
0.73203765 -0.05098454
0.39911486 0.27405231
0.67165979 0.28645166
0.34314818 -0.02055815
1.09536608 0.29432243
0.61109447 -0.94381091
-0.00641264 0.10558478
0.93103122 0.06562481
0.22805898 -0.33123846
1.30844121 0.18938101
0.91800863 -1.18703964
0.04364202 -0.95359310
0.62784680 0.77434487
0.86678214 -0.88726111
-0.03630980 -0.41506901
1.37355941 -0.03270963
0.83876165 -1.22599668
-0.02282397 -0.86091125
0.94566739 0.77318571
1.27047138 -1.06557432
0.52021373 -1.41313040
-0.19750834 -0.63458431
1.47656828 0.36147639
1.53114200 -1.26084599
1.11753358 -1.78124392
0.72402665 -1.87227796
0.25683601 -1.64672862
-0.28866335 -0.76763759
1.29105359 0.67829857
1.67000160 -1.12866895
1.34500594 -1.78096548
1.08761030 -2.00669789
0.85723810 -2.04926876
0.57373394 -1.95323540
0.15289727 -1.62459204
-0.33704346 -0.60752205
1.53004906 0.33169244
1.60740215 -1.27138874
1.27159572 -1.82438326
0.99902822 -2.00142857
0.72625140 -1.99452210
0.36182454 -1.80062080
-0.15506703 -1.18240158
0.13706891 0.63817440
0.54820398 -0.37547898
0.79519073 0.56185224
0.58438297 -0.77145806
0.22702158 0.40148681
0.61002716 0.14224225
0.51604187 0.28913835
0.50810513 0.20361383
0.62129719 0.31509365
0.37328986 0.01796409
1.03498940 0.33452480
0.56105760 -0.87501348
0.11901413 0.31466747
0.75699089 0.18061661
0.30011723 -0.02732674
1.12497508 0.24071370
0.59612305 -0.95337723
-0.00465933 0.12138867
0.92090372 0.07547769
0.22981543 -0.31362680
1.30144398 0.17772118
0.88780929 -1.17683460
0.00802684 -0.88104297
0.86357936 0.78114872
1.16633484 -1.03472820
0.32276548 -1.22900892
-0.14103906 0.07673756
0.86355865 -0.04760359
0.22275305 -0.04203441
1.14360718 0.14491199
0.52132533 -0.92045012
0.10417394 0.32232372
0.74542772 0.16773858
0.31256185 0.01748596
1.08223884 0.26947601
0.55516422 -0.89980347
0.09363947 0.28977924
0.78878176 0.17466123
0.27894665 -0.09357067
1.17722533 0.19674912
0.64352072 -1.01332323
-0.07702396 -0.08475339
1.00239159 -0.10304417
0.18820647 -0.40431539
1.34355324 0.20754322
1.02137624 -1.22335307
0.19090021 -1.18431300
-0.02160475 0.34920807
0.68972846 0.05372274
0.43628152 0.26437997
0.64144638 0.28676184
0.36858822 0.03470835
1.02346415 0.33236969
0.53941958 -0.85194128
0.17884293 0.38638165
0.64711518 0.14935031
0.44835304 0.23010241
0.67408850 0.31542895
0.33484211 -0.07884462
1.14405897 0.27404186
0.67609352 -1.00801795
-0.08235349 -0.14766529
1.05091906 -0.14339746
0.20280018 -0.52508794
1.30504496 0.40446536
1.21815981 -1.21014929
0.49789354 -1.46153089
-0.20171944 -0.69777254
1.40472137 0.51335971
1.60656799 -1.20161031
1.24224767 -1.78927576
0.92636356 -1.95902378
0.59024301 -1.90677669
0.13305202 -1.57340089
-0.34090473 -0.47068249
1.52305254 0.00022937
1.22318592 -1.35245562
0.59089499 -1.58938425
-0.08656862 -1.07161605
0.39318912 0.75367312
0.68641286 -0.69784382
0.16270429 0.27392749
0.81524375 0.21928835
0.27439197 -0.22536169
1.25100767 0.19778527
0.79993618 -1.12219750
-0.07601899 -0.61689178
1.44129920 0.34378169
1.42874794 -1.26275646
0.91892366 -1.71420098
0.37944708 -1.63678578
-0.22261822 -0.88987269
0.96853534 0.82496673
1.43007036 -1.06119293
0.83038937 -1.59371575
0.17084365 -1.38865965
-0.25659711 -0.08117795
0.95759619 -0.23847806
0.14118925 -0.22643437
1.23959390 0.01650382
0.58510114 -1.03572193
-0.07060768 -0.00065956
0.95231920 -0.04201314
0.19526548 -0.29737298
1.29880214 0.11502309
0.80956718 -1.15794230
-0.06473188 -0.69519192
1.34694635 0.52391667
1.50559629 -1.19844167
1.03938956 -1.73145759
0.56644193 -1.76505835
0.00106754 -1.33623605
-0.18266399 0.21813639
0.75246522 -0.06554176
0.36517626 0.24311215
0.75539798 0.30993580
0.30502825 -0.23880990
1.24243573 0.25056648
0.84963922 -1.13075197
-0.03933255 -0.73497087
1.26015712 0.60919533
1.48296397 -1.16345558
0.97910396 -1.69627247
0.45018783 -1.67476993
-0.15658075 -1.04805292
0.48774805 0.80447078
0.84313056 -0.83204556
-0.02857397 -0.28036126
1.21652874 -0.13207808
0.43390827 -0.94468167
0.17110292 0.43393146
0.58783500 0.07971147
0.61368227 0.36851158
0.36002592 -0.07404469
1.12157091 0.30765654
0.67882259 -0.99620776
-0.07672930 -0.13330540
1.04085230 -0.13226427
0.19955286 -0.50098595
1.32278952 0.36243845
1.19143711 -1.21945486
0.45647821 -1.43489513
-0.22470100 -0.58018749
1.51190055 0.22696996
1.43541158 -1.30524988
0.95361401 -1.74549594
0.45288967 -1.70444720
-0.13867156 -1.10577078
0.32324827 0.74026599
0.65081541 -0.63763744
0.28514825 0.40174887
0.58096728 0.14494151
0.56469933 0.31768452
0.42545899 0.09973839
0.88200274 0.37517563
0.40937402 -0.62872591
0.81359464 0.64899042
0.78084380 -0.91066001
-0.05370590 -0.23517868
1.15401532 -0.15302250
0.31816416 -0.79547806
0.65637935 0.69027242
0.69444918 -0.80097421
0.05524419 0.13315456
0.94803733 0.11888375
0.25795222 -0.43453501
1.29375083 0.34720609
1.10330552 -1.20114363
0.30095743 -1.29072191
-0.19248835 -0.02770676
0.91212297 -0.15136500
0.17628916 -0.11812273
1.17931446 0.06573668
0.51040645 -0.94357423
0.08441524 0.30641584
0.76487863 0.16291529
0.29645116 -0.01998533
1.12067719 0.23863363
0.58555525 -0.94427479
0.01266973 0.15858155
0.90224047 0.10460911
0.23766108 -0.29508293
1.29184055 0.17638039
0.86446306 -1.16558955
-0.01790920 -0.81831298
1.05387267 0.73468551
1.35908568 -1.09904045
0.70467706 -1.54510111
-0.00427872 -1.15212373
0.15062275 0.59477582
0.51681377 -0.26730490
0.92040121 0.51757920
0.67075472 -0.89149824
-0.00244759 0.05736244
0.96494647 0.03796533
0.22758472 -0.39843532
1.32242781 0.25803521
1.03923345 -1.21199534
0.21034321 -1.20045101
-0.05715265 0.29247744
0.73742085 0.05466140
0.35746200 0.17330492
0.86684026 0.33180952
0.35254240 -0.52784602
1.08333126 0.56516460
1.04938667 -1.09859239
0.17118013 -1.08748927
0.17431143 0.54763690
0.50494599 -0.14985644
0.93998116 0.47022754
0.61761742 -0.86520123
0.06763057 0.21449250
0.87484189 0.15907859
0.25410018 -0.28993699
1.28471426 0.19831383
0.87542579 -1.16328619
-0.00838644 -0.83668208
0.99820744 0.75304956
1.30727771 -1.08259726
0.59716171 -1.47354155
-0.13471678 -0.87180189
0.98884127 0.79385583
1.38774433 -1.07338054
0.75019477 -1.55908987
0.05273640 -1.23590856
-0.04279664 0.38997252
0.64700289 -0.00776101
0.55448832 0.37502593
0.39755152 0.00427076
1.02071428 0.35721693
0.56946873 -0.87287267
0.11176879 0.30144386
0.77512154 0.18207639
0.28700134 -0.07172679
1.16106047 0.21200536
0.62988026 -0.99566441
-0.06009171 -0.02374748
0.97282120 -0.05141038
0.19602025 -0.34975147
1.32426527 0.15830210
0.91666593 -1.19742777
0.04627824 -0.96563123
0.59202885 0.76848791
0.82149935 -0.85463776
-0.03583230 -0.25557312
1.18458608 -0.14097962
0.37285035 -0.87144137
0.39680736 0.60322870
0.45881956 -0.35973588
1.01595443 0.52448541
0.84303002 -1.01697177
-0.05610187 -0.54593325
1.45516330 0.19180903
1.26202652 -1.29472690
0.62449124 -1.58332132
-0.05974114 -1.10608962
0.28942345 0.69925217
0.57924160 -0.53559798
0.56027651 0.55747281
0.42583560 -0.41991746
1.04588838 0.53628745
0.92090953 -1.05486916
0.00597430 -0.77471271
1.13865508 0.68333689
1.39872682 -1.12669407
0.79506523 -1.60342180
0.13459736 -1.35852174
-0.22825192 0.03150270
0.86290668 -0.15559377
0.21118947 0.02280373
1.09515911 0.16580939
0.45927705 -0.83748453
0.32361488 0.53054588
0.45623529 -0.13094433
1.02727046 0.42631789
0.68705993 -0.95082284
-0.05308178 -0.07531438
1.00990710 -0.08233282
0.19959814 -0.43700870
1.33998337 0.26715593
1.09184315 -1.22628556
0.29679193 -1.29968288
-0.19909488 -0.04186781
0.92170034 -0.16551866
0.16895243 -0.14025536
1.19065712 0.05201172
0.51948703 -0.95896124
0.05481743 0.26477046
0.81123966 0.15358155
0.26651006 -0.11902576
1.19501595 0.17600148
0.65498451 -1.03091533
-0.09013174 -0.14129262
1.04157892 -0.14498943
0.19518153 -0.49804937
1.32816531 0.35226158
1.18794780 -1.22231166
0.45207555 -1.43284475
-0.22659265 -0.56919041
1.51387732 0.19985217
1.40771671 -1.31243936
0.90468313 -1.72953377
0.37209003 -1.64061494
-0.22582599 -0.88865404
0.97267792 0.82475648
1.43585383 -1.06176983
0.84235697 -1.59945744
0.19001539 -1.41098077
-0.27174690 -0.15654904
1.04839685 -0.27807278
0.15555809 -0.48974566
1.36154830 0.28837930
1.17056665 -1.24091011
0.43300819 -1.42677555
-0.23393394 -0.52743392
1.50959483 0.09985756
1.28717057 -1.33097708
0.69141968 -1.63759205
0.04090969 -1.28045249
-0.11155105 0.30635328
0.70678525 -0.01117352
0.43427173 0.29100588
0.60653207 0.25794735
0.42369300 0.14053045
0.83267325 0.36524794
0.35879865 -0.50845744
1.09417396 0.55210168
1.04416811 -1.10213241
0.16543617 -1.08191466
0.19111290 0.56214545
0.49776309 -0.18250677
0.96310756 0.47572174
0.66298663 -0.90612953
-0.00914795 0.05219415
0.96344142 0.03062484
0.22388029 -0.38762813
1.32368925 0.23985706
1.01765621 -1.21059193
0.17914187 -1.16281086
0.02180386 0.40540257
0.63616648 0.03368615
0.55181041 0.35757314
0.40976599 0.04277816
0.96776111 0.36938942
0.50564257 -0.79041060
0.32816413 0.51164387
0.46000320 -0.08760753
0.99863116 0.42144196
0.63034724 -0.90277773
0.01762528 0.13015212
0.92843225 0.09407837
0.23851111 -0.35427785
1.31047257 0.22660773
0.97000019 -1.19655273
0.10923893 -1.06225333
0.28386877 0.64094574
0.50642416 -0.39295186
0.88548991 0.56541798
0.70891834 -0.89963396
-0.02989699 -0.04423159
1.00507685 -0.04778012
0.21083276 -0.44419547
1.33161098 0.29301844
1.10881497 -1.22228797
0.32120002 -1.32107228
-0.21713614 -0.12563750
0.99823314 -0.22577093
0.14760278 -0.34906579
1.32909480 0.08966469
0.85127749 -1.18964412
-0.02287501 -0.82889516
1.03085948 0.74565136
1.34468580 -1.09193047
0.67340826 -1.52438066
-0.04677780 -1.07415104
0.36549868 0.73058802
0.63416739 -0.63774485
0.31573679 0.43241431
0.52603908 0.08697846
0.72731571 0.39485694
0.33862840 -0.34257367
1.22616297 0.36985308
0.98991958 -1.15261208
0.11498168 -1.04239696
0.32684645 0.66159821
0.52269259 -0.46179615
0.78337548 0.58915960
0.62076078 -0.79650136
0.14252330 0.30122746
0.77647527 0.19996975
0.28558963 -0.10182451
1.18094783 0.20425698
0.66005351 -1.02366348
-0.08729830 -0.13951356
1.04125811 -0.14225554
0.19599275 -0.49817766
1.32738349 0.35349865
1.18807195 -1.22189386
0.45205429 -1.43263134
-0.22660759 -0.56870923
1.51391122 0.19866560
1.40640663 -1.31273141
0.90235639 -1.72872001
0.36826687 -1.63741149
-0.22934931 -0.87764294
1.00453053 0.81639123
1.46515970 -1.06810262
0.90453570 -1.62904599
0.29357185 -1.52094036
-0.28596734 -0.53836571
1.53162590 0.13558028
1.37662487 -1.33161715
0.85666512 -1.71778297
0.29844864 -1.57873208
-0.28104845 -0.67074794
1.46012923 0.46549203
1.64626432 -1.21850613
1.32756486 -1.81400260
1.08199515 -2.02144360
0.86086129 -2.05882687
0.58657362 -1.96538987
0.17669551 -1.65217999
-0.32507636 -0.69319397
1.43304295 0.53599416
1.69943152 -1.18613913
1.42212214 -1.81679874
1.23879213 -2.06270731
1.12358478 -2.16197002
1.03136542 -2.19263027
0.92691129 -2.17955160
0.77518248 -2.11972662
0.52907781 -1.97597896
0.12432617 -1.61943584
-0.34742737 -0.56678332
1.55074581 0.23379014
1.53146628 -1.30756056
1.13974427 -1.80696028
0.77820259 -1.90990709
0.35445832 -1.74025425
-0.19386332 -1.06279447
0.45702558 0.80656183
0.83362522 -0.81758491
-0.02387451 -0.23667619
1.16823074 -0.13241134
0.35069818 -0.83550390
0.51023090 0.65205948
0.53021950 -0.57842473
0.61891329 0.59455555
0.49126935 -0.58120444
0.70591401 0.61856302
0.59534090 -0.74149052
0.25041124 0.41297732
0.58447069 0.12756487
0.57538239 0.33103127
0.40562126 0.06031301
0.95444548 0.36625055
0.48304626 -0.76111392
0.41970072 0.56699338
0.43362419 -0.28687784
1.09079544 0.45904525
0.86162434 -1.05607933
-0.04219822 -0.64696207
1.39683195 0.42778535
1.45525460 -1.23344902
0.95600126 -1.71632913
0.43301038 -1.67478336
-0.16949098 -1.02768314
0.55037844 0.82254296
0.92954270 -0.88793321
-0.00570626 -0.57189132
1.43019801 0.28262058
1.31965264 -1.27253613
0.71710191 -1.62549746
0.06048475 -1.29385377
-0.13682144 0.25804448
0.73780591 -0.01878765
0.38025245 0.23901571
0.74560626 0.31412956
0.30745420 -0.22496941
1.23592631 0.24880036
0.83304676 -1.12229816
-0.05367436 -0.68711104
1.35236253 0.51048280
1.49419625 -1.20343114
1.01891714 -1.72659955
0.53222147 -1.74265520
-0.04694732 -1.26221545
-0.05645648 0.41972269
0.62362933 -0.06018506
0.63352112 0.42854080
0.35356560 -0.23657876
1.20267814 0.32482898
0.86961553 -1.11358800
-0.02650696 -0.75052920
1.21904261 0.63941979
1.46100492 -1.14993988
0.92932222 -1.67185266
0.36054756 -1.59833437
-0.24602906 -0.78866476
1.23873514 0.70416523
1.62346880 -1.12064291
1.24775802 -1.75804552
0.91240884 -1.93827329
0.55387670 -1.87573519
0.07043518 -1.49475429
-0.32834652 -0.22201182
1.17772984 -0.30929542
0.29171051 -0.83625481
0.60754879 0.69380107
0.66153735 -0.75784441
0.13340772 0.26211692
0.83148898 0.20413571
0.26860893 -0.24255683
1.26056216 0.19546066
0.81805413 -1.13355431
-0.06267269 -0.67349438
1.37696898 0.47800382
1.49222168 -1.21597208
1.02061120 -1.73230460
0.53923421 -1.74989752
-0.03556085 -1.28198079
-0.09358591 0.36920010
0.65970803 -0.04129979
0.54366695 0.38166167
0.40219383 0.00562835
1.01377312 0.36174778
0.56469548 -0.86543276
0.12719364 0.32120317
0.74783671 0.18189813
0.30737473 -0.00842832
1.10693352 0.25524681
0.58111099 -0.93263000
0.02882535 0.18677700
0.88569160 0.12595235
0.24369916 -0.27615767
1.28222548 0.17385964
0.83981536 -1.15349368
-0.04235621 -0.75001460
1.23206022 0.63501494
1.47745239 -1.15248621
0.96338026 -1.68601362
0.41957779 -1.64845754
-0.19137423 -0.96141991
0.75163515 0.84657327
1.18826398 -1.00134232
0.34605255 -1.23621418
-0.15507914 0.02557823
0.88863016 -0.08721712
0.20084641 -0.08451365
1.16648344 0.10365110
0.52201247 -0.93935293
0.07784604 0.29169443
0.78323667 0.16383416
0.28274077 -0.06467814
1.15733480 0.20829667
0.61811356 -0.98703593
-0.04800881 0.01685268
0.95716022 -0.01617803
0.20439573 -0.33062357
1.31444940 0.15331051
0.88833240 -1.18577748
0.01164149 -0.89513219
0.82114996 0.78558537
1.11798238 -1.01594281
0.23799177 -1.12595879
0.04689331 0.40542633
0.63659420 0.05345570
0.53734971 0.34135547
0.43456608 0.09247582
0.87755927 0.38065972
0.41124369 -0.62811288
0.81060748 0.64860209
0.77601029 -0.90709516
-0.05203174 -0.21792258
1.13530912 -0.14950404
0.29291502 -0.74977745
0.80454508 0.69760259
0.87901546 -0.95071335
-0.03614734 -0.53327589
1.44709801 0.17751651
1.22616706 -1.29251241
0.55937646 -1.54170387
-0.13582242 -0.94265965
0.78604282 0.83002219
1.18661730 -1.01177177
0.34740952 -1.24251248
-0.16110957 0.00971567
0.89625115 -0.10167218
0.19406776 -0.09742657
1.17261289 0.09164998
0.52191581 -0.94446084
0.07120645 0.28374015
0.79208705 0.16152727
0.27717881 -0.08281799
1.17061888 0.19666112
0.63026976 -1.00230191
-0.06497919 -0.03629167
0.97733334 -0.06303270
0.19326353 -0.35509248
1.32704037 0.15947471
0.92442487 -1.20055310
0.05630619 -0.98443493
0.53118889 0.75350182
0.74228614 -0.78868507
0.02585395 0.03434943
0.99810312 0.03864626
0.24649757 -0.49027932
1.28045646 0.40652603
1.16758481 -1.19742615
0.40363193 -1.38202131
-0.23698492 -0.38589976
1.37260348 -0.16517215
0.74076621 -1.21695061
-0.10160230 -0.65614944
1.41865461 0.42640470
1.50007113 -1.23587798
1.04513372 -1.74866384
0.58859966 -1.78671622
0.03886666 -1.39379133
-0.25393309 0.04924802
0.84951075 -0.17761747
0.22184832 0.06771492
1.05870001 0.20033452
0.43756895 -0.78997772
0.45040170 0.59876718
0.45303544 -0.39439913
1.00709468 0.54054695
0.85846932 -1.01891017
-0.04716493 -0.58422178
1.44524169 0.28289031
1.35429337 -1.27717035
0.78446835 -1.66145074
0.16398044 -1.42670134
-0.28224474 -0.16237343
1.06098221 -0.28664127
0.16204085 -0.52552840
1.34315051 0.35668188
1.22818795 -1.22974112
0.52653599 -1.49084070
-0.17768886 -0.79870165
1.19728104 0.70948805
1.55913794 -1.12081107
1.11642358 -1.72424468
0.67822066 -1.82049150
0.16152876 -1.53428999
-0.32622559 -0.41114098
1.45617282 -0.12259278
0.96477847 -1.31472002
0.16332885 -1.20582057
-0.04185051 0.33748770
0.69702682 0.04339669
0.42847522 0.26157301
0.65520013 0.29196289
0.35442379 0.00054065
1.06852063 0.31153540
0.58649254 -0.91237711
0.04625910 0.20800660
0.87282983 0.14355185
0.24905595 -0.26430788
1.27566444 0.17560754
0.82726368 -1.14597991
-0.05380769 -0.71244216
1.31169946 0.56242637
1.50037379 -1.18300379
1.02230790 -1.71944879
0.53158715 -1.73836119
-0.05036853 -1.25433585
-0.04122989 0.43853802
0.61005619 -0.07138892
0.67012125 0.44358156
0.35870820 -0.33446191
1.20173686 0.39260244
0.97424925 -1.13752648
0.08928089 -0.99374265
0.47501990 0.72852404
0.65791339 -0.70402671
0.19751954 0.32880550
0.72707545 0.21138847
0.31857751 -0.00746069
1.10047026 0.26862433
0.58644414 -0.93185758
0.02501525 0.17705287
0.89283360 0.12005783
0.24211116 -0.28804987
1.28773025 0.17860470
0.85790315 -1.16139100
-0.02499172 -0.79881270
1.10824455 0.71109172
1.40254140 -1.11462322
0.79728428 -1.59956471
0.13452702 -1.35584468
-0.22566874 0.03781696
0.85885552 -0.14995666
0.21596791 0.03147564
1.08897288 0.17511835
0.45874273 -0.83212292
0.33422937 0.53672801
0.45141687 -0.15127257
1.04375064 0.42624048
0.71627647 -0.97421199
-0.07297174 -0.18184019
1.08813916 -0.15273499
0.23351906 -0.62488444
1.15027733 0.58127120
1.21213290 -1.14036007
0.45035232 -1.39331767
-0.22622591 -0.48283807
1.47988574 0.00118209
1.12070999 -1.32641633
0.40189484 -1.44385625
-0.24553230 -0.51778755
1.50973477 0.07852647
1.26569057 -1.33440458
0.65482810 -1.61887893
-0.00920583 -1.20484619
0.04020313 0.50467677
0.55931959 -0.11582691
0.80733226 0.47659743
0.46341804 -0.65116319
0.65588450 0.63165500
0.57668809 -0.70173838
0.33896806 0.48092781
0.47091215 -0.02192448
0.93372786 0.41907224
0.52817625 -0.79109572
0.28885548 0.47661680
0.49844342 0.00527767
0.86010966 0.42625624
0.44894581 -0.66538749
0.66246477 0.63870743
0.59503242 -0.72243666
0.27688353 0.43202431
0.54803497 0.09491210
0.67696676 0.38239186
0.33496375 -0.21766461
1.21417319 0.28877068
0.84142154 -1.11198604
-0.04917215 -0.68868380
1.34715891 0.51537399
1.49163050 -1.20144159
1.01294102 -1.72373302
0.52115061 -1.73450867
-0.06242836 -1.23618032
-0.00342224 0.48383413
0.57891209 -0.11095849
0.75966304 0.47294127
0.41986871 -0.55862726
0.90301371 0.62141815
0.85084866 -0.97521549
-0.05125713 -0.50159674
1.44217405 0.10200807
1.12968823 -1.29472043
0.39693332 -1.42401992
-0.24563850 -0.46749293
1.47434633 -0.02991265
1.08025051 -1.32475631
0.33668686 -1.38808185
-0.25011841 -0.29951407
1.24706074 -0.24959564
0.43221716 -0.99386317
0.09351162 0.36011819
0.69317677 0.13411720
0.38781980 0.17030965
0.83801044 0.34508135
0.34476981 -0.48575811
1.14287901 0.51671616
1.07180646 -1.12654779
0.21562366 -1.15898048
0.00554612 0.36978673
0.67257426 0.05982060
0.46401881 0.28641094
0.57662472 0.24819864
0.47039118 0.19681053
0.68827693 0.33679452
0.32643797 -0.14802126
1.19011532 0.26061182
0.75130732 -1.06790883
-0.09744189 -0.42021873
1.38235897 -0.06727083
0.83132278 -1.23412146
-0.02699103 -0.85950778
0.95289812 0.77250369
1.28019161 -1.06787726
0.53937406 -1.42794194
-0.18521539 -0.69463511
1.40412450 0.50528187
1.59243640 -1.20531662
1.21546324 -1.78448186
0.87998940 -1.93948339
0.51116720 -1.85342493
0.01093610 -1.41982325
-0.27780320 0.01390261
0.87850415 -0.21887613
0.18517622 -0.00010415
1.10598837 0.12861401
0.44055584 -0.83139714
0.36583345 0.56119018
0.44310687 -0.23102500
1.07577950 0.44331437
0.80494545 -1.02886118
-0.07456616 -0.47703931
1.43272480 0.03977193
1.04397073 -1.28919941
0.26009198 -1.29675874
-0.19021499 0.01629233
0.88137279 -0.12429724
0.20007318 -0.04305817
1.13939262 0.12039583
0.48917061 -0.89573937
0.18029473 0.41449868
0.60902957 0.11241688
0.54395024 0.32046501
0.44501412 0.12182041
0.82588584 0.37698177
0.36502572 -0.51420991
1.07581522 0.56245275
1.02954363 -1.09217657
0.14152242 -1.04297274
0.30102630 0.63935167
0.50176664 -0.39530660
0.89489240 0.56521007
0.72243121 -0.91125978
-0.04232024 -0.09451205
1.02983352 -0.08829507
0.20948064 -0.49035208
1.31873388 0.35876709
1.17675889 -1.21723141
0.43010083 -1.41315608
-0.23429282 -0.49390148
1.49137676 0.02454880
1.16960211 -1.33166400
0.48593933 -1.51003082
-0.19745338 -0.77738844
1.25313695 0.67602618
1.59583783 -1.13452272
1.19612567 -1.75126962
0.82437326 -1.90059501
0.40541539 -1.76716434
-0.14059560 -1.16691865
0.16991522 0.65570339
0.55224977 -0.41371779
0.75542723 0.57084092
0.55766188 -0.72837217
0.33482212 0.48904371
0.46796130 -0.03825181
0.95167378 0.41979742
0.55470633 -0.82344578
0.19848257 0.39501531
0.62939226 0.14474172
0.48084450 0.26137376
0.58733669 0.26893570
0.43852425 0.15083278
0.79785032 0.36514283
0.33978252 -0.43327516
1.19183099 0.45692044
1.06299046 -1.14704598
0.21233785 -1.16643711
-0.00480040 0.35911433
0.68250880 0.06064751
0.44547030 0.26979415
0.62228017 0.27753592
0.39247708 0.08345970
0.94461495 0.35685509
0.45813038 -0.72958078
0.52565108 0.61331237
0.47954469 -0.50756258
0.83526764 0.60646961
0.72006569 -0.88581797
-0.02621249 -0.04953857
1.01077594 -0.04927699
0.21352689 -0.45932341
1.32643772 0.31821614
1.13337950 -1.22039982
0.35961941 -1.35528292
-0.23494142 -0.25975987
1.17890343 -0.25953500
0.31035827 -0.83946613
0.56921125 0.68062605
0.60877245 -0.69614377
0.28817964 0.43132356
0.54285887 0.09477804
0.68703381 0.38474908
0.33391350 -0.24200639
1.22244637 0.29710356
0.87122193 -1.12488185
-0.02256039 -0.77079412
1.17189650 0.67238676
1.43760686 -1.13450913
0.87583986 -1.64352732
0.26616326 -1.50691355
-0.29367526 -0.47236182
1.50041824 -0.01311362
1.15725478 -1.34124073
0.47127729 -1.50411642
-0.20752759 -0.74451099
1.32518110 0.61491653
1.61983212 -1.15953967
1.25352692 -1.77485736
0.93398274 -1.95448585
0.59690506 -1.90743514
0.14075249 -1.58029217
-0.33950554 -0.49457450
1.53727782 0.05315616
1.30596829 -1.35014178
0.73701860 -1.66999220
0.11429490 -1.38365584
-0.24952287 -0.00465977
0.88895208 -0.19523804
0.18165862 -0.03583122
1.12880596 0.10573007
0.45696169 -0.86386839
0.27986777 0.50500145
0.48330832 -0.05518309
0.93595415 0.43309368
0.55225893 -0.81303628
0.21718679 0.41191988
0.60006396 0.12529212
0.54898356 0.31774489
0.44193849 0.12027722
0.83247479 0.37663518
0.36917589 -0.52754553
1.05168796 0.57719183
1.01394009 -1.07960920
0.11635336 -0.99800268
0.43709956 0.70772632
0.60365412 -0.63511835
0.37860743 0.48555937
0.44859260 -0.05504708
0.99674646 0.40674866
0.60414154 -0.88433248
0.06027668 0.21451141
0.87187874 0.15427302
0.25237781 -0.27582414
1.27973741 0.18698537
0.85020773 -1.15431464
-0.03350702 -0.77243289
1.17685625 0.67299321
1.44807187 -1.13487404
0.89693854 -1.65260638
0.30129007 -1.54131300
-0.28302310 -0.59300348
1.52551640 0.27120882
1.52038540 -1.29375817
1.11175068 -1.79322926
0.72448181 -1.87881211
0.26275486 -1.65555572
-0.28351013 -0.79285854
1.23308295 0.72108564
1.64609998 -1.11145213
1.29106180 -1.76372037
0.98698834 -1.96714165
0.68111415 -1.95493824
0.27464627 -1.71618151
-0.25725300 -0.93063937
0.85577309 0.85693424
1.34747302 -1.03309071
0.65383319 -1.48841060
-0.08278698 -0.98401837
0.63767916 0.81153665
0.97245329 -0.92847973
0.03112555 -0.72494945
1.22147952 0.61435204
1.41710158 -1.15770169
0.84542507 -1.63961921
0.22360256 -1.46755365
-0.29478101 -0.32946734
1.31995626 -0.23651236
0.58534449 -1.13341128
-0.13271417 -0.18716446
1.07399033 -0.19278676
0.20361906 -0.57461395
1.25926680 0.48353973
1.25240030 -1.18749339
0.54682795 -1.48571169
-0.16598945 -0.81891405
1.14320676 0.73824910
1.52207370 -1.10792830
1.03595935 -1.69396571
0.53190114 -1.72467274
-0.05899480 -1.23168018
0.00436199 0.49022779
0.57430885 -0.11603584
0.77234392 0.47564865
0.43233622 -0.58667778
0.83269238 0.63419520
0.77472668 -0.91469769
-0.05481907 -0.22632741
1.14350200 -0.15275094
0.30290280 -0.76948589
0.74244490 0.69827707
0.80220140 -0.89572099
-0.04907188 -0.26567117
1.19176961 -0.14948473
0.38044748 -0.88583840
0.35531207 0.58071674
0.45192668 -0.27392207
1.05820688 0.47203971
0.82269575 -1.02766145
-0.06660127 -0.51577513
1.45216712 0.12090185
1.17375790 -1.29991059
0.47333214 -1.48569036
-0.21036984 -0.71019248
1.38775770 0.54224839
1.61907930 -1.18948042
1.26274295 -1.78895336
0.95910461 -1.97032368
0.64477145 -1.93996879
0.22031619 -1.66650909
-0.30232938 -0.76995424
1.28649180 0.68713233
1.67793744 -1.12402960
1.35971272 -1.78172085
1.11237330 -2.01402185
0.89915005 -2.06825834
0.64510284 -1.99845949
0.26954444 -1.74313886
-0.24942196 -0.97928875
0.71071806 0.86226582
1.18394459 -0.98871058
0.33381780 -1.21795433
-0.13347749 0.08399352
0.86309864 -0.03746532
0.22399592 -0.04853283
1.14819216 0.14348543
0.52821671 -0.92841612
0.08577806 0.29729352
0.77734326 0.16725561
0.28653292 -0.05546777
1.15001588 0.21561364
0.61277463 -0.97926880
-0.03882727 0.04184026
0.94899751 0.00615299
0.21042231 -0.32570036
1.31110816 0.15811994
0.88635050 -1.18310146
0.00870100 -0.88738762
0.84538595 0.78357885
1.14650547 -1.02701580
0.28716754 -1.18783469
-0.07828738 0.21671096
0.79849137 0.04898203
0.28112371 0.04008641
1.07509907 0.24428769
0.51218890 -0.86406427
0.19846082 0.41806699
0.59886340 0.11209129
0.56317877 0.33145240
0.41691009 0.07681983
0.92097559 0.37326203
0.44954420 -0.70490430
0.58904728 0.63031080
0.53022369 -0.61819708
0.56034635 0.58649940
0.45643620 -0.48733331
0.91353092 0.59467939
0.81072647 -0.96260231
-0.06451581 -0.38697465
1.34188691 -0.08821449
0.72258833 -1.17808362
-0.11501344 -0.55123234
1.47586231 0.17433893
1.28977308 -1.30574427
0.68118314 -1.62074884
0.01889833 -1.24137733
-0.03975807 0.40916593
0.63110264 -0.02833163
0.60053062 0.40458587
0.36107689 -0.12838196
1.15339762 0.30890858
0.74353009 -1.04359051
-0.09513898 -0.36141987
1.30852688 -0.13397209
0.61764208 -1.12038262
-0.12867377 -0.22771493
1.12364846 -0.20030974
0.25511265 -0.70734562
0.96286671 0.67573038
1.06945561 -1.05640533
0.18219550 -1.07776393
0.18558957 0.55181482
0.50049764 -0.15824438
0.95177043 0.46995812
0.63521810 -0.88294026
0.03265103 0.15011746
0.92109211 0.11353692
0.24454426 -0.35628735
1.30771073 0.23785624
0.97853443 -1.19605703
0.11984422 -1.07688080
0.24063749 0.61183072
0.49507133 -0.30848672
0.95888250 0.52337338
0.74241339 -0.94883253
-0.06534115 -0.20182042
1.11224150 -0.15444291
0.26043375 -0.68876565
0.99164519 0.66266999
1.08910642 -1.06970946
0.21609983 -1.12833937
0.05859700 0.42759557
0.61286182 0.03168605
0.60168818 0.38261812
0.36370776 -0.08340667
1.12447585 0.31191372
0.69051091 -1.00360487
-0.08272745 -0.17252244
1.07458210 -0.15520904
0.21877566 -0.58696672
1.22511948 0.51687457
1.24064379 -1.17227684
0.51755713 -1.45846741
-0.19140630 -0.72145339
1.36306268 0.56520960
1.60800509 -1.18068846
1.23729985 -1.77967703
0.91137158 -1.94875745
0.56122712 -1.88583242
0.08585884 -1.51661833
-0.33616213 -0.28939267
1.28903264 -0.27537273
0.50384644 -1.07756866
-0.06747619 0.08159106
0.90551521 0.01236269
0.21209080 -0.20853947
1.24719541 0.10274295
0.68308785 -1.08077251
-0.11286291 -0.29261838
1.21250695 -0.18578287
0.39798971 -0.92540866
0.25226490 0.51270030
0.49020954 -0.06766103
0.93102248 0.43999734
0.55586103 -0.81342793
0.21123641 0.40506252
0.61134619 0.13413559
0.52083046 0.29614715
0.49468080 0.18819190
0.66200769 0.33565263
0.33872505 -0.09464728
1.15164737 0.27783848
0.69628907 -1.02204855
-0.09155020 -0.21756270
1.12021789 -0.17514789
0.26127711 -0.70398584
0.95926047 0.67458754
1.06080242 -1.05368627
0.16897971 -1.05839787
0.23984751 0.59385516
0.48708134 -0.26299997
0.98775546 0.49804419
0.74368485 -0.96203260
-0.07075189 -0.22613101
1.13719713 -0.16325198
0.28907168 -0.75078254
0.80920122 0.69846810
0.88733985 -0.95544009
-0.03143167 -0.55976898
1.44491995 0.23801879
1.29524141 -1.28445874
0.67881480 -1.61000079
0.00947438 -1.22135236
0.00052286 0.45759856
0.59279139 -0.06158318
0.70539268 0.44823405
0.36882281 -0.40913856
1.15972824 0.46931955
1.01842029 -1.12583184
0.14059959 -1.06217677
0.25684904 0.61448898
0.49218170 -0.31845057
0.96169001 0.52620505
0.75241409 -0.95504459
-0.06858308 -0.23558918
1.14900599 -0.16298464
0.30597107 -0.78052203
0.71199017 0.69738441
0.76569033 -0.86582431
-0.03195353 -0.13106483
1.06359504 -0.10342570
0.23056738 -0.57700760
1.22134866 0.51356113
1.22675422 -1.17067799
0.49186258 -1.43905552
-0.20830941 -0.64293402
1.47283726 0.38262000
1.55264242 -1.25310053
1.15633105 -1.78889289
0.79005049 -1.90554060
0.36570155 -1.74482949
-0.18337514 -1.08348466
0.39674791 0.78371865
0.75600078 -0.75198383
0.04146326 0.04680789
1.00103372 0.05626880
0.25810878 -0.51365117
1.24916948 0.45341513
1.17848496 -1.18262883
0.41410858 -1.38367476
-0.23497111 -0.40563554
1.39890411 -0.13738384
0.81926291 -1.25209336
-0.03195625 -0.86521627
0.94133334 0.77701399
1.27293544 -1.06409220
0.52413723 -1.41534683
-0.19528414 -0.64530325
1.46660754 0.38789775
1.54667868 -1.25111084
1.14372618 -1.78463227
0.76715258 -1.89344390
0.32693847 -1.71103683
-0.22649378 -0.97656899
0.71519623 0.85611087
1.17218405 -0.98911180
0.31426275 -1.19798751
-0.10368271 0.15611514
0.83213772 0.01646538
0.25103510 -0.01258002
1.12418792 0.18907837
0.53372092 -0.91390295
0.09911334 0.30929804
0.76297752 0.17107372
0.29679761 -0.02722403
1.12614167 0.23672887
0.59334947 -0.95250522
-0.00174916 0.12866913
0.91736486 0.08114226
0.23129690 -0.30998526
1.29959906 0.17722186
0.88302034 -1.17465384
0.00253296 -0.86849533
0.90307306 0.77561622
1.21087927 -1.05042769
0.40565113 -1.31459014
-0.21449234 -0.24102991
1.14471434 -0.25175522
0.26315393 -0.75484877
0.84554057 0.70268775
0.94824195 -0.98811707
0.01806818 -0.74498039
1.19299041 0.64231279
1.41685780 -1.14595853
0.83961230 -1.63219130
0.21062337 -1.45112794
-0.29063786 -0.27543215
1.23216069 -0.27562898
0.39433082 -0.96148833
0.19051987 0.46851548
0.54541282 0.02349890
0.75032684 0.42316126
0.36493602 -0.44470097
1.14273970 0.49767917
1.03573134 -1.12120003
0.16197506 -1.08851993
0.17978528 0.55520102
0.50202138 -0.16697226
0.95082893 0.47360893
0.63996262 -0.88564200
0.02599380 0.13558093
0.92923485 0.10212328
0.24211434 -0.36534045
1.31052984 0.24324174
0.99213081 -1.19959520
0.13917689 -1.10539533
0.16182607 0.55035660
0.50863768 -0.15848632
0.93460265 0.47500068
0.61754870 -0.86255915
0.07058200 0.21848494
0.87148657 0.16181923
0.25483883 -0.28483507
1.28253004 0.19620548
0.86788482 -1.16020830
-0.01631330 -0.81703502
1.05576786 0.73336073
1.35937926 -1.09970095
0.70554607 -1.54585664
-0.00294207 -1.15453727
0.14451434 0.58978462
0.51740454 -0.25646277
0.92094168 0.51368188
0.66450306 -0.88778598
0.00496370 0.07734770
0.95751140 0.05532301
0.23201975 -0.39410177
1.31944561 0.25954864
1.03449325 -1.20976651
0.20240052 -1.19001731
-0.03702610 0.32378029
0.71241189 0.05760909
0.39551406 0.21996557
0.75677947 0.32671841
0.31011608 -0.27280552
1.24919048 0.27583677
0.89930617 -1.14694228
0.00977087 -0.86027386
0.91884491 0.77003168
1.22121566 -1.05603773
0.42638018 -1.33502540
-0.22030238 -0.31902559
1.26508063 -0.22690029
0.47696244 -1.03173690
0.00035107 0.21725817
0.84072227 0.11341784
0.24975842 -0.14169116
1.20970357 0.15104135
0.65661862 -1.04206918
-0.09618359 -0.16491529
1.06152261 -0.16043104
0.20485774 -0.54893459
1.28360481 0.44456492
1.23743471 -1.19929186
0.52620438 -1.47677001
-0.18186051 -0.77069820
1.26288670 0.66241999
1.58820997 -1.14074200
1.18281203 -1.75036550
0.80249517 -1.89099947
0.36933025 -1.73791727
-0.18433598 -1.07439514
0.42213668 0.79284346
0.78558104 -0.77944379
0.00599797 -0.06279192
1.04081104 -0.03946249
0.24023084 -0.54906757
1.23964568 0.48322940
1.21037950 -1.17882502
0.46723397 -1.42422765
-0.22065237 -0.57433502
1.51148316 0.21215326
1.41672421 -1.30893435
0.91991358 -1.73410600
0.39665921 -1.66048344
-0.20190327 -0.95718807
0.76707414 0.84905502
1.21335129 -1.00747801
0.39192787 -1.28253937
-0.19780385 -0.14853563
1.02276768 -0.22146079
0.15797882 -0.42193626
1.35908992 0.18834626
1.03339603 -1.23441909
0.21383074 -1.21705100
-0.08291349 0.25321362
0.76379972 0.04138561
0.32389836 0.12969122
0.95482537 0.31074188
0.41626761 -0.68988449
0.68692064 0.65410165
0.64672671 -0.77715007
0.13128858 0.27080763
0.81935719 0.20182339
0.26981939 -0.20885441
1.24443740 0.18588361
0.77097424 -1.10901790
-0.09252979 -0.53299105
1.46528857 0.14333855
1.22958074 -1.30501421
0.57289068 -1.55617211
-0.11859221 -0.98800329
0.64516292 0.82229221
1.00827531 -0.94062493
0.06938903 -0.82103145
0.96134198 0.74055426
1.21760744 -1.07025801
0.42635785 -1.34150324
-0.22229091 -0.33308951
1.28758998 -0.21722137
0.52682650 -1.07573976
-0.07725132 0.04107263
0.92351659 -0.01872480
0.20190402 -0.23272719
1.26074874 0.09434569
0.70348848 -1.09853338
-0.11460441 -0.36879674
1.31874300 -0.13860201
0.63687470 -1.13681918
-0.13407075 -0.29872558
1.21989111 -0.19618759
0.40614179 -0.94015838
0.21416223 0.48169145
0.52556108 0.00056986
0.81055802 0.43341170
0.41209049 -0.58197158
0.88491518 0.63138591
0.84451966 -0.96593039
-0.05351229 -0.47282364
1.42578913 0.04591818
1.03343335 -1.28344012
0.24125110 -1.27421135
-0.16348906 0.09254561
0.84252474 -0.06155622
0.24011215 0.02482989
1.09531778 0.19522684
0.49036235 -0.86192544
0.23318344 0.45664279
0.54136419 0.05098910
0.73364746 0.41055223
0.34963337 -0.38668404
1.20032162 0.42426803
1.02423520 -1.14553075
0.15702472 -1.09637786
0.16703722 0.54754082
0.50737955 -0.15087750
0.93513706 0.47196738
0.61325597 -0.85976103
0.07818660 0.23158217
0.85898558 0.16884053
0.25692555 -0.26190586
1.27252258 0.18644525
0.83344135 -1.14545162
-0.04915927 -0.72434714
1.28726619 0.58687768
1.49529265 -1.17298070
1.00785924 -1.71040438
0.50316080 -1.71626750
-0.08990015 -1.18452566
0.11361186 0.59780796
0.53194493 -0.28434641
0.88043168 0.52952453
0.63426733 -0.84925857
0.06762654 0.20184946
0.88867740 0.15592847
0.25455862 -0.32203529
1.29488368 0.22256266
0.92932097 -1.18037001
0.05366389 -0.96568407
0.58496452 0.76514066
0.80764099 -0.84520603
-0.03152866 -0.20722199
1.13330111 -0.13348473
0.29794427 -0.74959410
0.79587718 0.69668514
0.86530476 -0.94237871
-0.04269272 -0.48849173
1.43352200 0.08258699
1.08873267 -1.28925922
0.32825830 -1.36207963
-0.24006892 -0.22862798
1.13446246 -0.26634931
0.24444890 -0.72737861
0.93830596 0.68785908
1.05658184 -1.04555666
0.16006778 -1.04127448
0.28745051 0.62551688
0.49245857 -0.35533085
0.94333311 0.54359634
0.75571961 -0.94893641
-0.06647229 -0.23372364
1.14756162 -0.16140714
0.30461899 -0.77732535
0.72165125 0.69793566
0.77758489 -0.87574325
-0.03937488 -0.17512028
1.09767237 -0.12867120
0.25480083 -0.65882117
1.05848456 0.63304366
1.14379701 -1.10065473
0.31499686 -1.25368967
-0.16288719 0.03422903
0.87964946 -0.08919572
0.20637771 -0.05807137
1.15093366 0.12020775
0.50964517 -0.91881537
0.11992999 0.34595416
0.71272093 0.16144783
0.34938284 0.09626471
0.97465729 0.32517581
0.45826853 -0.74942704
0.48842352 0.60276593
0.45963380 -0.44218848
0.95337423 0.57212681
0.82896022 -0.98595594
-0.06153699 -0.46600363
1.42209860 0.02826979
1.00767661 -1.28011859
0.20247380 -1.23036000
-0.09646684 0.23902586
0.76998184 0.03012322
0.31818554 0.12684791
0.96254157 0.30600022
0.42031913 -0.70019228
0.65876298 0.65098125
0.61548585 -0.73954210
0.22056010 0.37726276
0.64663126 0.17268303
0.43236788 0.20157981
0.73643190 0.33892291
0.31521347 -0.25179349
1.23989686 0.27255218
0.87429653 -1.13561351
-0.01717950 -0.79315570
1.11546048 0.70461030
1.40156562 -1.11746791
0.79659619 -1.60039203
0.13428680 -1.35615448
-0.22593875 0.03736838
0.85912805 -0.15045037
0.21562848 0.03094739
1.08935633 0.17450699
0.45873476 -0.83242018
0.33370123 0.53644040
0.45163613 -0.15029359
1.04301299 0.42622318
0.71491617 -0.97316826
-0.07228875 -0.17693990
1.08349776 -0.15040003
0.22964838 -0.61302064
1.17415747 0.56283270
1.22338494 -1.15038888
0.47534923 -1.41739001
-0.21753169 -0.57264926
1.51064748 0.20782057
1.40967073 -1.30981621
0.90697838 -1.72933714
0.37507042 -1.64261029
-0.22321954 -0.89621399
0.95053435 0.82976177
1.41451770 -1.05721871
0.79734151 -1.57637959
0.11838508 -1.32308098
-0.18826591 0.13159157
0.80755235 -0.07549718
0.28065418 0.12406649
0.98758778 0.27588936
0.41859364 -0.71668455
0.63045183 0.64915994
0.58974035 -0.70354695
0.31232932 0.45798947
0.50251468 0.03774336
0.82235704 0.41729951
0.40338549 -0.57696033
0.91159128 0.62739333
0.87730823 -0.98837735
-0.03678855 -0.58290884
1.44097634 0.28611207
1.34888357 -1.27533577
0.77328621 -1.65524473
0.14597227 -1.40508365
-0.26814593 -0.09064191
0.97036756 -0.25301710
0.13644414 -0.26235904
1.26540891 0.01979944
0.64193829 -1.08126301
-0.11300931 -0.20492436
1.09926047 -0.18576083
0.23197728 -0.64565815
1.11855599 0.60597169
1.20021832 -1.12729396
0.42296018 -1.36498745
-0.22907138 -0.37877865
1.35899652 -0.17273833
0.70531233 -1.19720272
-0.12281939 -0.55062880
1.47841820 0.17005921
1.29079584 -1.30740070
0.68401740 -1.62304341
0.02336427 -1.24856874
-0.05393496 0.39037371
0.64588674 -0.01993233
0.56348361 0.38429506
0.38677694 -0.02768789
1.06070020 0.34367068
0.61790074 -0.92789420
0.00353080 0.11708203
0.92936440 0.07825825
0.23246391 -0.33979526
1.30953340 0.20367696
0.93837632 -1.19115732
0.06848127 -0.99739241
0.48501986 0.73781794
0.68218015 -0.72834222
0.13753301 0.25058118
0.84751830 0.20719894
0.26923191 -0.28734149
1.27762665 0.22026057
0.88747808 -1.16138836
0.00263655 -0.85777781
0.93213098 0.76901461
1.23927677 -1.06091963
0.46092561 -1.36568601
-0.22005005 -0.44078784
1.43632963 -0.07884394
0.94963763 -1.29366285
0.13177237 -1.15422472
0.06742244 0.47273037
0.57178176 -0.03640287
0.73860377 0.44447975
0.37825643 -0.46405185
1.10250393 0.52897524
1.01503016 -1.10045044
0.12574334 -1.02523655
0.35904593 0.67333810
0.53679384 -0.50705185
0.69748223 0.59172194
0.54027088 -0.68286774
0.43872776 0.54691523
0.42222872 -0.25372227
1.11272350 0.42876754
0.85161759 -1.06291992
-0.04838632 -0.63519892
1.41224726 0.39845389
1.44410806 -1.24373083
0.93922542 -1.71419986
0.40767602 -1.65645978
-0.19611226 -0.96252950
0.74970362 0.84790294
1.18952826 -1.00084211
0.34800968 -1.23790354
-0.15714825 0.01886316
0.89200556 -0.09289149
0.19795097 -0.09056812
1.16947813 0.09828922
0.52241087 -0.94210080
0.07379950 0.28658497
0.78902193 0.16256038
0.27904782 -0.07683066
1.16631473 0.20048347
0.62632715 -0.99737675
-0.05978525 -0.01904093
0.97020759 -0.04797132
0.19651969 -0.34458474
1.32201996 0.15415458
0.90664233 -1.19423602
0.03400366 -0.94228078
0.66839482 0.78113248
0.92313527 -0.92206110
-0.00928895 -0.60021654
1.41795211 0.34233965
1.37465579 -1.25822836
0.81280234 -1.66671501
0.20274190 -1.46616323
-0.29769998 -0.30078778
1.27699693 -0.26142406
0.48537484 -1.05423078
-0.03214680 0.16042418
0.87320490 0.07487433
0.23266313 -0.18261825
1.23355976 0.12771022
0.68070253 -1.06949174
-0.10927253 -0.26705982
1.17814992 -0.18895600
0.33841053 -0.84589010
0.50798344 0.65594331
0.53561201 -0.58469986
0.59739535 0.58923710
0.47340058 -0.54129393
0.80547679 0.61726622
0.70294916 -0.86365922
-0.00191366 0.02460245
0.98462798 0.01602949
0.22728086 -0.43405297
1.32075416 0.30259579
1.09785385 -1.21554465
0.30023854 -1.29746973
-0.19784860 -0.04184671
0.92191118 -0.16439970
0.16911902 -0.14129493
1.19141056 0.05196203
0.52087625 -0.96041104
0.05162505 0.25977512
0.81623192 0.15182023
0.26403475 -0.12913223
1.20139336 0.17151151
0.66282056 -1.03886833
-0.09553716 -0.17276255
1.06970056 -0.16343492
0.21090724 -0.57080516
1.25439671 0.48500066
1.24466975 -1.18541700
0.53175021 -1.47438777
-0.17906317 -0.77436289
1.25385828 0.66875571
1.58334217 -1.13816593
1.17199603 -1.74652701
0.78244437 -1.88043981
0.33520010 -1.70825709
-0.22228187 -0.98016997
0.70370257 0.85464798
1.15566825 -0.98413413
0.28531111 -1.16427314
-0.04504507 0.26795082
0.76700898 0.07426178
0.31199989 0.08745341
1.01289367 0.29133709
0.47098174 -0.78734535
0.39465876 0.56157684
0.43626889 -0.25262176
1.08863072 0.44497721
0.83253527 -1.04512393
-0.06142591 -0.56528597
1.45623787 0.23181311
1.31354677 -1.28954447
0.71540481 -1.63203949
0.06310413 -1.30163945
-0.14842972 0.23809572
0.74894771 -0.02714251
0.36337731 0.22283548
0.78814197 0.31983143
0.30928294 -0.33001891
1.25800108 0.31485848
0.97509358 -1.16685850
0.10243851 -1.03315053
0.36111264 0.68184809
0.54922390 -0.52821343
0.64118820 0.58445334
0.48905657 -0.59044924
0.69704695 0.61995389
0.58980526 -0.73254096
0.27194341 0.43170322
0.55093549 0.09592176
0.67035258 0.38032172
0.33602615 -0.20073030
1.20724897 0.28485946
0.82104507 -1.10192425
-0.06466943 -0.62932041
1.42618666 0.37755563
1.44374115 -1.25144103
0.94230449 -1.71859556
0.41548443 -1.66432070
-0.18715291 -0.98699870
0.67480335 0.84361910
1.09530510 -0.96758962
0.18724281 -1.03417761
0.27715745 0.61009101
0.48436818 -0.31278735
0.98131795 0.51858870
0.77098698 -0.97232071
-0.07366900 -0.30740196
1.23831971 -0.15537507
0.46150233 -0.98572701
0.07578022 0.32461967
0.73918245 0.14826285
0.32399780 0.05833364
1.03629107 0.29405551
0.50987817 -0.83646790
0.24540784 0.45597219
0.53692072 0.05241618
0.74116757 0.41078113
0.35197980 -0.40212801
1.19017674 0.44177613
1.03296157 -1.14209450
0.16742263 -1.10798934
0.13457526 0.51781590
0.52745934 -0.09253545
0.86870480 0.46373513
0.51059594 -0.73887705
0.40613173 0.54836572
0.42993030 -0.22846306
1.09834258 0.42699817
0.82029368 -1.04524617
-0.06802507 -0.53787888
1.45843242 0.16712870
1.24059008 -1.29908879
0.58879234 -1.56349978
-0.10187518 -1.02310779
0.53567546 0.80042270
0.86119053 -0.85563306
-0.03221813 -0.35814657
1.31009015 -0.09264310
0.64876662 -1.12863611
-0.13045047 -0.30790094
1.23308201 -0.19038705
0.43316455 -0.96935842
0.13121005 0.39787777
0.64094487 0.11512113
0.48398506 0.27788445
0.56219313 0.24618855
0.49210594 0.21713188
0.62865893 0.31056491
0.36908367 0.01383133
1.04306495 0.32960704
0.56769962 -0.88452409
0.09899233 0.28803541
0.79199882 0.17853361
0.27719224 -0.10700190
1.18601690 0.19211589
0.65568187 -1.02504447
-0.08710721 -0.13233351
1.03499323 -0.13822565
0.19320728 -0.48191548
1.33622076 0.32451284
1.16470935 -1.22654571
0.41495043 -1.40538124
-0.23819249 -0.45406651
1.45806413 -0.05600019
1.01958702 -1.31307914
0.23855971 -1.28795716
-0.17706954 0.06527054
0.85400570 -0.08679226
0.22751367 0.01097142
1.10600970 0.17546238
0.48723541 -0.86766845
0.22828620 0.45448628
0.54555429 0.05480622
0.72162028 0.40745261
0.34492299 -0.35657316
1.21584964 0.39084924
1.00157399 -1.14941326
0.12859732 -1.05987802
0.27278028 0.62805511
0.49766997 -0.35699161
0.93025465 0.54679201
0.74096384 -0.93596367
-0.05956608 -0.17780495
1.09017979 -0.14265135
0.24006984 -0.63377258
1.12587875 0.59681531
1.19567374 -1.13003667
0.41643749 -1.36081440
-0.22932927 -0.35943110
1.33057330 -0.19484666
0.62956592 -1.15220438
-0.13944912 -0.31310943
1.24067788 -0.19296594
0.44614975 -0.98500205
0.09259041 0.35174355
0.70438247 0.14060742
0.36903939 0.14066997
0.89966933 0.34099270
0.38936642 -0.61394477
0.88192406 0.64356113
0.86670008 -0.97350887
-0.04316188 -0.53657526
1.44988996 0.17977082
1.23537136 -1.29365531
0.57630151 -1.55313413
-0.11726610 -0.98723817
0.64674968 0.82207698
1.00922489 -0.94134607
0.07057765 -0.82398703
0.95242916 0.74278196
1.20847844 -1.06686563
0.40874511 -1.32487804
-0.21860360 -0.26856750
1.18673250 -0.24952548
0.32652454 -0.85884479
0.49854731 0.65755125
0.53498773 -0.57906069
0.60688199 0.59067079
0.47967951 -0.55695310
0.76868308 0.61977958
0.66327354 -0.82241451
0.06544579 0.17552587
0.91481047 0.14549108
0.25676251 -0.37764424
1.30216350 0.27859714
1.02161750 -1.19827462
0.17844291 -1.15476885
0.03659450 0.42162726
0.61985916 0.02389546
0.59251460 0.38162903
0.36919284 -0.06648970
1.10800056 0.31987889
0.67028584 -0.98416394
-0.06759665 -0.09330288
1.01393766 -0.10275347
0.19394268 -0.43767586
1.34346612 0.26011901
1.09021912 -1.22826570
0.29536971 -1.29932282
-0.19859053 -0.03901306
0.91953755 -0.16341227
0.17032310 -0.13476306
1.18763462 0.05478863
0.51622598 -0.95440018
0.06393902 0.27831402
0.79712974 0.15778670
0.27420959 -0.08989649
1.17573031 0.19123128
0.63398218 -1.00764528
-0.07009384 -0.05383242
0.98527602 -0.07816761
0.19045828 -0.36866543
1.33286228 0.16933823
0.94956706 -1.20816651
0.08923518 -1.04076704
0.35375816 0.68279589
0.55054820 -0.52629904
0.64038924 0.58357196
0.48731378 -0.58752283
0.70556068 0.62069180
0.59899541 -0.74463777
0.24020523 0.40307499
0.60221372 0.14178205
0.53011781 0.29874599
0.48082743 0.17430382
0.70198619 0.35080623
0.32357369 -0.20318868
1.21729197 0.26651925
0.81690483 -1.10646748
-0.06687567 -0.62767458
1.42868383 0.37279060
1.44229696 -1.25310126
0.94032060 -1.71852548
0.41264521 -1.66235249
-0.19004647 -0.97983662
0.69679457 0.84556869
1.12364129 -0.97832775
0.23283313 -1.09973083
0.09854810 0.45925591
0.57730517 0.00612586
0.69684539 0.42200177
0.34953704 -0.33834586
1.21317875 0.38241941
0.98211146 -1.14468262
0.10182899 -1.01779675
0.40051605 0.69864532
0.57972005 -0.59047833
0.48886922 0.54165000
0.41236552 -0.29310708
1.12704818 0.43724592
0.89491273 -1.08291651
-0.01137091 -0.75876624
1.18929810 0.65620819
1.43757306 -1.14149531
0.87881819 -1.64763877
0.27323860 -1.51536007
-0.29239009 -0.50021795
1.51928618 0.04761235
1.25797247 -1.34348544
0.64660220 -1.61831479
-0.01773586 -1.19340430
0.06714925 0.53259502
0.54281139 -0.15618395
0.85782757 0.48806504
0.53471872 -0.75664694
0.33241275 0.49966250
0.46339190 -0.06149832
0.97627760 0.42004008
0.59223972 -0.86525625
0.09489888 0.26705641
0.81919019 0.17991943
0.26599391 -0.17613733
1.22813098 0.17434369
0.72206756 -1.08125007
-0.10721493 -0.37863775
1.33159626 -0.12442590
0.67434609 -1.15876666
-0.13220844 -0.41721113
1.38352203 -0.08978674
0.81691250 -1.23428392
-0.03995287 -0.83249523
1.03518796 0.74928225
1.36024676 -1.09223764
0.70393625 -1.54187621
-0.00694815 -1.14591069
0.16611676 0.60687562
0.51631253 -0.29448192
0.91454072 0.52807980
0.68116696 -0.89537725
-0.01215504 0.02738858
0.97588974 0.01208212
0.22129795 -0.40639094
1.32663803 0.25836014
1.04929254 -1.21540618
0.22671555 -1.22081737
-0.09386515 0.22872028
0.78007567 0.03381465
0.30440324 0.09985461
1.00350638 0.28830513
0.45396495 -0.76476342
0.46795105 0.59798930
0.45294096 -0.40957003
0.99619032 0.54957894
0.85701521 -1.01392573
-0.04823019 -0.57345883
1.44916301 0.25789406
1.33047393 -1.28285581
0.74301651 -1.64341785
0.10204772 -1.35223048
-0.21770151 0.08212953
0.83086326 -0.12347275
0.24979719 0.09335391
1.03149605 0.23792857
0.43724584 -0.76875808
0.49207834 0.61284227
0.47144896 -0.47008973
0.89795047 0.59043811
0.77774972 -0.94132879
-0.06406885 -0.27470539
1.19827390 -0.15854790
0.38684417 -0.89858117
0.32006125 0.55940280
0.45582832 -0.20081694
1.04915153 0.44559030
0.75904005 -0.99716935
-0.08166362 -0.31953014
1.25316491 -0.15495153
0.49052546 -1.01583750
0.00911119 0.22112806
0.84126771 0.12032611
0.25036361 -0.15177340
1.21568648 0.15136114
0.66936667 -1.05182351
-0.10216927 -0.21041455
1.10866787 -0.18030168
0.24497794 -0.67222075
1.04983127 0.64199045
1.14718258 -1.09768766
0.31912479 -1.25633406
-0.16639599 0.02225471
0.88588248 -0.09902191
0.20076775 -0.06962925
1.15691247 0.10933789
0.50988603 -0.92391196
0.11237579 0.33784151
0.72412690 0.16301487
0.33569831 0.07042361
1.01518849 0.30833117
0.49523334 -0.81056029
0.31169715 0.50702373
0.46890944 -0.06976843
0.97198845 0.42574376
0.59447997 -0.86465550
0.09309495 0.26336676
0.82360545 0.17913187
0.26460249 -0.18608056
1.23375104 0.17354889
0.73312473 -1.08908626
-0.10570160 -0.41656258
1.37902395 -0.07710765
0.81598445 -1.22936443
-0.04229334 -0.82287927
1.06183947 0.73898598
1.38238894 -1.09972606
0.75082448 -1.57016967
0.06065877 -1.25350146
-0.07528973 0.34562664
0.68164668 0.00186584
0.47770402 0.32182280
0.51684264 0.18786568
0.62679076 0.32507679
0.36461554 -0.01025943
1.06881411 0.32099052
0.60003191 -0.92130251
0.02445487 0.16573878
0.90280745 0.11527442
0.24143646 -0.30910264
1.29614709 0.19210432
0.89346677 -1.17445339
0.01293422 -0.88858105
0.83819405 0.78326952
1.13563707 -1.02353686
0.26843023 -1.16534033
-0.03674007 0.28901394
0.74887358 0.07541500
0.33457069 0.12675991
0.95015310 0.31811922
0.41894353 -0.68964186
0.68176647 0.65278961
0.63928402 -0.76911977
0.15004825 0.29625620
0.78345692 0.20600409
0.28219099 -0.12769725
1.19749519 0.19673766
0.68468831 -1.04568919
-0.10047295 -0.23322327
1.13647044 -0.18333310
0.27907386 -0.74408207
0.84188771 0.69753005
0.93079582 -0.98154087
0.00169954 -0.69680478
1.29785191 0.55187994
1.45365317 -1.18544572
0.93042006 -1.68672873
0.37370566 -1.61661714
-0.23308710 -0.84232583
1.10199524 0.77994187
1.54060828 -1.08817828
1.06678762 -1.69623116
0.58018371 -1.75388010
0.00677267 -1.33333919
-0.17974727 0.21965016
0.75221936 -0.06208484
0.36500779 0.24131426
0.75832607 0.31093239
0.30499197 -0.24712572
1.24529734 0.25425008
0.86090494 -1.13540016
-0.02895400 -0.76536870
1.18905754 0.66289183
1.45051206 -1.13938512
0.90376487 -1.65725906
0.31411441 -1.55429494
-0.27689609 -0.63740245
1.49540751 0.38178999
1.60001569 -1.25275976
1.24943777 -1.81180605
0.95440209 -1.98023910
0.64648394 -1.94656952
0.22772867 -1.67670130
-0.29616923 -0.79945436
1.21775011 0.73575003
1.64768300 -1.10460125
1.29220522 -1.76124067
0.98709771 -1.96595055
0.68028725 -1.95387711
0.27279107 -1.71415071
-0.25914945 -0.92458208
0.87377506 0.85492441
1.36678079 -1.03726492
0.69369552 -1.51354691
-0.03328804 -1.08520338
0.32889230 0.71022657
0.59484662 -0.57623797
0.47371754 0.52782560
0.40937356 -0.24206823
1.13254935 0.40698833
0.85434085 -1.07327187
-0.04532335 -0.65693670
1.38743048 0.44847503
1.46733181 -1.22626932
0.97627820 -1.72088482
0.46557496 -1.69858366
-0.13176904 -1.10980877
0.31026157 0.73210802
0.63503798 -0.61556534
0.34075745 0.44606765
0.49744767 0.05163003
0.81799862 0.41167046
0.39387348 -0.55845503
0.95949517 0.61370686
0.92629574 -1.02242556
0.00432130 -0.74186249
1.21168241 0.63324343
1.43481272 -1.15107204
0.87754790 -1.65098925
0.27411203 -1.51813369
-0.29232951 -0.50752038
1.52318376 0.06431074
1.28342163 -1.34249549
0.69158647 -1.64284751
0.04465772 -1.28875341
-0.12513357 0.28461724
0.72061096 -0.01551539
0.40996171 0.26956768
0.66586664 0.28870491
0.34695559 -0.01354307
1.08668581 0.30023402
0.60335893 -0.93392041
0.00892569 0.13832455
0.91663510 0.09280682
0.23536687 -0.32076614
1.30235196 0.19182533
0.90718657 -1.18112189
0.02962256 -0.92464972
0.72185886 0.78478005
0.99060122 -0.95960889
0.05435444 -0.80404470
1.02066944 0.72499726
1.28029860 -1.09133692
0.55024449 -1.44574078
-0.17504434 -0.74669168
1.31048430 0.61646782
1.59423254 -1.16007890
1.20199718 -1.76294047
0.84246197 -1.91387418
0.44005741 -1.79675154
-0.09361847 -1.25530539
-0.03206817 0.46725333
0.59267975 -0.10847575
0.72613018 0.46803280
0.39461795 -0.48788478
1.04694444 0.56279452
0.97575238 -1.06948802
0.06672987 -0.90922147
0.72776647 0.77402165
0.96982210 -0.95570899
0.03279166 -0.75245933
1.16321308 0.65791372
1.39184143 -1.13712425
0.78618955 -1.60337367
0.12397936 -1.34744119
-0.21585102 0.06921638
0.83960077 -0.12606336
0.23927313 0.07183310
1.05420641 0.21820881
0.44956134 -0.79735809
0.41458595 0.57963567
0.44097744 -0.31441943
1.07102488 0.48222942
0.86554841 -1.04853744
-0.04026341 -0.64437717
1.39844521 0.42294717
1.45128586 -1.23503565
0.94900237 -1.71433650
0.42153031 -1.66595693
-0.18209250 -0.99733072
0.64285909 0.83963660
1.05292704 -0.95025641
0.12462038 -0.92905384
0.60953794 0.74783896
0.78535686 -0.84135368
-0.02560002 -0.14532839
1.07896020 -0.10678767
0.24433304 -0.61738967
1.14536648 0.57963108
1.19919693 -1.13801063
0.42654605 -1.37295126
-0.22998136 -0.40170210
1.39149392 -0.14240743
0.79870021 -1.24268737
-0.05310654 -0.81150705
1.09868783 0.72523482
1.41617022 -1.10932301
0.82213683 -1.60923416
0.17178627 -1.39969721
-0.26456185 -0.10816750
0.98808035 -0.25696186
0.13665051 -0.31451030
1.30499049 0.04720993
0.75389079 -1.14920221
-0.10028297 -0.56522666
1.47091039 0.21253015
1.32366050 -1.29781682
0.73882627 -1.64780971
0.10038743 -1.35359578
-0.21891074 0.08073990
0.83151770 -0.12534272
0.24886814 0.09261878
1.03243062 0.23677893
0.43735134 -0.76956356
0.49031837 0.61226064
0.47047230 -0.46687612
0.90367555 0.58870092
0.78298478 -0.94609460
-0.06523721 -0.29475314
1.22358189 -0.15437208
0.43435967 -0.95501181
0.15329502 0.41793604
0.61149365 0.09787965
0.55178932 0.33127959
0.42819236 0.09247861
0.88683739 0.37766920
0.41707262 -0.64247839
0.77269298 0.65083119
0.73254784 -0.86901337
-0.02147477 -0.05436774
1.01692018 -0.04981457
0.21717234 -0.47627035
1.31771918 0.34783950
1.15785194 -1.21637060
0.39774569 -1.38623028
-0.23918349 -0.38612361
1.37390298 -0.16522624
0.74370252 -1.21876494
-0.09947340 -0.66507759
1.40741345 0.44756568
1.50849046 -1.22806794
1.05820500 -1.74968700
0.60900306 -1.79830346
0.06861940 -1.43262069
-0.28881184 -0.07227496
0.95893042 -0.26477993
0.13397893 -0.22721981
1.23725144 0.00842041
0.57341695 -1.02860349
-0.05924622 0.03648918
0.93817731 -0.00998155
0.20391225 -0.28154592
1.28983452 0.11782650
0.79250569 -1.14706871
-0.07803143 -0.64214646
1.42139763 0.40169793
1.46886779 -1.24393179
0.98764818 -1.73229556
0.49104039 -1.72097663
-0.09749969 -1.17890976
0.12884298 0.61200189
0.53288079 -0.31405186
0.86758828 0.54070828
0.63684064 -0.84535550
0.06907541 0.20182881
0.88929460 0.15685790
0.25503148 -0.32486279
1.29540077 0.22562284
0.93447963 -1.18159715
0.06002965 -0.97708198
0.54774040 0.75609416
0.75892222 -0.80495765
0.00473552 -0.02869867
1.01969800 -0.01724182
0.23407399 -0.50578967
1.28445264 0.41313907
1.18712242 -1.19983007
0.43819432 -1.41136260
-0.23148183 -0.50245297
1.49602272 0.04308313
1.19822717 -1.33231284
0.53507262 -1.54421348
-0.15300674 -0.91323754
0.87934241 0.82458898
1.29803087 -1.04319775
0.56229290 -1.43340870
-0.17066881 -0.74155912
1.31891917 0.60606201
1.59200515 -1.16451090
1.19912322 -1.76400352
0.83867584 -1.91289166
0.43428813 -1.79265745
-0.10117642 -1.24226177
-0.00502082 0.49822529
0.57374304 -0.13924963
0.78084320 0.48405913
0.44983225 -0.61723514
0.74382807 0.63786506
0.67179863 -0.81853956
0.06076739 0.16159092
0.92589958 0.13656724
0.25664532 -0.39615116
1.30186280 0.29891291
1.04983661 -1.20113064
0.22003918 -1.20540748
-0.06924818 0.26992984
0.75440287 0.05083863
0.33425268 0.14094037
0.93221494 0.31936235
0.39986530 -0.65296410
0.79071892 0.65655728
0.76748355 -0.89528892
-0.04607159 -0.17916070
1.09808968 -0.13452711
0.25258365 -0.65781956
1.06399575 0.63094362
1.14947906 -1.10322220
0.32547769 -1.26535558
-0.17586859 -0.00721349
0.90208510 -0.12453082
0.18675802 -0.10169807
1.17281991 0.08223340
0.51343481 -0.93962339
0.08657115 0.30711359
0.76427963 0.16402652
0.29677459 -0.02016818
1.12070124 0.23895933
0.58600250 -0.94456078
0.01200985 0.15718337
0.90304032 0.10357610
0.23738389 -0.29605174
1.29231457 0.17660795
0.86580745 -1.16619847
-0.01649969 -0.82191115
1.04350671 0.73858880
1.35011627 -1.09603765
0.68581747 -1.53323854
-0.02996451 -1.10648886
0.27288707 0.68097821
0.55469461 -0.48748747
0.67628940 0.58045574
0.50578143 -0.63176573
0.59405282 0.60474007
0.49344949 -0.57050865
0.71667001 0.61692128
0.60246351 -0.75251115
0.22420951 0.38836802
0.62930833 0.15961948
0.46909335 0.24404729
0.62627761 0.29464178
0.37885510 0.04689706
1.00044141 0.34357172
0.51870284 -0.82139024
0.25590356 0.45907023
0.52922584 0.04604013
0.76256191 0.41497578
0.36346006 -0.45312074
1.13874733 0.50404433
1.03956367 -1.12008380
0.16676415 -1.09420981
0.16373913 0.54129763
0.50981859 -0.13700810
0.92546089 0.46923315
0.59446888 -0.84121173
0.12152489 0.29616910
0.78324603 0.18981599
0.28196344 -0.10257730
1.18227922 0.19923585
0.65666212 -1.02297466
-0.08619181 -0.13080529
1.03409606 -0.13679945
0.19315057 -0.47992674
1.33690892 0.32136926
1.16166277 -1.22688798
0.41002683 -1.40151718
-0.23903394 -0.43819693
1.44113299 -0.08494847
0.95641029 -1.29853963
0.14321814 -1.17161203
0.02773719 0.42800216
0.61406788 0.00775289
0.61597460 0.39750152
0.35499183 -0.13886867
1.16425997 0.30118875
0.75449093 -1.05411584
-0.09451372 -0.40395209
1.36298897 -0.08745411
0.77118810 -1.20772874
-0.08295753 -0.70029152
1.34970089 0.52963603
1.52090926 -1.19642846
1.06904070 -1.74021960
0.61791953 -1.79797010
0.07778525 -1.44127790
-0.29501014 -0.10221580
0.99405793 -0.28093189
0.13105792 -0.33055939
1.31577189 0.05204922
0.78283839 -1.16505464
-0.08198108 -0.65205018
1.41332683 0.42307458
1.48357038 -1.23657284
1.01300011 -1.73816188
0.53266761 -1.74927841
-0.04212356 -1.27372814
-0.07794985 0.39190804
0.64363753 -0.04834194
0.58249661 0.40390835
0.36963824 -0.09810147
1.12813427 0.31945146
0.70852364 -1.01418826
-0.08908317 -0.23166903
1.13771473 -0.17588575
0.28405618 -0.74896078
0.82220446 0.69864810
0.90562055 -0.96645604
-0.01919304 -0.61817158
1.41052197 0.37589937
1.40683114 -1.24919782
0.86974033 -1.68824297
0.29252001 -1.55590111
-0.28578792 -0.61394653
1.51534718 0.32540344
1.56718007 -1.27438613
1.19414718 -1.80753940
0.86349903 -1.94495457
0.49383611 -1.84712371
-0.01030326 -1.39299563
-0.25001170 0.09649124
0.81817848 -0.15846838
0.26352775 0.14204406
0.97303023 0.26808129
0.39246189 -0.67528388
0.76462933 0.66236600
0.74780042 -0.87483634
-0.03093920 -0.10022513
1.04098236 -0.08504303
0.21915663 -0.52334852
1.28861663 0.42125801
1.20953110 -1.20202726
0.47826899 -1.44330978
-0.21435375 -0.63084966
1.48471188 0.35302782
1.53725743 -1.26405808
1.13096927 -1.78640972
0.74875232 -1.88622879
0.29827342 -1.68628466
-0.25424575 -0.89566245
0.95725101 0.83685288
1.44159418 -1.05569072
0.85169737 -1.60127276
0.20321694 -1.42464089
-0.27888841 -0.20462761
1.11737355 -0.28834168
0.21630677 -0.68152272
1.07784782 0.63879716
1.19189243 -1.11118390
0.40064212 -1.33850412
-0.22458072 -0.28567295
1.21486119 -0.24655943
0.37490546 -0.92410336
0.28659800 0.54462804
0.46710901 -0.15106709
1.01553463 0.44156367
0.69205627 -0.94787382
-0.05308063 -0.08197913
1.01446027 -0.08669941
0.20040885 -0.44759088
1.33853743 0.28319334
1.11075522 -1.22635917
0.32654545 -1.32816546
-0.22183347 -0.14951205
1.02550837 -0.23940785
0.15382769 -0.42692985
1.36173193 0.18961797
1.04110183 -1.23670060
0.22619890 -1.23208043
-0.10857939 0.20516853
0.79200848 0.01962778
0.29209241 0.08528549
1.02599325 0.27262344
0.46812933 -0.79370775
0.38818812 0.55988485
0.43722494 -0.24342287
1.08682833 0.44192909
0.82372496 -1.04110028
-0.06625432 -0.53912515
1.45802814 0.17087166
1.24399298 -1.29848081
0.59447345 -1.56676120
-0.09538935 -1.03668464
0.49399197 0.78857171
0.80606551 -0.81470662
-0.01872061 -0.16166011
1.09687502 -0.10985280
0.26282651 -0.66399490
1.03539599 0.64173234
1.12041094 -1.08969356
0.27258400 -1.20395003
-0.09224260 0.20318033
0.80230787 0.03533392
0.27860863 0.04473347
1.07162203 0.24365058
0.50567545 -0.85668672
0.21932709 0.43833987
0.56674562 0.08300648
0.65237585 0.38067164
0.34124204 -0.16777103
1.18943243 0.28501909
0.78360174 -1.07931458
-0.08622198 -0.51095267
1.45559709 0.09960851
1.15899628 -1.30343961
0.45064738 -1.47051546
-0.22434351 -0.64578401
1.47489167 0.39120988
1.56921499 -1.24978330
1.18753384 -1.79571439
0.84415929 -1.93130096
0.45690727 -1.81755281
-0.06506930 -1.30788378
-0.12966703 0.33591004
0.68057719 -0.05463364
0.50376703 0.36242332
0.44919115 0.09255509
0.85524856 0.38655106
0.39717099 -0.59169533
0.90188761 0.63382250
0.87605381 -0.98432436
-0.03769168 -0.57415276
1.44437953 0.26588568
1.32990680 -1.27995028
0.74033229 -1.64078694
0.09711369 -1.34514609
-0.20933184 0.10384715
0.81890045 -0.10692163
0.26568570 0.11500847
1.00393057 0.26052903
0.42339820 -0.73409090
0.58673359 0.64102794
0.54679285 -0.63741157
0.49476685 0.56215031
0.42418114 -0.35026630
1.09057002 0.48674031
0.91157742 -1.07119154
0.00101377 -0.77752848
1.13659954 0.68631431
1.40119143 -1.12560338
0.79945676 -1.60509873
0.14107032 -1.36629900
-0.23619175 0.00597715
0.88069219 -0.17601615
0.19191865 -0.01873113
1.12078746 0.12461591
0.46116673 -0.86007591
0.28016365 0.50327322
0.48414716 -0.05132335
0.93172324 0.43282173
0.54588077 -0.80540948
0.23822811 0.43186396
0.56658825 0.09588603
0.64016202 0.37147260
0.34598138 -0.12640052
1.16502786 0.28751830
0.73667329 -1.04738912
-0.09725047 -0.35243116
1.29636837 -0.14295015
0.58603302 -1.09838334
-0.11393610 -0.12062216
1.01298228 -0.14876721
0.17698279 -0.41441181
1.35017999 0.20457912
1.03295080 -1.22859006
0.21007280 -1.20951062
-0.07037519 0.27386974
0.75017919 0.04852810
0.34084096 0.15251108
0.91122131 0.32412716
0.38314453 -0.61412484
0.89476281 0.64290269
0.88495849 -0.98490821
-0.03207535 -0.59574239
1.43271867 0.31790594
1.37344582 -1.26691486
0.81512867 -1.67148982
0.20926544 -1.47511774
-0.29979878 -0.32944237
1.32332480 -0.23701152
0.59232186 -1.13919382
-0.13587858 -0.21249029
1.10343507 -0.20206293
0.23024113 -0.65327939
1.10805045 0.61396328
1.19656054 -1.12302831
0.41449904 -1.35590482
-0.22835305 -0.34566101
1.30929592 -0.20821532
0.57665194 -1.11554473
-0.12212628 -0.13481948
1.02273790 -0.16213203
0.17726924 -0.43779056
1.35286689 0.23703116
1.08097249 -1.23347228
0.28400244 -1.29081809
-0.18951690 -0.00363744
0.89536150 -0.13473674
0.18879259 -0.07747105
1.15812405 0.09342780
0.49690523 -0.91672216
0.13820826 0.37151500
0.67558091 0.14840297
0.40538099 0.18427960
0.79673204 0.34539721
0.32570540 -0.39513612
1.23002292 0.39935557
1.04607219 -1.16299388
0.19557357 -1.15534573
0.02454086 0.40083463
0.64098197 0.04165678
0.53665920 0.34571054
0.43182651 0.08525948
0.89009828 0.38059650
0.42386989 -0.65356584
0.73809884 0.65032846
0.69130010 -0.82979223
0.03324177 0.10101391
0.95989659 0.08690146
0.24781592 -0.43205475
1.30392029 0.32951559
1.09935218 -1.20633658
0.29756933 -1.29007283
-0.19136087 -0.02135312
0.90765709 -0.14664068
0.17949783 -0.10726391
1.17363727 0.07257660
0.50605073 -0.93594577
0.09970688 0.32627991
0.73961675 0.16274090
0.31944981 0.03742531
1.05991397 0.28320289
0.53452660 -0.87078581
0.15814565 0.37001407
0.67475179 0.15927704
0.40013544 0.17174521
0.82107403 0.34866226
0.33825479 -0.45456891
1.17989220 0.47716732
1.07426792 -1.14304419
0.22701175 -1.18134518
-0.03707535 0.31086082
0.72587828 0.06515058
0.37101099 0.18600903
0.83459152 0.33490495
0.33472567 -0.46093445
1.18076189 0.47976205
1.08076920 -1.14420988
0.23726471 -1.19366256
-0.06092340 0.27230988
0.75571082 0.05824864
0.33040845 0.13032832
0.94899708 0.31557000
0.41472713 -0.68381385
0.70168670 0.65504592
0.66292401 -0.79545822
0.09258160 0.21234803
0.88615869 0.17466316
0.26173915 -0.34022979
1.29506325 0.24938177
0.96529156 -1.18646247
0.09882508 -1.04060721
0.34573082 0.67598961
0.54070156 -0.50596766
0.68923068 0.58957205
0.53002143 -0.66742325
0.48434341 0.56785848
0.42831083 -0.35268038
1.08162974 0.49262746
0.90517356 -1.06546598
-0.00601746 -0.75572482
1.19137524 0.65269598
1.43447941 -1.14279968
0.87322247 -1.64576502
0.26440849 -1.50680580
-0.29417264 -0.46991637
1.49863020 -0.01812921
1.14860820 -1.34065459
0.45653567 -1.49302964
-0.21792483 -0.70077428
1.40475615 0.52193761
1.62038779 -1.19757402
1.26834165 -1.79345010
0.97139682 -1.97675402
0.66720372 -1.95414761
0.25780250 -1.70377943
-0.27170859 -0.88764392
0.98182844 0.83527061
1.47463583 -1.05861642
0.92041398 -1.63180695
0.31734788 -1.54176856
-0.27654084 -0.61435255
1.51289410 0.32342201
1.55921169 -1.27513806
1.17889236 -1.80395766
0.83682423 -1.93262892
0.44844789 -1.81339654
-0.07535691 -1.29232838
-0.10229125 0.37728632
0.65340291 -0.06037642
0.56574059 0.40023631
0.37966440 -0.06471064
1.09625752 0.33299224
0.66711690 -0.97593391
-0.06149611 -0.07207274
1.00257349 -0.08522993
0.19480560 -0.41439154
1.34202342 0.22989636
1.04662041 -1.22452794
0.22767001 -1.22693178
-0.10244052 0.21436655
0.78774209 0.02585944
0.29632181 0.08952154
1.01936576 0.27792040
0.46455917 -0.78583944
0.40901823 0.57075495
0.43713337 -0.28732808
1.08428569 0.46319192
0.85643082 -1.05141233
-0.04625081 -0.62841225
1.41720301 0.38411579
1.43364563 -1.24832648
0.92115752 -1.70904871
0.37845030 -1.63305624
-0.22459708 -0.88121553
0.99350639 0.81842251
1.45280514 -1.06631726
0.87862448 -1.61736976
0.25011385 -1.47710601
-0.29232948 -0.38450982
1.39995195 -0.17033773
0.80063904 -1.25349445
-0.04811210 -0.83270685
1.04085511 0.74957347
1.37046318 -1.09334406
0.72449847 -1.55360582
0.02147799 -1.19279161
0.05126535 0.50269792
0.55732101 -0.10418884
0.80734347 0.47251212
0.45790826 -0.64416163
0.68014280 0.63532430
0.60364255 -0.73793498
0.24159000 0.40130971
0.60396768 0.14451548
0.52456826 0.29385477
0.49252810 0.18789753
0.66579880 0.33674914
0.33660037 -0.10401076
1.15887341 0.27439909
0.70605742 -1.03073107
-0.09520943 -0.25468500
1.16472957 -0.18096102
0.32107313 -0.81512282
0.60670286 0.68337620
0.63927787 -0.73912352
0.18493998 0.33047055
0.72769619 0.20497715
0.31958827 0.00116401
1.09264231 0.27230350
0.57710809 -0.92100799
0.04540413 0.21355887
0.86653428 0.14421765
0.24950098 -0.24862087
1.26828331 0.16886432
0.80279749 -1.13451660
-0.07288564 -0.64305668
1.41786616 0.40576296
1.46727037 -1.24233599
0.98376169 -1.73023812
0.48378672 -1.71532731
-0.10707451 -1.16071869
0.17441456 0.64728841
0.54227477 -0.39306974
0.79719381 0.56763360
0.59701442 -0.78317341
0.19214171 0.36454395
0.67483430 0.17836467
0.38897077 0.14590290
0.87026645 0.35066194
0.37283557 -0.56544677
0.99306686 0.60953131
0.97530520 -1.04839661
0.05979650 -0.88136569
0.81157835 0.77240273
1.07155909 -1.00580528
0.16648935 -1.02701770
0.31464672 0.63804621
0.49832519 -0.39782894
0.90118524 0.56531256
0.73210447 -0.91919509
-0.04957259 -0.13009077
1.05259415 -0.11372117
0.21626249 -0.54191692
1.27663855 0.44635219
1.22542503 -1.19611995
0.50307500 -1.45886421
-0.19940635 -0.70023816
1.40028226 0.51879878
1.60626058 -1.19945888
1.24081724 -1.78807565
0.92318766 -1.95727920
0.58444536 -1.90281906
0.12368660 -1.56254125
-0.34166955 -0.43584171
1.49324761 -0.07162831
1.09156154 -1.34234903
0.36541199 -1.42195574
-0.25389721 -0.41675398
1.42200946 -0.12168659
0.88422449 -1.27925762
0.04553656 -1.02365300
0.43521737 0.72902072
0.64497533 -0.67666434
0.24978864 0.38080945
0.62871833 0.17364384
0.45889058 0.22760959
0.66295428 0.31453681
0.34195122 -0.05576421
1.12321155 0.28644641
0.65247991 -0.98366200
-0.06104992 -0.05256462
0.99002100 -0.07181523
0.19440112 -0.38613811
1.33695760 0.19453551
0.98981048 -1.21589018
0.14403685 -1.12178393
0.12385437 0.51814760
0.53049102 -0.09722630
0.86440850 0.46607148
0.50897130 -0.73489782
0.41596758 0.55335222
0.42900222 -0.24927090
1.10123614 0.43492084
0.83958368 -1.05346434
-0.05691512 -0.59399293
1.44556101 0.29981594
1.37769324 -1.27388075
0.82692764 -1.67985200
0.23052211 -1.49917662
-0.30188467 -0.41065778
1.44030117 -0.12865438
0.92274160 -1.29913697
0.10078193 -1.11721354
0.16453219 0.56677618
0.50669994 -0.19693394
0.94610503 0.48628475
0.65447922 -0.89286132
0.00793285 0.09216149
0.94973466 0.06636489
0.23377357 -0.38351172
1.31759333 0.25007368
1.01740881 -1.20687781
0.17692034 -1.15792764
0.03188542 0.41731632
0.62423035 0.02616371
0.58173296 0.37581194
0.37781760 -0.03746759
1.07807515 0.33266460
0.63310882 -0.94681011
-0.02371790 0.05287108
0.95294548 0.02248916
0.21721011 -0.35101961
1.31863977 0.19102002
0.94333447 -1.19782369
0.07716855 -1.01555795
0.42907458 0.71712457
0.61952677 -0.64878499
0.32978416 0.45016262
0.50003833 0.04770274
0.81716096 0.41345391
0.39514043 -0.55990070
0.95472037 0.61509821
0.92122954 -1.01909912
-0.00072307 -0.72609030
1.24732273 0.60487160
1.44965868 -1.16377439
0.91273764 -1.67082284
0.33686188 -1.57996405
-0.26268474 -0.72078757
1.38123338 0.57565344
1.66139198 -1.17315749
1.34185647 -1.79825383
1.09436611 -2.01714513
0.87536939 -2.06163568
0.60800615 -1.97732080
0.21007200 -1.68593702
-0.30280774 -0.80048001
1.21533180 0.73954408
1.65091867 -1.10259236
1.29822238 -1.76166675
0.99725766 -1.96950802
0.69753923 -1.96368024
0.30132487 -1.74050566
-0.23016509 -1.00698595
0.62591752 0.85107556
1.06846733 -0.94834336
0.14432621 -0.95969484
0.50608804 0.72037825
0.65466038 -0.71312494
0.19216704 0.32631136
0.73228725 0.21092601
0.31438442 -0.01805957
1.11132788 0.26063137
0.59599907 -0.94456113
0.00410129 0.13633916
0.91518710 0.08875232
0.23367301 -0.31233462
1.29982634 0.18262124
0.89011264 -1.17621128
0.01013477 -0.88461480
0.85176791 0.78228547
1.15227946 -1.02964511
0.29757751 -1.20033971
-0.09908761 0.17548319
0.82038655 0.02520510
0.26136264 0.00933021
1.10613993 0.21008635
0.52544341 -0.89533140
0.13453188 0.35200752
0.70343738 0.16455148
0.35930392 0.11067347
0.94801478 0.33434915
0.43503660 -0.70663899
0.61590653 0.64049556
0.56375003 -0.67025522
0.41020395 0.52293031
0.42605693 -0.16847935
1.09128333 0.40211228
0.76490021 -1.01996515
-0.08592230 -0.37060457
1.32082239 -0.11960187
0.65376350 -1.14228288
-0.13349106 -0.34393850
1.28496589 -0.17043012
0.54600607 -1.07463406
-0.08483520 0.00556737
0.93958636 -0.04695612
0.19333539 -0.25722445
1.27491099 0.09107015
0.73096136 -1.11844024
-0.10970948 -0.46321429
1.42839669 -0.00502332
0.99205218 -1.28554040
0.18380224 -1.21227651
-0.06191112 0.30016137
0.72809864 0.04639849
0.37478091 0.20061968
0.80917497 0.33160230
0.32116078 -0.39825108
1.23478358 0.39609682
1.05101398 -1.16596738
0.20409252 -1.16724490
-0.00113241 0.36751404
0.67403508 0.05614116
0.46347436 0.28756753
0.57579466 0.24703789
0.47259146 0.19954868
0.68128057 0.33403509
0.32935999 -0.12875298
1.17795324 0.26387017
0.73054247 -1.05248548
-0.09947831 -0.34741332
1.28946258 -0.14829328
0.56823645 -1.08544506
-0.10105457 -0.05963724
0.97152877 -0.10169550
0.17939225 -0.31545699
1.30923032 0.10511570
0.82239741 -1.16868102
-0.05291546 -0.73858840
1.26265765 0.61249031
1.49401134 -1.16241398
1.00081258 -1.70365872
0.48752309 -1.70284212
-0.11128943 -1.14293016
0.21890182 0.67676594
0.56107901 -0.46599547
0.68370787 0.57519392
0.50300267 -0.63215528
0.59964583 0.60691717
0.49938886 -0.58224272
0.68541104 0.61451965
0.56974399 -0.70801988
0.34281210 0.48691207
0.46536049 -0.03727508
0.95548355 0.41780096
0.55727327 -0.82757071
0.18890816 0.38526058
0.64592192 0.15414096
0.44677179 0.22611488
0.68186972 0.31919716
0.33001707 -0.10128039
1.16146490 0.26543541
0.69911779 -1.02918891
-0.09453287 -0.23637711
1.14191080 -0.17988305
0.28809859 -0.75869238
0.79322276 0.70051500
0.87079098 -0.94363295
-0.04016188 -0.50351418
1.44019276 0.11354882
1.13739773 -1.29291576
0.40844595 -1.43246664
-0.24271877 -0.50286078
1.50055804 0.04454835
1.21044818 -1.33460681
0.55759915 -1.56007474
-0.12898784 -0.97397841
0.69106399 0.82850993
1.07154984 -0.96835898
0.15432943 -0.98714296
0.42478945 0.69118054
0.57106548 -0.59087920
0.50769263 0.55189601
0.41710611 -0.34019250
1.10760866 0.47231791
0.91856041 -1.08063469
0.00984048 -0.80555510
1.06135745 0.72245284
1.34472180 -1.10289857
0.67841064 -1.53184741
-0.03791152 -1.09373015
0.30955331 0.70242903
0.58250799 -0.55043306
0.53430588 0.55080451
0.41703453 -0.37031697
1.09490567 0.49289492
0.93148069 -1.07848681
0.02195129 -0.82967506
0.98856052 0.74688126
1.27699760 -1.08013423
0.53893423 -1.43294199
-0.18450534 -0.70384879
1.38990996 0.52613776
1.59707505 -1.19688120
1.22147166 -1.78250405
0.88810673 -1.94155196
0.52377335 -1.86157938
0.02935115 -1.44467714
-0.29897514 -0.06249751
0.95361441 -0.27095195
0.13307914 -0.21097984
1.22442067 0.00596894
0.54556861 -1.00393117
-0.01913551 0.13724564
0.89967134 0.07408247
0.22823277 -0.25385370
1.27379085 0.13938941
0.78079452 -1.13223086
-0.08656469 -0.59292705
1.45902807 0.28306984
1.38585422 -1.28074923
0.84611521 -1.69134768
0.26400172 -1.53470732
-0.29663499 -0.53198376
1.53407983 0.12356357
1.36952744 -1.33494242
0.84527839 -1.71428683
0.28082893 -1.56267259
-0.29010684 -0.61439471
1.51604816 0.32806249
1.57219964 -1.27336933
1.20352574 -1.80945711
0.87972486 -1.95213918
0.52143874 -1.86671833
0.03091098 -1.45040007
-0.30334607 -0.07763928
0.97150257 -0.28036712
0.12898577 -0.26362248
1.26389061 0.01141934
0.63134474 -1.07615459
-0.10952184 -0.17289374
1.06484367 -0.17240648
0.20311085 -0.55452383
1.28045885 0.45147635
1.24232139 -1.19768068
0.53409928 -1.48153828
-0.17557504 -0.79183312
1.21279121 0.69825439
1.56487453 -1.12571682
1.12990457 -1.73006995
0.70369855 -1.83596427
0.20325067 -1.58006811
-0.31901797 -0.56206024
1.54356932 0.20701831
1.48395165 -1.31545266
1.05193242 -1.78399856
0.62675062 -1.82618377
0.10885000 -1.49175739
-0.32188161 -0.25446346
1.22228916 -0.29488754
0.36978516 -0.93989271
0.26253484 0.53146780
0.47863445 -0.11312756
0.97834454 0.44210966
0.63079123 -0.89292008
0.02674139 0.14450879
0.92239152 0.10710377
0.24221726 -0.35243433
1.30821516 0.23051146
0.96997578 -1.19515443
0.10856969 -1.06039717
0.28888087 0.64393751
0.50835101 -0.40217967
0.87370084 0.56954860
0.69989726 -0.88938560
-0.01855238 -0.00707142
0.99110443 -0.01549734
0.21690021 -0.42732018
1.32913771 0.27871749
1.08306068 -1.21941634
0.27945917 -1.27883471
-0.17773747 0.02970058
0.87661936 -0.10526220
0.20638544 -0.04005805
1.13903096 0.12834354
0.49633081 -0.90030376
0.16382649 0.39610059
0.63741039 0.13173444
0.47749675 0.26484636
0.58732466 0.26682939
0.44026537 0.15419849
0.79080972 0.36401120
0.33607919 -0.41604728
1.20694032 0.43459383
1.05595537 -1.15316354
0.20504578 -1.16118835
0.00846835 0.37827337
0.66374213 0.05377944
0.48419892 0.30518907
0.52870625 0.20791648
0.58376903 0.29696300
0.42077294 0.10938189
0.87672350 0.37135490
0.40004014 -0.61184352
0.86266370 0.64342076
0.83758339 -0.95485380
-0.05515384 -0.43979164
1.39876567 -0.01083637
0.91663758 -1.25616385
0.07198241 -1.04761764
0.35117908 0.68717219
0.55717570 -0.53505874
0.61344973 0.57786876
0.46553813 -0.53819638
0.82814094 0.61695474
0.73205067 -0.88995962
-0.03365792 -0.08468537
1.02845400 -0.07692196
0.21331011 -0.49260842
1.31402194 0.36715565
1.17915871 -1.21477663
0.43281816 -1.41415832
-0.23345681 -0.50019626
1.49532548 0.03818843
1.19188589 -1.33248629
0.52430061 -1.53706231
-0.16355586 -0.88457539
0.96566556 0.80888361
1.38726493 -1.06552149
0.74597763 -1.55368692
0.04463094 -1.22201259
-0.01485985 0.42574393
0.61750672 -0.02639414
0.62980266 0.41519033
0.35149894 -0.20090853
1.19413323 0.30835700
0.82703108 -1.09641356
-0.06133748 -0.63348739
1.42082484 0.38860261
1.44820208 -1.24764442
0.94911341 -1.71961458
0.42587765 -1.67190756
-0.17613192 -1.01380348
0.59278088 0.83175522
0.98698515 -0.91914494
0.04357439 -0.74740444
1.16347775 0.65367411
1.38369047 -1.13814216
0.77063512 -1.59607799
0.10064695 -1.31744156
-0.17782669 0.16373082
0.79034588 -0.05808221
0.30353162 0.15371440
0.93806830 0.29988282
0.38576745 -0.63901398
0.84583939 0.65385807
0.83629193 -0.94816092
-0.05478388 -0.42676640
1.38606366 -0.03017988
0.87009073 -1.24097182
0.01362888 -0.94217719
0.68710014 0.78821278
0.96091284 -0.94027381
0.02222746 -0.71274835
1.25268769 0.58994694
1.43223861 -1.16882569
0.88044280 -1.65947264
0.28445829 -1.53183338
-0.28943393 -0.55097955
1.53446832 0.16762307
1.41832765 -1.32475707
0.93145365 -1.74535825
0.42167543 -1.68397879
-0.17332712 -1.03165653
0.54013420 0.82155524
0.91975977 -0.88124166
-0.01166607 -0.53925237
1.43859271 0.20806032
1.24311660 -1.28541556
0.58516314 -1.55498950
-0.10911485 -1.00289328
0.59730236 0.81373976
0.94238966 -0.90665566
0.00382635 -0.62676749
1.38862568 0.40887688
1.40837377 -1.23715591
0.86660445 -1.68184526
0.28340529 -1.54465967
-0.28981084 -0.57800048
1.53217215 0.23544311
1.49161828 -1.30565281
1.06182039 -1.78303064
0.64077344 -1.83285339
0.12936010 -1.51513673
-0.32785439 -0.33139873
1.34709392 -0.23569014
0.64468931 -1.17839974
-0.14296798 -0.39378535
1.35545091 -0.12575815
0.72699448 -1.19434017
-0.11201854 -0.58901613
1.47067570 0.26391246
1.38740572 -1.28773896
0.85281760 -1.69726309
0.27731801 -1.54926132
-0.29202536 -0.58063270
1.53212697 0.24288996
1.50047854 -1.30334654
1.07779660 -1.78705557
0.66799683 -1.84864721
0.17230362 -1.56349892
-0.32810849 -0.49014686
1.52950485 0.03772141
1.27286201 -1.34966692
0.67697864 -1.63813851
0.02600644 -1.26340525
-0.07989348 0.35678298
0.67120859 -0.01321458
0.50616696 0.34812693
0.45948148 0.11632535
0.81023625 0.38204727
0.35984341 -0.49007987
1.11176242 0.53566618
1.04622107 -1.10971001
0.17150469 -1.09438738
0.15949229 0.53618639
0.51260703 -0.12619170
0.91554195 0.46755320
0.57754974 -0.82314182
0.16672165 0.35307136
0.69770205 0.17917841
0.35969326 0.10154137
0.95875033 0.33383720
0.44788321 -0.72800626
0.54921072 0.62335298
0.50108198 -0.55690565
0.71822940 0.61253510
0.59576019 -0.74722345
0.24196763 0.40637191
0.59701699 0.13707926
0.54364547 0.30930365
0.45511981 0.14139693
0.78533618 0.37133869
0.33916389 -0.41780182
1.20153151 0.44040137
1.05452018 -1.15043858
0.20167977 -1.15561992
0.02013867 0.39311425
0.64890199 0.04727722
0.51711628 0.33121526
0.46391009 0.13442087
0.78049109 0.37519846
0.34007476 -0.41466886
1.20179784 0.43844559
1.05169843 -1.15018905
0.19751062 -1.15043661
0.03191539 0.40798186
0.63372325 0.03860383
0.55347880 0.35654748
0.40898370 0.04250042
0.96907361 0.36877291
0.50666939 -0.79211968
0.32352995 0.50849180
0.46322751 -0.07807736
0.98727709 0.42259381
0.61368766 -0.88596673
0.04920357 0.19194092
0.89081419 0.14099975
0.24921609 -0.30854903
1.29311849 0.20372430
0.90117440 -1.17400908
0.02071094 -0.90289930
0.79108901 0.78551743
1.07768611 -1.00034045
0.17315913 -1.03325977
0.29333872 0.62425460
0.49025151 -0.35426970
0.94902378 0.54198046
0.76184584 -0.95432576
-0.06855549 -0.25693973
1.17478116 -0.16350238
0.34517803 -0.84306089
0.50294190 0.65203671
0.52773713 -0.57116613
0.63503864 0.59719373
0.50438229 -0.60818893
0.63436339 0.60990904
0.52393136 -0.63295139
0.55174595 0.58815376
0.45593476 -0.48039073
0.92254708 0.59102367
0.81744537 -0.96901987
-0.06366928 -0.41285951
1.37179206 -0.05586709
0.81574387 -1.22182106
-0.04476114 -0.81036092
1.09534372 0.72418725
1.40801673 -1.10911885
0.80578173 -1.60141513
0.14609712 -1.36895569
-0.23904195 -0.00601131
0.88973172 -0.18480917
0.18319300 -0.04129970
1.13291116 0.10440091
0.46271670 -0.87165378
0.25750149 0.48738534
0.50404535 -0.01219406
0.86403141 0.43292375
0.46183245 -0.68329643
0.60263696 0.62693782
0.53231136 -0.62754078
0.54148690 0.58160778
0.44616529 -0.45250680
0.97375780 0.57132329
0.86181908 -1.00664980
-0.04560468 -0.57370061
1.44797051 0.26000824
1.33047822 -1.28210946
0.74260610 -1.64288457
0.10119866 -1.35095830
-0.21623242 0.08599758
0.82868263 -0.12047205
0.25266956 0.09742809
1.02666874 0.24225902
0.43502320 -0.76296730
0.50755219 0.61830432
0.48129414 -0.49927035
0.84129093 0.60361621
0.72245574 -0.88960035
-0.02959805 -0.06104114
1.01564800 -0.05901537
0.21240203 -0.46696745
1.32518772 0.32775487
1.14458238 -1.22006885
0.37779142 -1.37104059
-0.23868184 -0.32229647
1.27752792 -0.23078545
0.49992902 -1.05596118
-0.04341250 0.13010237
0.88910704 0.05422066
0.22464595 -0.20376844
1.24556293 0.11919993
0.69702624 -1.08460674
-0.11247744 -0.32983330
1.26463834 -0.16832679
0.50580210 -1.03641695
-0.02622916 0.15540386
0.88096669 0.07713700
0.23126272 -0.20616852
1.24725267 0.12890430
0.71118976 -1.09092422
-0.11146319 -0.37193260
1.32284300 -0.13373965
0.64894739 -1.14397552
-0.13466222 -0.33717939
1.27532477 -0.17599316
0.52314382 -1.05599429
-0.05715370 0.08577188
0.90982510 0.02175795
0.21366131 -0.22925555
1.25987367 0.10961376
0.71760180 -1.10257957
-0.11200983 -0.40650673
1.36762248 -0.09416364
0.77691218 -1.21343761
-0.07772902 -0.72116509
1.31143158 0.57373190
1.51984022 -1.17875919
1.05946905 -1.73001946
0.59544993 -1.78040649
0.04125632 -1.39125158
-0.25155830 0.05292527
0.84691431 -0.17346968
0.22540184 0.07318271
1.05372200 0.20640960
0.43641295 -0.78501400
0.46213490 0.60343248
0.45785003 -0.41714499
0.97933529 0.55706248
0.84257435 -1.00172067
-0.05620832 -0.52178387
1.45112357 0.13991400
1.19233977 -1.29789337
0.50379441 -1.50658657
-0.18746027 -0.79628120
1.20639458 0.70672301
1.57006152 -1.12180861
1.13908683 -1.73110615
0.71886052 -1.84371932
0.22736961 -1.60469685
-0.30885308 -0.64387130
1.49506266 0.40985479
1.63846597 -1.24054334
1.32037801 -1.82164978
1.07569132 -2.02344600
0.85335921 -2.05722321
0.57541287 -1.95898982
0.15939374 -1.63403225
-0.33407161 -0.63528089
1.50699900 0.40031536
1.65030607 -1.24356492
1.34485145 -1.82749779
1.11948978 -2.03860364
0.92890200 -2.09197668
0.70482865 -2.03878553
0.37372151 -1.83767610
-0.12270662 -1.26018809
-0.03523255 0.47626633
0.58945198 -0.12723127
0.73988988 0.47633212
0.41092161 -0.52933298
0.96319097 0.60197639
0.90753490 -1.01805759
-0.01236770 -0.69409001
1.31317079 0.54062401
1.46504706 -1.19048378
0.95528421 -1.69838990
0.41780207 -1.65429546
-0.19004142 -0.97052335
0.72432377 0.84629072
1.15590423 -0.99034576
0.28801089 -1.17036744
-0.05514594 0.25171875
0.77832444 0.06816672
0.30011499 0.06792515
1.04030830 0.27398601
0.49152074 -0.82393549
0.29502787 0.49858678
0.48051615 -0.04468798
0.93378380 0.42925351
0.54337826 -0.80438007
0.24368093 0.43730323
0.55786745 0.08669811
0.66620764 0.38308760
0.33748219 -0.19861273
1.20529494 0.28646186
0.81915236 -1.10021776
-0.06605396 -0.62252360
1.43236598 0.36124458
1.43375554 -1.25674731
0.92557670 -1.71431236
0.38873943 -1.64339995
-0.21417412 -0.91422394
0.89646237 0.83871180
1.35771611 -1.04535918
0.67901775 -1.50839887
-0.05005040 -1.05537827
0.41765473 0.75173129
0.68813633 -0.70835354
0.14978817 0.25909434
0.83651604 0.21406016
0.27129545 -0.27001881
1.27068611 0.21308038
0.86272634 -1.15143109
-0.02337059 -0.79340139
1.11998897 0.70422193
1.40887716 -1.11828689
0.81148077 -1.60786064
0.15766161 -1.38487425
-0.25315479 -0.05672309
0.93349671 -0.22381744
0.15058302 -0.15784229
1.19422270 0.02872252
0.50606269 -0.95492939
0.07353132 0.29618802
0.77642018 0.15953295
0.28788049 -0.04233009
1.14027064 0.22114345
0.60083560 -0.96615540
-0.02002072 0.08983358
0.93248399 0.04798977
0.22198888 -0.31761694
1.30509851 0.16895018
0.88553170 -1.17884532
0.00642480 -0.87955721
0.86914200 0.78073205
1.17333930 -1.03709367
0.33544117 -1.24286570
-0.15828109 0.02731349
0.88608468 -0.08899681
0.20214582 -0.07624018
1.16155872 0.10819396
0.51730515 -0.93239187
0.09225025 0.31133160
0.75936504 0.16582873
0.30055772 -0.01137431
1.11227401 0.24631411
0.57964464 -0.93516785
0.02734634 0.18566523
0.88597769 0.12460588
0.24328236 -0.27526300
1.28192952 0.17271399
0.83777566 -1.15280256
-0.04416547 -0.74477120
1.24413332 0.62551822
1.48255818 -1.15665104
0.97539276 -1.69216104
0.44161004 -1.66678993
-0.16703445 -1.02290232
0.56339738 0.82432044
0.94380312 -0.89685437
0.00438728 -0.61789652
1.39637913 0.39006925
1.39678664 -1.24306219
0.84725669 -1.67588928
0.25353493 -1.51631573
-0.29850136 -0.47783243
1.50706583 -0.00016539
1.18460074 -1.34373844
0.51893022 -1.53876266
-0.16668296 -0.88027549
0.97899322 0.80605205
1.40112562 -1.06850261
0.77492552 -1.56979956
0.08768254 -1.28458119
-0.13125426 0.25122066
0.74510642 -0.01021082
0.36551042 0.21726970
0.79432112 0.32271881
0.31184881 -0.34910407
1.25525900 0.33516078
0.99950716 -1.16931012
0.13474454 -1.08075740
0.21947026 0.59294972
0.49303456 -0.25843542
0.97546603 0.50039420
0.72721702 -0.94823594
-0.06278385 -0.16482489
1.07614072 -0.13928721
0.22693313 -0.59676313
1.20108623 0.53827547
1.23092838 -1.16184098
0.49469227 -1.43713674
-0.20716099 -0.64337324
1.47209153 0.38363247
1.55246280 -1.25272065
1.15581209 -1.78859635
0.78901380 -1.90494551
0.36389533 -1.74326492
-0.18551105 -1.07860622
0.41075873 0.78931449
0.77335287 -0.76807587
0.01918362 -0.01707443
1.02309486 -0.00092781
0.24484315 -0.52686292
1.25491598 0.45652966
1.19614787 -1.18572556
0.44611367 -1.41100991
-0.22873485 -0.51389048
1.50159076 0.06850681
1.23633439 -1.33203421
0.60124522 -1.58628285
-0.07912980 -1.08004077
0.36693058 0.74104674
0.65530234 -0.65958476
0.25210457 0.37533415
0.63549351 0.18090133
0.44296827 0.20819045
0.71241812 0.33368192
0.31826848 -0.19114794
1.21567427 0.25520349
0.79797722 -1.09955033
-0.07874576 -0.57566330
1.46120415 0.24645067
1.34344373 -1.28867737
0.77048035 -1.65963863
0.14586021 -1.40796232
-0.27022728 -0.09729071
0.97810359 -0.25755784
0.13541142 -0.28484197
1.28246196 0.02805195
0.68612386 -1.11100549
-0.12062118 -0.35403175
1.29862829 -0.15533957
0.58333882 -1.10088681
-0.11486428 -0.11995313
1.01202075 -0.14898783
0.17646552 -0.41153553
1.34981607 0.20008747
1.02646359 -1.22782360
0.20042298 -1.19801128
-0.04838946 0.30976419
0.72321507 0.05485777
0.37923781 0.20187704
0.80238104 0.33234474
0.31938077 -0.38433688
1.24123154 0.37957827
1.03821090 -1.16755112
0.18661853 -1.14702534
0.04524843 0.42702373
0.61420068 0.02280786
0.60526542 0.38752080
0.36089670 -0.09963453
1.13719293 0.30776389
0.70948914 -1.01971751
-0.09121799 -0.24338075
1.15146000 -0.17826763
0.30246285 -0.78302611
0.71253282 0.69864132
0.76914977 -0.86793339
-0.03392286 -0.14273159
1.07194604 -0.11071337
0.23534896 -0.59664283
1.18916572 0.54536913
1.22008903 -1.15668073
0.47273849 -1.41826747
-0.21858392 -0.57041592
1.51117897 0.20236155
1.40445418 -1.31124086
0.89784853 -1.72625572
0.36017049 -1.63013857
-0.23674576 -0.85322348
1.07339194 0.79352700
1.52316389 -1.08148157
1.02851638 -1.68100792
0.51068453 -1.70479135
-0.09034974 -1.17324267
0.13938573 0.61718622
0.53182229 -0.32417722
0.86568124 0.54422273
0.64067234 -0.84723395
0.06325719 0.19081066
0.89842574 0.14971611
0.25396490 -0.33969759
1.29940307 0.23679279
0.95825478 -1.18798900
0.09085467 -1.02976043
0.38013249 0.69381538
0.56913594 -0.56685039
0.54423747 0.56117816
0.42664342 -0.40775687
1.05326833 0.52846722
0.91942989 -1.05750480
0.00518579 -0.77518742
1.13827354 0.68384486
1.39908898 -1.12650320
0.79569641 -1.60364965
0.13551608 -1.35962340
-0.22940789 0.02789196
0.86531061 -0.15848527
0.20845700 0.01739276
1.09885715 0.16021953
0.45966933 -0.84077358
0.31703012 0.52658427
0.45962992 -0.11839529
1.01561822 0.42688468
0.66776760 -0.93419884
-0.03348193 -0.00378793
0.97892930 -0.02181032
0.20886157 -0.38821435
1.33137506 0.21817592
1.00690474 -1.21420021
0.16617557 -1.14896896
0.05522821 0.44618259
0.59537185 0.00077229
0.66144683 0.41533242
0.34607483 -0.25786110
1.21477147 0.32364166
0.89375877 -1.12643147
-0.00168814 -0.81940190
1.03702321 0.73653334
1.33441343 -1.09483580
0.65478848 -1.51462272
-0.06908731 -1.03079802
0.49640593 0.78161390
0.79006388 -0.80645615
-0.01014515 -0.10959233
1.06094224 -0.07808905
0.23981517 -0.58205933
1.20205129 0.52932204
1.21610378 -1.16216933
0.46853964 -1.41756203
-0.22032110 -0.56241953
1.51197131 0.18281037
1.38354569 -1.31592894
0.86090570 -1.71283554
0.30012350 -1.57698887
-0.28052103 -0.66903661
1.46219376 0.46117412
1.64409757 -1.22032740
1.32393694 -1.81405404
1.07613373 -2.01978230
0.85106562 -2.05432759
0.56996688 -1.95452728
0.14992062 -1.62322110
-0.33819808 -0.60137965
1.53414153 0.31667256
1.59689659 -1.27724335
1.25349067 -1.82282753
0.96894753 -1.99076025
0.67538225 -1.96601926
0.27724177 -1.72566874
-0.25190786 -0.95242383
0.79077610 0.86161826
1.27561967 -1.01581554
0.50855798 -1.38287563
-0.20478804 -0.55405462
1.50622770 0.16234036
1.34690984 -1.31858460
0.79382626 -1.68383072
0.19219427 -1.46780829
-0.29991744 -0.29197346
1.26462443 -0.26811392
0.45826872 -1.02964404
0.01807717 0.25430491
0.80964481 0.12811360
0.26670248 -0.08089733
1.17091369 0.18358903
0.61551242 -0.99499335
-0.05295315 0.00849647
0.95863283 -0.02486967
0.20174714 -0.32812293
1.31381642 0.14729621
0.87989520 -1.18376549
0.00247596 -0.87585044
0.88293170 0.77952698
1.19050837 -1.04276720
0.36696726 -1.27595265
-0.19117403 -0.09438080
0.96788679 -0.18917582
0.15388919 -0.26813480
1.27482564 0.04346463
0.68380483 -1.10360635
-0.11922198 -0.33559849
1.27265955 -0.16851514
0.52186201 -1.05181387
-0.05236471 0.09610894
0.90642604 0.03077169
0.21631732 -0.22827845
1.25948085 0.11305803
0.72042560 -1.10321721
-0.11133393 -0.41373773
1.37632689 -0.08410191
0.80444501 -1.22550023
-0.05326131 -0.79455429
1.14025549 0.70284604
1.44251223 -1.12136738
0.88003043 -1.64001080
0.26904063 -1.50718628
-0.29286199 -0.47659466
1.50342704 -0.00433698
1.17218179 -1.34209012
0.49684999 -1.52274918
-0.18696852 -0.81808432
1.15283400 0.73963458
1.54180630 -1.10728281
1.07608176 -1.70670369
0.60248393 -1.77181275
0.04220357 -1.38545838
-0.24576240 0.06564786
0.83834386 -0.16211546
0.23698747 0.09156627
1.03532298 0.22591086
0.42994760 -0.76459994
0.51409543 0.62222652
0.48805172 -0.51535572
0.80521536 0.60837949
0.68457057 -0.85175533
0.02021675 0.08523637
0.96247886 0.06934024
0.24060216 -0.42138528
1.31209323 0.30547721
1.08241749 -1.20966127
0.27318692 -1.26728774
-0.16498494 0.06431200
0.85967838 -0.07555299
0.22339523 -0.01169250
1.12247641 0.15979257
0.49913642 -0.88903325
0.17756699 0.40695570
0.61955940 0.12227331
0.51633354 0.29849370
0.49764510 0.18909149
0.65614688 0.33365265
0.34231588 -0.07970181
1.13948599 0.28391022
0.68055519 -1.00745819
-0.08292346 -0.15671614
1.05909586 -0.14822632
0.20758611 -0.54629740
1.28283939 0.44344501
1.23389959 -1.19898727
0.51971737 -1.47207076
-0.18700866 -0.75170487
1.30459451 0.62709526
1.60203301 -1.15528379
1.21603862 -1.76445219
0.86602879 -1.92395564
0.47955488 -1.82618234
-0.03859887 -1.34495107
-0.18850916 0.23206987
0.74191385 -0.07615222
0.38605754 0.27133975
0.69015506 0.29043986
0.32916516 -0.06420873
1.13767679 0.26860342
0.65631391 -0.99433870
-0.06930971 -0.07960671
1.00312797 -0.09494461
0.19146967 -0.41067708
1.34317632 0.22030937
1.03682932 -1.22445795
0.21344282 -1.21099991
-0.07413125 0.26650654
0.75550958 0.04697438
0.33379138 0.14246805
0.93059976 0.31917364
0.39791204 -0.64921425
0.80171375 0.65599634
0.78048355 -0.90609282
-0.05200697 -0.22739821
1.14584471 -0.15101392
0.30711838 -0.77581244
0.72060214 0.69703961
0.77436501 -0.87363923
-0.03780125 -0.16403283
1.08827505 -0.12312366
0.24676207 -0.63579026
1.11194704 0.60350285
1.18245177 -1.12393563
0.39067689 -1.33584369
-0.22444641 -0.26417320
1.18191992 -0.25345161
0.31736197 -0.84708617
0.54015908 0.67182434
0.57631643 -0.64993788
0.41401958 0.51751371
0.42493950 -0.15837887
1.08943171 0.39822670
0.75499256 -1.01478203
-0.08663678 -0.33919839
1.27909432 -0.14622297
0.54791356 -1.06684733
-0.07926140 0.01662981
0.93658268 -0.03593006
0.19645188 -0.25666646
1.27489790 0.09514548
0.73516328 -1.11970511
-0.10825651 -0.47441881
1.43765587 0.01610639
1.03333236 -1.29354209
0.24698386 -1.28576766
-0.17687310 0.05891786
0.85812598 -0.08957477
0.22349197 0.00154167
1.11278914 0.16655014
0.48943640 -0.87453765
0.21389847 0.44224347
0.56436570 0.07550859
0.66426155 0.38715624
0.33861250 -0.20343204
1.20620027 0.28961404
0.82556537 -1.10272246
-0.06161479 -0.64030743
1.41459889 0.40407629
1.45764830 -1.24245557
0.96501057 -1.72342903
0.45146263 -1.69094166
-0.14714548 -1.07943042
0.39699700 0.77311905
0.73107321 -0.73449801
0.07633071 0.12937882
0.96230400 0.12983400
0.27261674 -0.48440803
1.25270962 0.43174573
1.14912699 -1.18315959
0.36512414 -1.34179872
-0.22869832 -0.23796929
1.14424243 -0.25967150
0.25970377 -0.75306355
0.85549589 0.70221412
0.96161179 -0.99536850
0.03219960 -0.78414379
1.09186210 0.70032505
1.35000024 -1.11374163
0.69360705 -1.54502085
-0.01548888 -1.13666542
0.19198154 0.62755653
0.51988036 -0.34400474
0.88470092 0.54907572
0.67639488 -0.87946882
0.00343696 0.06286672
0.96560556 0.04503213
0.23094859 -0.40674530
1.32038395 0.27306611
1.05524808 -1.21223370
0.23377379 -1.22685583
-0.10489290 0.20656778
0.79280270 0.02332858
0.29064520 0.07981752
1.03245146 0.26931716
0.47392681 -0.80338165
0.36050226 0.54384362
0.44232879 -0.18396279
1.06945205 0.42552208
0.76243654 -1.00829011
-0.08390444 -0.34568410
1.28802873 -0.13976691
0.57041128 -1.08401167
-0.10073109 -0.06128471
0.97284553 -0.10258516
0.17933676 -0.31881512
1.31114295 0.10757285
0.82938269 -1.17163587
-0.04665206 -0.75737080
1.21971268 0.64661716
1.47631554 -1.14753295
0.95900121 -1.68236561
0.41048211 -1.64012162
-0.20112624 -0.93417145
0.83478675 0.84400137
1.28624729 -1.02933005
0.53412098 -1.40757174
-0.19124067 -0.64563600
1.46498784 0.38865867
1.54426791 -1.25081608
1.13885229 -1.78315912
0.75844987 -1.88884429
0.31235014 -1.69792539
-0.24126696 -0.93459727
0.84203442 0.85423014
1.32220461 -1.03031858
0.60334711 -1.45553751
-0.13665324 -0.84790290
1.05499704 0.77100078
1.44254324 -1.08958656
0.86694336 -1.62156749
0.23792083 -1.46898046
-0.29261872 -0.35055653
1.35080529 -0.21408708
0.66384991 -1.18410927
-0.13855078 -0.44314717
1.41452869 -0.05274758
0.91848388 -1.27135001
0.08149304 -1.07186715
0.28350356 0.65009268
0.51557514 -0.41564204
0.84498560 0.57551465
0.67160382 -0.85952449
0.02378015 0.10373225
0.95199111 0.08288007
0.24207921 -0.40646352
1.31245364 0.28924527
1.05995625 -1.20806669
0.23852496 -1.22976868
-0.11059745 0.19402495
0.79971747 0.01696074
0.28341448 0.06908044
1.04648451 0.25839282
0.48265498 -0.82066464
0.31516274 0.51499457
0.46408361 -0.08987024
0.99279254 0.42537367
0.62706272 -0.89769004
0.02524823 0.14523634
0.92090913 0.10652136
0.24158823 -0.34776736
1.30753525 0.22507942
0.96131386 -1.19346295
0.09702218 -1.04254418
0.34250182 0.67506193
0.53948658 -0.50206617
0.69685864 0.58994021
0.53677220 -0.67872642
0.45240251 0.55376899
0.42258511 -0.28419681
1.11074161 0.44475449
0.87547453 -1.06960353
-0.03005329 -0.69749638
1.32053219 0.54042269
1.47974339 -1.19117356
0.98476718 -1.70958512
0.46886511 -1.69433714
-0.13148074 -1.10596010
0.32026237 0.73668789
0.64373029 -0.62908369
0.30811729 0.42131656
0.54307919 0.10910060
0.67149463 0.37499728
0.33493964 -0.19191770
1.20462429 0.28077151
0.80968799 -1.09683304
-0.07215872 -0.59663384
1.45121367 0.29826342
1.38837931 -1.27557716
0.84815620 -1.69004313
0.26563597 -1.53523854
-0.29610037 -0.53517745
1.53462209 0.13111974
1.37882598 -1.33342391
0.86180247 -1.72076657
0.30756293 -1.58762753
-0.27553152 -0.70092495
1.41633340 0.53489191
1.66441317 -1.18960665
1.35345813 -1.80700576
1.11939393 -2.02840116
0.92074040 -2.08359202
0.68684702 -2.02610988
0.34152903 -1.80933382
-0.16553265 -1.17800752
0.14975604 0.65062928
0.55467379 -0.40340834
0.75788245 0.56780644
0.55491591 -0.72684250
0.34218568 0.49459881
0.46146868 -0.05455662
0.97483211 0.41745622
0.58598062 -0.85993459
0.10858536 0.28722321
0.79444814 0.18472053
0.27613939 -0.12204151
1.19539977 0.18880699
0.67084771 -1.03827164
-0.09628888 -0.18938546
1.08692992 -0.17030941
0.22496097 -0.61624368
1.17624193 0.56350102
1.22885852 -1.15130245
0.48556346 -1.42554671
-0.21263125 -0.60544962
1.49983900 0.28931612
1.48594874 -1.28598706
1.04120919 -1.76815298
0.59819023 -1.80250907
0.06046514 -1.42787932
-0.28515942 -0.05278767
0.93818713 -0.25357867
0.14140249 -0.16689242
1.19608321 0.01755133
0.50024872 -0.95357032
0.08141744 0.30892982
0.76101780 0.15987908
0.30016516 -0.00676928
1.10870512 0.24738756
0.57448470 -0.92961450
0.03811196 0.20514921
0.87201531 0.13742738
0.24729097 -0.25428269
1.27142105 0.16804388
0.80877517 -1.13827974
-0.06840629 -0.66169812
1.39513411 0.44979255
1.48582981 -1.22655066
1.01280817 -1.73396958
0.52906007 -1.74484516
-0.04842254 -1.26236500
-0.05633351 0.42053148
0.62307292 -0.06117461
0.63526171 0.42948267
0.35356188 -0.24167772
1.20385518 0.32712155
0.87557814 -1.11584165
-0.02089581 -0.76634253
1.18049326 0.66593796
1.44057969 -1.13749289
0.88307629 -1.64783141
0.27904571 -1.52030073
-0.29086544 -0.51855846
1.52754883 0.08962007
1.31900570 -1.33970126
0.75458756 -1.67415020
0.13776370 -1.40997000
-0.27163436 -0.09279767
0.97377966 -0.25700927
0.13537935 -0.27205628
1.27258643 0.02222195
0.65946138 -1.09371348
-0.11837825 -0.26536739
1.17454207 -0.19474601
0.33003950 -0.83624622
0.54358004 0.66809446
0.57127126 -0.64581231
0.43035083 0.52694742
0.41994424 -0.19612345
1.10866530 0.40273327
0.79968957 -1.04252353
-0.07761462 -0.48692637
1.44014914 0.05654205
1.07807873 -1.29478076
0.31501937 -1.35283311
-0.23582853 -0.18851391
1.07717174 -0.26053430
0.18333258 -0.57260611
1.28536204 0.45975457
1.26689974 -1.19925965
0.57950569 -1.51268769
-0.13267103 -0.91789845
0.85674172 0.82230761
1.26054751 -1.03652009
0.48915597 -1.37708208
-0.21212559 -0.51050046
1.49377685 0.06104828
1.21035760 -1.32897614
0.55394730 -1.55507650
-0.13411907 -0.95975077
0.73514671 0.83098220
1.12736596 -0.99038645
0.24286056 -1.11835305
0.05666820 0.41349473
0.62772941 0.05007836
0.55756661 0.35420314
0.40694066 0.04142866
0.97283657 0.36713614
0.50982333 -0.79718177
0.30972611 0.49880962
0.47394551 -0.05007120
0.94964047 0.42595823
0.56108886 -0.82752374
0.18357537 0.37833845
0.65721748 0.16043835
0.42500448 0.20024269
0.74830506 0.33976119
0.31493477 -0.27885143
1.24684970 0.28703356
0.91000632 -1.14799361
0.02095989 -0.88302952
0.84605904 0.77990278
1.13819821 -1.02634949
0.27361464 -1.17258857
-0.05022781 0.26717594
0.76546674 0.06969838
0.31493070 0.09605094
1.00140913 0.29632379
0.46044076 -0.76960024
0.44667430 0.58762723
0.44378312 -0.36322166
1.04567617 0.51410229
0.87750720 -1.04152041
-0.03245901 -0.66060817
1.37501132 0.46228398
1.46280886 -1.22079550
0.96482083 -1.71440517
0.44402781 -1.68096610
-0.15810514 -1.05226743
0.47633871 0.80181836
0.83049771 -0.82208034
-0.02522869 -0.23451139
1.16525141 -0.13324398
0.34552824 -0.82817522
0.53519463 0.66046936
0.55396051 -0.62160901
0.50246966 0.56036798
0.42293075 -0.35474833
1.09102404 0.48840068
0.91553988 -1.07249715
0.00499221 -0.78779112
1.10897761 0.70060124
1.38132836 -1.11728876
0.75651028 -1.58031596
0.07376244 -1.27614502
-0.11485844 0.28393688
0.72435827 -0.00313871
0.39900942 0.25262854
0.70382287 0.30484941
0.31996335 -0.11862965
1.17765777 0.25052314
0.71207667 -1.04465702
-0.09961059 -0.29245399
1.21390386 -0.17765399
0.40452452 -0.92981665
0.23521276 0.49793748
0.50549402 -0.03331553
0.87754620 0.43917959
0.48556091 -0.71788225
0.49161287 0.59156844
0.44861096 -0.41856378
0.99857600 0.55219597
0.86644343 -1.01825485
-0.04220496 -0.60144677
1.43460966 0.32490801
1.38741002 -1.26589346
0.84117255 -1.68284343
0.25103793 -1.51857755
-0.29950096 -0.47986090
1.50907098 0.00450047
1.19357306 -1.34430466
0.53460132 -1.54956094
-0.15115844 -0.92263415
0.85128680 0.82819535
1.26801130 -1.03477211
0.50224089 -1.38632849
-0.20729163 -0.55091790
1.50665521 0.15475652
1.33940343 -1.32019412
0.78080904 -1.67834910
0.17217308 -1.44574636
-0.29232218 -0.21670844
1.14301376 -0.29462358
0.24649642 -0.74886047
0.88735788 0.70054926
1.00549366 -1.01749210
0.08534263 -0.90604145
0.71639663 0.76837924
0.94234146 -0.94372477
0.00673864 -0.67388219
1.32959139 0.50915737
1.44465642 -1.20174657
0.92017896 -1.68935564
0.36157624 -1.60933000
-0.24238787 -0.81254139
1.18048119 0.74148271
1.59392358 -1.10514889
1.18218508 -1.73608330
0.79076419 -1.87871585
0.34423338 -1.71330790
-0.21398521 -0.99995779
0.64346592 0.84847198
1.07760680 -0.95523776
0.15863199 -0.98580399
0.42342587 0.68928289
0.56756790 -0.58571903
0.52259715 0.55758282
0.42151413 -0.37202052
1.08547132 0.49871247
0.92399905 -1.07240998
0.01301532 -0.80558646
1.05831996 0.72277335
1.34015027 -1.10212349
0.66919256 -1.52617705
-0.04977441 -1.07115456
0.37513624 0.73547498
0.64506765 -0.65280936
0.27777209 0.40078353
0.58640728 0.14678805
0.55325590 0.31049975
0.44341197 0.12742265
0.82119160 0.37474875
0.35998797 -0.50036620
1.10079654 0.54553256
1.04405339 -1.10482575
0.16641469 -1.08480059
0.18406122 0.55666660
0.50044798 -0.16997157
0.95485512 0.47352522
0.64611182 -0.89157302
0.01548112 0.11285633
0.94012115 0.08321814
0.23757804 -0.37446323
1.31436621 0.24591336
1.00445129 -1.20344756
0.15748893 -1.13159795
0.09448431 0.48718358
0.55589459 -0.04746831
0.78091677 0.45181068
0.41056950 -0.55846435
0.92363796 0.61913902
0.87870032 -0.99337956
-0.03569769 -0.59334075
1.43578096 0.31030675
1.36987831 -1.26924127
0.80960634 -1.66992744
0.20118596 -1.46684470
-0.29819501 -0.30049650
1.27688083 -0.26173253
0.48501477 -1.05400302
-0.03165126 0.16151357
0.87263536 0.07562990
0.23296173 -0.18191838
1.23316218 0.12806806
0.68025126 -1.06902009
-0.10912050 -0.26522399
1.17572695 -0.18905922
0.33450093 -0.84009140
0.52744626 0.66255939
0.55414819 -0.61817118
0.50705226 0.56148672
0.42382925 -0.36283113
1.08560149 0.49478004
0.91688063 -1.07051150
0.00578031 -0.78786155
1.10809636 0.70080679
1.38018373 -1.11707500
0.75416088 -1.57901923
0.07025026 -1.27115471
-0.10626754 0.29832089
0.71498558 -0.00042074
0.41491491 0.26786403
0.66253381 0.28927503
0.34941355 -0.00827344
1.08029692 0.30413913
0.59721292 -0.92627837
0.02169292 0.16366347
0.90307874 0.11262275
0.24052412 -0.30670312
1.29557019 0.18892425
0.88822356 -1.17303178
0.00716318 -0.87628775
0.87748663 0.77911168
1.18147235 -1.04040184
0.35055187 -1.25922619
-0.17596757 -0.03186542
0.91967550 -0.13946960
0.17552316 -0.14523888
1.19659634 0.05823295
0.53645403 -0.97348065
0.02153059 0.20811073
0.86082938 0.12683922
0.24593185 -0.21129295
1.24966124 0.15107046
0.74122885 -1.10293366
-0.10469769 -0.45826644
1.42291993 -0.01114543
0.97359209 -1.28039492
0.15596930 -1.17614594
0.01214986 0.40539501
0.63587538 0.02554162
0.55781570 0.36402588
0.40091525 0.02174291
1.00017116 0.36135393
0.54266080 -0.84076469
0.19061581 0.39497302
0.63191456 0.14250244
0.47839747 0.26043310
0.59185152 0.27153885
0.43098019 0.14026376
0.82275677 0.36738711
0.35447505 -0.49085451
1.12075268 0.53137300
1.05565251 -1.11491807
0.18703346 -1.11741464
0.10069890 0.48059452
0.55920038 -0.03155783
0.76331564 0.44505987
0.39180421 -0.51233624
1.02485454 0.57994949
0.97010498 -1.05939018
0.05726723 -0.88465701
0.80525097 0.77372465
1.06638341 -1.00285951
0.15835496 -1.01359916
0.35510508 0.66075924
0.51992973 -0.47468039
0.77630795 0.59282128
0.61959479 -0.79253117
0.14881434 0.30855421
0.76555540 0.20022579
0.29195421 -0.07658436
1.16291784 0.21737236
0.64010126 -1.00208388
-0.06862953 -0.05737002
0.98847033 -0.07967525
0.19101988 -0.37699174
1.33549089 0.17922353
0.96757386 -1.21228326
0.11348603 -1.07833909
0.24247729 0.61520053
0.49651324 -0.31731261
0.95228907 0.52817227
0.74069072 -0.94513133
-0.06355750 -0.19178422
1.10244683 -0.15023132
0.25056721 -0.66415121
1.05571591 0.63642686
1.14596285 -1.09979579
0.31812053 -1.25638111
-0.16618744 0.02364581
0.88506497 -0.09804910
0.20145019 -0.06790176
1.15599331 0.11078032
0.50961005 -0.92297230
0.11402989 0.33976020
0.72145916 0.16263839
0.33880991 0.07655624
1.00606679 0.31255741
0.48693439 -0.79734079
0.34863203 0.53172765
0.44689732 -0.14677563
1.04979762 0.42040581
0.71751915 -0.97777584
-0.07473640 -0.19066705
1.09651439 -0.15702207
0.24082387 -0.64615895
1.10378903 0.61187992
1.18412274 -1.12081403
0.39199634 -1.33551933
-0.22421002 -0.26552016
1.18388290 -0.25300526
0.32063969 -0.85182028
0.52400310 0.66666116
0.55973680 -0.62335509
0.48728499 0.55285040
0.41846445 -0.31893492
1.11162927 0.46018780
0.90462451 -1.07859742
-0.00365398 -0.77322066
1.15057674 0.67942058
1.41252750 -1.12961355
0.82372111 -1.61822339
0.18030118 -1.41378789
-0.27374990 -0.15138694
1.04272646 -0.27827797
0.15186425 -0.47337786
1.36625666 0.25699617
1.13838988 -1.24351868
0.38090302 -1.38526453
-0.24231961 -0.35849460
1.33487167 -0.19880411
0.63682017 -1.15906808
-0.14034706 -0.34100053
1.28121235 -0.17624509
0.53503638 -1.06704659
-0.07349608 0.04167230
0.92562971 -0.01584444
0.20244823 -0.24106995
1.26595794 0.09765951
0.71823278 -1.10746495
-0.11256516 -0.41652333
1.37979747 -0.08090478
0.81490141 -1.23010231
-0.04301165 -0.82199249
1.06465712 0.73797832
1.38498674 -1.10047794
0.75629155 -1.57330562
0.06884203 -1.26539775
-0.09698408 0.31218937
0.70579123 0.00209048
0.43092599 0.28222815
0.62277080 0.26950247
0.39690600 0.09624143
0.92409866 0.35964480
0.43653516 -0.69208566
0.64015279 0.64252770
0.58460166 -0.70269520
0.32292169 0.46728156
0.48900582 0.01468451
0.86940535 0.42049058
0.45129430 -0.67408548
0.64176962 0.63615863
0.57412663 -0.69285668
0.35665883 0.49188033
0.45606296 -0.05608417
0.98510979 0.41328048
0.59562462 -0.87228815
0.08283574 0.24998101
0.83803866 0.17304294
0.26017119 -0.21395789
1.24911543 0.17277092
0.76537259 -1.11038854
-0.09518124 -0.52323221
1.46312419 0.12086950
1.19965003 -1.30612662
0.52138319 -1.52265517
-0.17082265 -0.85283813
1.05627271 0.78077469
1.46662081 -1.08617455
0.91446247 -1.64030249
0.31567384 -1.54545564
-0.27697574 -0.62022598
1.50909427 0.33845774
1.57076533 -1.26952017
1.19904793 -1.80675342
0.87062876 -1.94729117
0.50525242 -1.85490541
0.00630837 -1.41643911
-0.27453913 0.02617324
0.86845689 -0.21048134
0.19617910 0.02594162
1.09004042 0.15366093
0.43905105 -0.81663585
0.39647700 0.57626777
0.44188413 -0.29124269
1.07472956 0.47040774
0.85106205 -1.04529537
-0.05027541 -0.60716577
1.43518592 0.33356754
1.40078564 -1.26408144
0.86580348 -1.69283022
0.29089576 -1.55741964
-0.28635253 -0.61525600
1.51462957 0.32892545
1.57023514 -1.27306347
1.19954809 -1.80834373
0.87261366 -1.94886661
0.50921462 -1.85805102
0.01246738 -1.42520818
-0.28273640 -0.00031203
0.89106846 -0.22996803
0.17243417 -0.03338153
1.12375201 0.09834742
0.44176957 -0.84799548
0.33265210 0.54331823
0.45143069 -0.16676911
1.04892038 0.43035346
0.73256994 -0.98472635
-0.07881768 -0.23725859
1.14758904 -0.16983994
0.30071327 -0.77530710
0.73319490 0.69925245
0.79369335 -0.88821498
-0.04631199 -0.23349510
1.15504370 -0.14785096
0.32226816 -0.79939233
0.64025247 0.68725429
0.67384246 -0.77989552
0.09597706 0.20786070
0.89239389 0.17572488
0.26376694 -0.35781309
1.29608333 0.26905996
0.99455502 -1.19133237
0.13843869 -1.09932990
0.17545115 0.56084697
0.50305980 -0.18102404
0.95160107 0.47873482
0.64996473 -0.89252895
0.01163046 0.10279077
0.94484560 0.07500649
0.23570560 -0.37884695
1.31597048 0.24782896
1.01068324 -1.20514557
0.16679947 -1.14437782
0.06342745 0.45403107
0.58745416 -0.00643476
0.68383750 0.42380154
0.34926887 -0.31751314
1.21555759 0.36606779
0.96099599 -1.14186832
0.07513231 -0.97406096
0.54144277 0.75021422
0.74095450 -0.79135363
0.02491472 0.03412538
0.99759679 0.03795135
0.24578601 -0.48830255
1.28248049 0.40283171
1.16600873 -1.19838853
0.40150208 -1.38069783
-0.23713446 -0.37973407
1.36385132 -0.17309275
0.71607649 -1.20429613
-0.11713750 -0.58490213
1.47384304 0.25238157
1.37992073 -1.29102561
0.84040905 -1.69321667
0.25807716 -1.53097984
-0.29840617 -0.51638059
1.52967997 0.08690346
1.32127581 -1.34098285
0.75950429 -1.67714211
0.14577424 -1.41982986
-0.27845300 -0.12515252
1.01272021 -0.27446233
0.13815326 -0.38597274
1.35029725 0.11585109
0.92840347 -1.21762904
0.06821128 -1.01531183
0.43775121 0.72293853
0.63339238 -0.66644918
0.28216881 0.41163591
0.56987279 0.12935189
0.60041866 0.34196366
0.37812655 0.00109356
1.04551670 0.33725769
0.58247213 -0.89622391
0.06872547 0.24113382
0.84446460 0.16350044
0.25693692 -0.21711306
1.25130927 0.16881625
0.76545840 -1.11191368
-0.09515610 -0.52600264
1.46406235 0.12684729
1.20839881 -1.30607070
0.53649195 -1.53285989
-0.15648959 -0.89380821
0.93662601 0.81420099
1.35596852 -1.05869804
0.68110138 -1.51508823
-0.04452026 -1.06961884
0.37622646 0.73431632
0.64289207 -0.65107222
0.28371097 0.40628349
0.57586544 0.13788403
0.58087816 0.32916503
0.40169754 0.05574141
0.96439493 0.36325112
0.49267861 -0.77643562
0.37496306 0.54245023
0.43775964 -0.19003660
1.07865685 0.42224223
0.77429059 -1.01779391
-0.08333964 -0.38868215
1.34382293 -0.09890112
0.71925503 -1.17976773
-0.11657436 -0.54744612
1.47592847 0.16508916
1.27925186 -1.30712280
0.66289111 -1.61116492
-0.00599277 -1.20272729
0.04316641 0.50616841
0.55793941 -0.11670031
0.81085378 0.47687015
0.46713662 -0.65788806
0.63606244 0.62839990
0.55617746 -0.67125678
0.42409712 0.53279478
0.42240641 -0.20495327
1.10684853 0.40882042
0.80623347 -1.04411458
-0.07481658 -0.50430281
1.44942806 0.09245907
1.13681706 -1.29995665
0.41177559 -1.43861277
-0.24187525 -0.52102803
1.50984917 0.08563081
1.27315254 -1.33335636
0.66757328 -1.62557230
0.00798801 -1.23178940
-0.01844066 0.43800395
0.60836548 -0.04789878
0.66242800 0.43323372
0.35304320 -0.29818414
1.21137558 0.35818784
0.93954811 -1.13529129
0.04818355 -0.92361864
0.70685133 0.77905855
0.95884890 -0.94584836
0.02113279 -0.71496534
1.24956355 0.59340702
1.43251591 -1.16743229
0.88035639 -1.65886570
0.28387696 -1.53098878
-0.28962565 -0.54838035
1.53434318 0.16126572
1.41097263 -1.32630168
0.91836409 -1.74091088
0.39996348 -1.66674187
-0.19690760 -0.97323767
0.71823708 0.84808056
1.15388515 -0.98830892
0.28398151 -1.16488795
-0.04515176 0.26855437
0.76635329 0.07401974
0.31284110 0.08922685
1.01040847 0.29260000
0.46887868 -0.78371396
0.40507384 0.56713954
0.43622312 -0.27495202
1.08753840 0.45574916
0.84942788 -1.05051899
-0.05093827 -0.61145255
1.43273603 0.34304426
1.40865282 -1.26136295
0.87949398 -1.69749907
0.31271952 -1.57740479
-0.27471673 -0.68538803
1.43946828 0.49849846
1.65399542 -1.20496946
1.33804247 -1.81044901
1.09658251 -2.02381305
0.88388513 -2.06836903
0.62493567 -1.98933242
0.23899511 -1.71544219
-0.27841334 -0.89193406
0.96997065 0.84040296
1.46901814 -1.05555168
0.90775070 -1.62541534
0.29518019 -1.52009144
-0.28538139 -0.53853527
1.53144999 0.13581516
1.37646769 -1.33151710
0.85631457 -1.71758882
0.29783553 -1.57813425
-0.28140027 -0.66871254
1.46274325 0.46067599
1.64449377 -1.22049921
1.32478567 -1.81428678
1.07767608 -2.02034359
0.85374143 -2.05562140
0.57455285 -1.95757561
0.15731519 -1.63134149
-0.33505151 -0.62714926
1.51460980 0.38038543
1.63905834 -1.25179093
1.32586122 -1.82733238
1.08856437 -2.02996752
0.87715761 -2.06943460
0.61695381 -1.98629487
0.22750397 -1.70508337
-0.28822032 -0.85868096
1.06369675 0.81269300
1.55008059 -1.07185218
1.08070035 -1.69419514
0.59986607 -1.76375828
0.03366297 -1.37019912
-0.22866878 0.10964433
0.81145169 -0.12861446
0.27498000 0.14523212
0.96444546 0.27761130
0.39219542 -0.66814989
0.77870502 0.66122929
0.76257385 -0.88822825
-0.04191686 -0.15648827
1.07928326 -0.12236463
0.23752250 -0.61178974
1.16426219 0.56735162
1.21241046 -1.14611133
0.45376032 -1.39866564
-0.22548039 -0.49955046
1.49190750 0.03666861
1.18228042 -1.33069577
0.50679232 -1.52422510
-0.18004551 -0.83508927
1.10681980 0.76139334
1.50858445 -1.09690723
1.00424928 -1.67868945
0.47298165 -1.67980020
-0.13614786 -1.08442369
0.37950305 0.76324139
0.70483045 -0.70808794
0.12852026 0.22145972
0.88419464 0.19923411
0.27243614 -0.36886487
1.29018385 0.29346611
1.01570189 -1.19072155
0.16655885 -1.13553734
0.08044764 0.47047300
0.57110959 -0.02417669
0.73208429 0.43919155
0.37084728 -0.44104935
1.13512405 0.50070331
1.02599755 -1.11628158
0.14667060 -1.06481027
0.24543527 0.60535275
0.49030083 -0.29296074
0.97447931 0.51340785
0.74964568 -0.95917294
-0.06999039 -0.23563848
1.14857626 -0.16391661
0.30490614 -0.77921906
0.71684516 0.69781439
0.77198112 -0.87101380
-0.03607142 -0.15426644
1.08055591 -0.11764847
0.24098537 -0.61714261
1.15090820 0.57685983
1.20462465 -1.14043320
0.43722645 -1.38281227
-0.22894998 -0.43975526
1.43869090 -0.08155092
0.95318333 -1.29605504
0.13765568 -1.16314193
0.04675492 0.45002321
0.59296329 -0.01156354
0.67520401 0.42357561
0.34879899 -0.30090498
1.21637803 0.35364703
0.94319604 -1.13865408
0.05345120 -0.93532262
0.66913082 0.77553259
0.90954700 -0.91742008
-0.01822826 -0.56129212
1.43899508 0.25048357
1.29753511 -1.28045556
0.68072833 -1.60929434
0.01099246 -1.22269037
-0.00259695 0.45367867
0.59580913 -0.05790437
0.69652786 0.44515304
0.36415088 -0.38623678
1.17871785 0.44306382
1.01118810 -1.13325933
0.13420869 -1.05777864
0.27274908 0.62610005
0.49617039 -0.35204308
0.93656197 0.54384954
0.74530971 -0.94084992
-0.06233353 -0.19596542
1.10733300 -0.15077413
0.25611126 -0.67694468
1.02222117 0.65101640
1.11703935 -1.08443356
0.26495088 -1.19287845
-0.07390798 0.23702235
0.78279435 0.05245677
0.29782883 0.07433568
1.03480976 0.27406715
0.48312461 -0.81305258
0.32766174 0.52199331
0.45676679 -0.11210466
1.01754939 0.42292640
0.66460706 -0.93331298
-0.03117645 0.00483827
0.97557570 -0.01448141
0.21041984 -0.38425106
1.32990643 0.21591968
1.00062628 -1.21258825
0.15685261 -1.13627343
0.08575848 0.47947439
0.56324272 -0.03762644
0.75839064 0.44692057
0.39081052 -0.50651023
1.03378882 0.57478652
0.97583176 -1.06427721
0.06517958 -0.90272200
0.74729594 0.77437492
0.99397069 -0.96851996
0.05981233 -0.82226161
0.96875522 0.74133260
1.23150866 -1.07318819
0.45246521 -1.36439229
-0.22211702 -0.42441227
1.41772240 -0.10663963
0.88477172 -1.27435575
0.04387993 -1.01751919
0.45291312 0.73544901
0.66413363 -0.70104663
0.19146230 0.31878531
0.74393336 0.21549524
0.30480498 -0.05101629
1.14069440 0.23993158
0.62493370 -0.97975174
-0.04577777 0.01476160
0.95988139 -0.01626159
0.20496839 -0.33830530
1.31757755 0.16086995
0.90437064 -1.19079205
0.03023718 -0.93306825
0.69769368 0.78393285
0.96128300 -0.94370335
0.02302365 -0.71789723
1.24240188 0.59927090
1.42938677 -1.16481944
0.87297156 -1.65463711
0.27084535 -1.51764792
-0.29333351 -0.50233901
1.52088006 0.05271694
1.26667068 -1.34340221
0.66206627 -1.62703408
0.00331326 -1.22716282
-0.00809409 0.45117330
0.59816272 -0.05883294
0.69159024 0.44441420
0.36252796 -0.37553727
1.18550109 0.43159901
1.00551184 -1.13544659
0.12771974 -1.04993547
0.29711627 0.64193667
0.50492428 -0.40024024
0.88350508 0.56806070
0.71118025 -0.90013068
-0.03122905 -0.05036715
1.00792666 -0.05274440
0.21038815 -0.44906415
1.33114613 0.29923048
1.11660231 -1.22237880
0.33364536 -1.33273782
-0.22469331 -0.17031983
1.05112127 -0.24855245
0.16628416 -0.49989163
1.35109617 0.31865428
1.18982871 -1.23484258
0.46239594 -1.44665477
-0.22136519 -0.61370131
1.49824078 0.31067333
1.51017947 -1.27911064
1.08499484 -1.77914485
0.67266489 -1.84670885
0.17606005 -1.56524770
-0.32715122 -0.49827464
1.53354867 0.05588648
1.29976961 -1.34818507
0.72458550 -1.66277482
0.09491684 -1.35852800
-0.22335258 0.07510367
0.83435577 -0.13243417
0.24488097 0.08878524
1.03701496 0.23149080
0.43829820 -0.77393241
0.48007635 0.60864729
0.46491182 -0.44769382
0.93606978 0.57735332
0.81111742 -0.97163254
-0.06591695 -0.40177839
1.35934482 -0.07173387
0.77464287 -1.20420724
-0.08119702 -0.70118770
1.34727261 0.53196807
1.51988819 -1.19549337
1.06660603 -1.73907099
0.61333317 -1.79491559
0.07063289 -1.43198304
-0.28829613 -0.07280290
0.95925253 -0.26449146
0.13401921 -0.22820036
1.23802440 0.00860202
0.57514366 -1.03007165
-0.06135436 0.03025814
0.94039056 -0.01540921
0.20240437 -0.28345088
1.29091838 0.11674400
0.79374758 -1.14819008
-0.07708799 -0.64658005
1.41651630 0.41226316
1.47410357 -1.24023146
0.99614197 -1.73378805
0.50454993 -1.73007754
-0.08010896 -1.20997238
0.05508576 0.54607880
0.54519263 -0.19274807
0.85811859 0.50072247
0.55532669 -0.77576346
0.26752365 0.44803762
0.53506275 0.06634533
0.73120255 0.40399251
0.34475425 -0.36868059
1.21309322 0.40120292
1.01270465 -1.14987448
0.14345477 -1.08075609
0.21221416 0.58495299
0.49310097 -0.23809516
0.97704660 0.49228226
0.71511036 -0.94253754
-0.05719694 -0.12704370
1.04585851 -0.11670641
0.20954706 -0.52173832
1.30030173 0.40727970
1.21228588 -1.20782051
0.48627876 -1.45194666
-0.20936231 -0.66074342
1.45531775 0.42640527
1.57826568 -1.23629425
1.19974875 -1.79325701
0.86159310 -1.93688653
0.48453365 -1.83693518
-0.02638092 -1.36744880
-0.21912197 0.17011019
0.77538500 -0.10899153
0.33053726 0.22007155
0.82333992 0.31067213
0.31307544 -0.39421230
1.24606284 0.38042467
1.05010188 -1.17148632
0.20547639 -1.17198911
-0.00981995 0.35643327
0.68446261 0.05848466
0.44315580 0.26864708
0.62679578 0.27973353
0.38648851 0.07220754
0.96452268 0.35207538
0.47824376 -0.76270695
0.42586228 0.57168300
0.43507512 -0.30411477
1.08490301 0.47013845
0.87015373 -1.05619892
-0.03604086 -0.66597711
1.37050023 0.47226834
1.46931768 -1.21729233
0.97599804 -1.71708675
0.46215946 -1.69425630
-0.13690470 -1.09798237
0.34330295 0.74862448
0.66865840 -0.66304760
0.22604902 0.34533488
0.69213196 0.20785640
0.35340075 0.07023288
1.00064559 0.32428017
0.49376042 -0.79996584
0.33231720 0.51964688
0.45560683 -0.10869609
1.01782253 0.42117719
0.66222713 -0.93205438
-0.02894989 0.01228561
0.97285991 -0.00803316
0.21191319 -0.38157717
1.32869668 0.21510520
0.99680102 -1.21139214
0.15112114 -1.12822075
0.10570662 0.49977222
0.54511987 -0.06671175
0.81624129 0.45883951
0.44809668 -0.63686528
0.71445548 0.64003018
0.64518157 -0.78700251
0.12234880 0.26189779
0.83064647 0.19749107
0.26698703 -0.23057054
1.25562518 0.18829789
0.79835213 -1.12476628
-0.07675482 -0.61773454
1.44106445 0.34543716
1.43055612 -1.26229008
0.92218009 -1.71529484
0.38481406 -1.64121747
-0.21754931 -0.90516946
0.92350434 0.83435159
1.38583593 -1.05158116
0.73743680 -1.54350755
0.02896875 -1.19471480
0.04397806 0.49279813
0.56388668 -0.08989028
0.78596126 0.46721158
0.43259622 -0.59601222
0.81726162 0.63712356
0.76004238 -0.90123979
-0.04735090 -0.16992094
1.08865143 -0.13169762
0.24327284 -0.63355665
1.12119989 0.59864589
1.19034280 -1.12796150
0.40619993 -1.35117139
-0.22824670 -0.32225248
1.27309839 -0.22744510
0.49260606 -1.04751379
-0.02950850 0.15958824
0.87553735 0.07644454
0.23234503 -0.19067636
1.23828448 0.12805183
0.69108741 -1.07697124
-0.11104633 -0.30319272
1.22737880 -0.18096171
0.42733303 -0.95854540
0.15577025 0.42359013
0.60401639 0.09048915
0.57245046 0.34547200
0.39939178 0.03715658
0.98674467 0.36076136
0.52145122 -0.81552453
0.26091345 0.46120961
0.52489900 0.04146139
0.77548493 0.41731975
0.37193841 -0.48344605
1.09592056 0.54052423
1.02470240 -1.09949467
0.13803039 -1.04245876
0.30551365 0.64293433
0.50451286 -0.40610595
0.87982240 0.57036490
0.71032951 -0.89811352
-0.02956684 -0.04521740
1.00589553 -0.04826468
0.21109246 -0.44619580
1.33110951 0.29618167
1.11217019 -1.22215976
0.32645531 -1.32594160
-0.22047601 -0.14436283
1.01936955 -0.23638858
0.15187805 -0.40943151
1.35748176 0.16332387
0.99941925 -1.23054423
0.16431216 -1.15638184
0.04270649 0.43428708
0.60738737 0.01014430
0.62877395 0.40137178
0.35031476 -0.16922897
1.18267596 0.29871422
0.78897336 -1.07736223
-0.08369896 -0.51959514
1.45845371 0.11907036
1.18664162 -1.30368306
0.49755046 -1.50492120
-0.19180325 -0.78396675
1.23651124 0.68679709
1.58584874 -1.13018051
1.17425912 -1.74394248
0.78407955 -1.87982883
0.33674443 -1.70891988
-0.22096853 -0.98316685
0.69455944 0.85394135
1.14395445 -0.98015117
0.26509319 -1.13932776
0.00539775 0.34514271
0.70013329 0.08120089
0.40445236 0.21843759
0.74824598 0.32828377
0.31101993 -0.25709281
1.24439649 0.26863124
0.87869643 -1.13931585
-0.01220216 -0.80763029
1.07587339 0.72297984
1.37122594 -1.10596386
0.73157205 -1.56259845
0.03468629 -1.21633376
-0.00023524 0.44595172
0.60099119 -0.04334856
0.67677124 0.43544170
0.35482293 -0.32912896
1.20760337 0.38291414
0.97096081 -1.13980232
0.08620481 -0.99041854
0.48680506 0.73294111
0.67238657 -0.72094156
0.15819983 0.28032022
0.80623791 0.21535461
0.27530190 -0.19721657
1.23720943 0.19138169
0.76203185 -1.10131540
-0.09644631 -0.50061151
1.45298726 0.07302532
1.12521563 -1.30333796
0.39491199 -1.42665922
-0.24652689 -0.47024829
1.47723487 -0.02435445
1.09192561 -1.32651070
0.35603266 -1.40583467
-0.25243478 -0.36734553
1.35294989 -0.19064595
0.68137112 -1.18768652
-0.13283495 -0.48510446
1.45194418 0.02556046
1.07627050 -1.30472486
0.31822809 -1.36100178
-0.24000428 -0.21166316
1.11015301 -0.26610717
0.21504217 -0.66292980
1.11425887 0.61674739
1.21416622 -1.12601619
0.44675398 -1.38384595
-0.22638896 -0.45695875
1.45623089 -0.05004615
1.02004091 -1.31122839
0.23811352 -1.28645626
-0.17543858 0.06924608
0.85213214 -0.08336550
0.22954420 0.01385054
1.10391053 0.17898974
0.48741010 -0.86618865
0.23047174 0.45605468
0.54306315 0.05198288
0.72929719 0.40962425
0.34791101 -0.37617782
1.20650832 0.41233638
1.01720357 -1.14739173
0.14836275 -1.08590737
0.19673350 0.57248585
0.49618692 -0.20734541
0.96977304 0.48304568
0.68659153 -0.92333491
-0.03515220 -0.02938898
0.99267000 -0.04058049
0.20737751 -0.41382652
1.33522724 0.24732880
1.05406438 -1.22095034
0.23667320 -1.23481458
-0.11624736 0.18553879
0.80322833 0.01052442
0.28009566 0.06648164
1.05030051 0.25415999
0.48367798 -0.82417937
0.30737637 0.50987987
0.46942032 -0.07480609
0.97426095 0.42703410
0.60005689 -0.86982467
0.08090596 0.24446546
0.84429690 0.17165938
0.25886687 -0.22800894
1.25638845 0.17508589
0.78402166 -1.12106139
-0.08543171 -0.58114332
1.46252097 0.25601860
1.35866170 -1.28725188
0.79823071 -1.67233434
0.18891910 -1.45725291
-0.29599650 -0.26345210
1.21694874 -0.28305513
0.36460845 -0.92776935
0.29358929 0.55306156
0.46405661 -0.17419189
1.02822250 0.44521173
0.72054050 -0.96892773
-0.07120835 -0.18300905
1.09009248 -0.15205041
0.23590176 -0.63040054
1.13784718 0.58989175
1.20497264 -1.13514214
0.43516778 -1.37868598
-0.22887929 -0.42763765
1.42440003 -0.10220061
0.90378535 -1.28164920
0.06911946 -1.06095148
0.32009436 0.67331175
0.53838531 -0.48694687
0.71712629 0.58892531
0.55245689 -0.70512319
0.38002160 0.51534135
0.43782161 -0.12668817
1.05612171 0.40634696
0.70594820 -0.97506276
-0.07163388 -0.15931143
1.06671549 -0.14234955
0.21667719 -0.56965173
1.24835146 0.48907847
1.23911761 -1.18273490
0.52033526 -1.46515662
-0.18830184 -0.73895821
1.33008709 0.60172347
1.60607184 -1.16574062
1.22795695 -1.77148361
0.89033847 -1.93681714
0.52280371 -1.85819641
0.02585880 -1.43850102
-0.29409652 -0.04446173
0.93379902 -0.25937967
0.14134163 -0.15331383
1.18659495 0.02008036
0.48460502 -0.93551096
0.12473276 0.36472689
0.68626549 0.14806642
0.39020085 0.16547212
0.84196740 0.34717756
0.34897186 -0.49800589
1.12339312 0.53320262
1.06443142 -1.11730277
0.20066987 -1.13577679
0.05609814 0.43192327
0.60871029 0.02351979
0.61642091 0.39171803
0.35512065 -0.12727533
1.15806443 0.30047709
0.74085879 -1.04512181
-0.09598064 -0.35799305
1.30391413 -0.13750257
0.60549388 -1.11213090
-0.12422031 -0.18689479
1.07571170 -0.18724214
0.20728610 -0.58077453
1.24766653 0.49666611
1.25117116 -1.18221222
0.54179869 -1.47990747
-0.17109292 -0.80019725
1.19128422 0.71117999
1.55173885 -1.12017036
1.10108441 -1.71946177
0.65077006 -1.80412758
0.11800897 -1.48377155
-0.31694844 -0.24536734
1.20419838 -0.29738661
0.33791417 -0.89880683
0.39251675 0.61466760
0.46860456 -0.38528725
0.97903426 0.54559142
0.81925486 -0.99238876
-0.06589525 -0.45303272
1.41200824 0.00311164
0.96041137 -1.27019371
0.13319467 -1.14132905
0.09184800 0.49473419
0.55163013 -0.06367747
0.80008569 0.45803741
0.43283831 -0.60561974
0.80110376 0.63975069
0.74442653 -0.88658403
-0.03612476 -0.10958643
1.04457036 -0.09379750
0.21820451 -0.52890001
1.28537667 0.42861683
1.21463658 -1.20042270
0.48635311 -1.44859096
-0.20979257 -0.65399968
1.46262342 0.40997520
1.56982959 -1.24267665
1.18574002 -1.79233783
0.83878200 -1.92742230
0.44662245 -1.80907932
-0.07983854 -1.28314567
-0.08568989 0.40009427
0.63795378 -0.06731467
0.60371554 0.41986524
0.35958881 -0.16699857
1.17336932 0.31187997
0.78873154 -1.07208116
-0.08369020 -0.51038659
1.45465295 0.09982232
1.15698154 -1.30284318
0.44691571 -1.46740013
-0.22645710 -0.63382205
1.48591570 0.36169964
1.55179388 -1.26092383
1.15808872 -1.79259098
0.79562385 -1.90982131
0.37633611 -1.75447870
-0.17031154 -1.11284709
0.31413064 0.74579173
0.66193756 -0.64511186
0.25705517 0.37422025
0.63462402 0.18291008
0.44275029 0.20687626
0.71457459 0.33463573
0.31786416 -0.19747155
1.21863808 0.25617148
0.80563937 -1.10376313
-0.07408123 -0.59908369
1.45089513 0.30306585
1.39412642 -1.27443725
0.85850689 -1.69407217
0.28226994 -1.55127830
-0.29007644 -0.59116557
1.52811472 0.26893849
1.52336477 -1.29465592
1.11795738 -1.79540334
0.73569139 -1.88507704
0.28142776 -1.67344176
-0.26831814 -0.85079510
1.08410880 0.79847462
1.55155531 -1.07898015
1.08616060 -1.69867866
0.61171554 -1.77259441
0.05234034 -1.39647181
-0.25735508 0.02975483
0.86351221 -0.18903926
0.20513842 0.03347091
1.08595080 0.16615095
0.44488202 -0.81818654
0.38345697 0.56782705
0.44085260 -0.26004287
1.08020409 0.45361403
0.83149426 -1.04087325
-0.06210720 -0.55634177
1.45735788 0.21132033
1.29075866 -1.29305201
0.67557566 -1.61200571
0.00743291 -1.22038196
0.00316165 0.46121260
0.59006988 -0.06531627
0.71358648 0.45105512
0.37377127 -0.43022001
1.13785371 0.49404420
1.01908439 -1.11626891
0.13746176 -1.05192448
0.28358144 0.63115096
0.49779645 -0.36823262
0.92314998 0.55194682
0.73977989 -0.93238133
-0.05773130 -0.16928670
1.08283456 -0.13802556
0.23427189 -0.61550115
1.16358619 0.56969886
1.21565892 -1.14589172
0.45937257 -1.40297772
-0.22373175 -0.51746499
1.50158452 0.07649804
1.24432173 -1.33093929
0.61467769 -1.59389863
-0.06275563 -1.11103875
0.27833308 0.69444698
0.57325414 -0.52083199
0.59237087 0.56546120
0.44218179 -0.48173129
0.95219345 0.58656820
0.85667058 -0.99626890
-0.04873538 -0.54641324
1.45253020 0.19743327
1.26264549 -1.29289005
0.62452197 -1.58251233
-0.06017052 -1.10475363
0.29304142 0.70123564
0.58199103 -0.54141324
0.54668559 0.55344191
0.42026456 -0.39254160
1.07620895 0.51192604
0.93114222 -1.07037224
0.01947816 -0.81785219
1.02134846 0.73596613
1.30650562 -1.09075265
0.59939294 -1.47845852
-0.13119433 -0.88427354
0.95223899 0.80313866
1.35285216 -1.06416441
0.67728165 -1.51512485
-0.04810897 -1.06417185
0.39282961 0.74196552
0.66134745 -0.67544435
0.22417795 0.34917132
0.68702205 0.20373427
0.36088360 0.08643411
0.97540589 0.33307427
0.46901282 -0.76063149
0.44705541 0.58400706
0.44104067 -0.35455878
1.05560662 0.50625412
0.88116259 -1.04693004
-0.02902642 -0.67663708
1.35146951 0.49799619
1.47151480 -1.20747444
0.97581165 -1.71298824
0.45864443 -1.68968316
-0.14218374 -1.08553086
0.37864814 0.76471077
0.70796553 -0.71029784
0.12262343 0.21179777
0.89489707 0.19356695
0.27321686 -0.38835099
1.28860320 0.31517295
1.04371997 -1.19312725
0.20709152 -1.18606425
-0.03337181 0.32610933
0.71105262 0.05960536
0.39685873 0.22052437
0.75434929 0.32652609
0.31012197 -0.26712288
1.24776646 0.27260099
0.89163630 -1.14435815
0.00144412 -0.84118283
0.97760419 0.75673433
1.28221124 -1.07625546
0.54692093 -1.43689125
-0.17908184 -0.72417330
1.35415137 0.57038548
1.59910131 -1.17894898
1.21876418 -1.77461242
0.87792696 -1.93368892
0.50355220 -1.84568836
-0.00208873 -1.40018705
-0.25809716 0.07224478
0.83409701 -0.17510367
0.24054160 0.10765695
1.01827953 0.23647534
0.41724876 -0.73863398
0.59006739 0.64412218
0.55402151 -0.64745057
0.46424794 0.54875924
0.41866726 -0.28381183
1.11749269 0.43979418
0.88021146 -1.07416939
-0.02550964 -0.71449686
1.28829001 0.57526137
1.47628179 -1.17709611
0.97165960 -1.69906357
0.44168227 -1.67073104
-0.16503835 -1.03038355
0.54112486 0.81942981
0.91476955 -0.87966110
-0.01446059 -0.52484414
1.43857830 0.17590383
1.20428666 -1.28826675
0.51861126 -1.51238696
-0.17614316 -0.82901601
1.12122350 0.75307567
1.51534417 -1.10094283
1.01958829 -1.68563762
0.50102657 -1.70134724
-0.10074174 -1.15598952
0.18349124 0.65111181
0.54283950 -0.40208573
0.78869100 0.57007904
0.59171286 -0.77484885
0.21110381 0.38413517
0.64030469 0.16198841
0.44980588 0.22501779
0.67922914 0.31937800
0.33140385 -0.09641760
1.15758691 0.26768920
0.69437016 -1.02471412
-0.09251882 -0.21788911
1.12029733 -0.17583294
0.26108260 -0.70402243
0.95952042 0.67457312
1.06120518 -1.05384717
0.16960229 -1.05934290
0.23715503 0.59190804
0.48722938 -0.25770212
0.98811721 0.49592249
0.74041582 -0.96056805
-0.06993827 -0.21602413
1.12598167 -0.16090502
0.27500828 -0.72270628
0.89575965 0.68808460
0.98925992 -1.01652336
0.06640399 -0.87067903
0.83353073 0.76805343
1.09081638 -1.01604273
0.19749315 -1.07516675
0.17761857 0.54002622
0.50556970 -0.13157427
0.93244211 0.46529030
0.59818783 -0.84744386
0.10944333 0.28010810
0.80427834 0.18694418
0.27202186 -0.14938328
1.21216281 0.18165643
0.69704530 -1.06071298
-0.10561339 -0.28725637
1.20598329 -0.18287678
0.38792735 -0.91132714
0.29335565 0.54338536
0.46492377 -0.15022261
1.01927192 0.43930919
0.69475408 -0.95114155
-0.05593261 -0.09360895
1.02094827 -0.09587990
0.20061304 -0.46121408
1.33609226 0.30322080
1.13354730 -1.22580760
0.36292110 -1.36089412
-0.23691432 -0.27726528
1.20650190 -0.25512850
0.35707291 -0.90467787
0.35159775 0.58803778
0.45600150 -0.29032267
1.04746431 0.48419942
0.82479564 -1.02368169
-0.06548543 -0.51438560
1.45133413 0.11870562
1.16939076 -1.29956947
0.46574398 -1.47993868
-0.21544995 -0.68735839
1.42377864 0.49061661
1.60967094 -1.21047927
1.25181809 -1.79504627
0.94595267 -1.96884814
0.62534289 -1.92984339
0.19014249 -1.63632628
-0.32127274 -0.67256955
1.46270902 0.48570444
1.68180977 -1.20798629
1.39433849 -1.82141327
1.19616067 -2.05512023
1.05443472 -2.13940077
0.91611039 -2.14498154
0.73202968 -2.08200797
0.44357044 -1.90672287
-0.01373930 -1.44101824
-0.29689496 -0.01444147
0.90778671 -0.25112627
0.15591431 -0.07812588
1.14482155 0.06050774
0.44408777 -0.86921024
0.28989405 0.51717430
0.47339433 -0.08606858
0.97382826 0.43224777
0.60765643 -0.87496400
0.06710318 0.22112956
0.86717765 0.16004102
0.25414351 -0.27122383
1.27729677 0.18710705
0.84490001 -1.15143642
-0.03865070 -0.75718612
1.21422890 0.64785336
1.46829263 -1.14668885
0.94253499 -1.67571728
0.38201602 -1.61622409
-0.22822573 -0.85178399
1.07567074 0.79003071
1.51915525 -1.08317258
1.02087841 -1.67906267
0.49781124 -1.69575241
-0.10676961 -1.14236981
0.21866658 0.67513628
0.55906682 -0.46207513
0.69277514 0.57595910
0.51091823 -0.64672150
0.55864626 0.59617837
0.46768185 -0.50727110
0.86357484 0.60579609
0.75834313 -0.91811208
-0.05444593 -0.19166426
1.10644370 -0.14431346
0.25795908 -0.67665422
1.01964915 0.65144532
1.11339993 -1.08306668
0.25868674 -1.18521553
-0.06003435 0.26147173
0.76661063 0.06185780
0.31536249 0.10198654
0.99431614 0.29824494
0.45281331 -0.75726784
0.48427311 0.60382638
0.46024259 -0.44040277
0.95366095 0.57143044
0.82802205 -0.98569020
-0.06188920 -0.46338744
1.42009783 0.02345092
0.99837410 -1.27826127
0.18845920 -1.21337164
-0.06577609 0.29228287
0.73434874 0.04616903
0.36509033 0.18821111
0.83769895 0.33214004
0.33427571 -0.46322453
1.17972280 0.48168108
1.08209550 -1.14390034
0.23910527 -1.19556870
-0.06460625 0.26593941
0.76024768 0.05644457
0.32485321 0.12214111
0.96353038 0.31021427
0.42628240 -0.70766751
0.63206868 0.64611116
0.58524183 -0.69980120
0.32582396 0.46860724
0.48643846 0.01073710
0.87772792 0.42048430
0.46034827 -0.68994117
0.59381711 0.62629572
0.52630977 -0.61559588
0.57310540 0.59083739
0.46587437 -0.51333819
0.86018212 0.60803004
0.75810039 -0.91666339
-0.05379388 -0.18883516
1.10387996 -0.14295621
0.25551612 -0.67031603
1.03590000 0.64462932
1.12762095 -1.09064562
0.28439134 -1.21710481
-0.11367691 0.15850559
0.82463245 0.00799112
0.25794394 0.01482100
1.10213733 0.20890022
0.51713492 -0.88662370
0.15763775 0.37919024
0.66190345 0.14928159
0.42531728 0.20655441
0.73883843 0.33597297
0.31411519 -0.25131192
1.24054065 0.27059062
0.87296942 -1.13565538
-0.01835725 -0.79050453
1.12278231 0.70097387
1.40700236 -1.11958596
0.80832303 -1.60688951
0.15310460 -1.37967641
-0.24871518 -0.03922090
0.91731596 -0.21098659
0.16047156 -0.11330913
1.16935021 0.05077865
0.47887344 -0.91547441
0.16249858 0.40397529
0.62724238 0.12095135
0.50369275 0.29018877
0.52236243 0.21348123
0.58703250 0.29562070
0.41821383 0.10697589
0.88323346 0.37054873
0.40538122 -0.62412238
0.83021283 0.64792058
0.80113358 -0.92670720
-0.05825929 -0.30915092
1.24378094 -0.14399751
0.47846905 -0.99893132
0.04114282 0.27257660
0.79717111 0.14287384
0.27443653 -0.06951523
1.16228181 0.19642890
0.61361278 -0.98802146
-0.04645940 0.02480793
0.95363362 -0.00985016
0.20584343 -0.32560985
1.31196413 0.15125128
0.88026049 -1.18254183
0.00242615 -0.87475140
0.88600260 0.77898220
1.19369146 -1.04396018
0.37294887 -1.28209053
-0.19596593 -0.11735222
0.98961819 -0.20531272
0.15158312 -0.32802706
1.31603499 0.07675304
0.80809990 -1.17082196
-0.06341152 -0.71307366
1.31681026 0.56102786
1.50820733 -1.18372545
1.03827151 -1.72511173
0.55977491 -1.75782724
-0.01050546 -1.31740480
-0.15436234 0.27080778
0.72312401 -0.04519961
0.41437045 0.28679021
0.63563946 0.27007797
0.38282044 0.07377601
0.96692164 0.34931544
0.47796514 -0.76394776
0.42415183 0.57111562
0.43500485 -0.30117025
1.08568198 0.46840593
0.86852557 -1.05602233
-0.03725766 -0.66212356
1.37616745 0.46339249
1.46703954 -1.22057991
0.97304145 -1.71735544
0.45812716 -1.69181279
-0.14144024 -1.08881775
0.36948701 0.76087595
0.69788630 -0.69874468
0.14628417 0.24729278
0.85259485 0.21246052
0.27159823 -0.30789185
1.28244199 0.23824891
0.92190304 -1.17134584
0.04190436 -0.93906194
0.66994121 0.77895556
0.91912639 -0.92113505
-0.01203640 -0.58935698
1.42577989 0.31650524
1.35586750 -1.26534882
0.78099170 -1.65469564
0.15479128 -1.41332036
-0.27393666 -0.12019800
1.00503537 -0.26918509
0.13707764 -0.36364260
1.33799132 0.08996172
0.87204687 -1.20010926
0.00030124 -0.88498139
0.85961576 0.78401397
1.16781778 -1.03357007
0.32474439 -1.23044824
-0.14314256 0.07063393
0.86626448 -0.05246670
0.22027957 -0.04583933
1.14578031 0.14054825
0.52077617 -0.92180435
0.10292665 0.32126870
0.74679972 0.16755201
0.31132810 0.01468523
1.08536701 0.26720134
0.55774432 -0.90356991
0.08600325 0.27910384
0.80151926 0.17232168
0.27218519 -0.12128146
1.19561895 0.18345665
0.66494971 -1.03580970
-0.09435991 -0.17197346
1.06934519 -0.16235443
0.21100906 -0.57015642
1.25498146 0.48411055
1.24433820 -1.18569197
0.53129903 -1.47419681
-0.17939576 -0.77331036
1.25629950 0.66690770
1.58438467 -1.13893307
1.17439046 -1.74746017
0.78694251 -1.88286554
0.34286748 -1.71504821
-0.21411131 -1.00183930
0.63794954 0.84795945
1.07100471 -0.95238141
0.14886118 -0.96921034
0.47640179 0.71041035
0.62147193 -0.67033285
0.29878699 0.43024975
0.53821707 0.09492744
0.69574219 0.38647786
0.33358383 -0.26260535
1.22763954 0.30687853
0.89671901 -1.13418005
0.00335571 -0.83664828
0.98782142 0.75289102
1.28984129 -1.07959586
0.56276695 -1.44930799
-0.16630821 -0.77308305
1.25197032 0.66559505
1.57380322 -1.13982959
1.15320778 -1.74216604
0.74947591 -1.86357521
0.28044862 -1.65840087
-0.27335984 -0.81853531
1.16923617 0.75801511
1.60821317 -1.09674693
1.20878538 -1.73944343
0.83584275 -1.89931069
0.41922388 -1.77498467
-0.12477040 -1.19549577
0.09953774 0.59953125
0.53839449 -0.29341131
0.86196729 0.53429732
0.61767572 -0.82878329
0.10844282 0.26558214
0.82368390 0.18860155
0.26627727 -0.20002945
1.24078126 0.17851004
0.75415568 -1.10108936
-0.09968996 -0.48312766
1.44243814 0.03690987
1.06436595 -1.29702314
0.29534475 -1.33556263
-0.22507452 -0.12110675
0.99400791 -0.22995142
0.14538081 -0.33582560
1.32071102 0.07493407
0.81687295 -1.17638326
-0.05555132 -0.73976361
1.26214341 0.61404651
1.49591568 -1.16181561
1.00438379 -1.70467591
0.49355105 -1.70716781
-0.10365432 -1.15755732
0.18077038 0.65032007
0.54298688 -0.40021275
0.78982229 0.56954313
0.59202730 -0.77562824
0.20958048 0.38266739
0.64294056 0.16339763
0.44466684 0.21923245
0.69447814 0.32518838
0.32377687 -0.13798786
1.18640405 0.25610534
0.73752172 -1.06035475
-0.09977728 -0.37657036
1.32862003 -0.12220913
0.66922176 -1.15434849
-0.13284949 -0.39844492
1.36002258 -0.11521150
0.74456836 -1.20155404
-0.10130653 -0.63686450
1.43750881 0.38135568
1.47407479 -1.25174387
1.00155899 -1.74046043
0.51774688 -1.74172716
-0.06083497 -1.24458274
-0.02006629 0.46598423
0.59103900 -0.09466522
0.72476331 0.46309667
0.38914310 -0.47544038
1.07074178 0.54840777
0.99176538 -1.08267993
0.08995589 -0.95813004
0.56956440 0.75157863
0.76323583 -0.81501822
-0.00352876 -0.05314854
1.02839245 -0.03862663
0.23044576 -0.51540619
1.28173616 0.42286080
1.19719111 -1.19860724
0.45489863 -1.42390465
-0.22565025 -0.55468513
1.51330460 0.16425354
1.36553046 -1.32030838
0.82953676 -1.70097951
0.25014819 -1.52928314
-0.30082495 -0.50288378
1.52437894 0.05630982
1.27845019 -1.34434225
0.68375749 -1.63943903
0.03401345 -1.27383302
-0.09921187 0.32713502
0.69252107 -0.01065685
0.46175787 0.31440676
0.54374392 0.21120762
0.55649624 0.28092696
0.46600437 0.17210799
0.72807980 0.35489745
0.32090530 -0.26501477
1.23902461 0.28839174
0.89477366 -1.14008437
0.00321131 -0.84127655
0.97575365 0.75676609
1.27928512 -1.07567644
0.54118241 -1.43260012
-0.18329854 -0.70670642
1.38498778 0.53248530
1.59747753 -1.19432965
1.22130214 -1.78143065
0.88704003 -1.94060559
0.52154857 -1.85979681
0.02582127 -1.43978125
-0.29514148 -0.04747997
0.93711661 -0.26159048
0.13963499 -0.16288617
1.19239222 0.01641335
0.49238067 -0.94562053
0.10107631 0.33557725
0.72687093 0.15777073
0.33445323 0.07187616
1.01456784 0.30753560
0.49330076 -0.80847757
0.31848598 0.51195092
0.46391047 -0.08405315
0.98969776 0.42419208
0.62013755 -0.89154438
0.03742866 0.16967087
0.90637616 0.12525077
0.24577503 -0.33057701
1.30127766 0.21605060
0.93538416 -1.18542226
0.06262746 -0.98400711
0.52648362 0.75050510
0.73246030 -0.78050066
0.03915877 0.06916951
0.98538759 0.07002800
0.25433995 -0.48421496
1.27515735 0.40816946
1.15868302 -1.19450779
0.38710669 -1.36659135
-0.23589117 -0.32662831
1.28306604 -0.22663071
0.51306580 -1.06675547
-0.06197440 0.08476684
0.90721092 0.01792887
0.21309250 -0.21838634
1.25330221 0.10606509
0.69965020 -1.09143170
-0.11375648 -0.34776530
1.28973276 -0.15652069
0.56391428 -1.08491281
-0.09931249 -0.04990503
0.96581735 -0.09400993
0.18092780 -0.30306757
1.30201027 0.09850635
0.79903127 -1.15784641
-0.07218817 -0.67338736
1.38258004 0.47449811
1.49839149 -1.21750298
1.03350486 -1.73728086
0.56227217 -1.76586488
-0.00245513 -1.33303076
-0.17776003 0.22854477
0.74673343 -0.06131421
0.37456257 0.25206730
0.73186653 0.30530448
0.30906078 -0.17878183
1.21516342 0.23867284
0.77481346 -1.09155686
-0.09051869 -0.51200892
1.45725111 0.09951032
1.16281845 -1.30445830
0.45767346 -1.47628793
-0.22013717 -0.66803221
1.45005098 0.44517785
1.59496246 -1.22869561
1.22972160 -1.79739881
0.91230777 -1.95806660
0.57028440 -1.89606752
0.10334659 -1.53995218
-0.34102900 -0.36217278
1.40262113 -0.19582352
0.79173559 -1.25747253
-0.05450614 -0.82253483
1.07184840 0.73841772
1.39834825 -1.10161502
0.78329414 -1.58741132
0.10941888 -1.32096140
-0.18393771 0.14625260
0.79960436 -0.06761760
0.29113310 0.13819743
0.96525076 0.28795255
0.40392828 -0.68304122
0.72584259 0.65946754
0.69719987 -0.82905093
0.02908210 0.08822159
0.96620942 0.07646920
0.24597892 -0.43860328
1.30392082 0.33535607
1.10809788 -1.20688862
0.31160670 -1.30404299
-0.20445980 -0.07317340
0.94716854 -0.18816733
0.15595552 -0.20722553
1.23127297 0.03157680
0.58130118 -1.02639456
-0.06133936 0.02429438
0.94386628 -0.01935767
0.20144579 -0.29022470
1.29469224 0.11938685
0.80510211 -1.15382173
-0.06860607 -0.67931672
1.37253503 0.48869401
1.50024532 -1.21207292
1.03475208 -1.73547581
0.56270111 -1.76512495
-0.00255525 -1.33230810
-0.17676039 0.23027509
0.74581844 -0.06042455
0.37602720 0.25332574
0.72838284 0.30452608
0.31006528 -0.16983822
1.21031110 0.23876243
0.76461567 -1.08503511
-0.09454411 -0.47868905
1.43803044 0.03123435
1.04842980 -1.29362643
0.26932484 -1.30842656
-0.20205436 -0.02287375
0.90643550 -0.15728482
0.17798717 -0.09924523
1.16793082 0.07374123
0.49659981 -0.92513966
0.12607682 0.35955394
0.69337759 0.15353814
0.37751978 0.14504825
0.88459645 0.34520395
0.37969230 -0.58785751
0.94493891 0.62742319
0.93157344 -1.01854751
0.00834658 -0.74825841
1.19484218 0.64467386
1.42508596 -1.14557244
0.85576266 -1.63926588
0.23666005 -1.47889324
-0.29566185 -0.37175029
1.38399764 -0.18786516
0.75334137 -1.23258313
-0.09059814 -0.70773657
1.34198135 0.54352461
1.52877952 -1.19097519
1.08245987 -1.74219036
0.63985400 -1.81050314
0.11096582 -1.48201194
-0.31697549 -0.23366756
1.18620242 -0.30156026
0.30730702 -0.85648607
0.53500521 0.67413997
0.57802008 -0.64953531
0.41109087 0.51531421
0.42613152 -0.15051898
1.08460289 0.39784422
0.74516510 -1.00802796
-0.08610974 -0.30527472
1.23331505 -0.16448768
0.44702473 -0.97375425
0.10886432 0.36848372
0.68190205 0.13562950
0.40349872 0.18902032
0.79231264 0.34304996
0.32284946 -0.38115042
1.23785544 0.38147844
1.03392214 -1.16527976
0.17951363 -1.13691176
0.06880094 0.45381829
0.58690404 -0.00250191
0.68227700 0.42197963
0.34828055 -0.31072884
1.21698059 0.35969340
0.95398156 -1.14119385
0.06668154 -0.95966873
0.58891821 0.76196737
0.80293804 -0.84402365
-0.03041329 -0.19361725
1.12014913 -0.12914487
0.28233362 -0.71749500
0.89384717 0.68577384
0.98091641 -1.01376877
0.05647239 -0.84946700
0.90122267 0.75981414
1.16933700 -1.04729941
0.33309455 -1.24548265
-0.16005726 0.02514268
0.88669361 -0.09178536
0.20134264 -0.07624319
1.16133141 0.10731823
0.51603337 -0.93142077
0.09497353 0.31517219
0.75444730 0.16574133
0.30480553 -0.00000061
1.10113125 0.25500327
0.57032547 -0.92204573
0.05068077 0.22560800
0.85561758 0.14987461
0.25206060 -0.22752401
1.25742186 0.16470696
0.77396436 -1.11874070
-0.09091404 -0.55578218
1.46782491 0.19503538
1.29540062 -1.29950105
0.68780192 -1.62160803
0.02638847 -1.25110140
-0.05933308 0.38240525
0.65211524 -0.01664591
0.54828531 0.37501233
0.40229850 0.01289375
1.00689585 0.36218892
0.55435858 -0.85373882
0.15617712 0.35675133
0.69412630 0.17113781
0.36783158 0.11980675
0.92800002 0.34063987
0.41874295 -0.67356371
0.71243757 0.65331858
0.67019967 -0.80504015
0.07526957 0.18344481
0.91120372 0.15479793
0.25990246 -0.37973920
1.29988307 0.28563714
1.02639546 -1.19751567
0.18472534 -1.16199298
0.01976961 0.40059058
0.64103622 0.03800739
0.53898451 0.34854847
0.42747672 0.07700174
0.90596426 0.37944226
0.43976256 -0.68379793
0.64871015 0.64185803
0.58991854 -0.71162247
0.30077188 0.45072438
0.51550035 0.05558058
0.77996510 0.41150552
0.36907599 -0.48151594
1.10320854 0.53617953
1.03042464 -1.10352435
0.14730012 -1.05798443
0.26054427 0.61436000
0.49113393 -0.31900744
0.96383896 0.52583722
0.75528283 -0.95737175
-0.06952865 -0.24614806
1.16129345 -0.16424717
0.32370196 -0.81045693
0.61270760 0.68331512
0.64360071 -0.74516238
0.17167139 0.31489314
0.75373110 0.20866461
0.29889884 -0.06240889
1.15100379 0.22960514
0.63190968 -0.99010474
-0.05695330 -0.01843030
0.97169251 -0.04583888
0.19764539 -0.35031411
1.32411566 0.16122597
0.91977673 -1.19782213
0.04992043 -0.97199288
0.57111646 0.76376783
0.79378131 -0.83317540
-0.02398047 -0.15531487
1.08834232 -0.11045736
0.25276290 -0.64105810
1.09332750 0.61311833
1.16681655 -1.11575460
0.36021826 -1.30454527
-0.20908382 -0.14733876
1.02176715 -0.22917295
0.15514191 -0.41761559
1.35896924 0.17861478
1.02122605 -1.23340868
0.19597827 -1.19605633
-0.04305869 0.31919387
0.71531765 0.05462936
0.39204908 0.21742421
0.76464714 0.32771848
0.31054713 -0.29196457
1.25286030 0.28848703
0.92533276 -1.15466904
0.03950815 -0.92247030
0.71853352 0.78186420
0.97926534 -0.95547252
0.04197173 -0.77357055
1.10681140 0.68900760
1.35256895 -1.11915286
0.70108671 -1.55145964
-0.00412673 -1.15739132
0.13872110 0.58587689
0.51842085 -0.24840027
0.91969187 0.51110227
0.65797230 -0.88302580
0.01391146 0.09942692
0.94868012 0.07436704
0.23685348 -0.38869292
1.31609922 0.26057343
1.02826761 -1.20715104
0.19223019 -1.17655928
-0.00960606 0.36318506
0.67727624 0.05259150
0.45951519 0.28577272
0.58304955 0.25166790
0.45867316 0.18337091
0.72407215 0.34858090
0.31926940 -0.24432571
1.23474465 0.27534275
0.86694685 -1.13076405
-0.02486535 -0.77079997
1.17373402 0.67198565
1.44021220 -1.13484729
0.88119471 -1.64595804
0.27511254 -1.51589596
-0.29184003 -0.50377336
1.52102747 0.05555640
1.26976817 -1.34301158
0.66736951 -1.62981899
0.01054445 -1.23828439
-0.03123449 0.42267902
0.62045061 -0.03801462
0.62965515 0.41932325
0.35223345 -0.20966535
1.19640014 0.31229735
0.83761700 -1.10092831
-0.05357343 -0.66335193
1.38460869 0.45916221
1.47821613 -1.22268801
0.99602698 -1.72651563
0.49860763 -1.72240405
-0.09008983 -1.18999380
0.10147632 0.58843721
0.53326526 -0.26639985
0.88179070 0.52330923
0.62502712 -0.84322911
0.08382595 0.23021170
0.86242903 0.17231902
0.25799679 -0.27558692
1.27784745 0.19553591
0.85655959 -1.15457302
-0.02797255 -0.78570116
1.14197957 0.69318822
1.42541476 -1.12453117
0.84715703 -1.62686966
0.21629127 -1.45291030
-0.29060218 -0.28654412
1.24967252 -0.26939735
0.42910592 -0.99891320
0.08892183 0.35682452
0.69741174 0.13407950
0.38180726 0.16238748
0.85606215 0.34455847
0.35616687 -0.52463785
1.08036772 0.56501487
1.04340701 -1.09641651
0.16200059 -1.07393070
0.21151284 0.57770302
0.49193790 -0.22009191
0.97956844 0.48460464
0.70554056 -0.93848516
-0.05214667 -0.09801173
1.02638981 -0.09637060
0.20385086 -0.47642928
1.32930899 0.33026205
1.15758090 -1.22263565
0.40079953 -1.39182337
-0.23967683 -0.40302545
1.39748291 -0.14179451
0.81302951 -1.25028957
-0.03822277 -0.85072245
0.98558093 0.76628697
1.31762945 -1.07775209
0.61479108 -1.48281779
-0.11759322 -0.91549217
0.85616560 0.81816530
1.24921841 -1.03626518
0.46823815 -1.36054658
-0.21732297 -0.44169592
1.43630930 -0.07692261
0.95107156 -1.29360589
0.13359156 -1.15649410
0.06190051 0.46667211
0.57732412 -0.02920397
0.72161286 0.43950765
0.36721843 -0.42171090
1.15483876 0.47885637
1.02567724 -1.12487111
0.14989422 -1.07441738
0.22090771 0.58843555
0.49121400 -0.24725021
0.98056703 0.49455605
0.72512939 -0.94941299
-0.06294378 -0.16180421
1.07322702 -0.13803350
0.22461345 -0.58921981
1.21428735 0.52551136
1.23416697 -1.16756035
0.50346276 -1.44616964
-0.20142692 -0.67522388
1.43581715 0.46068263
1.58851318 -1.22287764
1.21459654 -1.79141828
0.88377373 -1.94444724
0.52039324 -1.86148906
0.02595210 -1.44130174
-0.29636994 -0.05123065
0.94126891 -0.26424049
0.13767146 -0.17491641
1.19994621 0.01250404
0.50340889 -0.95907213
0.07064433 0.29431671
0.77823491 0.15819840
0.28666754 -0.04477295
1.14237552 0.21890033
0.60211640 -0.96828166
-0.02280088 0.08348848
0.93469365 0.04245171
0.22042504 -0.31840369
1.30580159 0.16721110
0.88505016 -1.17922822
0.00607286 -0.87918266
0.87049563 0.78061375
1.17500984 -1.03766042
0.33848361 -1.24614596
-0.16206529 0.01547607
0.89208517 -0.09911191
0.19689190 -0.08709228
1.16693478 0.09837419
0.51775852 -0.93717059
0.08527022 0.30302334
0.76957524 0.16483536
0.29247354 -0.03367315
1.13249896 0.22945696
0.59629805 -0.95840508
-0.00963371 0.11256203
0.92400478 0.06754829
0.22749334 -0.31383916
1.30216256 0.17435269
0.88536105 -1.17683437
0.00557759 -0.87627322
0.87896834 0.77931950
1.18416277 -1.04106805
0.35540362 -1.26420231
-0.18081489 -0.05036630
0.93239163 -0.15480972
0.16769820 -0.17567891
1.21383755 0.04529871
0.55852622 -1.00010914
-0.02415797 0.11814400
0.91042122 0.06127274
0.22436371 -0.26983601
1.28245349 0.14132221
0.80223597 -1.14423036
-0.07200076 -0.65773807
1.40174651 0.43956861
1.48402298 -1.23036335
1.01100798 -1.73491629
0.52716726 -1.74424977
-0.05056315 -1.25927369
-0.05018980 0.42853955
0.61731935 -0.06594923
0.65075934 0.43615510
0.35448393 -0.28358665
1.20905623 0.35102777
0.92336060 -1.13048960
0.02910101 -0.88495334
0.83293299 0.77917901
1.11797718 -1.01970986
0.23943513 -1.12968262
0.03936631 0.39664547
0.64607633 0.05855488
0.51513552 0.32525298
0.47172388 0.14683038
0.75213231 0.36914563
0.32857542 -0.34319959
1.23781892 0.35538409
0.99242460 -1.15901784
0.12095724 -1.05505889
0.29091262 0.64085633
0.50499792 -0.39520603
0.88721660 0.56600404
0.71259943 -0.90248942
-0.03332258 -0.05740547
1.01090430 -0.05873483
0.20963381 -0.45373658
1.33082141 0.30481798
1.12387526 -1.22249524
0.34538727 -1.34355136
-0.23035966 -0.21212599
1.10778507 -0.26041009
0.21424804 -0.65692070
1.12610931 0.60895692
1.22086906 -1.13082577
0.46099847 -1.39735492
-0.22292781 -0.50812898
1.49629556 0.05552589
1.21092943 -1.33098289
0.55618264 -1.55746500
-0.13129630 -0.96723738
0.71188936 0.82990940
1.09802201 -0.97917103
0.19497524 -1.05124784
0.23132058 0.57885509
0.48575203 -0.22427838
0.99271246 0.48147078
0.72212527 -0.95330597
-0.06422142 -0.16106231
1.07190989 -0.13849906
0.22314706 -0.58542248
1.22112848 0.51868931
1.23570538 -1.17055526
0.50778586 -1.45066565
-0.19836443 -0.69091773
1.41375136 0.49734252
1.59959969 -1.20821133
1.23087556 -1.78932290
0.90818250 -1.95246555
0.56000011 -1.88740643
0.08581701 -1.51781125
-0.33665281 -0.29216923
1.29379483 -0.27318484
0.51442624 -1.08652266
-0.08103361 0.04416634
0.91922030 -0.01932617
0.20230761 -0.22002684
1.25288914 0.09172038
0.68387363 -1.08552320
-0.11424294 -0.30291604
1.22673250 -0.18299762
0.42510915 -0.95685565
0.16126449 0.42955565
0.59555648 0.08336733
0.59517482 0.35922562
0.37482616 -0.02472486
1.07098320 0.33054080
0.61731535 -0.93334070
-0.00114978 0.10946979
0.93178359 0.07109385
0.23027934 -0.33894373
1.31013217 0.19956526
0.93455967 -1.19092332
0.06394543 -0.98998937
0.50908819 0.74577587
0.71179877 -0.75985231
0.07425117 0.14510639
0.94756570 0.13700954
0.26753738 -0.45385783
1.27635274 0.38529902
1.12430520 -1.19346087
0.33017906 -1.31489652
-0.21372596 -0.12500349
0.99736961 -0.22282247
0.14823838 -0.34707765
1.32788993 0.08867119
0.84747367 -1.18801122
-0.02680582 -0.81892092
1.05969619 0.73500332
1.36981491 -1.10018976
0.72623484 -1.55735964
0.02566487 -1.20101115
0.03303217 0.48360446
0.57124646 -0.08057024
0.76461735 0.46278982
0.41162367 -0.54850044
0.93559141 0.61382719
0.88671690 -1.00068985
-0.02991373 -0.62231168
1.41328085 0.37896428
1.41742809 -1.24897755
0.89007826 -1.69671610
0.32630336 -1.58735993
-0.26650393 -0.72331045
1.37732678 0.58217558
1.66464601 -1.17020136
1.34740320 -1.79806820
1.10332661 -2.01956549
0.89032632 -2.06826278
0.63337727 -1.99313953
0.25171919 -1.72708746
-0.26679393 -0.92878954
0.86210699 0.85871242
1.36052656 -1.03407889
0.68000909 -1.50435723
-0.05124682 -1.05001789
0.43292866 0.75737229
0.70529788 -0.72773145
0.10978677 0.19854803
0.90719519 0.18188341
0.27196734 -0.40422400
1.28753502 0.33104058
1.06494329 -1.19470630
0.23893116 -1.22291879
-0.10193132 0.20825064
0.79299041 0.02629204
0.29002465 0.07648728
1.03620417 0.26750811
0.47749698 -0.80911502
0.34412971 0.53366399
0.44826842 -0.14900505
1.04832016 0.42239117
0.71813351 -0.97736214
-0.07463282 -0.19140483
1.09733219 -0.15720431
0.24166268 -0.64830080
1.09873350 0.61481254
1.18059613 -1.11866212
0.38492283 -1.32827028
-0.22157802 -0.23842366
1.14279046 -0.25578202
0.25910677 -0.74960440
0.86431434 0.70079547
0.97127570 -1.00103911
0.04317949 -0.81259689
1.01101511 0.73228614
1.28060790 -1.08791488
0.54924174 -1.44355964
-0.17617701 -0.74086955
1.32226230 0.60488602
1.59642234 -1.16483251
1.20815666 -1.76636464
0.85484552 -1.92054063
0.46190475 -1.81384553
-0.06313159 -1.30671283
-0.12815145 0.33701091
0.67996341 -0.05362734
0.50471834 0.36266960
0.44810392 0.09104552
0.85872543 0.38652489
0.40020738 -0.59880347
0.88389366 0.63772398
0.85682681 -0.97043750
-0.04817301 -0.50873691
1.44441162 0.11839235
1.15265862 -1.29536563
0.43515147 -1.45474647
-0.23269101 -0.58995303
1.51202315 0.25220217
1.46649440 -1.29835940
1.00974483 -1.76276568
0.54748842 -1.77145265
-0.01290345 -1.32613534
-0.16640484 0.25323684
0.73263067 -0.05373466
0.39867554 0.27479689
0.67104378 0.28582648
0.34381089 -0.01824932
1.09298577 0.29558452
0.60846354 -0.94080262
-0.00166123 0.11618141
0.92664815 0.07453334
0.23047196 -0.32841214
1.30665916 0.19064985
0.91552141 -1.18543867
0.04027880 -0.94663885
0.65035923 0.77777040
0.89660265 -0.90658870
-0.02538667 -0.51524720
1.44008573 0.14793617
1.17537335 -1.29104111
0.47068965 -1.47950842
-0.21294323 -0.69373540
1.41396393 0.50516422
1.61239299 -1.20461927
1.25501484 -1.79337994
0.94987474 -1.96937028
0.63119362 -1.93295983
0.19923436 -1.64557378
-0.31610870 -0.70243853
1.41785980 0.55317475
1.69664871 -1.17936713
1.41441690 -1.81289074
1.22352365 -2.05733494
1.09679097 -2.15212398
0.98572992 -2.17389344
0.84942628 -2.14296132
0.64304314 -2.04371389
0.30549438 -1.79882779
-0.19810098 -1.12300121
0.29391125 0.74481072
0.66067008 -0.63574203
0.26970821 0.38419102
0.61361905 0.17084912
0.48509436 0.25199915
0.59363805 0.27733420
0.42440256 0.12820729
0.84779762 0.36884102
0.37283840 -0.54686375
1.01922564 0.59537031
0.99198971 -1.06230790
0.08328866 -0.93316615
0.64446273 0.76456489
0.85756685 -0.88860850
-0.03931451 -0.39384334
1.35081324 -0.06183218
0.76275649 -1.19365674
-0.09098641 -0.65962557
1.40953576 0.43751782
1.49751168 -1.23159838
1.03813951 -1.74460304
0.57495669 -1.77697795
0.01799882 -1.36423481
-0.22010869 0.13826731
0.79492718 -0.11257594
0.29943319 0.17696896
0.90937507 0.29963228
0.35762215 -0.57437978
1.01053056 0.60886103
1.00486391 -1.06179197
0.09864345 -0.95846275
0.55957255 0.74700239
0.74539758 -0.80049744
0.01563502 0.01098493
1.00463615 0.01656066
0.23982619 -0.48978148
1.28824267 0.39725582
1.16963988 -1.20137472
0.40925800 -1.38860520
-0.23706110 -0.40891346
1.40415581 -0.13273549
0.83465089 -1.25855877
-0.01510989 -0.90379637
0.82018731 0.79340980
1.13660519 -1.01790282
0.26772857 -1.16166111
-0.03086178 0.29739438
0.74228653 0.07742366
0.34280706 0.13875967
0.92772227 0.32490057
0.40095511 -0.65099209
0.79200093 0.65591654
0.76771934 -0.89588738
-0.04637215 -0.18064090
1.09937137 -0.13527141
0.25372758 -0.66096842
1.05633841 0.63470001
1.14339892 -1.09980892
0.31395415 -1.25222326
-0.16122729 0.03900939
0.87733237 -0.08509165
0.20854745 -0.05417134
1.14891140 0.12422125
0.50995543 -0.91736212
0.12165182 0.34757272
0.71039960 0.16115967
0.35228006 0.10137706
0.96596278 0.32815864
0.45036789 -0.73547945
0.53014463 0.61780462
0.48675751 -0.52287494
0.79861157 0.61058240
0.68072914 -0.84654893
0.02763715 0.10168903
0.95589314 0.08395955
0.24438262 -0.41818046
1.30947859 0.30699704
1.07871554 -1.20792333
0.26660887 -1.25957504
-0.15518486 0.09061839
0.84765153 -0.05429651
0.23557331 0.00595213
1.11025557 0.18117169
0.50055788 -0.88068437
0.18866179 0.41583947
0.60484048 0.11290127
0.55130369 0.32453100
0.43395368 0.10530445
0.86295878 0.37780632
0.39449186 -0.59344977
0.90481051 0.63424143
0.88155907 -0.98738878
-0.03414774 -0.59137608
1.43599547 0.30680654
1.36556931 -1.26999678
0.80184985 -1.66662843
0.18908438 -1.45365497
-0.29438422 -0.25524633
1.20304211 -0.28590599
0.33989425 -0.89598714
0.39563633 0.61529229
0.46897241 -0.38916705
0.97555345 0.54792802
0.81789807 -0.99040492
-0.06619528 -0.44678132
1.40642596 -0.00736086
0.93780749 -1.26427193
0.10151616 -1.09535316
0.21279861 0.60041509
0.49789296 -0.27671567
0.96158322 0.51121816
0.72412866 -0.94050195
-0.05838599 -0.14502803
1.06039080 -0.12708665
0.21734326 -0.55795874
1.25998159 0.47205928
1.23385042 -1.18816361
0.51379536 -1.46295658
-0.19258670 -0.72468017
1.35776754 0.57221122
1.60937788 -1.17776690
1.23898629 -1.77888828
0.91350150 -1.94913769
0.56444053 -1.88772942
0.09068053 -1.52238354
-0.33759160 -0.30790765
1.31906894 -0.25942809
0.57295933 -1.13203594
-0.13067657 -0.15968277
1.04456998 -0.18027542
0.18436550 -0.49485065
1.33875284 0.33336082
1.18345416 -1.22804289
0.44760069 -1.43208379
-0.22841027 -0.56079285
1.51461612 0.17934531
1.38569022 -1.31737873
0.86574563 -1.71552653
0.30863066 -1.58523542
-0.27541703 -0.69711764
1.42224739 0.52610593
1.66230510 -1.19331797
1.35052347 -1.80798749
1.11526680 -2.02776400
0.91421178 -2.08103684
0.67595308 -2.01986548
0.32339570 -1.79359684
-0.18801731 -1.13096867
0.27108042 0.73032401
0.63484341 -0.59851103
0.36138453 0.45692010
0.47604609 0.01912721
0.88872566 0.41409716
0.46432376 -0.70122170
0.56504417 0.61946207
0.50181265 -0.56678566
0.70239995 0.61287386
0.58162218 -0.72720964
0.29356473 0.45090460
0.51910820 0.05686999
0.77173098 0.41083615
0.36425879 -0.46363856
1.12855199 0.51484656
1.03948713 -1.11569933
0.16475942 -1.08898170
0.17648640 0.55170379
0.50355556 -0.15911561
0.94558053 0.47216116
0.62939460 -0.87605319
0.04473754 0.17319096
0.90692921 0.13135843
0.24833357 -0.33943460
1.30228980 0.22781146
0.95295998 -1.18892860
0.08484288 -1.02129890
0.40722519 0.70662601
0.59499259 -0.61216229
0.42682543 0.51163031
0.42077481 -0.15522257
1.09447694 0.39243082
0.75525022 -1.01740933
-0.08721276 -0.34415602
1.28572394 -0.14304499
0.56358890 -1.07940686
-0.09523125 -0.03869526
0.96068492 -0.08374389
0.18345608 -0.29410568
1.29674461 0.09626839
0.78483486 -1.15033189
-0.08251831 -0.63160888
1.43315717 0.37553096
1.45609964 -1.25295376
0.96708548 -1.72855815
0.45850500 -1.69839598
-0.13754163 -1.10125719
0.33481082 0.74510958
0.66091130 -0.65231969
0.25076671 0.37031407
0.64349550 0.18686323
0.42689659 0.18773913
0.76352050 0.34675879
0.31882720 -0.32496127
1.24877595 0.32555110
0.97069724 -1.16109238
0.09455710 -1.01754016
0.40798132 0.70386105
0.59013683 -0.60673403
0.44439187 0.52112725
0.41529925 -0.19509434
1.11541902 0.39649970
0.80272742 -1.04699309
-0.07650911 -0.50098551
1.44816575 0.08478186
1.12581367 -1.29950461
0.39354131 -1.42362370
-0.24659341 -0.46161027
1.46918087 -0.04149837
1.05812140 -1.32151265
0.30071166 -1.35368728
-0.23638602 -0.16998816
1.05327254 -0.25657210
0.16532829 -0.50521786
1.34987060 0.32631148
1.19819249 -1.23406235
0.47639016 -1.45680424
-0.21361631 -0.65575045
1.46193328 0.41459199
1.57505385 -1.24085163
1.19529225 -1.79401001
0.85511289 -1.93474445
0.47418201 -1.82970579
-0.04106486 -1.34538031
-0.18876740 0.23310302
0.74118933 -0.07676493
0.38751036 0.27315300
0.68583745 0.28874060
0.33233313 -0.05247576
1.12735571 0.27472118
0.64457565 -0.98196724
-0.05667222 -0.03211132
0.98007708 -0.05513445
0.19687693 -0.36810591
1.33079809 0.17811580
0.95540986 -1.20757536
0.09611439 -1.05049430
0.32361479 0.66622204
0.52878297 -0.47149015
0.75799733 0.58990285
0.59413508 -0.76324005
0.22296886 0.39243269
0.62410943 0.15400744
0.48212347 0.25791646
0.59007187 0.27224937
0.43254898 0.14165453
0.81867627 0.36732146
0.35202312 -0.48197742
1.13374840 0.52024187
1.06016571 -1.12105757
0.19621511 -1.13239313
0.06547453 0.44330797
0.59688693 0.01245139
0.64981394 0.40752576
0.34563286 -0.21989843
1.20574524 0.30594277
0.84817308 -1.10921633
-0.04456151 -0.69870994
1.32852279 0.53769846
1.49135537 -1.19263773
1.00850819 -1.71860797
0.51058723 -1.72532428
-0.07775657 -1.20862308
0.05719061 0.54702037
0.54440151 -0.19353727
0.86005005 0.50081539
0.55788729 -0.77900134
0.25851870 0.44028553
0.54773475 0.08129938
0.69140349 0.39132183
0.33553545 -0.26407543
1.22614179 0.31070724
0.89909810 -1.13392618
0.00559511 -0.84109056
0.97406822 0.75655397
1.27605414 -1.07515216
0.53491188 -1.42791764
-0.18768514 -0.68754520
1.41509305 0.48901176
1.58925208 -1.21181470
1.21166418 -1.78620102
0.87522042 -1.93853858
0.50401031 -1.84888824
0.00069063 -1.40571555
-0.26387383 0.05668041
0.84504242 -0.18705674
0.22547448 0.08288929
1.04463871 0.21154664
0.42839864 -0.77035688
0.50575583 0.62054213
0.48373007 -0.50255663
0.83150083 0.60474785
0.71146628 -0.87921005
-0.01773692 -0.01895199
0.99848102 -0.02331204
0.21749476 -0.44234246
1.32694070 0.29986021
1.10795443 -1.21959130
0.31834352 -1.31699160
-0.21425246 -0.11223469
0.98402212 -0.21709516
0.14726708 -0.30877944
1.30257721 0.05694934
0.75794040 -1.14820170
-0.09820732 -0.57196303
1.46939790 0.22904713
1.34045862 -1.29440259
0.76811286 -1.66096277
0.14402032 -1.40706165
-0.26956539 -0.09306361
0.97337383 -0.25527511
0.13584511 -0.27103531
1.27193767 0.02236668
0.65819645 -1.09270955
-0.11805131 -0.26081219
1.16846657 -0.19495101
0.32047180 -0.82154162
0.59314847 0.68143555
0.62577090 -0.72184346
0.22654728 0.37551981
0.64677288 0.17613923
0.42971483 0.19682576
0.74680948 0.34182552
0.31570938 -0.27954840
1.24637197 0.28867772
0.91130465 -1.14800838
0.02230665 -0.88561800
0.83762735 0.78060025
1.12810675 -1.02247899
0.25618260 -1.15082016
-0.00702129 0.33439728
0.70932133 0.07823868
0.39115911 0.20447931
0.78483835 0.33392728
0.31581078 -0.34805579
1.25125408 0.34026990
0.99848086 -1.16702536
0.13236589 -1.07607154
0.23207033 0.60199591
0.49264295 -0.28241096
0.97198598 0.51029616
0.73965970 -0.95310107
-0.06681242 -0.20215029
1.11198227 -0.15548687
0.25964786 -0.68777184
0.99497290 0.66161688
1.09252873 -1.07139250
0.22189331 -1.13629474
0.04027710 0.40578059
0.63615250 0.04797814
0.54206711 0.34635374
0.42622502 0.07719057
0.90753977 0.37871927
0.44066020 -0.68589718
0.64292787 0.64097967
0.58383252 -0.70314699
0.32369843 0.46817713
0.48788640 0.01248060
0.87348189 0.42062594
0.45586521 -0.68208045
0.61754868 0.63158445
0.54924217 -0.65485285
0.46324924 0.55100181
0.41982966 -0.28835166
1.11500581 0.44372356
0.88213495 -1.07359767
-0.02404783 -0.71781126
1.28122864 0.58200842
1.47441644 -1.17428972
0.96670955 -1.69608623
0.43224954 -1.66275689
-0.17585940 -1.00406712
0.62114778 0.83553792
1.02171040 -0.93676394
0.08358042 -0.84647765
0.87898494 0.75590908
1.12629679 -1.03571217
0.25865114 -1.16052128
-0.02364804 0.31184905
0.72928701 0.07707018
0.36129591 0.16635674
0.87272654 0.33459079
0.35950004 -0.54532368
1.04774684 0.58590185
1.02454719 -1.08011643
0.13022395 -1.01918197
0.36970861 0.67664008
0.54171783 -0.52109856
0.66825693 0.58957450
0.51432593 -0.63827477
0.56465650 0.59559716
0.46895324 -0.51340375
0.85289479 0.60827256
0.74821672 -0.90858101
-0.04829044 -0.15237716
1.07220100 -0.12443125
0.22948141 -0.59163382
1.20433290 0.53331869
1.22826115 -1.16323796
0.49065789 -1.43477751
-0.20939189 -0.63232105
1.48207429 0.35634397
1.53605621 -1.26281399
1.12805541 -1.78507080
0.74321426 -1.88304019
0.28887512 -1.67745335
-0.26279260 -0.86727544
1.03840486 0.81468930
1.51440008 -1.07070782
1.00662785 -1.66919519
0.46907897 -1.67204298
-0.14337402 -1.06558141
0.43386867 0.78477474
0.76985989 -0.77354211
0.01789862 -0.01512329
1.02108671 -0.00031785
0.24355096 -0.52182906
1.26089489 0.44782608
1.19404571 -1.18851740
0.44397907 -1.41063068
-0.22946288 -0.50979218
1.49964028 0.05931290
1.22260387 -1.33226240
0.57729742 -1.57154892
-0.10747958 -1.02173873
0.54233979 0.80343243
0.87347643 -0.86319003
-0.03050206 -0.39949039
1.35736021 -0.04813807
0.78860877 -1.20397524
-0.07111711 -0.72841669
1.29412104 0.58937944
1.51341989 -1.17231186
1.04390909 -1.72235984
0.56604091 -1.75990281
-0.00294778 -1.32755434
-0.17016158 0.24139869
0.73990702 -0.05483209
0.38553579 0.26136868
0.70583987 0.29866449
0.31926287 -0.11135251
1.17373355 0.24984488
0.70317539 -1.03843835
-0.09796049 -0.26164618
1.17310935 -0.18236690
0.33345572 -0.83508547
0.54041407 0.66611917
0.56621479 -0.63859040
0.45136613 0.53758940
0.41676749 -0.24280481
1.12109114 0.41687274
0.84797376 -1.06569080
-0.05056838 -0.63139428
1.41693283 0.38878258
1.43995168 -1.24704108
0.93276739 -1.71307423
0.39775705 -1.64896722
-0.20600822 -0.93603422
0.83059206 0.84579341
1.28531171 -1.02803184
0.53181464 -1.40534400
-0.19268114 -0.63745175
1.47266450 0.36850995
1.53243965 -1.25824706
1.11890856 -1.78056786
0.72561781 -1.87265608
0.25905280 -1.64864201
-0.28710280 -0.77415808
1.27650274 0.68975555
1.66461553 -1.12406227
1.33266251 -1.77686492
1.06446382 -1.99794080
0.81669811 -2.02916965
0.50417022 -1.90515572
0.04310463 -1.49339681
-0.33084066 -0.19198358
1.13533356 -0.31654155
0.22992248 -0.72953211
0.95761458 0.68710949
1.08670173 -1.05720876
0.20740374 -1.11070521
0.09800861 0.46960011
0.56843606 -0.01256314
0.72987805 0.43461341
0.36623961 -0.42761256
1.15265998 0.48316864
1.02910168 -1.12447117
0.15434989 -1.08023113
0.20419995 0.57548941
0.49403166 -0.21455405
0.97486514 0.48409691
0.69682532 -0.93150508
-0.04486596 -0.06634442
1.00911646 -0.07150290
0.20342957 -0.44096803
1.33719481 0.27807757
1.10055343 -1.22510280
0.30973493 -1.31161384
-0.20975903 -0.08751586
0.95983734 -0.20057378
0.15106417 -0.24111652
1.25419124 0.03102316
0.62823360 -1.06615937
-0.10389934 -0.14771116
1.04173480 -0.15708365
0.19076693 -0.49411540
1.33371394 0.34040280
1.18257074 -1.22529513
0.44453822 -1.42839693
-0.22964777 -0.54835325
1.51382551 0.14920168
1.34996789 -1.32355764
0.80235247 -1.68998584
0.20741783 -1.48548612
-0.30341986 -0.35120725
1.35897139 -0.21359250
0.68232831 -1.19664069
-0.13287297 -0.50357794
1.46448988 0.06291572
1.14243345 -1.31154519
0.42812562 -1.45720854
-0.23550653 -0.58479888
1.51430925 0.23963089
1.45624207 -1.30222621
0.99198115 -1.75819433
0.51798097 -1.75175041
-0.05404660 -1.26170605
-0.05367189 0.42612477
0.61916761 -0.06619449
0.64658903 0.43494641
0.35420787 -0.27355015
1.20846877 0.34464187
0.91219346 -1.12757332
0.01668257 -0.85845025
0.91730436 0.76831354
1.21466342 -1.05529120
0.41445196 -1.32448532
-0.21796728 -0.27684193
1.19911766 -0.24680888
0.34788553 -0.88812889
0.40041299 0.61435430
0.46787911 -0.39042847
0.97712684 0.54796576
0.82066780 -0.99218197
-0.06534066 -0.45603187
1.41453276 0.00851534
0.97131462 -1.27277934
0.14883663 -1.16270830
0.04072079 0.43904234
0.60316836 0.00137681
0.64399592 0.40981752
0.34728986 -0.21433899
1.20249292 0.30643644
0.84195895 -1.10559304
-0.04978127 -0.67989431
1.36037490 0.49655295
1.48771875 -1.20865629
1.00840568 -1.72510771
0.51557682 -1.73192548
-0.06911901 -1.22553933
0.01964665 0.50926792
0.56331361 -0.14033616
0.80589693 0.48508487
0.47378237 -0.66314744
0.61243392 0.62275379
0.53121667 -0.63102238
0.53858936 0.58155682
0.44550821 -0.44883314
0.97875214 0.56876253
0.86520033 -1.00985186
-0.04342897 -0.58620612
1.44274418 0.28957171
1.35753148 -1.27519211
0.78948604 -1.66300308
0.17122138 -1.43461097
-0.28643785 -0.18945247
1.10007421 -0.29243058
0.19584862 -0.63469715
1.18936074 0.56702046
1.26197682 -1.15654745
0.54813451 -1.47284400
-0.16906966 -0.79608419
1.20034521 0.70452311
1.55473707 -1.12311341
1.10827913 -1.72276941
0.66444931 -1.81282695
0.13996142 -1.50992700
-0.32408667 -0.33070252
1.34308236 -0.23654920
0.63544454 -1.17198898
-0.14364918 -0.36293026
1.31300510 -0.15948077
0.61161127 -1.12524733
-0.13054711 -0.22464562
1.11946201 -0.20102356
0.24958915 -0.69620697
0.99511356 0.66561642
1.10171574 -1.07267136
0.23624878 -1.15405772
0.00056982 0.35375998
0.68941932 0.07005900
0.42817112 0.24895705
0.67378878 0.30378848
0.33719892 -0.05639606
1.12698546 0.28026849
0.65132505 -0.98530684
-0.06169747 -0.05284077
0.98979436 -0.07239345
0.19410556 -0.38513690
1.33680510 0.19294640
0.98748238 -1.21552747
0.14078176 -1.11730617
0.13548914 0.52901509
0.52259761 -0.11679260
0.89031504 0.46929278
0.54609968 -0.78384995
0.27049682 0.45504730
0.52647271 0.05256928
0.76166933 0.41224689
0.36079195 -0.44607633
1.14886897 0.49442241
1.04211660 -1.12487887
0.17240614 -1.10439557
0.13803372 0.51868972
0.52601671 -0.09324499
0.87217620 0.46349274
0.51440410 -0.74455709
0.38938227 0.53899650
0.43313285 -0.19181140
1.08673619 0.41741745
0.78159435 -1.02471342
-0.08242365 -0.41678554
1.37715156 -0.06296676
0.82257143 -1.22797931
-0.03692220 -0.83323675
1.03089028 0.75001309
1.35468189 -1.09117223
0.69256929 -1.53505715
-0.02230254 -1.11897282
0.23791190 0.65865451
0.53459314 -0.42502118
0.78974140 0.57758282
0.60654949 -0.78778446
0.17251551 0.34052870
0.71517416 0.19211603
0.33520270 0.04727044
1.03968679 0.30207150
0.52548034 -0.85106387
0.19962588 0.41201590
0.60624485 0.12140441
0.54119397 0.31486063
0.45287637 0.13490190
0.79718429 0.37381167
0.34608620 -0.44759299
1.17234233 0.47915696
1.06223615 -1.13813390
0.20703757 -1.15516365
0.01748149 0.38761340
0.65458923 0.05134876
0.50332828 0.32019906
0.48986525 0.16737573
0.69641313 0.35341323
0.32534304 -0.19710562
1.21363286 0.26752002
0.81044317 -1.10231133
-0.07129787 -0.60709693
1.44531990 0.32302746
1.40882158 -1.26863508
0.88358340 -1.70228079
0.32194631 -1.58739144
-0.26864437 -0.71801454
1.38698633 0.57121841
1.66530980 -1.17468307
1.35022185 -1.80038487
1.10954183 -2.02243250
0.90165323 -2.07378738
0.65308893 -2.00540434
0.28457058 -1.75817514
-0.23304224 -1.02423465
0.57581933 0.84486488
1.00910338 -0.92014261
0.06631844 -0.79928087
1.01943601 0.72156299
1.27036184 -1.09106638
0.53162521 -1.43250255
-0.18866472 -0.69150141
1.40982088 0.49819614
1.59286816 -1.20809798
1.21741024 -1.78608058
0.88428151 -1.94192383
0.51895634 -1.85917853
0.02281160 -1.43633207
-0.29234867 -0.03642488
0.92558427 -0.25449137
0.14584713 -0.12967371
1.17291174 0.03084997
0.46849420 -0.91247316
0.18062596 0.42523216
0.59551588 0.09636173
0.58371180 0.34854438
0.38829968 0.01438288
1.02219873 0.34900410
0.56027286 -0.86698458
0.13059966 0.32749515
0.73876706 0.18013307
0.31578089 0.01436030
1.08328325 0.27203340
0.56022961 -0.90392526
0.08286392 0.27371747
0.80785042 0.17125000
0.26921445 -0.13539225
1.20448598 0.17815595
0.67694383 -1.04712979
-0.10069061 -0.21866528
1.11879398 -0.18119052
0.25691061 -0.69877567
0.97747095 0.66967734
1.08047189 -1.06334247
0.20079732 -1.10578010
0.11275241 0.48567247
0.55266445 -0.03534813
0.78018123 0.44732155
0.40504751 -0.54876478
0.94944346 0.61176884
0.90523404 -1.01209666
-0.01502648 -0.68058047
1.33600473 0.51231576
1.46335513 -1.20153096
0.95696387 -1.70354531
0.42425343 -1.66161715
-0.18215962 -0.99230957
0.65764898 0.84098912
1.07092314 -0.95821681
0.15044738 -0.97516951
0.45938359 0.70451529
0.60409811 -0.64516316
0.36446613 0.47837686
0.45956010 -0.02975733
0.95962708 0.41249924
0.55540854 -0.82829985
0.19052412 0.38773938
0.64196889 0.15163491
0.45489502 0.23517120
0.65802537 0.30897197
0.34673363 -0.03600724
1.10491336 0.29567716
0.63054276 -0.96082815
-0.03373428 0.03494441
0.95653037 0.00461236
0.21156751 -0.34568950
1.31867972 0.17746968
0.92679483 -1.19527172
0.05682290 -0.98152519
0.53863018 0.75505002
0.75055353 -0.79659091
0.01497335 0.00339532
1.00850714 0.01088896
0.23973029 -0.49590946
1.28458705 0.40590840
1.17562088 -1.19968620
0.41846670 -1.39538434
-0.23585578 -0.43778085
1.43930047 -0.08550974
0.95161663 -1.29675219
0.13600388 -1.16150526
0.05085084 0.45482415
0.58843926 -0.01652016
0.68853857 0.42858378
0.35223464 -0.33644208
1.20998008 0.38482594
0.97915595 -1.14254155
0.09729433 -1.00949591
0.42614000 0.70979485
0.60479512 -0.63165684
0.38084847 0.48591466
0.44732760 -0.05737333
1.00043516 0.40589246
0.60880890 -0.88944988
0.05014019 0.19697594
0.88611892 0.14316105
0.24946901 -0.29886738
1.28964819 0.19714129
0.88506447 -1.16852732
0.00254997 -0.86349149
0.91671072 0.77266965
1.22437725 -1.05542890
0.43173563 -1.33926464
-0.22079551 -0.33686630
1.29284726 -0.21365025
0.53942202 -1.08568840
-0.09107563 -0.00269465
0.94068308 -0.05662286
0.19065653 -0.25360736
1.27230549 0.08596318
0.72000315 -1.11300675
-0.11278691 -0.43014884
1.39551858 -0.06116916
0.86690160 -1.25010719
0.01400509 -0.94994000
0.66488670 0.78663245
0.93375339 -0.92461451
-0.00156214 -0.62895728
1.39003424 0.41024499
1.41354126 -1.23708750
0.87656887 -1.68607150
0.29988797 -1.56042409
-0.28239945 -0.63291793
1.50047068 0.37229033
1.59779018 -1.25640635
1.24655552 -1.81265484
0.95042005 -1.97930104
0.64020104 -1.94306426
0.21770243 -1.66677801
-0.30355174 -0.76775186
1.29138634 0.68350503
1.68018083 -1.12542830
1.36468103 -1.78313793
1.12153976 -2.01722473
0.91509440 -2.07549973
0.67249258 -2.01501052
0.31522212 -1.78499729
-0.19858581 -1.10666711
0.33731277 0.76472600
0.70279244 -0.69102976
0.14720468 0.24414341
0.85690818 0.21297338
0.27237344 -0.31949258
1.28470827 0.24842316
0.94063987 -1.17615892
0.06492820 -0.98124655
0.53180166 0.75107209
0.73696925 -0.78538009
0.03207698 0.05177769
0.99176922 0.05419633
0.25024560 -0.48679412
1.27831531 0.40645984
1.16279307 -1.19621533
0.39491449 -1.37408762
-0.23676635 -0.35511847
1.32726352 -0.20113232
0.61895899 -1.14651416
-0.13856451 -0.28059021
1.19396203 -0.20421271
0.35732548 -0.88059098
0.40192982 0.61142526
0.46520339 -0.38426190
0.98729798 0.54289639
0.82822820 -0.99939203
-0.06282446 -0.48481825
1.43562491 0.06178523
1.07253537 -1.29122268
0.30435726 -1.34101736
-0.22892468 -0.14636418
1.02289547 -0.24346924
0.15135859 -0.41873335
1.36049436 0.17499691
1.02039633 -1.23436410
0.19531679 -1.19583622
-0.04236971 0.32044571
0.71424569 0.05453256
0.39384758 0.21956099
0.75935322 0.32677319
0.31010316 -0.27855836
1.25053337 0.27924469
0.90706489 -1.14944779
0.01841593 -0.87927825
0.85881180 0.77882995
1.15367141 -1.03205304
0.30083225 -1.20498893
-0.10613761 0.16088271
0.82722931 0.01550885
0.25536357 0.00107682
1.11341434 0.19989666
0.52666757 -0.90137287
0.12450553 0.34101226
0.71959726 0.16770511
0.33906725 0.07337253
1.00935604 0.31208343
0.49120981 -0.80327521
0.33096880 0.52008956
0.45601138 -0.10910321
1.01733477 0.42163719
0.66213820 -0.93175922
-0.02867859 0.01296846
0.97265766 -0.00740383
0.21208360 -0.38150113
1.32860435 0.21527300
0.99680434 -1.21133426
0.15109698 -1.12815461
0.10585638 0.49991331
0.54499756 -0.06692590
0.81663340 0.45890395
0.44854318 -0.63769629
0.71203381 0.63986872
0.64242990 -0.78386680
0.12926007 0.27168784
0.81798295 0.20048186
0.26983507 -0.20342892
1.24172248 0.18457416
0.76349794 -1.10479865
-0.09592226 -0.50970268
1.45764370 0.09192684
1.15577858 -1.30522234
0.44636559 -1.46813719
-0.22663333 -0.63454913
1.48537795 0.36353902
1.55316176 -1.26023956
1.16047361 -1.79294884
0.79961943 -1.91168850
0.38297271 -1.75993525
-0.16225536 -1.12997125
0.26739314 0.72031123
0.61721724 -0.57589818
0.42512511 0.49672698
0.42344753 -0.11763154
1.07365133 0.38861668
0.70972638 -0.98578842
-0.07727774 -0.18606408
1.09066097 -0.15703458
0.23439358 -0.63035687
1.14023498 0.58880315
1.20745446 -1.13617379
0.44002839 -1.38310878
-0.22821750 -0.44479190
1.44404185 -0.07255696
0.97290001 -1.30099497
0.16643944 -1.20119353
-0.03596043 0.34343275
0.69244030 0.04461823
0.43609000 0.26831257
0.63611698 0.28274318
0.37557696 0.05111329
0.99952754 0.34113484
0.51406857 -0.81692567
0.27039570 0.47148823
0.51122311 0.01957777
0.82269236 0.42492966
0.41227371 -0.59081472
0.87057423 0.63534605
0.83157328 -0.95524833
-0.05728192 -0.42591767
1.38535008 -0.03319409
0.86588241 -1.23994064
0.00886772 -0.93289494
0.71747452 0.79068348
1.00085966 -0.96091561
0.06560022 -0.82837850
0.94664475 0.74596905
1.20678439 -1.06482448
0.40486031 -1.32055076
-0.21710760 -0.25286298
1.16275838 -0.25195393
0.28868488 -0.80035988
0.69665418 0.70310198
0.76239939 -0.85853730
-0.02724978 -0.11230571
1.05206000 -0.09004114
0.22614595 -0.55158807
1.25538139 0.47185525
1.22371084 -1.18610438
0.49463837 -1.44813749
-0.20568253 -0.66570472
1.44861607 0.43814697
1.58146528 -1.23173527
1.20420713 -1.79249682
0.86808362 -1.93900938
0.49491449 -1.84409412
-0.01147748 -1.38919701
-0.24577967 0.10645693
0.81196421 -0.15083940
0.27293239 0.15434959
0.95388135 0.27840427
0.38114090 -0.64560534
0.84364538 0.65637923
0.83878069 -0.94841501
-0.05396497 -0.43315532
1.39233666 -0.02014689
0.89338085 -1.24869062
0.04193728 -0.99577883
0.51319884 0.75340914
0.73159755 -0.77528627
0.04379709 0.07798754
0.98250273 0.07857507
0.25702691 -0.48465902
1.27172778 0.41223700
1.15787030 -1.19278414
0.38481570 -1.36378164
-0.23532810 -0.31690864
1.26766662 -0.23358297
0.47899787 -1.03653457
-0.00705236 0.20483716
0.84894395 0.10587044
0.24557749 -0.15393937
1.21700995 0.14474545
0.66472590 -1.05083942
-0.10134872 -0.19847275
1.09526484 -0.17649826
0.23131311 -0.63720750
1.13378315 0.59525522
1.20786143 -1.13358986
0.43944459 -1.38144176
-0.22814965 -0.44029273
1.43897669 -0.08053895
0.95464013 -1.29631256
0.13968968 -1.16584519
0.04046583 0.44277288
0.59987052 -0.00463656
0.65531017 0.41554843
0.34681620 -0.24710640
1.21184071 0.31939221
0.88109507 -1.12161613
-0.01463639 -0.78634441
1.12953265 0.69587945
1.40843070 -1.12198889
0.81221730 -1.60971795
0.15990237 -1.38832847
-0.25594611 -0.06744899
0.94404326 -0.23155052
0.14549988 -0.18746876
1.21266787 0.01968060
0.53389201 -0.98702249
0.00805675 0.18985361
0.87152812 0.11288717
0.24097267 -0.22236091
1.25603792 0.14672923
0.75012998 -1.11035362
-0.10181869 -0.49032183
1.44794772 0.04976647
1.08998126 -1.30081401
0.33717419 -1.37608310
-0.24549738 -0.27320706
1.20382633 -0.26025524
0.35056080 -0.89829980
0.37467157 0.60177324
0.46020204 -0.34007516
1.02265439 0.51450051
0.83597506 -1.01716635
-0.05981497 -0.53001169
1.45430851 0.15505114
1.21699182 -1.29828671
0.54675005 -1.53607442
-0.14772230 -0.91437756
0.87379248 0.82400079
1.28870092 -1.04166653
0.54395078 -1.41990587
-0.18413970 -0.68596313
1.41609772 0.48525199
1.58543348 -1.21339090
1.20468436 -1.78513218
0.86332752 -1.93340873
0.48390703 -1.83444952
-0.02873378 -1.36279028
-0.21307461 0.18288963
0.76846563 -0.10129092
0.34177420 0.23105456
0.79667503 0.31067276
0.30622710 -0.33310387
1.26090084 0.31267341
0.97828235 -1.16897954
0.10734223 -1.04174720
0.33531834 0.66826158
0.53057032 -0.48211558
0.74184811 0.59131146
0.58009252 -0.74341635
0.27321928 0.43820282
0.54291133 0.08410139
0.69795461 0.39146833
0.33526294 -0.27719848
1.22866967 0.31779675
0.91509841 -1.13903341
0.02327780 -0.88045644
0.85094620 0.77854784
1.14172251 -1.02830644
0.28001978 -1.18067501
-0.06501228 0.24165371
0.78301076 0.06033568
0.29623339 0.06539888
1.04475867 0.26933615
0.49290211 -0.82809569
0.28574881 0.49202455
0.48865230 -0.02744756
0.90570152 0.43026816
0.50726700 -0.75604841
0.38334385 0.53959957
0.43501248 -0.18885567
1.08293116 0.41868043
0.77643436 -1.02074742
-0.08328515 -0.39844889
1.35578399 -0.08736753
0.75475792 -1.19789014
-0.09548820 -0.65087008
1.42132820 0.41594463
1.49003164 -1.23949500
1.02705174 -1.74415233
0.55813888 -1.76727188
-0.00550390 -1.33083609
-0.17424248 0.23619939
0.74242927 -0.05864555
0.38177114 0.25894382
0.71363036 0.30060160
0.31554052 -0.13120673
1.18717221 0.24404753
0.72310662 -1.05506827
-0.10127811 -0.33524448
1.27265875 -0.15811564
0.52774867 -1.05316379
-0.05700699 0.08216481
0.91219779 0.01978541
0.21289671 -0.23407346
1.26267949 0.10996796
0.72407495 -1.10683867
-0.11076718 -0.42800833
1.39282624 -0.06332886
0.85887798 -1.24687799
0.00443906 -0.93042090
0.72831960 0.79209153
1.01702344 -0.96828484
0.08553648 -0.87235621
0.80766750 0.76508098
1.04781154 -1.00011568
0.13261963 -0.97321375
0.48408831 0.71782229
0.63943351 -0.69077940
0.24226113 0.37885805
0.63509113 0.17505102
0.44800199 0.21639066
0.69384743 0.32675752
0.32404657 -0.13973078
1.18718564 0.25657658
0.73977472 -1.06171005
-0.09951865 -0.38392654
1.33818671 -0.11421746
0.69590531 -1.16986997
-0.12632192 -0.48190423
1.44782755 0.02198872
1.06308737 -1.30166715
0.29618733 -1.33883769
-0.22724740 -0.12975586
1.00370674 -0.23548548
0.14631876 -0.36354043
1.33758099 0.10213444
0.88404350 -1.20174586
0.01299196 -0.91030391
0.77745615 0.78855568
1.06789441 -0.99431355
0.15757745 -1.00740316
0.37102968 0.66824148
0.52977350 -0.50209252
0.72061423 0.59453902
0.56541001 -0.71976967
0.33350076 0.48410929
0.47158658 -0.02650947
0.93619950 0.42028298
0.53337857 -0.79704538
0.27091588 0.46201008
0.51953710 0.03876692
0.78859348 0.41851982
0.38065916 -0.51187706
1.04794942 0.57210634
0.99655701 -1.07454461
0.09290915 -0.95753930
0.56808253 0.75040878
0.75939164 -0.81217659
0.00008162 -0.03964178
1.02283810 -0.02741018
0.23154079 -0.50744380
1.28618035 0.41243204
1.18974105 -1.20072062
0.44318465 -1.41573296
-0.22994951 -0.51942399
1.50476407 0.08113243
1.25654326 -1.33177041
0.63689041 -1.60738523
-0.03393991 -1.16289069
0.14047933 0.59793997
0.52170029 -0.27715586
0.90676724 0.52343745
0.66102543 -0.87922082
0.01490154 0.09832584
0.95008940 0.07429572
0.23737594 -0.39247703
1.31593588 0.26570062
1.03493411 -1.20773743
0.20198199 -1.18837666
-0.03422001 0.32764000
0.70920652 0.05778863
0.40072677 0.22579961
0.74187635 0.32363836
0.31034040 -0.23456067
1.23767090 0.25707924
0.84806929 -1.12748900
-0.04125533 -0.72667341
1.27742196 0.59341353
1.48771264 -1.17009958
0.99145644 -1.70343441
0.47370861 -1.69399051
-0.12775344 -1.11099737
0.30574022 0.72871023
0.62878641 -0.60666463
0.36385345 0.46225876
0.47058591 0.00627993
0.91017087 0.41393002
0.48984058 -0.74130568
0.44184228 0.57265790
0.43380456 -0.32122217
1.08277305 0.47870491
0.88164480 -1.05889202
-0.02690478 -0.69519202
1.32201456 0.53699110
1.47681833 -1.19242217
0.97951262 -1.70818597
0.46017288 -1.68796788
-0.14190279 -1.08418803
0.38219745 0.76600005
0.71153727 -0.71441048
0.11460648 0.19894493
0.90808123 0.18506501
0.27405255 -0.41070350
1.28421861 0.34158942
1.07349685 -1.19372436
0.25120981 -1.23571261
-0.12295290 0.16416857
0.81540463 0.00047336
0.26753121 0.04523568
1.07418775 0.23265370
0.49712485 -0.85182293
0.23975178 0.45819029
0.53708786 0.04818659
0.74486825 0.41284851
0.35470582 -0.41360152
1.18006771 0.45612542
1.03697825 -1.13803641
0.17114460 -1.11043408
0.12671413 0.50978307
0.53375867 -0.07827239
0.84758836 0.46097814
0.48252063 -0.69731605
0.53409443 0.60446954
0.47069193 -0.49684162
0.86925045 0.60192239
0.75854980 -0.92043816
-0.05545458 -0.19576783
1.11019246 -0.14625945
0.26162063 -0.68590845
0.99528740 0.66068113
1.09098711 -1.07129340
0.21955602 -1.13341270
0.04701629 0.41402137
0.62737991 0.04230717
0.56386868 0.36063803
0.39792795 0.01988643
1.00563178 0.35853787
0.54722508 -0.84750756
0.17452858 0.37809214
0.65985800 0.15738066
0.42307953 0.19977384
0.75154686 0.33997764
0.31502868 -0.28625922
1.24820995 0.29181093
0.91984197 -1.15089177
0.03225883 -0.90648361
0.77013148 0.78332020
1.04514909 -0.98761476
0.12530427 -0.95381351
0.54297359 0.73535744
0.70775096 -0.76902725
0.07035101 0.14327375
0.94727633 0.13362742
0.26548284 -0.44920755
1.28068318 0.37650297
1.11985578 -1.19539816
0.32408497 -1.31011923
-0.21008253 -0.10521157
0.97690847 -0.21019547
0.14844850 -0.28925975
1.28887040 0.04666375
0.71754900 -1.12585372
-0.11503747 -0.44772115
1.41461483 -0.03437589
0.93386219 -1.27181068
0.10043091 -1.09879582
0.20579549 0.59612454
0.49847308 -0.26574594
0.96239808 0.50700504
0.71769466 -0.93741542
-0.05518595 -0.12485024
1.04519677 -0.11423678
0.21004788 -0.52097944
1.30030344 0.40670012
1.21135338 -1.20782735
0.48464678 -1.45074203
-0.21034802 -0.65580558
1.46091612 0.41444107
1.57266830 -1.24094369
1.19061831 -1.79286876
0.84687393 -1.93091486
0.46013793 -1.81920514
-0.06105897 -1.31390776
-0.13983231 0.31960689
0.69086712 -0.05491075
0.48202734 0.34750179
0.48428775 0.14162709
0.73819071 0.37104731
0.32770612 -0.31769208
1.23970131 0.33358975
0.96293900 -1.15482512
0.08256785 -0.99479899
0.47868940 0.73167866
0.66613347 -0.71258394
0.17592876 0.30270352
0.77136640 0.21683348
0.28825800 -0.11602526
1.18897492 0.20614959
0.67867406 -1.03741912
-0.09669188 -0.20519460
1.10433805 -0.17547487
0.24192296 -0.66189568
1.07403242 0.62991398
1.16590646 -1.10826361
0.35508263 -1.29615829
-0.20348236 -0.12074473
0.99276812 -0.21282630
0.15005593 -0.33557529
1.32078602 0.08092991
0.82319320 -1.17773932
-0.05022218 -0.75462182
1.22809118 0.64130747
1.48199092 -1.14998528
0.97143877 -1.68801140
0.43267121 -1.65847201
-0.17756968 -0.99644068
0.64406515 0.83850739
1.05100575 -0.95021535
0.12216667 -0.92493335
0.62340582 0.75048131
0.80360933 -0.85582410
-0.03512887 -0.21182241
1.13635246 -0.13693520
0.30049195 -0.75619277
0.77659905 0.69743213
0.84205031 -0.92604600
-0.04983489 -0.40841244
1.36665505 -0.05181035
0.80709022 -1.21566212
-0.05377297 -0.78373338
1.16612912 0.68722343
1.45726208 -1.12913208
0.91294460 -1.65687914
0.32634061 -1.56363144
-0.27039387 -0.67287963
1.45558379 0.46733936
1.63964293 -1.21816765
1.31430409 -1.81130496
1.05855679 -2.01326353
0.82052136 -2.03925063
0.51765218 -1.91861860
0.06697049 -1.52584253
-0.34313566 -0.29233165
1.29973573 -0.27340518
0.52653118 -1.09759673
-0.09561945 -0.00069285
0.93672657 -0.05833315
0.19043148 -0.24102893
1.26424486 0.08127433
0.69770742 -1.09936567
-0.11590638 -0.35780913
1.30372120 -0.14945694
0.59770719 -1.11040616
-0.12250365 -0.16760873
1.05520574 -0.17850263
0.19288034 -0.52561292
1.31478472 0.39347518
1.22205981 -1.21503478
0.50747849 -1.47068410
-0.19450305 -0.73056404
1.34776902 0.58482174
1.61125014 -1.17250010
1.24083618 -1.77719261
0.91523162 -1.94891395
0.56660800 -1.88871970
0.09371538 -1.52583638
-0.33831422 -0.31914262
1.33695775 -0.24833320
0.61645484 -1.16218961
-0.14382953 -0.30581370
1.23021795 -0.19876859
0.42373580 -0.96218768
0.15392457 0.42366929
0.60434386 0.08965968
0.57253006 0.34585899
0.39909721 0.03629339
0.98798481 0.36046945
0.52289874 -0.81748191
0.25552938 0.45666213
0.53177763 0.05074071
0.75299320 0.41246929
0.35739038 -0.42910129
1.16647623 0.47422449
1.04118233 -1.13252112
0.17450842 -1.11155841
0.12185254 0.50431083
0.53815275 -0.06878119
0.83270907 0.45872489
0.46383662 -0.66680844
0.62764870 0.62910620
0.55162199 -0.66229022
0.44701157 0.54402671
0.41965004 -0.25451776
1.11699180 0.42594616
0.85525552 -1.06612415
-0.04553188 -0.64808185
1.39758152 0.42873809
1.45834005 -1.23326205
0.96195131 -1.71848246
0.44317308 -1.68272248
-0.15785383 -1.05452357
0.46988607 0.79993676
0.82258041 -0.81589374
-0.02220772 -0.20584338
1.13653340 -0.12680309
0.30584731 -0.75990766
0.75861288 0.69659462
0.81768601 -0.90882289
-0.05170444 -0.32329403
1.26333441 -0.13221504
0.52420173 -1.03949346
-0.04148924 0.11454602
0.90138253 0.04792425
0.22119325 -0.23116589
1.26138740 0.12079555
0.73292122 -1.10872793
-0.10813517 -0.45040191
1.41604544 -0.02637835
0.94403862 -1.27343297
0.11395657 -1.11818058
0.15309200 0.55320077
0.51116732 -0.16706853
0.93128182 0.47909601
0.61950084 -0.86234774
0.06879728 0.21465248
0.87511670 0.15987261
0.25439278 -0.29170972
1.28526152 0.19993042
0.87868329 -1.16434377
-0.00496407 -0.84471866
0.97395633 0.75981371
1.28357428 -1.07497486
0.54889814 -1.43772236
-0.17773073 -0.72890429
1.34519999 0.58032542
1.59844166 -1.17490573
1.21593602 -1.77230393
0.87169196 -1.93012485
0.49225245 -1.83717930
-0.01897610 -1.37546186
-0.22949634 0.14514002
0.78930087 -0.12381670
0.30821133 0.19614498
0.87631890 0.30464950
0.33611792 -0.50642369
1.13735557 0.52950922
1.08513938 -1.12590276
0.23511642 -1.18133507
-0.04156860 0.30051456
0.73508080 0.06608892
0.35689803 0.16624137
0.87731489 0.33242804
0.36111170 -0.55206476
1.03549230 0.59264981
1.01594070 -1.07366808
0.11670764 -0.99476757
0.44507863 0.71038064
0.61090554 -0.64639103
0.34948223 0.46643162
0.47547131 0.00486275
0.90283895 0.41677091
0.48467553 -0.73169787
0.46892210 0.58471608
0.44123720 -0.37792407
1.04272122 0.52111761
0.88548087 -1.04285117
-0.02628149 -0.68026053
1.34440109 0.50673309
1.47138301 -1.20407398
0.97399849 -1.71092993
0.45441042 -1.68578023
-0.14759274 -1.07340085
0.41372128 0.77922744
0.74993194 -0.75361670
0.04502565 0.05996822
0.99509715 0.06731266
0.25977832 -0.50775863
1.25183191 0.44729924
1.17368360 -1.18373704
0.40654256 -1.37790029
-0.23544029 -0.38135941
1.36544163 -0.17074774
0.72108366 -1.20665241
-0.11429270 -0.59907331
1.46778768 0.28715071
1.41106141 -1.28174960
0.89472080 -1.71243602
0.34496286 -1.61078425
-0.25129746 -0.79516738
1.22424067 0.71625679
1.62093421 -1.11534291
1.24085731 -1.75437623
0.89856116 -1.93130423
0.52927299 -1.85840473
0.03240779 -1.44504039
-0.29917435 -0.06626852
0.95753245 -0.27249389
0.13207302 -0.22251075
1.23280947 0.00572238
0.56215314 -1.01949507
-0.04502668 0.07604070
0.92417192 0.02399727
0.21352943 -0.27156291
1.28409001 0.12632997
0.78904439 -1.14193841
-0.08080383 -0.62643494
1.43654544 0.36411203
1.44709284 -1.25660762
0.95136850 -1.72420379
0.43271151 -1.67909146
-0.16757816 -1.03542119
0.52747349 0.81722951
0.89983502 -0.86965613
-0.02138061 -0.47460045
1.42124852 0.07327269
1.04999335 -1.27984641
0.26357258 -1.29517329
-0.18945248 0.01509095
0.88241825 -0.12422445
0.19931471 -0.04603194
1.14114272 0.11820922
0.49013858 -0.89785702
0.17568313 0.40996582
0.61614268 0.11744000
0.52657383 0.30747531
0.47631167 0.16409020
0.72247563 0.35854836
0.32245610 -0.26050319
1.23669915 0.28838133
0.88967292 -1.13755206
-0.00243326 -0.82729502
1.01742077 0.74436491
1.31914073 -1.08877029
0.62263165 -1.49241116
-0.10723075 -0.94454151
0.76626127 0.82299966
1.14349936 -1.00181865
0.27242945 -1.15876595
-0.02937769 0.29684374
0.74342410 0.07900635
0.34074332 0.13456211
0.93498495 0.32324225
0.40713299 -0.66426008
0.75444325 0.65678828
0.72360476 -0.85677045
-0.00920248 -0.01464596
1.00192526 -0.01544788
0.22293792 -0.45770050
1.31900378 0.32890934
1.13235990 -1.21627391
0.35566359 -1.34970187
-0.23280141 -0.24132131
1.15051551 -0.26156334
0.26767192 -0.76895881
0.80558929 0.70653426
0.90151565 -0.95933013
-0.02239001 -0.59873611
1.42600954 0.33059754
1.37606913 -1.26263152
0.81783108 -1.67090879
0.21221368 -1.47737188
-0.30000289 -0.33822914
1.33698933 -0.22804110
0.62627997 -1.16205136
-0.14264650 -0.32535647
1.25864426 -0.18796031
0.48339067 -1.02221403
0.00701022 0.22277261
0.83852054 0.11900661
0.25129603 -0.14296354
1.21043864 0.15304273
0.66037990 -1.04422749
-0.09778544 -0.17703781
1.07327799 -0.16662197
0.21296121 -0.57975654
1.24157297 0.50063290
1.24548646 -1.17956227
0.53011860 -1.47061907
-0.18107578 -0.76452234
1.27594375 0.65104082
1.59144124 -1.14552408
1.19108367 -1.75438440
0.81866876 -1.89982114
0.39740852 -1.76162142
-0.15013902 -1.14838474
0.21763592 0.68875477
0.57758414 -0.49414689
0.61265843 0.56389008
0.44772654 -0.50654235
0.91057432 0.60183789
0.82103344 -0.96590272
-0.06211975 -0.41668148
1.37589818 -0.04961084
0.83029913 -1.22743750
-0.03014352 -0.84709142
0.98890059 0.76278407
1.31478769 -1.07903544
0.60991323 -1.48025318
-0.12244893 -0.90346817
0.89327964 0.81358591
1.29045470 -1.04791756
0.54993947 -1.42681576
-0.17945448 -0.70912537
1.37977817 0.53774466
1.59560332 -1.19228854
1.21677149 -1.77951867
0.87838573 -1.93635167
0.50639795 -1.84888686
0.00298480 -1.40803626
-0.26628328 0.04911635
0.85055634 -0.19249714
0.21825267 0.06983643
1.05671310 0.19828722
0.43250472 -0.78375828
0.47180662 0.60835436
0.46365738 -0.43865793
0.94750762 0.57204694
0.81905986 -0.97954962
-0.06455382 -0.43281651
1.39284164 -0.02807631
0.88778076 -1.24878008
0.03579259 -0.98583225
0.54577738 0.76284359
0.77381250 -0.81331414
-0.00737924 -0.07747426
1.04094444 -0.05682862
0.23195456 -0.53889704
1.26031497 0.45940025
1.21264369 -1.18841534
0.47634166 -1.43557616
-0.21599109 -0.61193766
1.49758932 0.30579723
1.50234044 -1.28064262
1.07046349 -1.77529250
0.64765309 -1.83217675
0.13642619 -1.52087622
-0.32831919 -0.35245731
1.37885122 -0.21073127
0.72877122 -1.22572510
-0.10778857 -0.64803331
1.43003780 0.40575311
1.49362100 -1.24344268
1.03593206 -1.74874873
0.57495323 -1.77923296
0.01961862 -1.36777472
-0.22439695 0.12852273
0.80027550 -0.11948436
0.29138177 0.16787287
0.92669422 0.29364063
0.36801886 -0.60501183
0.94143753 0.63463924
0.94157193 -1.02016379
0.01793293 -0.77243166
1.13290158 0.68255747
1.38652783 -1.12586424
0.77061163 -1.59100756
0.09712567 -1.31003332
-0.16781127 0.18430842
0.78022545 -0.04499583
0.31694540 0.16782516
0.90982802 0.30992087
0.36772399 -0.59036921
0.96566998 0.62503152
0.96126258 -1.03454220
0.04086738 -0.83393663
0.95857240 0.75030082
1.23622760 -1.06979650
0.45941117 -1.36845516
-0.22084490 -0.44424938
1.44052259 -0.07283635
0.96428595 -1.29763515
0.15307660 -1.18314044
0.00152173 0.39481222
0.64586966 0.02921806
0.53484989 0.34959468
0.43055457 0.08024580
0.89778219 0.38068752
0.43219295 -0.66921835
0.69169488 0.64730947
0.63755330 -0.77173051
0.14936153 0.29676315
0.78274719 0.20544288
0.28249770 -0.12513753
1.19590694 0.19734891
0.68215815 -1.04354203
-0.09950563 -0.22379974
1.12525919 -0.18138403
0.26504057 -0.71562033
0.92836809 0.68306634
1.02935614 -1.03690898
0.12085066 -0.97787904
0.48461198 0.72164087
0.64751685 -0.69842912
0.22007391 0.35559969
0.67887568 0.19630319
0.37408774 0.11293193
0.92999859 0.34464904
0.42564785 -0.68330130
0.67958485 0.64982791
0.63137199 -0.76173749
0.16953887 0.32128294
0.74448261 0.20396924
0.30611668 -0.03421654
1.12776555 0.24602297
0.60802306 -0.96207269
-0.02104377 0.08150515
0.93716281 0.04232127
0.22081960 -0.32516263
1.30841054 0.17326708
0.89825467 -1.18348434
0.02105628 -0.91090146
0.76838255 0.78664037
1.05147775 -0.98833903
0.13372537 -0.96764046
0.49735180 0.72128727
0.65242606 -0.70778514
0.20161625 0.33637070
0.71435295 0.20731424
0.33105778 0.02593386
1.06332877 0.29207814
0.55165095 -0.88539544
0.11652559 0.31772706
0.75256524 0.17760711
0.30420290 -0.01282003
1.11191090 0.25013195
0.58375308 -0.93747379
0.02132542 0.17347082
0.89408463 0.11629671
0.24094799 -0.28687799
1.28754419 0.17608469
0.85443233 -1.16048201
-0.02829211 -0.79044390
1.13103080 0.69969175
1.41919344 -1.12116200
0.83328057 -1.61919955
0.19299176 -1.42647478
-0.28054813 -0.19641318
1.10656469 -0.28921468
0.20378273 -0.65239849
1.14932973 0.59673537
1.24115670 -1.14028747
0.50204103 -1.43283792
-0.20407919 -0.64598742
1.46874332 0.38990721
1.55414306 -1.25036214
1.15809443 -1.78824123
0.79230398 -1.90615944
0.36906679 -1.74742287
-0.17953389 -1.09194980
0.37258945 0.77347999
0.72682128 -0.72278605
0.09028605 0.15322695
0.94742385 0.15118235
0.27566149 -0.47001368
1.25815591 0.41694873
1.13613290 -1.18510670
0.34484720 -1.32436711
-0.22013076 -0.16823761
1.04775115 -0.24473781
0.16515786 -0.49067163
1.35476839 0.30207344
1.17438336 -1.23700182
0.43723602 -1.42824019
-0.23241013 -0.53694694
1.51222118 0.12212255
1.31679878 -1.32817064
0.74374951 -1.66364440
0.11743848 -1.38238733
-0.24861952 -0.00513742
0.88927577 -0.19449671
0.18156749 -0.03697193
1.12951703 0.10505054
0.45753844 -0.86491582
0.27712777 0.50295784
0.48558744 -0.04990485
0.92802623 0.43339493
0.54159812 -0.79975586
0.25351364 0.44546363
0.54435712 0.07198784
0.70732557 0.39819880
0.33824320 -0.30945766
1.22837674 0.34363323
0.95362180 -1.14704558
0.06849704 -0.96676770
0.56773895 0.75763382
0.77642831 -0.82222155
-0.01323185 -0.09623654
1.04955567 -0.07202669
0.23221356 -0.55405369
1.24504745 0.48195398
1.21953098 -1.18134186
0.48469236 -1.43859161
-0.21181887 -0.63096573
1.48385841 0.35312729
1.53553036 -1.26400170
1.12755919 -1.78542074
0.74271910 -1.88300060
0.28823968 -1.67697013
-0.26331695 -0.86558197
1.04315211 0.81312849
1.51837649 -1.07156646
1.01513002 -1.67250883
0.48419488 -1.68358029
-0.12502553 -1.10458873
0.32154337 0.73529055
0.64099799 -0.62673107
0.31602569 0.42796267
0.53075577 0.09518151
0.70963025 0.38884699
0.33414173 -0.29496135
1.23190590 0.32730490
0.93639733 -1.14541627
0.04831826 -0.93125977
0.68546669 0.77809262
0.93308613 -0.93086498
-0.00164995 -0.63544980
1.38356401 0.42421218
1.42105058 -1.23248641
0.88883691 -1.68930543
0.31882550 -1.57717033
-0.27189880 -0.69242859
1.42880151 0.51417135
1.65672182 -1.19852061
1.34119801 -1.80840780
1.10031654 -2.02384506
0.88933618 -2.07029858
0.63378041 -1.99456707
0.25337467 -1.72925727
-0.26497615 -0.93488190
0.84401056 0.86051303
1.34096287 -1.02982614
0.63972459 -1.47843414
-0.09929825 -0.94525423
0.75980986 0.82099629
1.13032096 -0.99830189
0.25035642 -1.13144267
0.02856951 0.37950480
0.66455791 0.06927549
0.47304220 0.28970482
0.56119167 0.23808081
0.50166119 0.22949829
0.59864186 0.29226994
0.40809210 0.09548826
0.91080973 0.36650703
0.42956616 -0.67480787
0.68704763 0.64836251
0.63530473 -0.76801572
0.15670053 0.30585749
0.76896499 0.20563791
0.28965889 -0.09288024
1.17421065 0.21118511
0.65496229 -1.01679817
-0.08232924 -0.11608292
1.02361084 -0.12588781
0.19070766 -0.45451480
1.34425628 0.27978498
1.11906215 -1.23000851
0.34185640 -1.34412649
-0.23074771 -0.20815606
1.10238158 -0.26027391
0.20835364 -0.64227411
1.15963372 0.58636010
1.24067916 -1.14447108
0.50329102 -1.43563583
-0.20308524 -0.65361388
1.46098656 0.40858257
1.56431658 -1.24326110
1.17510434 -1.78983070
0.82015300 -1.91859063
0.41504836 -1.78445531
-0.12238261 -1.20791533
0.07153161 0.57612184
0.54180028 -0.25109732
0.86413302 0.51998468
0.59537054 -0.81248634
0.15647699 0.33210697
0.73018445 0.19071297
0.32101304 0.01745665
1.07752385 0.27875954
0.55880216 -0.89930180
0.09024637 0.28348058
0.79659398 0.17411365
0.27470273 -0.11177952
1.18941507 0.18805982
0.65774923 -1.02831168
-0.08930268 -0.14271448
1.04324218 -0.14521519
0.19628934 -0.50268972
1.32493244 0.36098800
1.19399941 -1.22058529
0.46153200 -1.43929750
-0.22230249 -0.59707098
1.50639500 0.26898504
1.47474469 -1.29278627
1.02287382 -1.76490030
0.56846293 -1.78446136
0.01690179 -1.36914366
-0.22567346 0.12784755
0.80049895 -0.12120590
0.29102652 0.16823508
0.92641404 0.29345303
0.36756718 -0.60411789
0.94383572 0.63395383
0.94403929 -1.02175060
0.02061803 -0.77994255
1.11299202 0.69304296
1.37240738 -1.11971030
0.74007306 -1.57277241
0.05048268 -1.24325662
-0.05454951 0.37682371
0.65736662 -0.00543042
0.53120533 0.36094522
0.42545332 0.06315984
0.92443275 0.37965687
0.46182917 -0.72064659
0.53469593 0.61393197
0.48298956 -0.51920909
0.81232823 0.60999465
0.69690219 -0.86257054
0.00279510 0.04049517
0.97865045 0.02964474
0.23031001 -0.42903623
1.31914905 0.30034457
1.09098051 -1.21421375
0.28882519 -1.28550329
-0.18579435 0.00145458
0.89288624 -0.12841022
0.19146929 -0.07350822
1.15650693 0.09786408
0.49815317 -0.91612725
0.13757992 0.37021971
0.67745819 0.14939674
0.40205590 0.17969622
0.80744051 0.34642746
0.33037377 -0.42059263
1.21284792 0.43173164
1.06360480 -1.15691062
0.21797606 -1.17851322
-0.02757966 0.32797817
0.71074197 0.06385414
0.39545651 0.21680564
0.76153906 0.32845505
0.31074987 -0.28648224
1.25168616 0.28522009
0.91807895 -1.15248628
0.03093743 -0.90526434
0.77480101 0.78349125
1.05150438 -0.99036820
0.13438768 -0.96993439
0.49065955 0.71918485
0.64504269 -0.69854417
0.22388813 0.36045254
0.67010422 0.19238200
0.38717594 0.13471294
0.88728374 0.35130870
0.38843054 -0.60302728
0.90213420 0.63810942
0.88586176 -0.98793044
-0.03132881 -0.60214165
1.42864841 0.33277763
1.38504794 -1.26280546
0.83503418 -1.67879272
0.24004156 -1.50669210
-0.30090835 -0.43944022
1.47304149 -0.07740230
1.03854200 -1.32700671
0.27471972 -1.33190718
-0.22107641 -0.08381524
0.95614435 -0.20821984
0.14938874 -0.22823273
1.24408253 0.02633502
0.60293883 -1.04717461
-0.08591227 -0.05902170
0.97942022 -0.09152432
0.18425028 -0.34400775
1.32389119 0.13582704
0.88979372 -1.19267575
0.01560313 -0.90800415
0.78152901 0.78758465
1.07061070 -0.99608566
0.16188951 -1.01472650
0.34872547 0.65658414
0.51498791 -0.46093399
0.80322051 0.59007856
0.64606481 -0.82422579
0.08142932 0.21117219
0.88372422 0.16724750
0.25819196 -0.32397903
1.29359202 0.22982686
0.93589708 -1.18072578
0.06130461 -0.97855226
0.54253620 0.75458486
0.75194490 -0.79881235
0.01265817 -0.00302934
1.01055145 0.00508783
0.23831121 -0.49702583
1.28547105 0.40571674
1.17724540 -1.20016166
0.42148920 -1.39807867
-0.23539979 -0.44825420
1.45076463 -0.06671285
0.99355326 -1.30705204
0.19813027 -1.24112319
-0.10931891 0.22118291
0.77873733 0.01869647
0.30887232 0.11762419
0.98004655 0.29678996
0.43203326 -0.72578230
0.58548140 0.63721158
0.53966153 -0.62820253
0.52421204 0.57374466
0.43539817 -0.41285535
1.03137675 0.53910351
0.89959277 -1.04257305
-0.01507227 -0.71103523
1.28656625 0.57234289
1.46754828 -1.17791773
0.95462577 -1.69301611
0.41263582 -1.64768644
-0.19649262 -0.95150825
0.78239878 0.84691872
1.22648184 -1.01268727
0.41730960 -1.30751841
-0.21084235 -0.24433517
1.14863914 -0.24954216
0.26935972 -0.76504623
0.81164900 0.70525366
0.90670220 -0.96321469
-0.01864177 -0.61626374
1.41173671 0.37199056
1.40376428 -1.25035603
0.86442695 -1.68645038
0.28411313 -1.54806283
-0.28946433 -0.58636932
1.52967968 0.25653553
1.51157785 -1.29881859
1.09708074 -1.79101400
0.70034983 -1.86638067
0.22395684 -1.61758741
-0.30898826 -0.66829167
1.46711139 0.46999768
1.66734504 -1.21533315
1.36821686 -1.82006769
1.15247313 -2.04360701
0.98109818 -2.11147036
0.79188247 -2.08508616
0.52034588 -1.94920708
0.09383190 -1.57343431
-0.35165613 -0.43066304
1.49435600 -0.07752175
1.08963318 -1.34374275
0.36326203 -1.42086250
-0.25421475 -0.41121903
1.41507532 -0.13050182
0.86179543 -1.27148311
0.01761291 -0.97262415
0.59808850 0.77780241
0.84976923 -0.87017626
-0.03758206 -0.34880969
1.29794458 -0.10451949
0.61424071 -1.10662242
-0.12238431 -0.19441293
1.08470692 -0.18860521
0.21548569 -0.60529970
1.20544738 0.54053404
1.24408336 -1.16365822
0.51926205 -1.45581062
-0.19099976 -0.71876551
1.36757905 0.55937510
1.60716070 -1.18310016
1.23649425 -1.78046358
0.91065632 -1.94889258
0.56036846 -1.88546563
0.08468270 -1.51528180
-0.33580860 -0.28504031
1.28191815 -0.27870168
0.48818688 -1.06397755
-0.04463933 0.13686539
0.88336236 0.05641590
0.22641958 -0.19031003
1.23770738 0.11982083
0.68096751 -1.07270793
-0.11036527 -0.27343812
1.18654899 -0.18875402
0.35213617 -0.86575342
0.44195278 0.62939788
0.48425935 -0.46162472
0.87675585 0.58938147
0.74382493 -0.91563755
-0.05068338 -0.15269322
1.07120197 -0.12608068
0.22778884 -0.58823433
1.21114662 0.52699343
1.23045011 -1.16619780
0.49610521 -1.44015628
-0.20607337 -0.65170939
1.46382416 0.40409423
1.56390020 -1.24496424
1.17500660 -1.79050432
0.82051107 -1.91908472
0.41592474 -1.78530586
-0.12113766 -1.21033127
0.06597884 0.57101762
0.54292609 -0.24232014
0.86264167 0.51716323
0.58856589 -0.80630318
0.17383991 0.35306168
0.69630713 0.18225713
0.35995894 0.09988535
0.96047935 0.33387365
0.45015157 -0.73157391
0.53793011 0.61978968
0.49196169 -0.53613300
0.76862136 0.61264223
0.64903368 -0.81201673
0.09094412 0.22117021
0.87536304 0.17546275
0.26011968 -0.31334595
1.28982441 0.22436273
0.92023374 -1.17557037
0.04166944 -0.94176811
0.66262094 0.77845541
0.91043903 -0.91568384
-0.01768342 -0.56115515
1.43878403 0.25057314
1.29716481 -1.28036364
0.67999592 -1.60884777
0.00995013 -1.22103955
0.00093040 0.45782047
0.59259002 -0.06159113
0.70586105 0.44832684
0.36903591 -0.41020253
1.15876333 0.47053335
1.01862657 -1.12543399
0.14070455 -1.06208039
0.25697884 0.61453047
0.49217265 -0.31858578
0.96165697 0.52626208
0.75246768 -0.95505698
-0.06859010 -0.23573665
1.14917741 -0.16300295
0.30621215 -0.78094375
0.71060350 0.69727847
0.76394593 -0.86435739
-0.03071052 -0.12459841
1.05925433 -0.09913588
0.22847496 -0.56705002
1.23585264 0.49709982
1.22715594 -1.17715613
0.49599349 -1.44505367
-0.20544696 -0.66150681
1.45330203 0.42796616
1.57629195 -1.23573196
1.19561167 -1.79199252
0.85409981 -1.93331320
0.47164525 -1.82736484
-0.04502269 -1.33899735
-0.17940153 0.25082705
0.73138357 -0.06982475
0.40464892 0.28773772
0.64523884 0.27172936
0.37223057 0.05425164
0.99970540 0.33854685
0.51090258 -0.81433644
0.27968841 0.47929647
0.50056274 0.00158226
0.85926010 0.42796073
0.45026329 -0.66647354
0.65766652 0.63782148
0.58947265 -0.71507615
0.29676171 0.44843457
0.51989814 0.06101371
0.76603380 0.40891733
0.35997971 -0.44847650
1.14844111 0.49582825
1.04385555 -1.12495975
0.17486520 -1.10762780
0.12951427 0.51064909
0.53249704 -0.07902846
0.85074090 0.46093229
0.48590238 -0.70288033
0.51731370 0.59868929
0.45989120 -0.46408703
0.93108884 0.58397035
0.81660276 -0.97200986
-0.06435616 -0.41542387
1.37462744 -0.05288137
0.82471141 -1.22560822
-0.03576181 -0.83356562
1.02911898 0.75033435
1.35244080 -1.09072286
0.68799005 -1.53227135
-0.02839144 -1.10795828
0.26835870 0.67800212
0.55146619 -0.47905853
0.69360934 0.58167905
0.52063793 -0.65875791
0.51815661 0.58214936
0.44259863 -0.42577562
1.00573316 0.55270395
0.88017167 -1.02586337
-0.03226830 -0.64371686
1.39435469 0.42540406
1.44623446 -1.23380778
0.93854012 -1.70981345
0.40323919 -1.65087110
-0.20153411 -0.94634948
0.79901298 0.84730209
1.24833423 -1.01831606
0.45909321 -1.34522030
-0.21703811 -0.39411860
1.37591946 -0.15052215
0.75750487 -1.22188512
-0.08978631 -0.69748654
1.35790508 0.52200449
1.52489856 -1.19948379
1.07829513 -1.74435439
0.63520412 -1.80924652
0.10493633 -1.47550513
-0.31434393 -0.21185591
1.15123644 -0.30581124
0.25421488 -0.77012071
0.82580773 0.70880396
0.93471909 -0.97727744
0.00442591 -0.70009765
1.29013355 0.55932918
1.45129638 -1.18234491
0.92434122 -1.68305623
0.36239132 -1.60623597
-0.24281562 -0.80720489
1.19376582 0.73347906
1.60103416 -1.10853205
1.19788981 -1.74140292
0.81982484 -1.89371340
0.39379291 -1.75547890
-0.15645192 -1.13331811
0.25724951 0.71310610
0.60642129 -0.55731577
0.47125012 0.51950472
0.40790557 -0.21889099
1.13155013 0.39531980
0.83296992 -1.06574600
-0.06019422 -0.59833727
1.44495796 0.30811262
1.38757856 -1.27195941
0.84470698 -1.68698566
0.25879873 -1.52766999
-0.29794565 -0.50984950
1.52664517 0.07146011
1.29866251 -1.34266892
0.71926045 -1.65756009
0.08521254 -1.34450183
-0.20673407 0.11789578
0.81066421 -0.10014517
0.27675388 0.13172518
0.98018762 0.27514051
0.40845252 -0.69972305
0.68430267 0.65730990
0.65079122 -0.77930587
0.12382332 0.25942315
0.83416237 0.19857058
0.26686916 -0.24099264
1.26041227 0.19213458
0.81360565 -1.13223519
-0.06595370 -0.66205012
1.39334071 0.45148409
1.48466299 -1.22586424
1.01019341 -1.73278378
0.52428060 -1.74136315
-0.05511418 -1.25123093
-0.03417736 0.44839322
0.60316042 -0.07950003
0.68985656 0.45123217
0.36688935 -0.38675066
1.17420468 0.44703654
1.00873158 -1.13074682
0.12992634 -1.05015967
0.29458914 0.63981687
0.50334031 -0.39396618
0.89213668 0.56506616
0.71804080 -0.90764375
-0.03863812 -0.07838787
1.02103283 -0.07578948
0.20879371 -0.47231006
1.32652451 0.33073516
1.15200656 -1.22099425
0.39059373 -1.38244722
-0.23974968 -0.36692912
1.34629623 -0.18892750
0.66750103 -1.17749404
-0.13666337 -0.43812870
1.40865577 -0.06011407
0.89867463 -1.26489219
0.05522076 -1.02835915
0.41473330 0.71869750
0.61913722 -0.64238049
0.33865797 0.45538271
0.49033739 0.03338796
0.84928797 0.41585785
0.42526268 -0.62769542
0.78071076 0.64617385
0.73239253 -0.87194993
-0.02318979 -0.05836100
1.01823638 -0.05349664
0.21643567 -0.47765822
1.31783580 0.34890091
1.15972137 -1.21647513
0.40092961 -1.38894731
-0.23906498 -0.39692885
1.38892787 -0.15048528
0.78751368 -1.23926607
-0.06332517 -0.78464369
1.17073392 0.68759532
1.46648468 -1.12940262
0.93162009 -1.66447816
0.35800474 -1.59215230
-0.24901648 -0.77271085
1.27548896 0.67673463
1.63847426 -1.13184474
1.28196661 -1.76994008
0.97657563 -1.96675203
0.66617667 -1.94787858
0.25138499 -1.69480784
-0.27831957 -0.86238576
1.05311303 0.81383506
1.53578095 -1.07133196
1.05096939 -1.68450767
0.54709851 -1.72857845
-0.04240499 -1.25543022
-0.04544921 0.43027614
0.61580509 -0.06347320
0.65311592 0.43600422
0.35434942 -0.28745434
1.20945528 0.35322122
0.92763922 -1.13167011
0.03401245 -0.89511641
0.80003139 0.78099209
1.07788941 -1.00321100
0.17443324 -1.03669891
0.28410517 0.61861424
0.48814315 -0.33668385
0.96291655 0.53240306
0.76629231 -0.96229745
-0.07106172 -0.28024135
1.20344412 -0.16221691
0.39392603 -0.90944704
0.28843907 0.53788573
0.46758393 -0.13517706
1.00869150 0.43797213
0.67425387 -0.93456126
-0.03698165 -0.01917586
0.98543935 -0.03454889
0.20654408 -0.39746448
1.33401420 0.22572477
1.02274871 -1.21746639
0.18976946 -1.17957633
-0.01319114 0.36006674
0.67994558 0.05216357
0.45483636 0.28193030
0.59396840 0.25901853
0.43838765 0.15716777
0.78955696 0.36247887
0.33453889 -0.41053907
1.21180252 0.42697911
1.05326060 -1.15511570
0.20209366 -1.15875024
0.01448158 0.38655408
0.65546609 0.04999741
0.50248687 0.32017257
0.49083635 0.16824159
0.69372816 0.35251987
0.32590796 -0.18994321
1.21025931 0.26655113
0.80190161 -1.09760488
-0.07663495 -0.58100013
1.45899758 0.25981303
1.35547493 -1.28551186
0.79127911 -1.66829750
0.17736279 -1.44389499
-0.29091534 -0.21847821
1.14474406 -0.29370797
0.24909917 -0.75331113
0.87293139 0.70268861
0.98863450 -1.00849047
0.06357321 -0.85942443
0.86694750 0.76409756
1.12875442 -1.03205192
0.26101423 -1.16132097
-0.02630147 0.30709787
0.73352801 0.07709335
0.35516532 0.15758710
0.89098371 0.33227412
0.37246471 -0.58193513
0.96911381 0.62106569
0.95853971 -1.03511034
0.03818334 -0.82886228
0.97452846 0.74633265
1.25270487 -1.07544500
0.49190610 -1.39634532
-0.21130667 -0.55502718
1.50852160 0.16461284
1.35481220 -1.31883414
0.80868447 -1.69086322
0.21597939 -1.49359726
-0.30391474 -0.38021711
1.40130512 -0.17568970
0.80052770 -1.25529851
-0.04763164 -0.83542164
1.03339759 0.75235965
1.36424095 -1.09125276
0.71134234 -1.54556960
0.00282438 -1.16207718
0.12487799 0.57272233
0.52093031 -0.22093570
0.91563218 0.50222371
0.63616527 -0.86661361
0.04796094 0.17250859
0.90922353 0.13314579
0.24962163 -0.34771919
1.30336211 0.23744326
0.96810128 -1.19190581
0.10474778 -1.05280089
0.31051845 0.65673301
0.51864610 -0.44243823
0.81292254 0.58433361
0.64701738 -0.82900978
0.07546866 0.20251334
0.89110540 0.16116692
0.25712709 -0.33522406
1.29674583 0.23773603
0.95348785 -1.18561032
0.08404827 -1.01785523
0.41685024 0.71052234
0.60406474 -0.62682232
0.38866080 0.48998238
0.44179104 -0.07229188
1.01937944 0.40243365
0.63494224 -0.91630428
0.00154905 0.09866858
0.94108185 0.06645555
0.23091611 -0.35979382
1.31533994 0.22047117
0.97312171 -1.20001924
0.11478193 -1.07231932
0.25542130 0.62262981
0.49787512 -0.33871230
0.93960706 0.53857523
0.74002737 -0.93940579
-0.06095304 -0.18104943
1.09273526 -0.14477723
0.24193930 -0.63993666
1.11265269 0.60533689
1.18757345 -1.12445698
0.39970281 -1.34394122
-0.22666044 -0.29616857
1.23187077 -0.24269214
0.40691164 -0.96183903
0.17459784 0.44965266
0.56928750 0.05432314
0.67390159 0.39819798
0.33940472 -0.24475481
1.21830677 0.30687708
0.87650853 -1.12396186
-0.01814411 -0.78034871
1.14647499 0.68706366
1.42085446 -1.12690515
0.83909519 -1.62418939
0.20402420 -1.43996555
-0.28646668 -0.24136293
1.17646169 -0.28726268
0.29684555 -0.83276959
0.60720436 0.69197239
0.65743475 -0.75441542
0.14241068 0.27503574
0.81399144 0.20760646
0.27209012 -0.20432826
1.24161280 0.18816891
0.76762938 -1.10606596
-0.09408270 -0.52078675
1.46190719 0.11618420
1.19168740 -1.30587127
0.50752694 -1.51296378
-0.18317506 -0.81417295
1.16137147 0.73353126
1.54411834 -1.11008342
1.08183170 -1.70960193
0.61352757 -1.77933946
0.05921370 -1.40865815
-0.26889817 -0.00590899
0.89234536 -0.21681053
0.17448349 -0.03981205
1.12870531 0.09684435
0.44867212 -0.85764487
0.30388871 0.52372397
0.46550968 -0.10627588
0.99917590 0.42973750
0.64463984 -0.91212437
-0.00172908 0.08390033
0.94875370 0.05548011
0.22886329 -0.37006700
1.31840364 0.22797980
0.98989966 -1.20413038
0.13841840 -1.10717682
0.15860202 0.54817841
0.51006059 -0.15407550
0.93034255 0.47445517
0.61029009 -0.85530615
0.08642186 0.24416613
0.84625541 0.17522023
0.25952921 -0.23801634
1.26104540 0.17972513
0.79983908 -1.12880037
-0.07542831 -0.62748668
1.43309936 0.36873080
1.44614165 -1.25484818
0.94865128 -1.72243975
0.42747206 -1.67459532
-0.17366660 -1.02077335
0.57172540 0.82765506
0.95909494 -0.90440692
0.01679324 -0.66402906
1.33571135 0.49465477
1.43292756 -1.20661027
0.89943223 -1.68295270
0.32817302 -1.58054044
-0.26685363 -0.71118523
1.39837531 0.55557475
1.66205305 -1.18136378
1.34594019 -1.80231472
1.10385751 -2.02181286
0.89287877 -2.07040340
0.63856861 -1.99680935
0.26069867 -1.73591408
-0.25791262 -0.95580262
0.78142498 0.86376373
1.26978369 -1.01299266
0.49650143 -1.37247150
-0.20931543 -0.51284644
1.49408321 0.06640450
1.21639425 -1.32849382
0.56413824 -1.56143469
-0.12315538 -0.98546916
0.65473103 0.82444277
1.02334484 -0.94722842
0.08781677 -0.86194408
0.83299580 0.76167164
1.07409661 -1.01314880
0.17258643 -1.03986131
0.27861834 0.61611489
0.48773918 -0.32854483
0.96753129 0.52826988
0.76608427 -0.96414936
-0.07164391 -0.28270001
1.20646349 -0.16206500
0.39931155 -0.91621338
0.26783693 0.52253568
0.47979828 -0.09307037
0.96587368 0.43854175
0.60529898 -0.86928021
0.07593122 0.23440388
0.85489214 0.16768840
0.25677500 -0.24974823
1.26716667 0.18041927
0.81420101 -1.13686910
-0.06487212 -0.67075853
1.38184045 0.47121061
1.49156559 -1.21856329
1.02048438 -1.73332298
0.53985302 -1.75081702
-0.03435812 -1.28417776
-0.09753440 0.36353207
0.66364764 -0.04023182
0.53460672 0.37612098
0.41241591 0.02889157
0.97837167 0.37145487
0.52381638 -0.81262103
0.26177191 0.46060382
0.52509161 0.04258117
0.77403838 0.41682631
0.37071795 -0.47962127
1.10199470 0.53595377
1.02760821 -1.10252673
0.14312096 -1.05152689
0.27935751 0.62680958
0.49521792 -0.35587787
0.93661809 0.54517292
0.74796141 -0.94222863
-0.06322407 -0.20449900
1.11600222 -0.15380298
0.26539812 -0.69881635
0.96275698 0.67173292
1.06018428 -1.05482700
0.16855878 -1.05848598
0.24003657 0.59412737
0.48712137 -0.26371476
0.98756822 0.49837731
0.74397653 -0.96209430
-0.07079377 -0.22692110
1.13809598 -0.16339677
0.29025133 -0.75302404
0.80209065 0.69884020
0.87862911 -0.94971996
-0.03633785 -0.53095115
1.44684497 0.17246890
1.21963301 -1.29285618
0.54810998 -1.53446104
-0.14737281 -0.91328077
0.87681558 0.82342214
1.29151452 -1.04256954
0.54965713 -1.42432781
-0.18011397 -0.70377943
1.38851611 0.52586112
1.59379420 -1.19710444
1.21499528 -1.78103919
0.87668230 -1.93647288
0.50422613 -1.84775337
0.00006681 -1.40412505
-0.26223923 0.06100435
0.84193416 -0.18366506
0.22968253 0.09003133
1.03752519 0.21883378
0.42571026 -0.76217593
0.52699112 0.62737318
0.49895052 -0.54103233
0.74531798 0.61146368
0.62109093 -0.78053262
0.16127594 0.32012482
0.74735774 0.20062066
0.30447111 -0.03551464
1.12944055 0.24363075
0.60816239 -0.96322724
-0.02216989 0.07924628
0.93782800 0.04024350
0.22020753 -0.32503513
1.30852365 0.17223793
0.89727200 -1.18337906
0.01999346 -0.90886107
0.77508323 0.78665067
1.05997459 -0.99209748
0.14614586 -0.98906722
0.42881742 0.69529609
0.57904506 -0.60276610
0.47382948 0.53761222
0.41262108 -0.26637275
1.12844936 0.42294367
0.87305667 -1.07714049
-0.03071761 -0.70342978
1.31122873 0.55199626
1.48103745 -1.18661691
0.98532245 -1.70793009
0.46836087 -1.69308804
-0.13257984 -1.10310889
0.32817166 0.74062963
0.65162013 -0.64045052
0.28046299 0.39804883
0.58855019 0.15087069
0.54554384 0.30411144
0.45766075 0.14781958
0.77304904 0.36857766
0.33310462 -0.38645639
1.22326539 0.40124983
1.03462673 -1.15813579
0.17712343 -1.12976822
0.08408425 0.46944114
0.57125210 -0.02014479
0.72902151 0.43729376
0.36809288 -0.43136867
1.14693879 0.48875530
1.02770922 -1.12172009
0.15128292 -1.07441961
0.21970789 0.58713549
0.49124335 -0.24391880
0.98073867 0.49324466
0.72303812 -0.94839570
-0.06203568 -0.15522053
1.06760488 -0.13439669
0.22081186 -0.57508119
1.23678691 0.50130602
1.23667564 -1.17752019
0.51319048 -1.45770781
-0.19403697 -0.71328794
1.37779721 0.54761081
1.60794630 -1.18783228
1.23982556 -1.78314260
0.91797352 -1.95290841
0.57368044 -1.89473962
0.10586741 -1.54111530
-0.34082370 -0.36749103
1.40988543 -0.18834649
0.81296622 -1.26643277
-0.03270476 -0.87634546
0.91128451 0.78425815
1.24450480 -1.05407431
0.46736953 -1.36777019
-0.21847748 -0.45561891
1.45179146 -0.05190847
1.00789699 -1.30742338
0.21848781 -1.26359037
-0.14482142 0.14610243
0.81658991 -0.02528365
0.26753954 0.06436560
1.05626037 0.24118093
0.47808670 -0.82366767
0.31745004 0.51845132
0.46191106 -0.09904040
1.00174794 0.42516505
0.64150220 -0.91144575
0.00111263 0.09194211
0.94534709 0.06213917
