# logistic map (r=3.7); column: x
0.75843019
0.67789120
0.80791246
0.57420268
0.90462766
0.31922289
0.80408266
0.58287482
0.89958753
0.33422029
0.82331322
0.53823368
0.91959129
0.27358966
0.73533192
0.72008988
0.74577364
0.70150268
0.77476769
0.64566006
0.84649764
0.48077572
0.92363258
0.26098112
0.71361890
0.75615777
0.68221783
0.80214765
0.58721515
0.89685602
0.34226962
0.83294817
0.51483842
0.92418534
0.25924715
0.71054085
0.76098844
0.67297463
0.81429518
0.55950860
0.91189729
0.29726031
0.77291748
0.64940938
0.84240429
0.49120941
0.92471408
0.25758640
0.70757190
0.76558146
0.66402601
0.82545323
0.53309672
0.92094705
0.26937326
0.72820183
0.73231851
0.72530400
0.73718100
0.71685714
0.75100003
0.69189625
0.78875057
0.61650549
0.87477794
0.40530354
0.89182055
0.35696364
0.84930022
0.47356061
0.92241355
0.26479714
0.72031458
0.74540750
0.70216808
0.77377384
0.64767716
0.84430838
0.48637142
0.92431277
0.25884709
0.70982752
0.76209792
0.67082731
0.81702671
0.55312804
0.91455642
0.28912900
0.76047365
0.67396786
0.81302018
0.56246796
0.91056169
0.30132467
0.77895402
0.63708322
0.85547031
0.45747119
0.91830781
0.27756873
0.74194002
0.70842060
0.76427515
0.66658698
0.82232048
0.54060518
0.91889951
0.27573584
0.73891067
0.71381027
0.75585513
0.68279116
0.80137334
0.58894420
0.89572904
0.34557455
0.83676529
0.50537982
0.92489291
0.25702425
0.70656230
0.76712846
0.66097682
0.82911992
0.52421630
0.92283021
0.26349406
0.71804028
0.74909621
0.69541899
0.78370225
0.62719823
0.86513626
0.43169939
0.90773960
0.30986915
0.79124596
0.61115043
0.87928865
0.39271844
0.88241547
0.38390612
0.87513218
0.40432063
0.89112820
0.35896932
0.85140828
0.46809521
0.92123371
0.26847999
0.72667440
0.73488926
0.72086004
0.74451712
0.70378209
0.77134958
0.65256680
0.83887648
0.50010211
0.92499996
0.25668762
0.70595662
0.76805292
0.65914623
0.83128816
0.51891817
0.92367578
0.26084568
0.71337929
0.75653634
0.68149970
0.80311408
0.58505086
0.89823550
0.33821140
0.82815046
0.52657392
0.92238716
0.26487962
0.72045811
0.74517342
0.70259298
0.77313751
0.64896483
0.84289508
0.48996497
0.92462740
0.25785880
0.70806027
0.76483042
0.66549995
0.82365614
0.53741280
0.91982105
0.27287607
0.73413447
0.72216989
0.74237000
0.70765011
0.76546130
0.66426210
0.82516647
0.53378704
0.92077621
0.26990530
0.72910879
0.73078389
0.72793354
0.73277132
0.72452480
0.73847787
0.71457473
0.75464344
0.68507986
0.79825815
0.59585568
0.89100325
0.35933091
0.85178517
0.46711463
0.92099864
0.26921253
0.72792742
0.73278163
0.72450704
0.73850739
0.71452264
0.75472614
0.68492400
0.79847152
0.59538459
0.89133659
0.35836600
0.85077730
0.46973457
0.92161081
0.26730399
0.72465450
0.73826231
0.71495496
0.75403915
0.68621720
0.79669567
0.59929522
0.88851970
0.36649404
0.85905178
0.44800272
0.91499625
0.28777902
0.75836035
0.67802474
0.80773661
0.57460325
0.90440711
0.31988308
0.80496421
0.58088827
0.90079123
0.33065565
0.81889322
0.54873632
0.91621165
0.28404108
0.75243845
0.68921687
0.79252882
0.60837950
0.88153937
0.38638252
0.87723696
0.39846143
0.88685270
0.37127645
0.86369191
0.43559431
0.90965205
0.30408522
0.78298437
0.62870343
0.86371108
0.43554272
0.90962746
0.30415978
0.78309245
0.62847705
0.86392649
0.43496277
0.90934959
0.30500178
0.78431007
0.62592080
0.86633262
0.42846151
0.90606431
0.31491359
0.79824917
0.59587550
0.89098919
0.35937158
0.85182749
0.46700443
0.92097178
0.26929621
0.72807031
0.73254055
0.72492210
0.73781718
0.71573905
0.75278965
0.68856036
0.79344646
0.60638994
0.88312036
0.38190951
0.87340215
0.40911208
0.89443573
0.34935569
0.84103328
0.49467632
0.92489514
0.25701726
0.70654973
0.76714768
0.66093884
0.82916515
0.52410612
0.92284991
0.26343242
0.71793239
0.74927025
0.69509807
0.78416595
0.62622393
0.86604982
0.42922785
0.90646782
0.31370048
0.79658220
0.59954429
0.88833646
0.36702074
0.85957111
0.44662189
0.91445788
0.28943127
0.76094500
0.67305851
0.81418778
0.55975833
0.91178708
0.29759617
0.77342095
0.64839164
0.84352571
0.48836332
0.92449897
0.25826230
0.70878267
0.76371625
0.66767883
0.82097009
0.54381933
0.91789550
0.27884439
0.74403372
0.70465591
0.77002904
0.65521197
0.83586421
0.50762237
0.92478503
0.25736342
0.70717171
0.76619557
0.66281769
0.82691448
0.52956963
0.92176486
0.26682330
0.72382591
0.73963725
0.71252375
0.75788452
0.67893362
0.80653621
0.57733155
0.90287338
0.32446426
0.81099265
0.56714921
0.90831664
0.30812683
0.78878334
0.61643548
0.87483828
0.40513616
0.89170315
0.35730397
0.84966001
0.47263014
0.92222829
0.26537609
0.72132099
0.74376297
0.70514458
0.76928809
0.65669052
0.83415791
0.51185243
0.92448022
0.25832120
0.70888802
0.76355345
0.66799645
0.82057561
0.54475573
0.91758862
0.27979305
0.74558292
0.70184941
0.77425022
0.64671121
0.84536053
0.48368657
0.92401533
0.25978071
0.71149036
0.75950576
0.67583002
0.81061008
0.56802910
0.90787655
0.30945586
0.79066384
0.61240378
0.87825195
0.39562422
0.88469107
0.37744728
0.86942907
0.42003200
0.90133894
0.32903011
0.81684639
0.55355095
0.91438950
0.28964098
0.76127161
0.67242745
0.81499447
0.55788039
0.91260448
0.29510290
0.76966356
0.65594180
0.83502398
0.50970806
0.92465129
0.25778375
0.70792576
0.76503744
0.66509407
0.82415261
0.53622282
0.92014526
0.27186846
0.73243721
0.72509990
0.73752113
0.71625973
0.75195740
0.69011463
0.79126878
0.61110125
0.87932909
0.39260492
0.88232530
0.38416125
0.87535112
0.40371269
0.89069639
0.36021842
0.85270611
0.46471408
0.92039314
0.27109753
0.73113355
0.72733595
0.73377795
0.72278711
0.74135384
0.70946880
0.76265443
0.66974680
0.81838829
0.54992692
0.91577702
0.28537904
0.75457002
0.68521819
0.79806862
0.59627386
0.89070597
0.36019072
0.85267745
0.46478887
0.92041265
0.27103685
0.73103073
0.72751176
0.73348207
0.72329865
0.74050954
0.71097410
0.76031273
0.67427794
0.81262064
0.56339283
0.91013099
0.30263251
0.78087048
0.63311356
0.85943888
0.44697365
0.91459636
0.28900647
0.76028240
0.67433638
0.81254526
0.56356719
0.91004908
0.30288107
0.78123327
0.63235904
0.86018002
0.44500032
0.91380763
0.29142401
0.76403540
0.66705563
0.82174194
0.54198385
0.91847822
0.27704113
0.74107057
0.70997443
0.76186973
0.67126970
0.81646675
0.55444054
0.91403404
0.29073051
0.76296323
0.66914625
0.81914132
0.54815062
0.91642161
0.28339425
0.75140320
0.69114679
0.78981275
0.61423170
0.87671914
0.39990596
0.88793038
0.36818707
0.86071380
0.44357654
0.91322065
0.29322016
0.76679576
0.66163409
0.82833536
0.52612480
0.92247473
0.26460588
0.71998155
0.74595004
0.70118173
0.77524587
0.64468693
0.84754306
0.47809114
0.92322401
0.26226133
0.71587719
0.75256904
0.68897286
0.79287025
0.60763995
0.88213047
0.38471232
0.87582238
0.40240289
0.88975677
0.36293173
0.85548547
0.45743129
0.91829525
0.27760761
0.74200402
0.70830600
0.76445185
0.66624130
0.82274617
0.53958916
0.91920098
0.27480098
0.73735599
0.71654989
0.75149273
0.69098020
0.79004828
0.61372639
0.87714534
0.39871714
0.88704459
0.37072698
0.86316740
0.43700492
0.91031699
0.30206787
0.78004462
0.63482754
0.85773968
0.45148259
0.91629043
0.28379844
0.75205048
0.68994105
0.79151287
0.61057492
0.87976079
0.39139245
0.88135628
0.38689934
0.87767049
0.39725049
0.88593739
0.37389361
0.86615956
0.42893054
0.90631179
0.31416970
0.79722827
0.59812481
0.88937463
0.36403337
0.85659838
0.45449910
0.91733977
0.28056180
0.74683345
0.69957103
0.77763420
0.63980123
0.85268578
0.46476714
0.92040699
0.27105447
0.73106059
0.72746071
0.73356801
0.72315014
0.74075486
0.71053726
0.76099402
0.67296384
0.81430899
0.55947649
0.91191143
0.29721722
0.77285283
0.64953994
0.84225988
0.49157524
0.92473739
0.25751316
0.70744050
0.76578323
0.66362932
0.82593415
0.53193764
0.92122595
0.26850418
0.72671584
0.73481974
0.72098086
0.74431960
0.70413935
0.77081037
0.65364845
0.83765097
0.50316973
0.92496283
0.25680441
0.70616685
0.76773236
0.65978173
0.83053826
0.52075450
0.92340623
0.26169052
0.71487178
0.75417143
0.68596847
0.79703819
0.59854276
0.88907050
0.36490933
0.85747689
0.45217801
0.91653831
0.28303459
0.75082624
0.69221893
0.78829197
0.61748463
0.87393024
0.40765186
0.89344574
0.35224167
0.84421966
0.48659745
0.92433538
0.25877611
0.70970083
0.76229458
0.67044575
0.81750851
0.55199688
0.91499640
0.28777855
0.75835961
0.67802615
0.80773475
0.57460749
0.90440477
0.31989008
0.80497354
0.58086722
0.90080383
0.33061829
0.81884639
0.54884683
0.91617175
0.28416396
0.75263478
0.68884997
0.79304205
0.60726752
0.88242661
0.38387458
0.87510508
0.40439586
0.89118144
0.35881520
0.85124735
0.46851361
0.92133185
0.26817406
0.72614992
0.73576800
0.71932977
0.74700948
0.69924938
0.77810883
0.63882526
0.85369192
0.46213749
0.91969579
0.27326514
0.73478782
0.72103632
0.74422890
0.70430330
0.77056260
0.65414475
0.83708576
0.50458080
0.92492236
0.25693166
0.70639579
0.76738289
0.66047365
0.82971836
0.52275746
0.92308376
0.26270048
0.71664907
0.75133377
0.69127595
0.78962999
0.61462353
0.87638735
0.40083047
0.88861200
0.36622865
0.85878933
0.44869979
0.91526267
0.28696059
0.75707258
0.68048065
0.80447892
0.58198257
0.90013177
0.33260988
0.82132803
0.54296870
0.91816866
0.27799941
0.74264823
0.70715080
0.76622762
0.66275456
0.82699052
0.52938564
0.92180499
0.26669803
0.72360971
0.73999519
0.71188855
0.75888200
0.67702640
0.80904812
0.57161026
0.90602629
0.31502781
0.79840557
0.59553023
0.89123371
0.35866388
0.85108917
0.46892465
0.92142699
0.26787737
0.72564061
0.73661937
0.71784172
0.74941645
0.69482830
0.78455515
0.62540496
0.86681231
0.42716030
0.90536920
0.31700050
0.80109137
0.58957274
0.89531388
0.34678967
0.83814840
0.50192595
0.92498628
0.25673066
0.70603411
0.76793480
0.65938049
0.83101208
0.51959470
0.92357938
0.26114790
0.71391379
0.75569130
0.68310125
0.80095355
0.58987975
0.89511003
0.34738584
0.83882299
0.50023622
0.92499979
0.25668815
0.70595757
0.76805147
0.65914911
0.83128478
0.51892647
0.92367462
0.26084933
0.71338573
0.75652616
0.68151902
0.80308813
0.58510907
0.89819885
0.33831941
0.82827973
0.52625996
0.92244853
0.26468777
0.72012417
0.74571779
0.70160425
0.77461619
0.64596800
0.84616537
0.48162729
0.92375104
0.26060970
0.71296146
0.75719544
0.68024687
0.80479095
0.58127917
0.90055668
0.33135108
0.81976291
0.54668123
0.91693719
0.28180449
0.74884567
0.69588058
0.78303395
0.62859959
0.86380994
0.43527662
0.90950027
0.30454525
0.78365053
0.62730680
0.86503402
0.43197560
0.90787892
0.30944870
0.79065375
0.61242546
0.87823391
0.39567471
0.88473007
0.37733626
0.86932835
0.42030731
0.90150158
0.32854698
0.81623430
0.55498472
0.91381372
0.29140537
0.76400663
0.66711184
0.82167244
0.54214932
0.91842671
0.27720063
0.74133363
0.70950489
0.76259850
0.66985550
0.81825170
0.55024866
0.91565777
0.28574589
0.75515216
0.68412030
0.79956895
0.59295625
0.89302881
0.35345493
0.84554080
0.48322575
0.92395891
0.25995772
0.71180490
0.75901314
0.67677512
0.80937706
0.57085759
0.90642305
0.31383514
0.79676778
0.59913687
0.88863596
0.36615974
0.85872110
0.44888093
0.91533131
0.28674964
0.75673985
0.68111321
0.80363262
0.58388676
0.89896314
0.33606512
0.82556382
0.53283034
0.92101202
0.26917084
0.72785622
0.73290170
0.72430015
0.73885094
0.71391584
0.75568804
0.68310741
0.80094520
0.58989835
0.89509766
0.34742201
0.83886384
0.50013381
0.92499993
0.25668771
0.70595678
0.76805268
0.65914671
0.83128760
0.51891954
0.92367559
0.26084628
0.71338035
0.75653466
0.68150288
0.80310980
0.58506045
0.89822946
0.33822920
0.82817176
0.52652218
0.92239732
0.26484786
0.72040283
0.74526358
0.70242936
0.77338270
0.64846902
0.84344071
0.48857936
0.92451741
0.25820440
0.70867908
0.76387625
0.66736650
0.82135728
0.54289915
0.91819075
0.27793103
0.74253588
0.70735248
0.76591831
0.66336358
0.82625566
0.53116181
0.92140708
0.26793946
0.72574724
0.73644127
0.71815344
0.74891358
0.69575551
0.78321519
0.62821988
0.86417075
0.43430475
0.90903130
0.30596557
0.78569737
0.62299494
0.86902730
0.42112975
0.90198409
0.32711253
0.81440672
0.55924914
0.91201129
0.29691277
0.77239563
0.65046230
0.84123606
0.49416443
0.92487400
0.25708371
0.70666920
0.76696501
0.66129982
0.82873476
0.52515379
0.92265896
0.26402979
0.71897682
0.74758186
0.69820192
0.77964920
0.63564641
0.85692019
0.45364952
0.91705104
0.28145318
0.74827796
0.69692479
0.78151631
0.63176969
0.86075597
0.44346398
0.91317361
0.29336400
0.76701579
0.66119950
0.82885447
0.52486253
0.92271286
0.26386119
0.71868231
0.74805877
0.69732734
0.78092911
0.63299169
0.85955888
0.44665442
0.91447072
0.28939188
0.76088361
0.67317705
0.81403593
0.56011132
0.91163053
0.29807314
0.77413450
0.64694601
0.84510542
0.48433833
0.92409243
0.25953875
0.71106003
0.76017856
0.67453633
0.81228716
0.56416390
0.90976708
0.30373648
0.78247834
0.62976216
0.86269859
0.43826400
0.91089807
0.30030228
0.77744704
0.64018563
0.85228756
0.46580585
0.92067381
0.27022411
0.72965126
0.72986311
0.72950291
0.73011513
0.72907400
0.73084287
0.72783280
0.73294120
0.72423208
0.73896391
0.71371612
0.75600405
0.68250913
0.80175455
0.58809351
0.89628627
0.34394160
0.83488937
0.51004171
0.92462691
0.25786036
0.70806306
0.76482612
0.66550837
0.82364582
0.53743751
0.91981420
0.27289734
0.73417021
0.72210796
0.74247179
0.70746749
0.76574179
0.66371081
0.82583546
0.53217565
0.92116949
0.26868016
0.72701718
0.73431384
0.72185899
0.74288077
0.70673304
0.76686737
0.66149269
0.82850441
0.52571395
0.92255353
0.26435950
0.71955214
0.74664837
0.69990896
0.77713471
0.64082650
0.85162122
0.46754132
0.92110181
0.26889109
0.72737809
0.73370705
0.72290976
0.74115159
0.70982987
0.76209428
0.67083438
0.81701777
0.55314901
0.91454818
0.28915429
0.76051312
0.67389178
0.81311811
0.56224109
0.91066637
0.30100658
0.77848600
0.63804854
0.85448763
0.46005253
0.91909554
0.27512804
0.73790062
0.71559219
0.75302403
0.68812171
0.79405782
0.60506100
0.88416009
0.37895779
0.87079050
0.41630331
0.89908100
0.33571712
0.82514121
0.53384783
0.92076100
0.26995267
0.72918943
0.73064716
0.72816699
0.73237736
0.72520283
0.73734964
0.71656106
0.75147484
0.69101349
0.79000123
0.61382736
0.87706033
0.39895438
0.88722220
0.37021819
0.86267973
0.43831464
0.91092119
0.30023197
0.77734312
0.64039894
0.85206611
0.46638298
0.92081862
0.26977326
0.72888390
0.73116499
0.72728216
0.73386843
0.72263056
0.74161185
0.70900774
0.76336832
0.66835737
0.82012644
0.54582052
0.91723178
0.28089529
0.74737456
0.69858155
0.77909186
0.63679862
0.85575871
0.45671224
0.91806683
0.27831446
0.74316544
0.70622111
0.76764956
0.65994574
0.83034423
0.52122894
0.92333253
0.26192141
0.71527876
0.75352370
0.68718522
0.79535827
0.60222493
0.88633524
0.37275681
0.86509393
0.43181377
0.90779736
0.30969486
0.79100063
0.61167894
0.87885291
0.39394075
0.88338031
0.38117229
0.87275591
0.41089623
0.89562392
0.34588235
0.83711668
0.50450368
0.92492495
0.25692350
0.70638112
0.76740528
0.66042934
0.82977098
0.52262908
0.92310532
0.26263298
0.71653053
0.75152376
0.69092245
0.79012989
0.61355119
0.87729267
0.39830589
0.88673574
0.37161122
0.86401039
0.43473681
0.90924065
0.30533174
0.78478580
0.62491908
0.86726233
0.42593802
0.90470485
0.31899175
0.80377325
0.58357071
0.89915897
0.33548684
0.82486105
0.53452160
0.92059056
0.27048325
0.73009163
0.72911402
0.73077503
0.72794868
0.73274578
0.72456878
0.73840479
0.71470367
0.75443863
0.68546563
0.79772925
0.59702199
0.89017091
0.36173663
0.85426799
0.46062850
0.91926457
0.27460370
0.73702708
0.71712720
0.75056638
0.69270100
0.78760539
0.61894761
0.87265043
0.41118714
0.89581542
0.34532156
0.83647595
0.50610056
0.92486230
0.25712050
0.70673534
0.76686385
0.66149963
0.82849612
0.52573412
0.92254969
0.26437150
0.71957307
0.74661437
0.69997101
0.77704290
0.64101475
0.85142491
0.46805198
0.92122350
0.26851183
0.72672894
0.73479776
0.72101904
0.74425716
0.70425223
0.77063979
0.65399018
0.83726199
0.50414109
0.92493655
0.25688704
0.70631552
0.76750545
0.66023108
0.83000621
0.52205485
0.92320026
0.26233570
0.71600801
0.75235999
0.68936341
0.79232354
0.60882370
0.88118239
0.38738994
0.87808021
0.39610482
0.88506143
0.37639248
0.86846837
0.42265493
0.90286564
0.32448733
0.81102262
0.56708024
0.90835089
0.30802333
0.78863635
0.61674952
0.87456734
0.40588745
0.89222846
0.35578028
0.84804249
0.47680578
0.92300950
0.26293295
0.71705709
0.75067901
0.69249212
0.78790310
0.61831369
0.87320692
0.40965139
0.89479738
0.34829962
0.83985188
0.49765259
0.92497961
0.25675162
0.70607183
0.76787728
0.65949453
0.83087753
0.51992422
0.92353119
0.26129891
0.71418062
0.75526865
0.68390030
0.79986852
0.59229183
0.89348421
0.35212965
0.84409713
0.48690950
0.92436596
0.25868006
0.70952933
0.76256060
0.66992915
0.81815910
0.55046670
0.91557651
0.28599579
0.75554814
0.68337205
0.80058636
0.59069702
0.89456399
0.34898126
0.84061535
0.49573037
0.92493255
0.25689961
0.70633815
0.76747090
0.66029947
0.82992510
0.52225289
0.92316779
0.26243737
0.71618679
0.75207411
0.68989698
0.79157481
0.61044129
0.87987007
0.39108530
0.88110907
0.38759673
0.87825237
0.39562303
0.88469016
0.37744989
0.86943144
0.42002553
0.90133511
0.32904148
0.81686078
0.55351722
0.91440286
0.28960001
0.76120782
0.67255076
0.81483706
0.55824720
0.91244687
0.29558403
0.77039222
0.65448578
0.83669633
0.50555166
0.92488596
0.25704610
0.70660159
0.76706840
0.66109554
0.82897844
0.52456078
0.92276804
0.26368857
0.71838057
0.74854673
0.69643073
0.78223539
0.63026979
0.86221019
0.43957398
0.91149017
0.29850059
0.77477256
0.64565015
0.84650833
0.48074832
0.92362868
0.26099334
0.71364053
0.75612358
0.68228263
0.80206026
0.58741051
0.89672979
0.34264025
0.83338027
0.51377311
0.92429812
0.25889310
0.70990962
0.76197042
0.67107455
0.81671395
0.55386142
0.91426610
0.29001930
0.76185999
0.67128858
0.81644282
0.55449657
0.91401146
0.29079970
0.76307037
0.66893773
0.81940217
0.54753435
0.91663980
0.28272174
0.75032358
0.69315100
0.78696296
0.62031335
0.87144138
0.41451581
0.89796208
0.33901688
0.82911241
0.52423459
0.92282693
0.26350432
0.71805824
0.74906724
0.69547239
0.78362502
0.62736034
0.86498357
0.43211186
0.90794744
0.30924187
0.79036194
0.61305279
0.87771055
0.39713855
0.88585223
0.37413681
0.86638629
0.42831601
0.90598720
0.31514525
0.79856627
0.59517528
0.89148416
0.35793855
0.85032861
0.47089849
0.92186648
0.26650610
0.72327821
0.74054331
0.71091399
0.76040657
0.67409715
0.81285367
0.56285354
0.91038290
0.30186774
0.77975135
0.63543497
0.85713227
0.45308921
0.91685770
0.28204975
0.74924144
0.69515120
0.78408923
0.62638525
0.86589904
0.42963619
0.90668106
0.31305892
0.79569622
0.60148586
0.88689229
0.37116311
0.86358390
0.43588496
0.90979027
0.30366617
0.78237620
0.62997562
0.86249345
0.43881445
0.91114842
0.29954083
0.77631964
0.64249559
0.84987153
0.47208268
0.92211631
0.26572595
0.72192798
0.74276750
0.70693658
0.76655584
0.66210755
0.82776823
0.52750156
0.92220156
0.26545962
0.72146601
0.74352539
0.70557292
0.76863716
0.65798608
0.83264948
0.51557400
0.92410257
0.25950695
0.71100344
0.76026693
0.67436616
0.81250684
0.56365606
0.91000725
0.30300800
0.78141836
0.63197372
0.86055687
0.44399535
0.91339487
0.29268731
0.76597936
0.66324343
0.82640086
0.53081118
0.92148748
0.26768871
0.72531643
0.73716028
0.71689351
0.75094167
0.69200464
0.78859661
0.61683438
0.87449399
0.40609072
0.89236988
0.35536976
0.84760374
0.47793506
0.92319861
0.26234086
0.71601709
0.75234548
0.68939050
0.79228558
0.60890582
0.88111623
0.38757654
0.87823557
0.39567005
0.88472647
0.37734651
0.86933765
0.42028189
0.90148659
0.32859153
0.81629080
0.55485248
0.91386746
0.29124078
0.76375248
0.66760814
0.82105780
0.54361100
0.91796290
0.27863595
0.74369245
0.70527177
0.76909495
0.65707525
0.83371125
0.51295616
0.92437891
0.25863940
0.70945672
0.76267316
0.66971040
0.81843401
0.54981919
0.91581678
0.28525671
0.75437568
0.68558416
0.79756652
0.59738041
0.88991311
0.36248074
0.85502728
0.45863584
0.91866932
0.27644919
0.74009263
0.71171546
0.75915329
0.67650642
0.80972829
0.57005304
0.90684252
0.31257291
0.79502302
0.60295724
0.88577929
0.37434506
0.86658010
0.42779042
0.90570738
0.31598564
0.79971325
0.59263627
0.89324853
0.35281571
0.84484610
0.48500032
0.92416754
0.25930304
0.71064040
0.76083331
0.67327414
0.81391146
0.56040050
0.91150158
0.29846585
0.77472075
0.64575549
0.84639475
0.48103951
0.92366985
0.26086428
0.71341219
0.75648438
0.68159833
0.80298157
0.58534801
0.89804815
0.33876338
0.82881018
0.52497030
0.92269299
0.26392335
0.71879092
0.74788298
0.69764991
0.78045770
0.63397087
0.85859168
0.44922442
0.91546081
0.28635157
0.75611108
0.68230632
0.80202830
0.58748195
0.89668356
0.34277596
0.83353823
0.51338333
0.92433728
0.25877013
0.70969015
0.76231115
0.67041359
0.81754908
0.55190156
0.91503304
0.28766602
0.75818284
0.67836399
0.80728926
0.57562124
0.90384128
0.32157521
0.80720900
0.57580374
0.90373903
0.32188073
0.80761205
0.57488686
0.90425024
0.32035244
0.80558899
0.57947688
0.90162868
0.32816930
0.81575458
0.55610646
0.91335264
0.29281650
0.76617749
0.66285331
0.82687155
0.52967345
0.92174210
0.26689433
0.72394846
0.73943423
0.71288362
0.75731808
0.68001340
0.80510215
0.58057691
0.90097724
0.33010384
0.81820059
0.55036902
0.91561296
0.28588372
0.75537060
0.68370766
0.80013053
0.59171016
0.89388021
0.35097601
0.84282985
0.49013048
0.92463959
0.25782050
0.70799163
0.76493608
0.66529284
0.82390963
0.53680545
0.91998783
0.27235783
0.73326245
0.72367792
0.73988229
0.71208900
0.75856755
0.67762845
0.80825810
0.57341469
0.90505805
0.31793352
0.80235164
0.58675889
0.89714971
0.34140679
0.83193832
0.51732273
0.92388971
0.26017479
0.71219031
0.75840851
0.67793265
0.80785790
0.57432700
0.90455934
0.31942744
0.80435614
0.58225916
0.89996370
0.33310746
0.82194345
0.54150393
0.91862647
0.27658195
0.74031219
0.71132518
0.75976417
0.67533353
0.81125516
0.56654482
0.90861561
0.30722315
0.78749721
0.61917780
0.87244761
0.41174627
0.89618173
0.34424812
0.83524300
0.50916487
0.92468922
0.25766455
0.70771206
0.76536609
0.66444910
0.82493903
0.53433412
0.92063832
0.27033459
0.72983905
0.72954384
0.73004562
0.72919235
0.73064221
0.72817543
0.73236311
0.72522733
0.73730880
0.71663277
0.75135990
0.69122734
0.78969879
0.61447606
0.87651236
0.40048224
0.88835600
0.36696459
0.85951584
0.44676893
0.91451588
0.28925337
0.76066768
0.67359374
0.81350129
0.56135268
0.91107264
0.29977136
0.77666142
0.64179630
0.85060709
0.47017627
0.92170902
0.26699757
0.72412651
0.73913904
0.71340632
0.75649365
0.68158072
0.80300524
0.58529495
0.89808165
0.33866470
0.82869240
0.52525683
0.92263974
0.26408990
0.71908177
0.74741177
0.69851345
0.77919192
0.63659192
0.85596779
0.45616164
0.91788933
0.27886347
0.74406495
0.70459951
0.77011445
0.65504129
0.83606014
0.50713526
0.92481163
0.25727980
0.70702156
0.76642568
0.66236422
0.82746008
0.52824861
0.92204746
0.26594099
0.72230060
0.74215504
0.70803547
0.76486861
0.66542510
0.82374779
0.53719327
0.91988164
0.27268780
0.73381790
0.72271800
0.74146777
0.70926527
0.76296977
0.66913353
0.81915724
0.54811302
0.91643501
0.28335298
0.75133705
0.69126985
0.78963863
0.61460502
0.87640305
0.40078674
0.88857990
0.36632095
0.85888067
0.44845725
0.91517038
0.28724416
0.75751933
0.67963004
0.80561228
0.57942419
0.90165965
0.32807724
0.81563749
0.55638000
0.91323879
0.29316469
0.76671087
0.66180165
0.82813483
0.52661187
0.92237969
0.26490297
0.72049872
0.74510716
0.70271318
0.77295726
0.64932903
0.84249311
0.49098434
0.92469926
0.25763300
0.70765549
0.76545304
0.66427834
0.82514672
0.53383455
0.92076433
0.26994231
0.72917181
0.73067705
0.72811597
0.73246349
0.72505468
0.73759645
0.71612733
0.75216921
0.68971955
0.79182403
0.60990333
0.88030866
0.38985170
0.88010920
0.39041288
0.88056545
0.38912876
0.87951800
0.39207451
0.88190273
0.38535613
0.87637010
0.40087853
0.88864726
0.36612724
0.85868892
0.44896637
0.91536360
0.28665038
0.75658318
0.68141076
0.80323351
0.58478293
0.89840386
0.33771514
0.82755541
0.52801757
0.92209556
0.26579076
0.72204031
0.74258297
0.70726795
0.76604798
0.66310835
0.82656397
0.53041710
0.92157676
0.26741023
0.72483740
0.73795813
0.71549093
0.75318554
0.68781920
0.79447860
0.60414471
0.88486936
0.37693964
0.86896775
0.42129236
0.90207890
0.32683048
0.81404557
0.56008891
0.91164050
0.29804278
0.77408914
0.64703803
0.84500532
0.48459391
0.92412181
0.25944654
0.71089593
0.76043476
0.67404282
0.81292366
0.56269150
0.91045817
0.30163913
0.77941597
0.63612884
0.85643507
0.45492995
0.91748415
0.28011583
0.74610852
0.70089320
0.77567511
0.64381197
0.84847703
0.47568590
0.92281265
0.26354901
0.71813644
0.74894103
0.69570495
0.78328842
0.62806638
0.86431631
0.43391242
0.90884000
0.30654447
0.78652734
0.62123771
0.87061525
0.41678406
0.89937789
0.33484000
0.82407204
0.53641605
0.92009332
0.27202991
0.73270967
0.72463098
0.73830142
0.71488601
0.75414882
0.68601100
0.79697966
0.59867141
0.88897663
0.36517958
0.85774678
0.45146380
0.91628368
0.28381923
0.75208374
0.68987902
0.79160004
0.61038685
0.87991455
0.39096025
0.88100823
0.38788110
0.87848860
0.39496160
0.88417766
0.37890786
0.87074576
0.41642604
0.89915695
0.33549279
0.82486829
0.53450419
0.92059500
0.27046941
0.73006813
0.72915403
0.73070720
0.72806450
0.73255036
0.72490523
0.73784526
0.71568963
0.75286853
0.68841277
0.79365232
0.60594276
0.88347169
0.38091303
0.87252768
0.41152557
0.89603742
0.34467115
0.83572991
0.50795608
0.92476579
0.25742388
0.70728025
0.76602912
0.66314548
0.82651915
0.53052541
0.92155234
0.26748642
0.72496851
0.73773993
0.71587499
0.75257256
0.68896628
0.79287945
0.60762001
0.88214635
0.38466742
0.87578406
0.40250945
0.88983369
0.36270986
0.85526025
0.45802358
0.91848053
0.27703398
0.74105877
0.70999547
0.76183704
0.67133306
0.81638644
0.55462860
0.91395815
0.29096301
0.76332308
0.66844553
0.82001658
0.54608073
0.91714330
0.28116844
0.74781717
0.69777061
0.78028111
0.63433725
0.85822796
0.45018910
0.91581983
0.28524730
0.75436073
0.68561229
0.79752789
0.59746548
0.88985178
0.36265768
0.85520723
0.45816296
0.91852375
0.27690012
0.74083785
0.71038939
0.76122433
0.67251883
0.81487783
0.55815222
0.91248778
0.29545917
0.77020328
0.65486370
0.83626377
0.50662870
0.92483742
0.25719871
0.70687587
0.76664879
0.66192417
0.82798809
0.52696811
0.92230907
0.26512369
0.72088254
0.74448034
0.70384864
0.77124920
0.65276832
0.83864881
0.50067283
0.92499833
0.25669277
0.70596589
0.76803880
0.65917425
0.83125517
0.51899905
0.92366443
0.26088126
0.71344224
0.75643692
0.68168839
0.80286051
0.58561938
0.89787649
0.33926891
0.82941241
0.52350361
0.92295605
0.26310027
0.71735052
0.75020738
0.69336619
0.78665521
0.62096653
0.87085827
0.41611734
0.89896569
0.33605761
0.82555470
0.53285231
0.92100669
0.26918747
0.72788463
0.73285380
0.72438270
0.73871390
0.71415800
0.75530450
0.68383256
0.79996069
0.59208727
0.89362376
0.35172325
0.84365182
0.48804269
0.92447098
0.25835022
0.70893992
0.76347320
0.66815292
0.82038100
0.54521725
0.91743498
0.28026774
0.74635561
0.70044298
0.77634367
0.64244645
0.84992333
0.47194855
0.92208853
0.26581271
0.72207836
0.74252045
0.70738018
0.76587581
0.66344719
0.82615455
0.53140587
0.92135058
0.26811563
0.72604967
0.73593572
0.71903704
0.74748427
0.69838068
0.77938689
0.63618897
0.85637449
0.45508973
0.91753735
0.27995147
0.74584099
0.70138017
0.77495031
0.64528862
0.84689751
0.47974984
0.92348275
0.26145075
0.71444874
0.75484343
0.68470286
0.79877396
0.59471625
0.89180668
0.35700386
0.84934278
0.47345059
0.92239198
0.26486456
0.72043191
0.74521616
0.70251542
0.77325376
0.64872981
0.84315394
0.48930789
0.92457701
0.25801714
0.70834389
0.76439345
0.66635558
0.82260554
0.53992497
0.91910219
0.27510742
0.73786631
0.71565259
0.75292765
0.68830213
0.79380655
0.60560754
0.88373407
0.38016819
0.87186925
0.41333907
0.89721257
0.34122205
0.83172139
0.51785541
0.92382038
0.26039225
0.71257607
0.75780224
0.67909062
0.80632823
0.57780316
0.90260267
0.32527102
0.81203820
0.56473900
0.90949279
0.30456792
0.78368332
0.62723796
0.86509886
0.43180045
0.90779064
0.30971515
0.79102919
0.61161743
0.87890373
0.39379826
0.88326840
0.38148973
0.87303467
0.41012701
0.89511453
0.34737268
0.83880814
0.50027347
0.92499972
0.25668837
0.70595797
0.76805087
0.65915031
0.83128336
0.51892994
0.92367413
0.26085085
0.71338843
0.75652190
0.68152711
0.80307726
0.58513344
0.89818350
0.33836464
0.82833383
0.52612851
0.92247401
0.26460812
0.71998545
0.74594369
0.70119329
0.77522866
0.64472198
0.84750553
0.47818765
0.92323962
0.26221243
0.71579117
0.75270643
0.68871600
0.79322921
0.60686154
0.88274826
0.38296395
0.87431948
0.40657422
0.89270501
0.35439627
0.84655835
0.48062004
0.92361034
0.26105082
0.71374218
0.75596284
0.68258718
0.80164911
0.58832892
0.89613261
0.34439214
0.83540892
0.50875317
0.92471651
0.25757877
0.70755820
0.76560249
0.66398467
0.82550341
0.53297586
0.92097659
0.26928122
0.72804473
0.73258372
0.72484780
0.73794082
0.71552141
0.75313694
0.68791026
0.79435202
0.60442050
0.88465653
0.37754560
0.86951821
0.41978829
0.90119450
0.32945900
0.81738833
0.55227919
0.91488748
0.28811300
0.75888443
0.67702176
0.80905420
0.57159636
0.90603366
0.31500567
0.79837526
0.59559715
0.89118638
0.35880089
0.85123240
0.46855247
0.92134090
0.26814584
0.72610151
0.73584900
0.71918842
0.74723882
0.69882998
0.77872656
0.63755256
0.85499338
0.45872488
0.91869655
0.27636484
0.73995306
0.71196335
0.75876469
0.67725110
0.80875358
0.57228354
0.90566783
0.31610435
0.79987485
0.59227778
0.89349380
0.35210172
0.84406657
0.48698733
0.92437348
0.25865645
0.70948718
0.76262595
0.66980216
0.81831874
0.55009077
0.91571639
0.28556558
0.75486615
0.68466000
0.79883253
0.59458673
0.89189739
0.35674080
0.84906417
0.47417057
0.92253151
0.26442836
0.71967220
0.74645326
0.70026493
0.77660764
0.64190638
0.85049154
0.47047601
0.92177484
0.26679215
0.72377217
0.73972626
0.71236589
0.75813270
0.67845979
0.80716278
0.57590880
0.90368006
0.32205691
0.80784415
0.57435832
0.90454211
0.31947902
0.80442505
0.58210394
0.90005809
0.33282804
0.82159809
0.54232628
0.91837140
0.27737188
0.74161587
0.70900056
0.76337943
0.66833572
0.82015342
0.54575661
0.91725343
0.28082843
0.74726614
0.69877998
0.77880012
0.63740082
0.85514776
0.45831926
0.91857205
0.27675053
0.74059079
0.71082946
0.76053847
0.67384291
0.81318098
0.56209540
0.91073340
0.30080289
0.77818588
0.63866667
0.85385475
0.46171121
0.91957568
0.27363811
0.73541308
0.71994852
0.74600381
0.70108387
0.77539152
0.64439018
0.84786046
0.47727447
0.92308914
0.26268366
0.71661953
0.75138113
0.69118785
0.78975466
0.61435628
0.87661377
0.40019964
0.88814759
0.36756336
0.86010399
0.44520294
0.91388995
0.29117192
0.76364608
0.66781576
0.82080012
0.54422294
0.91776403
0.27925090
0.74469839
0.70345398
0.77184397
0.65157317
0.83999463
0.49729352
0.92497290
0.25677273
0.70610984
0.76781931
0.65960942
0.83074189
0.52025627
0.92348183
0.26145362
0.71445381
0.75483538
0.68471804
0.79875321
0.59476212
0.89177452
0.35709709
0.84944141
0.47319560
0.92234164
0.26502190
0.72070558
0.74476948
0.70332524
0.77203774
0.65118323
0.84043143
0.49619383
0.92494640
0.25685607
0.70625980
0.76759051
0.66006269
0.83020577
0.52156736
0.92327894
0.26208927
0.71557440
0.75305242
0.68806856
0.79413180
0.60489998
0.88428518
0.37860214
0.87047147
0.41717829
0.89962009
0.33412400
0.82319506
0.53851632
0.91951102
0.27383885
0.73574920
0.71936256
0.74695625
0.69934666
0.77796536
0.63912045
0.85338835
0.46293169
0.91991598
0.27258111
0.73363840
0.72302847
0.74095572
0.71017926
0.76155131
0.67188637
0.81568379
0.55627187
0.91328387
0.29302685
0.76649983
0.66221801
0.82763567
0.52782301
0.92213576
0.26566519
0.72182263
0.74294047
0.70662573
0.76703149
0.66116847
0.82889148
0.52477246
0.92272940
0.26380945
0.71859189
0.74820506
0.69705871
0.78132110
0.63217623
0.86035894
0.44452330
0.91361264
0.29202096
0.76495545
0.66525485
0.82395609
0.53669407
0.92001812
0.27226369
0.73310384
0.72395162
0.73942899
0.71289290
0.75730346
0.68004124
0.80506507
0.58066063
0.90092729
0.33025204
0.81838683
0.54993036
0.91577575
0.28538295
0.75457624
0.68520648
0.79808468
0.59623845
0.89073120
0.36011779
0.85260198
0.46498583
0.92046383
0.27087762
0.73076086
0.72797288
0.73270496
0.72463909
0.73828793
0.71490978
0.75411101
0.68608211
0.79688176
0.59888652
0.88881939
0.36563208
0.85819747
0.45026992
0.91584960
0.28515571
0.75421514
0.68588625
0.79715132
0.59829405
0.88925163
0.36438772
0.85695444
0.45355905
0.91701998
0.28154905
0.74843297
0.69663992
0.78193114
0.63090488
0.86159647
0.44121756
0.91221511
0.29629119
0.77146007
0.65234490
0.83912682
0.49947410
0.92499898
0.25669072
0.70596220
0.76804442
0.65916309
0.83126831
0.51896684
0.92366896
0.26086707
0.71341714
0.75647656
0.68161316
0.80296165
0.58539269
0.89801993
0.33884650
0.82890934
0.52472900
0.92273736
0.26378455
0.71854837
0.74827546
0.69692940
0.78150961
0.63178366
0.86074235
0.44350035
0.91318882
0.29331749
0.76694466
0.66134003
0.82868677
0.52527054
0.92263718
0.26409791
0.71909576
0.74738908
0.69855499
0.77913090
0.63671799
0.85584031
0.45649740
0.91799784
0.27852789
0.74351539
0.70559095
0.76860974
0.65804059
0.83258573
0.51573090
0.92408439
0.25956398
0.71110492
0.76010843
0.67467134
0.81211272
0.56456690
0.90957512
0.30431840
0.78332224
0.62799549
0.86438347
0.43373133
0.90875131
0.30681274
0.78691113
0.62042341
0.87134335
0.41478523
0.89813224
0.33851566
0.82851439
0.52568969
0.92255815
0.26434506
0.71952698
0.74668925
0.69983434
0.77724508
0.64060011
0.85185695
0.46692773
0.92095303
0.26935461
0.72817001
0.73237225
0.72521161
0.73733500
0.71658675
0.75143366
0.69109013
0.78989288
0.61405983
0.87686432
0.39950116
0.88762994
0.36904922
0.86155200
0.44133656
0.91226682
0.29613345
0.77122219
0.65282254
0.83858751
0.50082645
0.92499747
0.25669545
0.70597071
0.76803144
0.65918884
0.83123798
0.51904117
0.92365850
0.26089984
0.71347513
0.75638497
0.68178696
0.80272795
0.58591641
0.89768797
0.33982383
0.83007130
0.52189586
0.92322611
0.26225473
0.71586559
0.75258758
0.68893821
0.79291871
0.60753493
0.88221408
0.38447586
0.87562044
0.40296436
0.89016111
0.36176494
0.85429695
0.46055258
0.91924243
0.27467239
0.73714164
0.71692622
0.75088915
0.69210215
0.78845803
0.61713026
0.87423786
0.40680030
0.89286112
0.35394252
0.84606869
0.48187492
0.92378448
0.26050484
0.71277565
0.75748813
0.67968949
0.80553324
0.57960293
0.90155448
0.32838979
0.81603476
0.55545152
0.91362298
0.29198932
0.76490675
0.66535032
0.82383930
0.53697400
0.91994182
0.27250082
0.73350325
0.72326206
0.74057000
0.71086647
0.76048072
0.67395423
0.81303772
0.56242733
0.91058047
0.30126762
0.77887012
0.63725638
0.85529454
0.45793342
0.91845249
0.27712080
0.74120199
0.70973992
0.76223391
0.67056349
0.81735995
0.55234584
0.91486168
0.28819222
0.75900862
0.67678378
0.80936573
0.57088352
0.90640945
0.31387603
0.79682412
0.59901314
0.88872667
0.36589883
0.85846244
0.44956732
0.91558922
0.28595673
0.75548628
0.68348902
0.80042758
0.59105009
0.89432656
0.34967429
0.84138807
0.49378047
0.92485687
0.25713755
0.70676598
0.76681697
0.66159220
0.82838545
0.52600308
0.92249821
0.26453248
0.71985367
0.74615814
0.70080282
0.77580944
0.64353787
0.84876845
0.47493410
0.92267529
0.26397871
0.71888762
0.74772638
0.69793708
0.78003738
0.63484255
0.85772470
0.45152223
0.91630465
0.28375461
0.75198035
0.69007184
0.79132897
0.61097149
0.87943571
0.39230560
0.88208709
0.38483498
0.87592697
0.40211198
0.88954636
0.36353843
0.85609949
0.45581466
0.91777633
0.27921288
0.74463628
0.70356644
0.77167460
0.65191377
0.83961217
0.49825523
0.92498874
0.25672292
0.70602018
0.76795604
0.65933837
0.83106175
0.51947305
0.92359696
0.26109277
0.71381634
0.75584551
0.68280937
0.80134871
0.58899913
0.89569287
0.34568045
0.83688627
0.50507828
0.92490458
0.25698756
0.70649633
0.76722929
0.66077748
0.82935722
0.52363813
0.92293258
0.26317371
0.71747924
0.75000029
0.69374947
0.78610623
0.62212994
0.86981183
0.41898508
0.90071536
0.33088065
0.81917499
0.54807110
0.91644993
0.28330700
0.75126333
0.69140694
0.78944452
0.61502091
0.87604970
0.40177050
0.88929857
0.36425249
0.85681867
0.45391761
0.91714273
0.28117019
0.74782001
0.69776540
0.78028873
0.63432145
0.85824367
0.45014745
0.91580448
0.28529456
0.75443582
0.68547092
0.79772198
0.59703799
0.89015942
0.36176981
0.85430194
0.46053951
0.91923862
0.27468423
0.73716138
0.71689158
0.75094475
0.69199891
0.78860475
0.61681699
0.87450902
0.40604907
0.89234092
0.35545382
0.84769369
0.47770367
0.92316063
0.26245979
0.71622620
0.75201105
0.69001459
0.79140948
0.61079790
0.87957815
0.39190558
0.88176771
0.38573765
0.87669323
0.39997818
0.88798386
0.36803355
0.86056397
0.44397640
0.91338702
0.29271134
0.76601622
0.66317087
0.82648849
0.53059949
0.92153558
0.26753868
0.72505843
0.73759021
0.71613830
0.75215166
0.68975229
0.79177805
0.61000261
0.88022787
0.39007903
0.88029430
0.38989210
0.88014212
0.39032027
0.88049032
0.38934033
0.87969142
0.39158738
0.88151281
0.38645752
0.87729999
0.39828546
0.88672036
0.37165524
0.86405220
0.43462417
0.90918620
0.30549661
0.78502319
0.62441858
0.86772406
0.42468236
0.90401084
0.32106840
0.80653889
0.57732547
0.90287685
0.32445389
0.81097919
0.56718020
0.90830124
0.30817337
0.78884942
0.61629425
0.87495989
0.40479879
0.89146590
0.35799147
0.85038423
0.47075429
0.92183535
0.26660328
0.72344609
0.74026583
0.71140763
0.75963521
0.67558136
0.81093339
0.56728557
0.90824881
0.30833176
0.78907416
0.61581368
0.87537261
0.40365299
0.89065384
0.36034143
0.85283329
0.46438207
0.92030604
0.27136847
0.73159221
0.72655067
0.73509673
0.72049925
0.74510630
0.70271473
0.77295493
0.64933374
0.84248790
0.49099754
0.92470014
0.25763024
0.70765053
0.76546066
0.66426337
0.82516492
0.53379076
0.92077528
0.26990820
0.72911372
0.73077554
0.72794780
0.73274726
0.72456623
0.73840903
0.71469620
0.75445051
0.68544328
0.79775993
0.59695440
0.89021942
0.36159656
0.85412461
0.46100432
0.91937355
0.27426557
0.73646267
0.71811600
0.74897402
0.69564417
0.78337643
0.62788187
0.86449105
0.43344123
0.90860874
0.30724392
0.78752685
0.61911476
0.87250320
0.41159307
0.89608159
0.34454168
0.83558103
0.50832588
0.92474351
0.25749390
0.70740593
0.76583628
0.66352496
0.82606047
0.53163291
0.92129763
0.26828074
0.72633289
0.73546167
0.71986388
0.74614154
0.70083306
0.77576450
0.64362958
0.84867101
0.47518554
0.92272170
0.26383355
0.71863402
0.74813692
0.69718386
0.78113855
0.63255613
0.85998683
0.44551510
0.91401616
0.29078528
0.76304805
0.66898118
0.81934784
0.54766275
0.91659457
0.28286117
0.75054769
0.69273566
0.78755597
0.61905279
0.87255780
0.41144254
0.89598303
0.34483052
0.83591301
0.50750108
0.92479182
0.25734208
0.70713340
0.76625430
0.66270200
0.82705382
0.52923246
0.92183821
0.26659433
0.72343063
0.74029138
0.71136219
0.75970629
0.67544478
0.81111077
0.56687732
0.90845147
0.30771938
0.78820420
0.61767185
0.87376734
0.40810251
0.89375295
0.35134687
0.84323831
0.48909361
0.92455989
0.25807094
0.70844022
0.76424490
0.66664614
0.82224754
0.54077915
0.91884713
0.27589821
0.73918004
0.71333376
0.75660821
0.68136323
0.80329730
0.58463977
0.89849360
0.33745053
0.82723738
0.52878807
0.92193361
0.26629650
0.72291589
0.74114147
0.70984792
0.76206625
0.67088875
0.81694904
0.55331024
0.91448467
0.28934911
0.76081694
0.67330573
0.81387095
0.56049459
0.91145950
0.29859401
0.77491182
0.64536692
0.84681330
0.47996599
0.92351496
0.26134979
0.71427048
0.75512620
0.68416930
0.79950217
0.59310426
0.89292691
0.35375125
0.84586182
0.48240452
0.92385448
0.26028531
0.71238642
0.75810044
0.67852141
0.80708140
0.57609376
0.90357604
0.32236762
0.80825292
0.57342650
0.90505163
0.31795275
0.80237756
0.58670090
0.89718693
0.34129741
0.83180991
0.51763809
0.92384892
0.26030274
0.71241732
0.75805186
0.67861418
0.80695881
0.57637227
0.90341892
0.32283674
0.80886876
0.57202032
0.90580837
0.31568239
0.79929997
0.59355226
0.89261751
0.35465052
0.84683206
0.47991784
0.92350782
0.26137218
0.71431003
0.75506348
0.68428769
0.79934077
0.59346188
0.89268005
0.35446881
0.84663649
0.48041963
0.92358145
0.26114138
0.71390228
0.75570952
0.68306678
0.80100025
0.58977575
0.89517917
0.34718368
0.83859454
0.50080883
0.92499758
0.25669511
0.70597011
0.76803236
0.65918701
0.83124013
0.51903590
0.92365925
0.26089752
0.71347101
0.75639148
0.68177462
0.80274455
0.58587923
0.89771161
0.33975427
0.82998883
0.52209727
0.92319333
0.26235740
0.71604618
0.75229898
0.68947733
0.79216386
0.60916903
0.88090385
0.38817535
0.87873242
0.39427850
0.88364497
0.38042118
0.87209336
0.41272218
0.89681555
0.34238844
0.83308681
0.51449675
0.92422242
0.25913074
0.71033340
0.76131148
0.67235034
0.81509283
0.55765108
0.91270251
0.29480357
0.76920938
0.65684735
0.83397596
0.51230221
0.92444003
0.25844746
0.70911377
0.76320430
0.66867694
0.81972794
0.54676397
0.91690858
0.28189276
0.74898816
0.69561811
0.78341415
0.62780275
0.86456589
0.43323934
0.90850915
0.30754500
0.78795598
0.61820102
0.87330552
0.40937905
0.89461502
0.34883224
0.84044874
0.49615023
0.92494516
0.25685995
0.70626679
0.76757984
0.66008380
0.83018075
0.52162849
0.92326917
0.26211987
0.71562826
0.75296647
0.68822947
0.79390777
0.60538742
0.88390592
0.37968011
0.87143556
0.41453180
0.89797219
0.33898710
0.82907693
0.52432099
0.92281141
0.26355289
0.71814323
0.74893006
0.69572515
0.78325916
0.62812771
0.86425817
0.43406914
0.90891655
0.30631284
0.78619555
0.62194079
0.86998264
0.41851752
0.90043424
0.33171395
0.82021528
0.54561004
0.91730298
0.28067543
0.74701791
0.69923396
0.77813156
0.63877848
0.85373997
0.46201173
0.91966050
0.27337475
0.73497169
0.72071674
0.74475125
0.70335825
0.77198807
0.65128322
0.84031953
0.49647568
0.92495404
0.25683203
0.70621655
0.76765652
0.65993195
0.83036056
0.52118904
0.92333879
0.26190179
0.71524420
0.75357876
0.68708190
0.79550134
0.60191215
0.88657148
0.37208122
0.86445611
0.43353546
0.90865512
0.30710368
0.78732673
0.61954039
0.87212736
0.41262856
0.89675505
0.34256608
0.83329388
0.51398621
0.92427623
0.25896183
0.71003222
0.76177993
0.67144369
0.81624613
0.55495702
0.91382499
0.29137086
0.76395336
0.66721591
0.82154371
0.54245567
0.91833081
0.27749754
0.74182282
0.70863037
0.76395146
0.66721961
0.82153912
0.54246659
0.91832738
0.27750816
0.74184030
0.70859909
0.76399975
0.66712529
0.82165581
0.54218891
0.91841436
0.27723888
0.74139669
0.70939227
0.76277305
0.66951621
0.81867775
0.54924463
0.91602738
0.28460852
0.75334409
0.68752207
0.79489126
0.60324484
0.88555986
0.37497130
0.86716095
0.42621350
0.90485555
0.31854035
0.80316787
0.58493020
0.89831138
0.33798775
0.82788251
0.52722431
0.92225770
0.26528422
0.72116146
0.74402416
0.70467318
0.77000289
0.65526423
0.83580417
0.50777157
0.92477653
0.25739013
0.70721967
0.76612204
0.66296253
0.82673990
0.52999185
0.92167181
0.26711367
0.72432665
0.73880695
0.71399359
0.75556496
0.68334025
0.80062951
0.59060103
0.89462838
0.34879323
0.84040510
0.49626016
0.92494825
0.25685024
0.70624932
0.76760650
0.66003101
0.83024328
0.52147570
0.92329354
0.26204355
0.71549389
0.75318083
0.68782804
0.79446632
0.60417146
0.88484874
0.37699837
0.86902121
0.42114638
0.90199379
0.32708366
0.81436978
0.55933507
0.91197359
0.29702771
0.77256832
0.65011410
0.84162331
0.49318601
0.92482821
0.25722768
0.70692792
0.76656909
0.66208140
0.82779959
0.52742547
0.92221702
0.26541131
0.72138215
0.74366279
0.70532524
0.76901372
0.65723700
0.83352315
0.51342055
0.92433359
0.25878172
0.70971084
0.76227904
0.67047590
0.81747048
0.55208624
0.91496199
0.28788423
0.75852553
0.67770884
0.80815240
0.57365576
0.90492686
0.31832667
0.80288076
0.58557401
0.89790523
0.33918428
0.82931173
0.52374901
0.92291314
0.26323455
0.71758585
0.74982867
0.69406686
0.78565081
0.62309338
0.86893767
0.42137448
0.90212670
0.32668823
0.81386321
0.56051258
0.91145144
0.29861853
0.77494837
0.64529256
0.84689326
0.47976073
0.92348438
0.26144564
0.71443972
0.75485775
0.68467586
0.79881087
0.59463465
0.89186385
0.35683808
0.84916726
0.47390424
0.92248034
0.26458834
0.71995099
0.74599978
0.70109120
0.77538062
0.64441240
0.84783671
0.47733559
0.92309940
0.26265152
0.71656308
0.75147160
0.69101953
0.78999269
0.61384568
0.87704490
0.39899744
0.88725439
0.37012595
0.86259111
0.43855245
0.91102954
0.29990247
0.77685561
0.64139858
0.85102383
0.46909440
0.92146592
0.26775596
0.72543201
0.73696751
0.71723168
0.75039847
0.69301224
0.78716122
0.61989221
0.87181568
0.41348647
0.89730702
0.34094440
0.83139487
0.51865654
0.92371215
0.26073164
0.71317741
0.75685495
0.68089447
0.80392561
0.58322814
0.89937039
0.33486219
0.82409917
0.53635100
0.92011084
0.27197547
0.73261781
0.72478913
0.73803844
0.71534949
0.75341101
0.68739659
0.79506532
0.60286489
0.88584961
0.37414429
0.86639326
0.42829713
0.90597718
0.31517535
0.79860744
0.59508431
0.89154820
0.35775302
0.85013345
0.47140429
0.92197446
0.26616897
0.72269527
0.74150521
0.70919836
0.76307338
0.66893187
0.81940948
0.54751706
0.91664588
0.28270298
0.75029343
0.69320684
0.78688313
0.62048287
0.87129035
0.41493086
0.89822399
0.33824532
0.82819106
0.52647532
0.92240651
0.26481913
0.72035285
0.74534510
0.70228139
0.77360429
0.64802056
0.84393268
0.48732814
0.92440587
0.25855474
0.70930548
0.76290750
0.66925470
0.81900553
0.54847124
0.91630699
0.28374740
0.75196881
0.69009336
0.79129870
0.61103674
0.87938212
0.39245608
0.88220693
0.38449610
0.87563775
0.40291625
0.89012656
0.36186469
0.85439895
0.46028511
0.91916409
0.27491541
0.73754664
0.71621490
0.75202913
0.68998088
0.79145688
0.61069568
0.87966193
0.39167024
0.88157925
0.38626992
0.87714223
0.39872583
0.88705111
0.37070833
0.86314956
0.43705287
0.91033934
0.30200003
0.77994524
0.63503345
0.85753408
0.45202672
0.91648469
0.28319987
0.75109150
0.69172631
0.78899178
0.61598987
0.87522149
0.40407268
0.89095241
0.35947799
0.85193819
0.46671619
0.92090110
0.26951639
0.72844603
0.73190592
0.72601269
0.73599757
0.71892904
0.74765928
0.69806006
0.77985719
0.63521583
0.85735172
0.45250908
0.91665507
0.28267465
0.75024787
0.69329121
0.78676247
0.62073895
0.87106179
0.41555864
0.89861773
0.33708445
0.82679654
0.52985489
0.92170214
0.26701904
0.72416353
0.73907764
0.71351497
0.75632203
0.68190636
0.80256728
0.58627625
0.89745871
0.34049832
0.83086909
0.51994489
0.92352815
0.26130847
0.71419750
0.75524189
0.68395083
0.79979974
0.59244443
0.89337990
0.35243334
0.84442910
0.48606379
0.92428139
0.25894561
0.71000328
0.76182490
0.67135657
0.81635662
0.55469841
0.91392991
0.29104950
0.76345685
0.66818480
0.82034132
0.54531131
0.91740347
0.28036506
0.74651382
0.70015447
0.77677130
0.64157130
0.85084300
0.46956400
0.92157250
0.26742351
0.72486025
0.73792012
0.71555786
0.75307879
0.68801917
0.79420053
0.60475038
0.88440123
0.37827208
0.87017456
0.41799194
0.90011631
0.33265567
0.82138474
0.54283383
0.91821147
0.27786691
0.74243050
0.70754158
0.76562802
0.66393450
0.82556428
0.53282923
0.92101229
0.26917000
0.72785479
0.73290411
0.72429599
0.73885784
0.71390366
0.75570733
0.68307091
0.80099465
0.58978821
0.89517089
0.34720788
0.83862191
0.50074026
0.92499797
0.25669388
0.70596788
0.76803576
0.65918028
0.83124806
0.51901648
0.92366198
0.26088894
0.71345584
0.75641544
0.68172914
0.80280572
0.58574218
0.89779863
0.33949813
0.82968485
0.52283923
0.92306997
0.26274367
0.71672490
0.75121217
0.69150204
0.78930978
0.61530944
0.87580381
0.40245454
0.88979407
0.36282416
0.85537632
0.45771839
0.91838538
0.27732859
0.74154454
0.70912808
0.76318216
0.66872006
0.81967410
0.54689133
0.91686445
0.28202891
0.74920784
0.69521318
0.78399971
0.62657341
0.86572294
0.43011292
0.90692844
0.31231419
0.79466394
0.60374070
0.88518011
0.37605426
0.86815858
0.42349927
0.90334626
0.32305363
0.80915293
0.57137052
0.90615312
0.31464667
0.79788333
0.59668243
0.89041428
0.36103376
0.85354702
0.46251668
0.91980150
0.27293679
0.73423650
0.72199307
0.74266059
0.70712861
0.76626164
0.66268754
0.82707123
0.52919032
0.92184732
0.26656590
0.72338152
0.74037258
0.71121779
0.75993207
0.67501068
0.81167367
0.56558023
0.90908716
0.30579647
0.78545446
0.62350829
0.86855910
0.42240750
0.90272379
0.32491012
0.81157108
0.56581681
0.90897214
0.30614460
0.78595432
0.62245147
0.86952085
0.41978105
0.90119021
0.32947175
0.81740443
0.55224138
0.91490210
0.28806811
0.75881404
0.67715659
0.80887751
0.57200034
0.90581902
0.31565042
0.79925636
0.59364885
0.89255061
0.35484488
0.84704096
0.47938151
0.92342705
0.26162528
0.71475673
0.75435433
0.68562434
0.79751134
0.59750190
0.88982550
0.36273349
0.85528425
0.45796047
0.91846091
0.27709473
0.74115899
0.70981667
0.76211477
0.67079463
0.81706802
0.55303113
0.91459449
0.28901222
0.76029137
0.67431908
0.81256757
0.56351560
0.91007334
0.30280746
0.78112587
0.63258250
0.85996095
0.44558401
0.91404393
0.29070020
0.76291630
0.66923756
0.81902699
0.54842058
0.91632516
0.28369144
0.75187925
0.69026032
0.79106375
0.61154301
0.87896518
0.39362596
0.88313289
0.38187401
0.87337113
0.40919781
0.89449336
0.34918746
0.84084564
0.49514973
0.92491296
0.25696122
0.70644896
0.76730165
0.66063436
0.82952743
0.52322318
0.92300453
0.26294852
0.71708440
0.75063514
0.69257349
0.78778716
0.61856063
0.87299050
0.41024893
0.89519556
0.34713575
0.83854032
0.50094466
0.92499670
0.25669788
0.70597510
0.76802476
0.65920210
0.83122236
0.51907946
0.92365310
0.26091677
0.71350508
0.75633764
0.68187674
0.80260715
0.58618699
0.89751567
0.34033078
0.83067123
0.52042918
0.92345580
0.26153519
0.71459777
0.75460685
0.68514881
0.79816370
0.59606412
0.89085524
0.35975908
0.85223020
0.46595539
0.92071157
0.27010657
0.72945135
0.73020270
0.72892486
0.73109561
0.72740083
0.73366880
0.72297591
0.74104246
0.71002458
0.76179181
0.67142069
0.81627531
0.55488874
0.91385274
0.29128587
0.76382213
0.66747217
0.82122637
0.54321040
0.91809159
0.27823787
0.74303976
0.70644719
0.76730436
0.66062899
0.82953381
0.52320764
0.92300720
0.26294016
0.71706974
0.75065870
0.69252981
0.78784941
0.61842805
0.87310675
0.40992801
0.89498203
0.34776002
0.83924506
0.49917733
0.92499750
0.25669538
0.70597058
0.76803164
0.65918844
0.83123845
0.51904003
0.92365867
0.26089934
0.71347423
0.75638638
0.68178429
0.80273155
0.58590836
0.89769309
0.33980877
0.83005345
0.52193947
0.92321904
0.26227688
0.71590456
0.75252532
0.68905457
0.79275597
0.60788759
0.88193299
0.38527060
0.87629751
0.40108069
0.88879539
0.36570114
0.85826612
0.45008794
0.91578251
0.28536214
0.75454319
0.68526874
0.79799933
0.59642667
0.89059702
0.36050569
0.85300295
0.46393900
0.92018854
0.27173390
0.73220998
0.72549055
0.73686984
0.71740291
0.75012311
0.69352219
0.78643190
0.62144004
0.87043357
0.41728219
0.89968373
0.33393580
0.82296392
0.53906893
0.91935239
0.27433123
0.73657234
0.71792406
0.74928369
0.69507327
0.78420174
0.62614866
0.86612010
0.42903746
0.90636797
0.31400076
0.79699584
0.59863584
0.88900260
0.36510483
0.85767218
0.45166125
0.91635445
0.28360119
0.75173475
0.69052957
0.79068439
0.61235957
0.87828871
0.39552132
0.88461156
0.37767360
0.86963413
0.41947124
0.90100594
0.33001867
0.81809348
0.55062118
0.91551874
0.28617347
0.75582939
0.68283989
0.80130742
0.58909120
0.89563220
0.34585809
0.83708900
0.50457271
0.92492263
0.25693079
0.70639424
0.76738525
0.66046897
0.82972393
0.52274389
0.92308605
0.26269333
0.71663651
0.75135391
0.69123849
0.78968301
0.61450989
0.87648369
0.40056211
0.88841479
0.36679562
0.85934939
0.44721165
0.91468955
0.28872055
0.75983568
0.67519606
0.81143346
0.56613403
0.90881727
0.30661322
0.78662574
0.62102903
0.87080230
0.41627091
0.89906093
0.33577640
0.82521325
0.53367446
0.92080431
0.26981780
0.72895977
0.73103646
0.72750197
0.73349856
0.72327017
0.74055660
0.71089034
0.76044348
0.67402601
0.81294531
0.56264137
0.91048142
0.30156852
0.77931231
0.63634314
0.85621903
0.45549960
0.91767294
0.27953245
0.74515802
0.70262091
0.77309564
0.64904946
0.84280176
0.49020172
0.92464478
0.25780421
0.70796244
0.76498101
0.66520473
0.82401736
0.53654717
0.92005793
0.27213995
0.73289525
0.72431127
0.73883248
0.71394847
0.75563640
0.68320512
0.80081277
0.59019320
0.89490119
0.34799627
0.83951101
0.49850941
0.92499178
0.25671335
0.70600295
0.76798230
0.65928629
0.83112314
0.51932262
0.92361855
0.26102508
0.71369666
0.75603483
0.68245082
0.80183328
0.58791767
0.89640079
0.34360574
0.83450109
0.51100337
0.92455203
0.25809564
0.70848443
0.76417669
0.66677950
0.82208302
0.54117136
0.91872820
0.27626676
0.73979072
0.71225151
0.75831239
0.67811642
0.80761580
0.57487833
0.90425497
0.32033829
0.80557018
0.57951940
0.90160366
0.32824365
0.81584910
0.55588558
0.91344417
0.29253650
0.76574792
0.66369877
0.82585004
0.53214047
0.92117786
0.26865407
0.72697252
0.73438885
0.72172890
0.74309429
0.70634912
0.76745415
0.66033262
0.82988576
0.52234892
0.92315195
0.26248699
0.71627402
0.75193453
0.69015727
0.79120879
0.61123052
0.87922275
0.39290339
0.88256217
0.38349089
0.87477483
0.40531217
0.89182660
0.35694610
0.84928165
0.47360862
0.92242293
0.26476781
0.72026352
0.74549074
0.70201691
0.77399993
0.64721895
0.84480835
0.48509664
0.92417819
0.25926959
0.71058081
0.76092617
0.67309487
0.81414121
0.55986660
0.91173916
0.29774219
0.77363957
0.64794912
0.84401091
0.48712902
0.92438705
0.25861384
0.70941107
0.76274392
0.66957284
0.81860669
0.54941217
0.91596622
0.28479678
0.75364403
0.68695941
0.79567086
0.60154134
0.88685061
0.37128243
0.86369761
0.43557898
0.90964475
0.30410736
0.78301648
0.62863619
0.86377510
0.43537039
0.90954515
0.30440925
0.78345376
0.62771968
0.86464442
0.43302744
0.90840430
0.30786192
0.78840695
0.61723929
0.87414331
0.40706211
0.89304143
0.35341821
0.84550098
0.48332756
0.92397151
0.25991819
0.71173467
0.75912318
0.67656415
0.80965287
0.57022586
0.90675282
0.31284295
0.79539728
0.60213966
0.88639971
0.37257248
0.86492024
0.43228292
0.90803327
0.30898275
0.78999592
0.61383876
0.87705073
0.39898117
0.88724222
0.37016080
0.86262460
0.43846259
0.91098864
0.30002684
0.77703972
0.64102128
0.85141809
0.46806970
0.92122769
0.26849878
0.72670658
0.73483527
0.72095386
0.74436375
0.70405952
0.77093094
0.65340678
0.83792553
0.50248344
0.92497718
0.25675927
0.70608560
0.76785629
0.65953613
0.83082842
0.52004445
0.92351341
0.26135464
0.71427905
0.75511261
0.68419495
0.79946721
0.59318174
0.89287350
0.35390651
0.84602977
0.48197459
0.92379781
0.26046303
0.71270155
0.75760478
0.67946717
0.80582868
0.57893463
0.90194650
0.32722434
0.81454972
0.55891636
0.91215679
0.29646908
0.77172811
0.65180619
0.83973306
0.49795136
0.92498447
0.25673634
0.70604432
0.76791923
0.65941137
0.83097566
0.51968392
0.92356641
0.26118853
0.71398561
0.75557759
0.68331636
0.80066192
0.59052892
0.89467670
0.34865211
0.84024712
0.49665801
0.92495868
0.25681746
0.70619033
0.76769652
0.65985272
0.83045430
0.52095984
0.92337454
0.26178981
0.71504685
0.75389295
0.68649196
0.79631677
0.60012658
0.88790627
0.36825628
0.86078129
0.44339639
0.91314531
0.29345051
0.76714804
0.66093812
0.82916601
0.52410403
0.92285028
0.26343126
0.71793035
0.74927355
0.69509199
0.78417473
0.62620548
0.86606706
0.42918116
0.90644336
0.31377404
0.79668360
0.59932172
0.88850023
0.36655002
0.85910708
0.44785579
0.91493963
0.28795288
0.75863327
0.67750268
0.80842335
0.57303763
0.90526237
0.31732094
0.80152493
0.58860605
0.89595118
0.34492385
0.83602013
0.50723474
0.92480634
0.25729643
0.70705142
0.76637992
0.66245442
0.82735167
0.52851126
0.92199230
0.26611325
0.72259885
0.74166408
0.70891435
0.76351274
0.66807583
0.82047690
0.54498985
0.91751088
0.28003326
0.74597415
0.70113785
0.77531119
0.64455388
0.84768545
0.47772485
0.92316413
0.26244885
0.71620697
0.75204181
0.68995722
0.79149014
0.61062393
0.87972068
0.39150517
0.88144682
0.38664379
0.87745637
0.39784876
0.88639096
0.37259751
0.86494384
0.43221919
0.90800132
0.30907922
0.79013225
0.61354612
0.87729693
0.39829400
0.88672680
0.37163683
0.86403472
0.43467129
0.90920899
0.30542761
0.78492387
0.62462804
0.86753105
0.42520742
0.90430246
0.32019623
0.80538124
0.57994651
0.90135166
0.32899234
0.81679860
0.55366299
0.91434505
0.28977727
0.76148369
0.67201723
0.81551727
0.55666076
0.91312137
0.29352373
0.76725993
0.66071688
0.82942931
0.52346243
0.92296320
0.26307788
0.71731126
0.75027053
0.69324925
0.78682249
0.62061158
0.87117553
0.41524628
0.89842219
0.33766111
0.82749052
0.52817485
0.92206286
0.26589290
0.72221730
0.74229205
0.70778988
0.76524646
0.66468397
0.82465300
0.53502159
0.92046191
0.27088360
0.73077101
0.72795555
0.73273419
0.72458875
0.73837161
0.71476221
0.75434561
0.68564075
0.79748879
0.59755156
0.88978967
0.36283686
0.85538921
0.45768448
0.91837477
0.27736144
0.74159867
0.70903130
0.76333188
0.66842838
0.82003796
0.54603011
0.91716055
0.28111518
0.74773092
0.69792875
0.78004958
0.63481727
0.85774992
0.45145547
0.91628069
0.28382845
0.75209848
0.68985152
0.79163868
0.61030345
0.87998265
0.39076878
0.88085360
0.38831698
0.87884954
0.39395019
0.88338772
0.38115127
0.87273742
0.41094722
0.89565753
0.34578395
0.83700441
0.50478369
0.92491533
0.25695376
0.70643554
0.76732216
0.66059380
0.82957564
0.52310563
0.92302468
0.26288544
0.71697374
0.75081287
0.69224374
0.78825667
0.61755994
0.87386474
0.40783308
0.89356945
0.35188141
0.84382527
0.48760148
0.92443122
0.25847510
0.70916318
0.76312782
0.66882587
0.81954196
0.54720387
0.91675564
0.28236452
0.74974875
0.69421458
0.78543858
0.62354181
0.86852846
0.42249108
0.90277176
0.32476717
0.81138579
0.56624390
0.90876346
0.30677601
0.78685861
0.62053491
0.87124394
0.41505837
0.89830420
0.33800892
0.82790789
0.52716274
0.92227009
0.26524550
0.72109421
0.74413420
0.70447442
0.77030378
0.65466271
0.83649395
0.50605573
0.92486431
0.25711416
0.70672394
0.76688128
0.66146521
0.82853725
0.52563412
0.92256870
0.26431207
0.71946944
0.74678272
0.69966367
0.77749735
0.64008233
0.85239468
0.46552655
0.92060285
0.27044500
0.73002665
0.72922464
0.73058744
0.72826889
0.73220525
0.72549867
0.73685630
0.71742664
0.75008493
0.69359286
0.78633068
0.62165455
0.87024063
0.41781094
0.90000634
0.33298122
0.82178749
0.54187540
0.91851187
0.27693692
0.74089859
0.71028111
0.76139286
0.67219297
0.81529346
0.55718314
0.91290133
0.29419622
0.76828578
0.65868414
0.83183157
0.51758490
0.92385585
0.26028100
0.71237876
0.75811247
0.67849842
0.80711177
0.57602474
0.90361488
0.32225160
0.80810037
0.57377440
0.90486215
0.31852056
0.80314129
0.58498984
0.89827389
0.33809825
0.82801495
0.52690291
0.92232206
0.26508307
0.72081194
0.74459572
0.70363985
0.77156400
0.65213607
0.83936207
0.49888351
0.92499539
0.25670201
0.70598252
0.76801345
0.65922453
0.83119594
0.51914423
0.92364394
0.26094549
0.71355589
0.75625737
0.68202900
0.80240214
0.58664590
0.89722221
0.34119372
0.83168809
0.51793714
0.92380956
0.26042620
0.71263625
0.75770755
0.67927123
0.80608876
0.57834578
0.90228917
0.32620466
0.81324217
0.56195357
0.91079849
0.30060501
0.77789406
0.63926710
0.85323729
0.46332663
0.92002374
0.27224622
0.73307440
0.72400240
0.73934482
0.71304200
0.75706849
0.68048844
0.80446852
0.58200600
0.90011756
0.33265198
0.82138017
0.54284471
0.91820802
0.27787758
0.74244803
0.70751012
0.76567633
0.66383953
0.82567946
0.53255170
0.92107943
0.26896082
0.72749732
0.73350639
0.72325663
0.74057897
0.71085050
0.76050564
0.67390620
0.81309954
0.56228410
0.91064656
0.30106680
0.77857466
0.63786580
0.85467418
0.45956303
0.91894995
0.27557947
0.73865108
0.71426895
0.75512862
0.68416474
0.79950839
0.59309049
0.89293640
0.35372365
0.84583195
0.48248096
0.92386441
0.26025416
0.71233116
0.75818728
0.67835552
0.80730044
0.57559583
0.90385550
0.32153272
0.80715288
0.57593129
0.90366743
0.32209466
0.80789385
0.57424510
0.90460436
0.31929265
0.80417596
0.58266485
0.89971613
0.33383994
0.82284609
0.53935048
0.91927070
0.27458471
0.73699540
0.71718277
0.75047709
0.69286654
0.78736924
0.61944999
0.87220729
0.41240842
0.89661255
0.34298440
0.83378058
0.51278495
0.92439522
0.25858819
0.70936525
0.76281491
0.66943480
0.81877984
0.54900383
0.91611491
0.28433901
0.75291424
0.68832723
0.79377156
0.60568360
0.88367461
0.38033703
0.87201886
0.41292728
0.89694787
0.34199985
0.83263302
0.51561451
0.92409789
0.25952162
0.71102954
0.76022617
0.67444467
0.81240551
0.56389034
0.90989669
0.30334341
0.78190688
0.63095549
0.86154744
0.44134876
0.91227212
0.29611729
0.77119781
0.65287146
0.83853217
0.50096508
0.92499655
0.25669834
0.70597591
0.76802351
0.65920457
0.83121945
0.51908659
0.92365210
0.26091993
0.71351067
0.75632882
0.68189348
0.80258462
0.58623744
0.89748349
0.34042545
0.83078306
0.52015550
0.92349690
0.26140640
0.71437045
0.75496765
0.68446855
0.79909401
0.59400825
0.89230106
0.35556955
0.84781743
0.47738523
0.92310772
0.26262548
0.71651735
0.75154487
0.69088316
0.79018539
0.61343202
0.87739276
0.39802642
0.88652514
0.37221377
0.86458151
0.43319718
0.90848832
0.30760799
0.78804566
0.61800989
0.87347257
0.40891750
0.89430472
0.34973803
0.84145895
0.49360139
0.92484851
0.25716384
0.70681321
0.76674469
0.66173490
0.82821474
0.52641782
0.92241777
0.26478396
0.72029163
0.74544492
0.70210013
0.77387549
0.64747120
0.84453330
0.48579817
0.92425374
0.25903243
0.71015813
0.76158417
0.67182276
0.81576467
0.55608289
0.91336242
0.29278657
0.76613160
0.66294369
0.82676261
0.52993692
0.92168399
0.26707567
0.72426115
0.73891566
0.71380144
0.75586909
0.68276473
0.80140910
0.58886444
0.89578151
0.34542088
0.83658960
0.50581753
0.92487478
0.25708126
0.70666480
0.76697174
0.66128654
0.82875061
0.52511523
0.92266613
0.26400736
0.71893765
0.74764533
0.69808562
0.77981972
0.63529342
0.85727406
0.45271442
0.91672707
0.28245263
0.74989062
0.69395231
0.78581525
0.62274568
0.86925395
0.42051064
0.90162133
0.32819113
0.81578234
0.55604161
0.91337955
0.29273418
0.76605126
0.66310189
0.82657177
0.53039826
0.92158100
0.26739701
0.72481463
0.73799601
0.71542423
0.75329188
0.68761992
0.79475543
0.60354118
0.88533313
0.37561801
0.86775775
0.42459068
0.90395971
0.32122125
0.80674119
0.57686642
0.90313875
0.32367286
0.80996234
0.56951639
0.90711964
0.31173830
0.79386287
0.60548507
0.88382973
0.37989653
0.87162808
0.41400252
0.89763640
0.33997557
0.83025108
0.52145664
0.92329657
0.26203406
0.71547718
0.75320746
0.68777814
0.79453567
0.60402033
0.88496515
0.37666678
0.86871899
0.42197134
0.90247265
0.32565832
0.81253842
0.56358301
0.91004164
0.30290366
0.78126621
0.63229047
0.86024715
0.44482135
0.91373467
0.29164739
0.76438001
0.66638188
0.82257316
0.54000226
0.91907933
0.27517830
0.73798426
0.71544493
0.75325889
0.68768176
0.79466956
0.60372846
0.88518951
0.37602746
0.86813400
0.42356623
0.90338415
0.32294053
0.80900480
0.57170933
0.90597376
0.31518564
0.79862152
0.59505320
0.89157009
0.35768960
0.85006668
0.47157729
0.92201095
0.26605499
0.72249801
0.74183014
0.70861727
0.76397169
0.66718011
0.82158800
0.54235029
0.91836388
0.27739517
0.74165423
0.70893196
0.76348551
0.66812894
0.82041085
0.54514649
0.91745864
0.28019465
0.74623676
0.70065960
0.77602218
0.64310349
0.84922915
0.47374430
0.92244936
0.26468518
0.72011967
0.74572513
0.70159090
0.77463610
0.64592754
0.84620907
0.48151534
0.92373577
0.26065758
0.71304625
0.75706179
0.68050118
0.80445150
0.58204436
0.90009428
0.33272090
0.82146551
0.54264174
0.91827222
0.27767888
0.74212129
0.70809595
0.76477548
0.66560759
0.82352427
0.53772858
0.91973325
0.27314880
0.73459257
0.72137541
0.74367383
0.70530534
0.76904395
0.65717680
0.83359318
0.51324769
0.92435065
0.25872816
0.70961523
0.76242739
0.67018790
0.81783349
0.55123294
0.91528819
0.28688216
0.75694892
0.68071584
0.80416460
0.58269041
0.89970050
0.33388620
0.82290296
0.53921461
0.91931019
0.27446216
0.73679093
0.71754121
0.74990055
0.69393395
0.78584161
0.62268993
0.86930457
0.42037229
0.90153988
0.32843317
0.81608984
0.55532268
0.91367578
0.29182768
0.76465785
0.66583802
0.82324167
0.53840483
0.91954275
0.27374034
0.73558430
0.71965013
0.74648913
0.70019950
0.77670459
0.64170791
0.85069981
0.46993568
0.92165571
0.26716392
0.72441323
0.73866319
0.71424756
0.75516253
0.68410070
0.79959565
0.59289705
0.89306951
0.35333653
0.84541236
0.48355411
0.92399927
0.25983109
0.71157991
0.75936559
0.67609911
0.81025968
0.56883405
0.90746893
0.31068555
0.79239214
0.60867529
0.88130182
0.38705300
0.87779901
0.39689125
0.88566377
0.37467479
0.86688629
0.42695947
0.90526080
0.31732563
0.80153128
0.58859189
0.89596046
0.34489665
0.83598892
0.50731235
0.92480216
0.25730956
0.70707500
0.76634379
0.66252565
0.82726603
0.52871871
0.92194837
0.26625041
0.72283618
0.74127293
0.70961328
0.76243041
0.67018204
0.81784087
0.55121558
0.91529477
0.28686194
0.75691702
0.68077649
0.80408349
0.58287296
0.89958867
0.33421691
0.82330908
0.53824357
0.91958849
0.27359835
0.73534649
0.72006451
0.74581497
0.70142751
0.77487975
0.64543215
0.84674311
0.48014609
0.92354154
0.26126648
0.71412333
0.75535944
0.68372876
0.80010185
0.59177385
0.89383697
0.35110203
0.84296876
0.48977800
0.92461339
0.25790284
0.70813917
0.76470893
0.66573798
0.82336441
0.53811121
0.91962588
0.27348224
0.73515190
0.72040326
0.74526289
0.70243062
0.77338083
0.64847282
0.84343655
0.48858995
0.92451830
0.25820159
0.70867405
0.76388402
0.66735133
0.82137607
0.54285447
0.91820493
0.27788716
0.74246378
0.70748187
0.76571971
0.66375423
0.82578284
0.53230250
0.92113923
0.26877447
0.72717860
0.73404257
0.72232907
0.74210820
0.70811939
0.76473938
0.66567832
0.82343757
0.53793610
0.91967515
0.27332924
0.73489535
0.72084945
0.74453443
0.70375078
0.77139679
0.65247199
0.83898348
0.49983375
0.92499990
0.25668782
0.70595698
0.76805237
0.65914732
0.83128688
0.51892132
0.92367534
0.26084706
0.71338173
0.75653248
0.68150703
0.80310424
0.58507294
0.89822160
0.33825236
0.82819950
0.52645483
0.92241052
0.26480659
0.72033102
0.74538069
0.70221678
0.77370099
0.64782474
0.84414703
0.48678244
0.92435360
0.25871889
0.70959868
0.76245305
0.67013807
0.81789624
0.55108533
0.91534407
0.28671043
0.75667796
0.68123077
0.80347502
0.58424078
0.89874291
0.33671513
0.82635079
0.53093211
0.92145986
0.26777488
0.72546452
0.73691327
0.71732678
0.75024557
0.69329548
0.78675637
0.62075189
0.87105023
0.41559039
0.89863757
0.33702593
0.82672598
0.53002550
0.92166434
0.26713699
0.72436684
0.73874023
0.71411147
0.75537822
0.68369326
0.80015011
0.59166668
0.89390971
0.35089001
0.84273498
0.49037111
0.92465695
0.25776595
0.70789386
0.76508653
0.66499779
0.82427020
0.53594069
0.92022059
0.27163424
0.73204159
0.72577979
0.73638690
0.71824857
0.74875997
0.69603836
0.78280516
0.62907859
0.86335325
0.43650533
0.91008318
0.30277761
0.78108232
0.63267311
0.85987203
0.44582084
0.91413909
0.29040862
0.76246437
0.67011608
0.81792392
0.55102021
0.91536867
0.28663480
0.75655858
0.68145747
0.80317080
0.58492363
0.89831551
0.33797558
0.82786793
0.52725970
0.92225056
0.26530651
0.72120018
0.74396078
0.70478760
0.76982954
0.65561047
0.83540591
0.50876064
0.92471603
0.25758029
0.70756093
0.76559830
0.66399290
0.82549342
0.53299994
0.92097072
0.26929953
0.72807598
0.73253098
0.72493857
0.73778977
0.71578730
0.75271262
0.68870443
0.79324536
0.60682649
0.88277598
0.38288544
0.87425147
0.40676261
0.89283512
0.35401811
0.84615036
0.48166572
0.92375626
0.26059334
0.71293246
0.75724114
0.68015989
0.80490693
0.58101752
0.90071380
0.33088527
0.81918077
0.54805746
0.91645478
0.28329204
0.75123934
0.69145153
0.78938135
0.61515620
0.87593448
0.40209109
0.88953123
0.36358207
0.85614355
0.45569857
0.91773832
0.27933039
0.74482821
0.70321885
0.77219777
0.65086099
0.84079156
0.49528612
0.92491778
0.25694605
0.70642167
0.76734335
0.66055187
0.82962545
0.52298412
0.92304540
0.26282058
0.71685991
0.75099559
0.69190449
0.78873886
0.61653052
0.87475636
0.40536338
0.89186247
0.35684208
0.84917149
0.47389330
0.92247823
0.26459494
0.71996250
0.74598105
0.70112530
0.77532987
0.64451581
0.84772617
0.47762009
0.92314682
0.26250305
0.71630224
0.75188936
0.69024148
0.79109027
0.61148588
0.87901232
0.39349374
0.88302874
0.38216923
0.87362887
0.40848543
0.89401281
0.35058945
0.84240301
0.49121267
0.92471430
0.25758574
0.70757070
0.76558330
0.66402239
0.82545762
0.53308615
0.92094964
0.26936520
0.72818808
0.73234175
0.72526405
0.73724759
0.71674024
0.75118757
0.69154779
0.78924495
0.61544823
0.87568531
0.40278402
0.89003150
0.36213909
0.85467917
0.45954995
0.91894604
0.27559161
0.73867124
0.71423335
0.75518507
0.68405814
0.79965362
0.59276852
0.89315781
0.35307967
0.84513334
0.48426701
0.92408415
0.25956475
0.71110629
0.76010630
0.67467543
0.81210743
0.56457913
0.90956928
0.30433611
0.78334788
0.62794173
0.86443438
0.43359405
0.90868392
0.30701656
0.78720235
0.61980479
0.87189321
0.41327314
0.89717027
0.34134638
0.83186740
0.51749690
0.92386728
0.26024517
0.71231519
0.75821236
0.67830760
0.80736368
0.57545201
0.90393588
0.32129249
0.80683541
0.57665251
0.90326025
0.32331032
0.80948880
0.57060173
0.90655697
0.31343230
0.79621223
0.60035577
0.88773626
0.36874418
0.86125607
0.44212800
0.91260808
0.29509193
0.76964692
0.65597499
0.83498567
0.50980303
0.92464443
0.25780529
0.70796438
0.76497802
0.66521059
0.82401020
0.53656434
0.92005328
0.27215439
0.73291960
0.72426931
0.73890212
0.71382537
0.75583123
0.68283641
0.80131214
0.58908069
0.89563914
0.34583779
0.83706585
0.50463046
0.92492067
0.25693698
0.70640536
0.76736827
0.66050258
0.82968401
0.52284128
0.92306962
0.26274475
0.71672681
0.75120912
0.69150772
0.78930174
0.61532667
0.87578911
0.40249541
0.88982357
0.36273908
0.85528992
0.45794556
0.91845627
0.27710910
0.74118269
0.70977437
0.76218044
0.67066725
0.81722895
0.55265343
0.91474218
0.28855902
0.75958304
0.67568159
0.81080312
0.56758526
0.90809926
0.30878347
0.78971408
0.61444327
0.87654013
0.40040487
0.88829900
0.36712839
0.85967700
0.44634009
0.91434627
0.28977351
0.76147785
0.67202853
0.81550288
0.55669435
0.91310728
0.29356680
0.76732573
0.66058673
0.82958404
0.52308513
0.92302818
0.26287448
0.71695450
0.75084376
0.69218642
0.78833821
0.61738599
0.87401596
0.40741462
0.89328341
0.35271419
0.84473550
0.48528251
0.92419856
0.25920564
0.71046688
0.76110366
0.67275206
0.81457989
0.55884613
0.91218739
0.29637575
0.77158752
0.65208882
0.83941527
0.49874992
0.92499422
0.25670568
0.70598914
0.76800335
0.65924455
0.83117234
0.51920206
0.92363574
0.26097121
0.71360138
0.75618546
0.68216533
0.80221843
0.58705688
0.89695807
0.34196987
0.83259797
0.51570078
0.92408790
0.25955299
0.71108537
0.76013898
0.67461253
0.81218872
0.56439136
0.90965889
0.30406451
0.78295435
0.62876630
0.86365119
0.43570391
0.90970425
0.30392699
0.78275489
0.62918380
0.86325272
0.43677560
0.91020990
0.30239301
0.78052047
0.63384059
0.85872078
0.44888179
0.91533164
0.28674864
0.75673827
0.68111621
0.80362860
0.58389580
0.89895753
0.33608169
0.82558391
0.53278193
0.92102378
0.26913423
0.72779368
0.73300715
0.72411838
0.73915253
0.71338245
0.75653134
0.68150919
0.80310133
0.58507946
0.89821750
0.33826445
0.82821396
0.52641971
0.92241740
0.26478511
0.72029364
0.74544164
0.70210609
0.77386658
0.64748925
0.84451360
0.48584839
0.92425901
0.25901589
0.71012863
0.76163005
0.67173396
0.81587755
0.55581907
0.91347166
0.29245240
0.76561878
0.66395265
0.82554226
0.53288228
0.92099939
0.26921019
0.72792343
0.73278837
0.72449542
0.73852668
0.71448859
0.75478018
0.68482212
0.79861091
0.59507665
0.89155360
0.35773739
0.85011700
0.47144693
0.92198347
0.26614081
0.72264656
0.74158548
0.70905488
0.76329541
0.66849946
0.81994935
0.54623992
0.91708892
0.28133629
0.74808887
0.69727208
0.78100979
0.63282394
0.85972387
0.44621534
0.91429668
0.28992557
0.76171432
0.67157078
0.81608483
0.55533440
0.91367099
0.29184236
0.76468047
0.66579371
0.82329604
0.53827477
0.91957966
0.27362578
0.73539243
0.71998449
0.74594524
0.70119047
0.77523287
0.64471341
0.84751470
0.47816407
0.92323581
0.26222436
0.71581216
0.75267292
0.68877867
0.79314167
0.60705145
0.88259795
0.38338960
0.87468745
0.40555446
0.89199615
0.35645436
0.84876021
0.47495538
0.92267924
0.26396637
0.71886606
0.74776129
0.69787307
0.78013112
0.63464826
0.85791843
0.45100928
0.91611966
0.28432438
0.75289089
0.68837093
0.79371066
0.60581599
0.88357102
0.38063112
0.87227896
0.41221099
0.89648443
0.34336036
0.83421688
0.51170658
0.92449294
0.25828126
0.70881659
0.76366384
0.66778111
0.82084315
0.54412078
0.91779742
0.27914767
0.74452972
0.70375929
0.77138395
0.65249777
0.83895439
0.49990671
0.92499997
0.25668760
0.70595658
0.76805298
0.65914613
0.83128829
0.51891786
0.92367582
0.26084554
0.71337904
0.75653672
0.68149896
0.80311507
0.58504865
0.89823689
0.33820730
0.82814555
0.52658584
0.92238481
0.26488696
0.72047087
0.74515261
0.70263074
0.77308090
0.64907925
0.84276890
0.49028509
0.92465080
0.25778530
0.70792854
0.76503317
0.66510244
0.82414238
0.53624735
0.92013868
0.27188891
0.73247173
0.72504051
0.73762005
0.71608584
0.75223557
0.68959571
0.79199783
0.60952788
0.88061348
0.38899351
0.87940697
0.39238631
0.88215139
0.38465317
0.87577190
0.40254327
0.88985809
0.36263949
0.85518873
0.45821156
0.91853879
0.27685354
0.74076094
0.71052643
0.76101091
0.67293124
0.81435071
0.55937943
0.91195411
0.29708711
0.77265752
0.64993414
0.84182309
0.49268080
0.92480179
0.25731073
0.70707710
0.76634058
0.66253197
0.82725843
0.52873711
0.92194446
0.26626262
0.72285731
0.74123810
0.70967547
0.76233394
0.67036935
0.81760485
0.55177049
0.91508332
0.28751159
0.75794011
0.67882754
0.80667663
0.57701294
0.90305533
0.32392169
0.81028679
0.56877181
0.90750062
0.31059000
0.79225826
0.60896491
0.88106860
0.38771088
0.87834727
0.39535738
0.88448471
0.37803458
0.86996042
0.41857837
0.90047092
0.33160526
0.82007988
0.54593082
0.91719433
0.28101089
0.74756195
0.69823839
0.77959570
0.63575711
0.85680903
0.45394307
0.91715141
0.28114340
0.74777662
0.69784496
0.78017227
0.63456295
0.85800341
0.45078417
0.91603787
0.28457622
0.75329260
0.68761858
0.79475729
0.60353711
0.88533624
0.37560912
0.86774956
0.42461296
0.90397214
0.32118410
0.80669203
0.57697800
0.90307523
0.32386232
0.81020941
0.56894945
0.90741010
0.31086293
0.79264052
0.60813765
0.88173312
0.38583535
0.87677580
0.39974800
0.88781328
0.36852318
0.86104122
0.44270217
0.91285275
0.29434466
0.76851176
0.65823531
0.83235787
0.51629151
0.92401797
0.25977241
0.71147561
0.75952884
0.67578568
0.81066775
0.56789652
0.90794323
0.30925459
0.79037989
0.61301422
0.87774281
0.39704836
0.88578355
0.37433289
0.86656877
0.42782114
0.90572378
0.31593638
0.79964616
0.59278506
0.89314645
0.35311272
0.84516927
0.48417526
0.92407344
0.25959837
0.71116610
0.76001285
0.67485528
0.81187484
0.56511611
0.90931160
0.30511685
0.78447607
0.62557146
0.86665769
0.42757991
0.90559472
0.31632380
0.80017330
0.59161516
0.89394465
0.35078816
0.84262256
0.49065620
0.92467697
0.25770306
0.70778111
0.76525994
0.66465750
0.82468525
0.53494410
0.92048197
0.27082119
0.73066516
0.72813625
0.73242924
0.72511359
0.73749832
0.71629983
0.75189321
0.69023429
0.79110038
0.61146410
0.87903029
0.39344334
0.88298901
0.38228185
0.87372702
0.40821403
0.89382875
0.35112600
0.84299517
0.48971096
0.92460830
0.25791882
0.70816780
0.76466481
0.66582439
0.82325841
0.53836481
0.91955412
0.27370505
0.73552520
0.71975316
0.74632163
0.70050491
0.77625178
0.64263432
0.84972517
0.47246154
0.92219404
0.26548310
0.72150676
0.74345860
0.70569326
0.76845404
0.65834998
0.83222355
0.51662181
0.92397775
0.25989862
0.71169991
0.75917765
0.67645970
0.80978931
0.56991316
0.90691496
0.31235481
0.79472034
0.60361771
0.88527447
0.37578525
0.86791158
0.42417197
0.90372541
0.32192145
0.80766571
0.57476471
0.90431788
0.32015008
0.80531982
0.58008528
0.90126949
0.32923635
0.81710717
0.55293925
0.91463051
0.28890169
0.76011877
0.67465144
0.81213844
0.56450750
0.90960350
0.30423241
0.78319769
0.62825655
0.86413595
0.43439853
0.90907686
0.30582766
0.78549929
0.62341359
0.86864562
0.42217150
0.90258808
0.32531450
0.81209441
0.56460920
0.90955491
0.30437968
0.78341095
0.62780947
0.86455954
0.43325647
0.90851761
0.30751943
0.78791955
0.61827864
0.87323761
0.40956665
0.89474069
0.34846521
0.84003766
0.49718523
0.92497069
0.25677969
0.70612236
0.76780022
0.65964726
0.83069718
0.52036569
0.92346538
0.26150516
0.71454478
0.75469099
0.68499024
0.79838086
0.59558479
0.89119512
0.35877559
0.85120596
0.46862118
0.92135687
0.26809604
0.72601606
0.73599195
0.71893886
0.74764337
0.69808922
0.77981444
0.63530435
0.85726312
0.45274334
0.91673719
0.28242142
0.74984038
0.69404521
0.78568189
0.62302767
0.86899751
0.42121109
0.90203154
0.32697137
0.81422605
0.55966937
0.91182639
0.29747638
0.77324147
0.64875466
0.84312659
0.48937734
0.92458249
0.25799993
0.70831307
0.76444096
0.66626262
0.82271994
0.53965181
0.91918261
0.27485796
0.73745093
0.71638311
0.75175990
0.69048272
0.79075043
0.61221750
0.87840676
0.39519080
0.88435561
0.37840182
0.87029136
0.41767194
0.89992173
0.33323165
0.82209678
0.54113857
0.91873819
0.27623582
0.73973950
0.71234240
0.75816960
0.67838929
0.80725587
0.57569718
0.90379877
0.32170226
0.80737669
0.57542242
0.90395240
0.32124310
0.80677009
0.57680080
0.90317605
0.32356156
0.80981706
0.56984954
0.90694785
0.31225575
0.79458276
0.60391770
0.88504411
0.37644182
0.86851349
0.42253189
0.90279516
0.32469742
0.81129531
0.56645234
0.90866112
0.30708553
0.78730083
0.61959547
0.87207862
0.41276276
0.89684176
0.34231150
0.83299704
0.51471799
0.92419851
0.25920581
0.71046719
0.76110318
0.67275298
0.81457871
0.55884887
0.91218620
0.29637939
0.77159299
0.65207782
0.83942765
0.49871883
0.92499393
0.25670660
0.70599079
0.76800084
0.65924953
0.83116647
0.51921645
0.92363369
0.26097763
0.71361273
0.75616753
0.68219933
0.80217260
0.58715937
0.89689200
0.34216393
0.83282476
0.51514241
0.92415162
0.25935300
0.71072938
0.76069458
0.67354184
0.81356795
0.56119802
0.91114277
0.29955801
0.77634513
0.64244346
0.84992649
0.47194038
0.92208683
0.26581801
0.72208754
0.74250536
0.70740726
0.76583424
0.66352898
0.82605561
0.53164463
0.92129488
0.26828930
0.72634756
0.73543710
0.71990668
0.74607189
0.70095992
0.77557591
0.64401430
0.84826156
0.47624137
0.92291145
0.26323985
0.71759513
0.74981373
0.69409446
0.78561116
0.62317719
0.86886130
0.42158295
0.90224784
0.32632771
0.81340036
0.56158680
0.91096615
0.30009526
0.77714095
0.64081371
0.85163455
0.46750664
0.92109347
0.26891707
0.72742251
0.73363231
0.72303899
0.74093835
0.71021023
0.76150314
0.67197959
0.81556517
0.55654890
0.91316822
0.29338048
0.76704099
0.66114971
0.82891385
0.52471800
0.92273938
0.26377826
0.71853737
0.74829325
0.69689670
0.78155725
0.63168441
0.86083910
0.44324204
0.91308057
0.29364843
0.76745040
0.66034004
0.82987696
0.52237040
0.92314839
0.26249812
0.71629358
0.75190323
0.69021562
0.79112666
0.61140748
0.87907698
0.39331238
0.88288569
0.38257464
0.87398176
0.40750929
0.89334823
0.35252552
0.84452973
0.48580729
0.92425470
0.25902942
0.71015276
0.76159252
0.67180661
0.81578521
0.55603490
0.91338233
0.29272567
0.76603820
0.66312759
0.82654074
0.53047325
0.92156411
0.26744969
0.72490531
0.73784512
0.71568989
0.75286813
0.68841353
0.79365126
0.60594506
0.88346988
0.38091814
0.87253219
0.41151315
0.89602929
0.34469498
0.83575729
0.50788805
0.92476978
0.25741134
0.70725775
0.76606363
0.66307753
0.82660116
0.53032722
0.92159696
0.26734721
0.72472891
0.73813859
0.71517304
0.75369208
0.68686922
0.79579561
0.60126833
0.88705548
0.37069580
0.86313757
0.43708509
0.91035434
0.30195446
0.77987847
0.63517176
0.85739581
0.45239248
0.91661404
0.28280114
0.75045123
0.69291447
0.78730083
0.61959546
0.87207862
0.41276274
0.89684174
0.34231153
0.83299708
0.51471788
0.92419852
0.25920578
0.71046713
0.76110328
0.67275279
0.81457896
0.55884829
0.91218645
0.29637862
0.77159184
0.65208014
0.83942504
0.49872538
0.92499399
0.25670641
0.70599044
0.76800137
0.65924847
0.83116772
0.51921339
0.92363413
0.26097626
0.71361032
0.75617134
0.68219210
0.80218234
0.58713757
0.89690606
0.34212264
0.83277654
0.51526117
0.92413826
0.25939493
0.71080404
0.76057812
0.67376645
0.81327931
0.56186746
0.91083794
0.30048508
0.77771705
0.63963098
0.85286180
0.46430765
0.92028641
0.27142954
0.73169552
0.72637358
0.73539350
0.71998263
0.74594828
0.70118494
0.77524110
0.64469664
0.84753266
0.47811789
0.92322834
0.26224776
0.71585332
0.75260717
0.68890158
0.79296992
0.60742392
0.88230238
0.38422610
0.87540670
0.40355830
0.89058629
0.36053669
0.85303494
0.46385542
0.92016621
0.27180333
0.73232723
0.72528902
0.73720598
0.71681330
0.75107038
0.69176556
0.78893609
0.61610896
0.87511923
0.40435659
0.89115365
0.35889564
0.85133137
0.46829519
0.92128078
0.26833327
0.72642294
0.73531081
0.72012665
0.74571376
0.70161157
0.77460527
0.64599021
0.84614138
0.48168874
0.92375938
0.26058355
0.71291512
0.75726846
0.68010788
0.80497626
0.58086109
0.90080749
0.33060740
0.81883275
0.54887901
0.91616012
0.28419980
0.75269201
0.68874297
0.79319154
0.60694326
0.88268361
0.38314703
0.87447792
0.40613526
0.89240082
0.35527991
0.84750755
0.47818245
0.92323878
0.26221506
0.71579580
0.75269905
0.68872981
0.79320992
0.60690339
0.88271516
0.38305770
0.87440064
0.40634939
0.89254938
0.35484843
0.84704478
0.47937171
0.92342555
0.26162996
0.71476499
0.75434120
0.68564905
0.79747740
0.59757663
0.88977156
0.36288908
0.85544220
0.45754511
0.91833105
0.27749678
0.74182157
0.70863262
0.76394799
0.66722639
0.82153073
0.54248655
0.91832110
0.27752758
0.74187228
0.70854186
0.76408809
0.66695269
0.82186916
0.54168090
0.91857200
0.27675068
0.74059105
0.71082901
0.76053918
0.67384155
0.81318273
0.56209133
0.91073527
0.30079720
0.77817751
0.63868392
0.85383705
0.46175756
0.91958881
0.27359736
0.73534483
0.72006740
0.74581025
0.70143609
0.77486696
0.64545818
0.84671510
0.48021798
0.92355208
0.26123344
0.71406495
0.75545192
0.68355396
0.80033939
0.59124614
0.89419433
0.35006008
0.84181668
0.49269703
0.92480267
0.25730797
0.70707214
0.76634817
0.66251700
0.82727643
0.52869352
0.92195372
0.26623371
0.72280728
0.74132058
0.70952819
0.76256237
0.66992571
0.81816344
0.55045649
0.91558033
0.28598407
0.75552958
0.68340715
0.80053872
0.59080296
0.89449284
0.34918896
0.84084732
0.49514549
0.92491280
0.25696170
0.70644982
0.76730034
0.66063696
0.82952434
0.52323072
0.92300324
0.26295257
0.71709151
0.75062372
0.69259469
0.78775696
0.61862494
0.87293405
0.41040471
0.89529893
0.34683340
0.83819797
0.50180188
0.92498799
0.25672528
0.70602442
0.76794957
0.65935120
0.83104662
0.51951010
0.92359162
0.26110952
0.71384596
0.75579865
0.68289809
0.80122867
0.58926678
0.89551634
0.34619726
0.83747545
0.50360818
0.92495183
0.25683899
0.70622907
0.76763741
0.65996980
0.83031575
0.52129856
0.92332157
0.26195573
0.71533922
0.75342738
0.68736588
0.79510790
0.60277192
0.88592035
0.37394229
0.86620498
0.42880749
0.90624702
0.31436443
0.79749591
0.59753587
0.88980099
0.36280419
0.85535605
0.45777169
0.91840205
0.27727699
0.74145950
0.70928004
0.76294690
0.66917804
0.81910153
0.54824460
0.91638810
0.28349752
0.75156870
0.69083879
0.79024805
0.61329745
0.87750564
0.39771112
0.88628684
0.37289516
0.86522413
0.43146193
0.90761937
0.31023185
0.79175578
0.61005068
0.88018874
0.39018914
0.88038383
0.38964013
0.87993659
0.39089830
0.88095823
0.38802207
0.87860549
0.39463418
0.88392276
0.37963227
0.87139295
0.41464892
0.89804621
0.33876908
0.82881699
0.52495373
0.92269605
0.26391378
0.71877419
0.74791005
0.69760024
0.78053033
0.63382011
0.85874105
0.44882797
0.91531126
0.28681125
0.75683706
0.68092849
0.80388006
0.58333056
0.89930727
0.33504871
0.82432697
0.53580446
0.92025675
0.27152178
0.73185150
0.72610607
0.73584136
0.71920175
0.74721720
0.69886953
0.77866837
0.63767259
0.85487116
0.45904591
0.91879422
0.27606218
0.73945186
0.71285238
0.75736730
0.67991968
0.80522697
0.58029505
0.90114501
0.32960592
0.81757367
0.55184376
0.91505523
0.28759788
0.75807575
0.67856856
0.80701910
0.57623530
0.90349626
0.32260584
0.80856586
0.57271231
0.90543780
0.31679469
0.80081252
0.59019376
0.89490081
0.34799738
0.83951226
0.49850628
0.92499174
0.25671346
0.70600315
0.76798200
0.65928689
0.83112244
0.51932433
0.92361831
0.26102585
0.71369802
0.75603268
0.68245488
0.80182780
0.58792993
0.89639281
0.34362913
0.83452816
0.51093637
0.92455746
0.25807855
0.70845384
0.76422388
0.66668724
0.82219685
0.54090001
0.91881060
0.27601142
0.73936774
0.71300142
0.75713246
0.68036673
0.80463102
0.58163977
0.90033930
0.33199523
0.82056527
0.54478025
0.91758050
0.27981816
0.74562384
0.70177504
0.77436128
0.64648579
0.84560508
0.48306138
0.92393841
0.26002204
0.71191914
0.75883404
0.67711829
0.80892772
0.57188556
0.90588013
0.31546690
0.79900588
0.59420329
0.89216524
0.35596378
0.84823820
0.47630157
0.92292202
0.26320677
0.71753717
0.74990705
0.69392193
0.78585886
0.62265343
0.86933770
0.42028175
0.90148651
0.32859177
0.81629111
0.55485176
0.91386775
0.29123989
0.76375110
0.66761082
0.82105446
0.54361892
0.91796034
0.27864386
0.74370540
0.70524840
0.76913044
0.65700458
0.83379338
0.51275332
0.92439821
0.25857880
0.70934848
0.76284089
0.66938427
0.81884318
0.54885439
0.91616902
0.28417239
0.75264823
0.68882482
0.79307719
0.60719132
0.88248708
0.38370345
0.87495791
0.40480428
0.89146977
0.35798026
0.85037246
0.47078482
0.92184195
0.26658266
0.72341048
0.74032471
0.71130293
0.75979897
0.67526664
0.81134194
0.56634493
0.90871389
0.30692592
0.78707288
0.62007989
0.87164903
0.41394488
0.89759971
0.34008353
0.83037887
0.52114426
0.92334581
0.26187982
0.71520548
0.75364042
0.68696618
0.79566150
0.60156183
0.88683522
0.37132650
0.86373959
0.43546600
0.90959084
0.30427076
0.78325324
0.62814012
0.86424640
0.43410086
0.90893202
0.30626602
0.78612843
0.62208292
0.86985431
0.41886881
0.90064560
0.33108748
0.81943367
0.54745987
0.91666597
0.28264102
0.75019378
0.69339137
0.78661918
0.62104295
0.87078984
0.41630512
0.89908212
0.33571381
0.82513717
0.53385753
0.92075857
0.26996023
0.72920231
0.73062532
0.72820427
0.73231441
0.72531106
0.73716923
0.71687779
0.75096689
0.69195780
0.78866315
0.61669227
0.87461678
0.40575038
0.89213293
0.35605752
0.84833808
0.47604415
0.92287663
0.26334880
0.71778598
0.74950628
0.69466247
0.78479413
0.62490153
0.86727855
0.42589392
0.90468067
0.31906415
0.80387021
0.58335272
0.89929360
0.33508909
0.82437625
0.53568617
0.92028804
0.27142447
0.73168693
0.72638831
0.73536883
0.72002560
0.74587832
0.70131225
0.77505150
0.64508268
0.84711876
0.47918170
0.92339641
0.26172127
0.71492600
0.75408521
0.68613062
0.79681495
0.59903327
0.88871192
0.36594126
0.85850454
0.44945563
0.91554749
0.28608506
0.75568947
0.68310472
0.80094885
0.58989021
0.89510307
0.34740618
0.83884596
0.50017863
0.92499988
0.25668787
0.70595707
0.76805224
0.65914760
0.83128656
0.51892210
0.92367523
0.26084741
0.71338234
0.75653152
0.68150885
0.80310179
0.58507842
0.89821815
0.33826252
0.82821166
0.52642530
0.92241630
0.26478853
0.72029958
0.74543195
0.70212369
0.77384025
0.64754261
0.84445536
0.48599688
0.92427448
0.25896732
0.71004202
0.76176469
0.67147321
0.81620867
0.55504469
0.91378930
0.29148012
0.76412201
0.66688639
0.82195105
0.54148584
0.91863202
0.27656475
0.74028374
0.71137577
0.75968504
0.67548561
0.81105777
0.56699935
0.90839102
0.30790205
0.78846400
0.61711752
0.87424890
0.40676972
0.89284003
0.35400384
0.84613495
0.48170521
0.92376161
0.26057655
0.71290273
0.75728798
0.68007070
0.80502580
0.58074926
0.90087436
0.33040906
0.81858398
0.54946571
0.91594663
0.28485708
0.75374003
0.68677919
0.79592008
0.60099583
0.88725942
0.37011153
0.86257724
0.43858965
0.91104645
0.29985103
0.77677944
0.64155462
0.85086047
0.46951864
0.92156228
0.26745540
0.72491513
0.73782878
0.71571864
0.75282223
0.68849940
0.79353151
0.60620524
0.88326565
0.38149753
0.87304151
0.41010812
0.89510196
0.34740942
0.83884962
0.50016945
0.92499989
0.25668783
0.70595700
0.76805234
0.65914739
0.83128680
0.51892151
0.92367531
0.26084715
0.71338188
0.75653224
0.68150748
0.80310362
0.58507432
0.89822073
0.33825492
0.82820255
0.52644741
0.92241198
0.26480205
0.72032312
0.74539358
0.70219337
0.77373601
0.64775381
0.84422461
0.48658486
0.92433413
0.25878003
0.70970784
0.76228371
0.67046685
0.81748190
0.55205941
0.91497233
0.28785248
0.75847569
0.67780418
0.80802699
0.57394168
0.90477072
0.31879444
0.80350882
0.58416486
0.89879022
0.33657554
0.82618204
0.53133952
0.92136599
0.26806760
0.72596724
0.73607358
0.71879629
0.74787429
0.69766585
0.78043438
0.63401926
0.85854370
0.44935174
0.91550859
0.28620467
0.75587876
0.68274642
0.80143385
0.58880924
0.89581780
0.34531459
0.83646796
0.50612044
0.92486140
0.25712333
0.70674042
0.76685608
0.66151498
0.82847778
0.52577870
0.92254120
0.26439807
0.71961940
0.74653909
0.70010837
0.77683957
0.64143146
0.85098943
0.46918376
0.92148633
0.26769231
0.72532261
0.73714996
0.71691161
0.75091260
0.69205860
0.78851993
0.61699813
0.87435232
0.40648327
0.89264210
0.35457908
0.84675520
0.48011508
0.92353698
0.26128077
0.71414857
0.75531944
0.68380435
0.79999906
0.59200209
0.89368178
0.35155423
0.84346626
0.48851444
0.92451190
0.25822168
0.70871001
0.76382849
0.66745975
0.82124176
0.54317380
0.91810328
0.27820168
0.74298037
0.70655399
0.76714116
0.66095172
0.82914981
0.52414349
0.92284324
0.26345330
0.71796894
0.74921130
0.69520679
0.78400895
0.62655400
0.86574112
0.43006371
0.90690298
0.31239086
0.79477040
0.60350853
0.88535814
0.37554668
0.86769208
0.42476938
0.90405931
0.32092347
0.80634691
0.57776082
0.90262704
0.32519841
0.81194430
0.56495579
0.90938876
0.30488313
0.78413880
0.62628102
0.86599649
0.42937232
0.90654340
0.31347311
0.79626856
0.60023228
0.88782791
0.36848119
0.86100037
0.44281130
0.91289898
0.29420341
0.76829673
0.65866240
0.83185710
0.51752221
0.92386400
0.26025545
0.71233344
0.75818368
0.67836239
0.80729138
0.57561644
0.90384397
0.32156717
0.80719839
0.57582786
0.90372550
0.32192116
0.80766533
0.57476556
0.90431741
0.32015149
0.80532170
0.58008103
0.90127200
0.32922888
0.81709773
0.55296140
0.91462183
0.28892833
0.76016037
0.67457135
0.81224192
0.56426845
0.90971740
0.30388712
0.78269703
0.62930484
0.86313696
0.43708673
0.91035511
0.30195214
0.77987507
0.63517879
0.85738877
0.45241109
0.91662059
0.28278094
0.75041876
0.69297465
0.78721490
0.61977812
0.87191685
0.41320808
0.89712850
0.34146912
0.83201146
0.51714305
0.92391263
0.26010291
0.71206273
0.75860878
0.67754955
0.80836178
0.57317815
0.90518635
0.31754889
0.80183289
0.58791855
0.89640022
0.34360741
0.83450303
0.51099858
0.92455242
0.25809441
0.70848224
0.76418008
0.66677288
0.82209118
0.54115190
0.91873413
0.27624840
0.73976032
0.71230546
0.75822765
0.67827839
0.80740222
0.57536433
0.90398481
0.32114622
0.80664190
0.57709175
0.90301039
0.32405571
0.81046135
0.56837089
0.90770406
0.30997638
0.79139678
0.61082529
0.87955570
0.39196865
0.88181814
0.38559515
0.87657267
0.40031420
0.88823214
0.36732047
0.85986573
0.44583764
0.91414582
0.29038798
0.76243237
0.67017824
0.81784566
0.55120430
0.91529904
0.28684881
0.75689632
0.68081585
0.80403083
0.58299144
0.89951596
0.33443190
0.82357265
0.53761274
0.91976554
0.27304849
0.73442414
0.72166769
0.74319470
0.70616845
0.76772992
0.65978656
0.83053255
0.52076847
0.92340408
0.26169724
0.71488364
0.75415257
0.68600393
0.79698938
0.59865003
0.88899223
0.36513466
0.85770195
0.45158246
0.91632624
0.28368810
0.75187390
0.69027030
0.79104969
0.61157329
0.87894018
0.39369604
0.88318804
0.38171764
0.87323435
0.40957565
0.89474672
0.34844760
0.84001792
0.49723490
0.92497171
0.25677647
0.70611656
0.76780907
0.65962972
0.83071790
0.52031497
0.92347302
0.26148123
0.71450255
0.75475803
0.68486389
0.79855377
0.59520290
0.89146471
0.35799491
0.85038785
0.47074491
0.92183332
0.26660962
0.72345704
0.74024772
0.71143982
0.75958485
0.67567811
0.81080764
0.56757485
0.90810447
0.30876775
0.78969184
0.61449096
0.87649974
0.40051741
0.88838189
0.36689018
0.85944257
0.44696385
0.91459252
0.28901826
0.76030081
0.67430091
0.81259102
0.56346137
0.91009882
0.30273013
0.78101302
0.63281723
0.85973046
0.44619780
0.91428969
0.28994698
0.76174760
0.67150632
0.81616665
0.55514300
0.91374922
0.29160284
0.76431131
0.66651626
0.82240764
0.54039726
0.91896183
0.27554266
0.73858993
0.71437692
0.75495738
0.68448791
0.79906758
0.59406676
0.89226035
0.35568773
0.84794369
0.47706020
0.92305293
0.26279700
0.71681852
0.75106199
0.69178114
0.78891397
0.61615625
0.87507859
0.40446940
0.89123345
0.35866465
0.85108998
0.46892256
0.92142651
0.26787886
0.72564318
0.73661507
0.71784923
0.74940433
0.69485068
0.78452289
0.62547288
0.86674926
0.42733143
0.90546133
0.31672410
0.80071679
0.59040682
0.89475845
0.34841334
0.83997949
0.49733160
0.92497365
0.25677035
0.70610555
0.76782585
0.65959646
0.83075719
0.52021882
0.92348744
0.26143604
0.71442278
0.75488462
0.68462518
0.79888011
0.59448152
0.89197100
0.35652732
0.84883769
0.47475539
0.92264203
0.26408276
0.71906930
0.74743198
0.69847644
0.77924628
0.63647961
0.85608127
0.45586268
0.91779202
0.27916437
0.74455701
0.70370991
0.77145841
0.65234823
0.83912306
0.49948353
0.92499901
0.25669060
0.70596199
0.76804474
0.65916247
0.83126904
0.51896504
0.92366921
0.26086628
0.71341574
0.75647877
0.68160896
0.80296729
0.58538005
0.89802792
0.33882298
0.82888128
0.52479728
0.92272485
0.26382369
0.71861678
0.74816481
0.69713265
0.78121326
0.63240067
0.86013923
0.44510902
0.91385183
0.29128866
0.76382644
0.66746375
0.82123680
0.54318560
0.91809951
0.27821335
0.74299952
0.70651956
0.76719378
0.66084768
0.82927369
0.52384170
0.92289682
0.26328563
0.71767534
0.74968455
0.69433321
0.78526803
0.62390197
0.86819872
0.42338990
0.90328430
0.32323855
0.80939494
0.57081664
0.90644451
0.31377058
0.79667883
0.59933218
0.88849254
0.36657213
0.85912891
0.44779776
0.91491723
0.28802167
0.75874119
0.67729609
0.80869456
0.57241837
0.90559565
0.31632104
0.80016954
0.59162351
0.89393899
0.35080467
0.84264079
0.49060998
0.92467376
0.25771313
0.70779916
0.76523218
0.66471199
0.82461885
0.53510362
0.92044062
0.27094983
0.73088327
0.72776380
0.73305752
0.72403152
0.73929655
0.71312749
0.75693369
0.68074479
0.80412589
0.58277754
0.89964715
0.33404398
0.82309681
0.53875126
0.91944386
0.27404735
0.73609798
0.71875366
0.74794330
0.69753925
0.78061951
0.63363495
0.85892429
0.44834141
0.91512614
0.28738005
0.75773321
0.67922230
0.80615366
0.57819876
0.90237433
0.32595112
0.81291585
0.56270957
0.91044979
0.30166460
0.77945336
0.63605154
0.85651292
0.45472458
0.91741551
0.28032789
0.74645341
0.70026464
0.77660807
0.64190551
0.85049245
0.47047365
0.92177432
0.26679376
0.72377495
0.73972166
0.71237405
0.75811987
0.67848428
0.80713043
0.57598232
0.90363874
0.32218033
0.80800661
0.57398814
0.90474530
0.31887061
0.80361093
0.58393549
0.89893288
0.33615446
0.82567216
0.53256928
0.92107520
0.26897401
0.72751988
0.73346841
0.72332225
0.74047054
0.71104350
0.76020436
0.67448665
0.81235132
0.56401562
0.90983740
0.30352323
0.78216846
0.63040956
0.86207538
0.43993525
0.91165123
0.29801007
0.77404025
0.64713719
0.84489739
0.48486941
0.92415294
0.25934884
0.71072198
0.76070612
0.67351958
0.81359653
0.56113170
0.91117279
0.29946668
0.77620963
0.64272049
0.84963419
0.47269696
0.92224181
0.26533385
0.72124766
0.74388306
0.70492790
0.76961686
0.65603498
0.83491642
0.50997468
0.92463187
0.25784476
0.70803511
0.76486915
0.66542403
0.82374909
0.53719015
0.91988250
0.27268513
0.73381341
0.72272576
0.74145497
0.70928815
0.76293434
0.66920247
0.81907095
0.54831681
0.91636230
0.28357701
0.75169604
0.69060169
0.79058269
0.61257830
0.87810667
0.39603078
0.88500448
0.37655472
0.86861668
0.42225046
0.90263353
0.32517908
0.81191929
0.56501352
0.90936100
0.30496722
0.78426020
0.62602572
0.86623482
0.42872661
0.90620439
0.31449259
0.79767190
0.59714832
0.89008015
0.36199865
0.85453583
0.45992609
0.91905810
0.27524414
0.73809377
0.71525202
0.75356630
0.68710529
0.79546896
0.60198294
0.88651807
0.37223399
0.86460063
0.43314561
0.90846282
0.30768507
0.78815539
0.61777595
0.87367665
0.40835331
0.89392327
0.35085048
0.84269136
0.49048174
0.92466479
0.25774132
0.70784971
0.76515445
0.66486454
0.82443283
0.53555036
0.92032384
0.27131313
0.73149857
0.72671113
0.73482764
0.72096712
0.74434207
0.70409873
0.77087172
0.65352549
0.83779071
0.50282050
0.92497057
0.25678007
0.70612304
0.76779918
0.65964931
0.83069476
0.52037161
0.92346449
0.26150795
0.71454971
0.75468316
0.68500500
0.79836066
0.59562940
0.89116357
0.35886694
0.85130140
0.46837311
0.92129904
0.26827635
0.72632535
0.73547429
0.71984188
0.74617732
0.70076788
0.77586135
0.64343191
0.84888096
0.47464367
0.92262111
0.26414817
0.71918349
0.74724682
0.69881534
0.77874810
0.63750813
0.85503860
0.45860610
0.91866022
0.27647741
0.74013931
0.71163252
0.75928320
0.67625722
0.81005355
0.56930715
0.90722712
0.31141447
0.79341134
0.60646621
0.88306030
0.38207978
0.87355084
0.40870116
0.89415873
0.35016392
0.84193185
0.49240566
0.92478661
0.25735845
0.70716280
0.76620923
0.66279079
0.82694688
0.52949122
0.92178199
0.26676982
0.72373363
0.73979008
0.71225266
0.75831059
0.67811987
0.80761126
0.57488867
0.90424925
0.32035543
0.80559296
0.57946788
0.90163396
0.32815359
0.81573460
0.55615316
0.91333324
0.29287583
0.76626843
0.66267415
0.82708735
0.52915130
0.92185575
0.26653960
0.72333610
0.74044766
0.71108422
0.76014077
0.67460908
0.81219318
0.56438105
0.90966380
0.30404961
0.78293275
0.62881152
0.86360809
0.43581987
0.90975937
0.30375985
0.78251227
0.62969122
0.86276670
0.43808119
0.91081443
0.30055657
0.77782258
0.63941407
0.85308575
0.46372267
0.92013063
0.27191393
0.73251395
0.72496787
0.73774099
0.71587313
0.75257553
0.68896072
0.79288723
0.60760317
0.88215977
0.38462947
0.87575167
0.40259951
0.88989864
0.36252250
0.85506977
0.45852421
0.91863511
0.27655519
0.74026795
0.71140386
0.75964111
0.67557003
0.81094811
0.56725170
0.90826567
0.30828082
0.78900190
0.61596824
0.87524006
0.40402113
0.89091581
0.35958386
0.85204824
0.46642953
0.92083019
0.26973723
0.72882251
0.73126896
0.72710427
0.73416750
0.72211265
0.74246409
0.70748131
0.76572057
0.66375254
0.82578489
0.53229755
0.92114041
0.26877079
0.72717229
0.73405318
0.72231070
0.74213842
0.70806524
0.76482277
0.66551494
0.82363778
0.53745678
0.91980886
0.27291392
0.73419808
0.72205966
0.74255118
0.70732503
0.76596043
0.66328069
0.82635584
0.53091990
0.92146265
0.26776616
0.72544955
0.73693826
0.71728297
0.75031601
0.69316501
0.78694293
0.62035590
0.87140350
0.41461994
0.89802791
0.33882300
0.82888131
0.52479721
0.92272486
0.26382365
0.71861671
0.74816492
0.69713244
0.78121356
0.63240005
0.86013984
0.44510738
0.91385116
0.29129070
0.76382958
0.66745763
0.82124439
0.54316757
0.91810528
0.27819552
0.74297026
0.70657218
0.76711335
0.66100669
0.82908433
0.52430297
0.92281465
0.26354275
0.71812548
0.74895872
0.69567236
0.78333561
0.62796745
0.86441003
0.43365973
0.90871618
0.30691901
0.78706300
0.62010089
0.87163038
0.41399620
0.89763238
0.33998741
0.83026510
0.52142237
0.92330200
0.26201703
0.71544719
0.75325528
0.68768853
0.79466016
0.60374895
0.88517378
0.37607230
0.86817512
0.42345420
0.90332074
0.32312981
0.80925266
0.57114233
0.90627344
0.31428499
0.79738676
0.59777613
0.88962737
0.36330490
0.85586347
0.45643641
0.91797819
0.27858866
0.74361496
0.70541147
0.76888267
0.65749781
0.83321943
0.51416980
0.92425710
0.25902187
0.71013930
0.76161345
0.67176609
0.81583672
0.55591451
0.91343220
0.29257312
0.76580412
0.66358822
0.82598391
0.53181761
0.92125427
0.26841592
0.72656461
0.73507336
0.72053991
0.74503995
0.70283506
0.77277438
0.64969831
0.84208453
0.49201923
0.92476434
0.25742845
0.70728847
0.76601652
0.66317028
0.82648920
0.53059777
0.92153597
0.26753747
0.72505634
0.73759369
0.71613218
0.75216146
0.68973402
0.79180371
0.60994721
0.88027296
0.38995216
0.88019105
0.39018264
0.88037854
0.38965501
0.87994873
0.39086415
0.88093066
0.38809979
0.87866987
0.39445378
0.88378198
0.38003215
0.87174854
0.41367118
0.89742514
0.34059707
0.83098561
0.51965955
0.92356996
0.26117742
0.71396596
0.75560869
0.68325752
0.80074172
0.59035135
0.89479554
0.34830498
0.83985789
0.49763747
0.92497935
0.25675245
0.70607333
0.76787500
0.65949904
0.83087221
0.51993725
0.92352927
0.26130493
0.71419126
0.75525178
0.68393215
0.79982517
0.59238801
0.89341848
0.35232101
0.84430639
0.48637650
0.92431328
0.25884549
0.70982466
0.76210237
0.67081868
0.81703762
0.55310245
0.91456648
0.28909814
0.76042551
0.67406066
0.81290068
0.56274470
0.91043348
0.30171413
0.77952604
0.63590122
0.85666418
0.45432546
0.91728119
0.28074270
0.74712708
0.69903437
0.77842568
0.63817281
0.85436061
0.46038566
0.91919360
0.27482387
0.73739413
0.71648289
0.75160008
0.69078038
0.79033053
0.61312027
0.87765408
0.39729638
0.88597227
0.37379400
0.86606656
0.42918250
0.90644406
0.31377193
0.79668069
0.59932810
0.88849554
0.36656351
0.85912040
0.44782039
0.91492597
0.28799484
0.75869911
0.67737666
0.80858883
0.57265986
0.90546601
0.31671005
0.80069774
0.59044922
0.89473008
0.34849622
0.84007244
0.49709773
0.92496883
0.25678551
0.70613284
0.76778424
0.65967893
0.83065976
0.52045725
0.92345155
0.26154849
0.71462125
0.75456956
0.68521905
0.79806744
0.59627646
0.89070412
0.36019608
0.85268299
0.46477441
0.92040888
0.27104857
0.73105060
0.72747780
0.73353925
0.72319984
0.74067277
0.71068348
0.76076615
0.67340376
0.81374520
0.56078661
0.91132846
0.29899294
0.77550579
0.64415727
0.84810913
0.47663414
0.92297993
0.26302551
0.71721943
0.75041816
0.69297576
0.78721332
0.61978148
0.87191387
0.41321628
0.89713377
0.34145365
0.83199331
0.51718764
0.92390696
0.26012068
0.71209427
0.75855928
0.67764427
0.80823730
0.57346214
0.90503226
0.31801080
0.80245575
0.58652593
0.89729907
0.34096775
0.83142235
0.51858914
0.92372144
0.26070252
0.71312584
0.75693629
0.68073985
0.80413250
0.58276266
0.89965626
0.33401702
0.82306371
0.53883040
0.91942114
0.27411786
0.73621586
0.71854765
0.74827662
0.69692727
0.78151271
0.63177719
0.86074865
0.44348351
0.91318178
0.29333902
0.76697759
0.66127498
0.82876440
0.52508168
0.92267237
0.26398787
0.71890361
0.74770048
0.69798455
0.77996784
0.63498664
0.85758085
0.45190297
0.91644070
0.28333543
0.75130892
0.69132216
0.78956457
0.61476373
0.87626836
0.40116184
0.88885477
0.36553028
0.85809621
0.45053828
0.91594809
0.28485258
0.75373288
0.68679261
0.79590152
0.60103646
0.88722904
0.37019858
0.86266088
0.43836521
0.91094426
0.30016181
0.77723938
0.64061181
0.85184478
0.46695943
0.92096079
0.26933046
0.72812879
0.73244185
0.72509191
0.73753444
0.71623634
0.75199484
0.69004483
0.79136696
0.61088959
0.87950294
0.39211681
0.88193650
0.38526068
0.87628909
0.40110412
0.88881254
0.36565179
0.85821707
0.45021797
0.91583047
0.28521457
0.75430870
0.68571021
0.79739336
0.59776160
0.88963788
0.36327459
0.85583280
0.45651716
0.91800420
0.27850822
0.74348314
0.70564905
0.76852134
0.65821628
0.83238016
0.51623670
0.92402457
0.25975171
0.71143882
0.75958642
0.67567510
0.81081156
0.56756584
0.90810897
0.30875415
0.78967259
0.61453222
0.87646477
0.40061483
0.88845358
0.36668413
0.85923945
0.44750396
0.91480341
0.28837107
0.75928883
0.67624642
0.81006764
0.56927481
0.90724370
0.31136450
0.79334160
0.60661761
0.88294093
0.38241809
0.87384563
0.40788594
0.89360550
0.35177642
0.84371015
0.48789432
0.92445777
0.25839171
0.70901411
0.76335848
0.66837656
0.82010254
0.54587714
0.91721256
0.28095460
0.74747072
0.69840550
0.77935046
0.63626429
0.85629856
0.45528994
0.91760374
0.27974633
0.74550679
0.70198773
0.77404354
0.64713052
0.84490466
0.48485088
0.92415087
0.25935536
0.71073358
0.76068802
0.67355450
0.81355169
0.56123575
0.91112568
0.29961000
0.77642224
0.64228576
0.85009263
0.47151007
0.92199680
0.26609920
0.72257454
0.74170413
0.70884273
0.76362345
0.66785991
0.82074528
0.54435311
0.91772137
0.27938278
0.74491376
0.70306382
0.77243082
0.65039137
0.84131502
0.49396502
0.92486524
0.25711125
0.70671870
0.76688931
0.66144936
0.82855619
0.52558807
0.92257743
0.26428478
0.71942184
0.74686002
0.69952249
0.77770587
0.63965397
0.85283805
0.46436965
0.92030277
0.27137865
0.73160943
0.72652116
0.73514620
0.72041318
0.74524672
0.70245997
0.77333685
0.64856178
0.84333877
0.48883841
0.92453905
0.25813640
0.70855740
0.76406410
0.66699955
0.82181125
0.54181882
0.91852939
0.27688265
0.74080901
0.71044079
0.76114430
0.67267352
0.81468027
0.55861242
0.91228896
0.29606591
0.77112028
0.65302704
0.83835609
0.50140609
0.92499268
0.25671051
0.70599782
0.76799012
0.65927079
0.83114141
0.51927785
0.92362495
0.26100504
0.71366121
0.75609088
0.68234462
0.80197663
0.58759742
0.89660876
0.34299551
0.83379349
0.51275305
0.92439823
0.25857873
0.70934834
0.76284111
0.66938385
0.81884372
0.54885313
0.91616947
0.28417098
0.75264599
0.68882901
0.79307134
0.60720401
0.88247701
0.38373193
0.87498243
0.40473627
0.89142184
0.35811909
0.85051829
0.47040664
0.92175966
0.26683951
0.72385389
0.73959091
0.71260592
0.75775528
0.67918020
0.80620949
0.57807227
0.90244747
0.32573334
0.81263518
0.56335920
0.91014676
0.30258464
0.78080055
0.63325888
0.85929566
0.44735452
0.91474528
0.28854951
0.75956816
0.67571017
0.81076596
0.56767072
0.90805649
0.30891262
0.78989677
0.61405149
0.87687135
0.39948155
0.88761535
0.36909106
0.86159254
0.44122808
0.91221969
0.29627724
0.77143903
0.65238715
0.83907918
0.49959364
0.92499939
0.25668942
0.70595986
0.76804798
0.65915603
0.83127662
0.51894646
0.92367182
0.26085811
0.71340128
0.75650161
0.68156562
0.80302553
0.58524945
0.89811036
0.33858011
0.82859139
0.52550249
0.92259361
0.26423418
0.71933358
0.74700330
0.69926068
0.77809218
0.63885954
0.85365670
0.46222967
0.91972159
0.27318501
0.73465336
0.72126986
0.74384670
0.70499351
0.76951734
0.65623349
0.83468706
0.51054293
0.92458873
0.25798031
0.70827794
0.76449511
0.66615664
0.82285030
0.53934044
0.91927362
0.27457564
0.73698027
0.71720930
0.75043444
0.69294559
0.78725640
0.61968991
0.87199501
0.41299295
0.89699016
0.34187561
0.83248771
0.51597212
0.92405610
0.25965278
0.71126289
0.75986158
0.67514626
0.81149802
0.56598525
0.90889000
0.30639317
0.78631066
0.62169695
0.87020245
0.41791554
0.90006992
0.33279300
0.82155474
0.54242944
0.91833905
0.27747203
0.74178082
0.70870553
0.76383541
0.66744624
0.82125850
0.54313401
0.91811599
0.27816237
0.74291584
0.70667001
0.76696377
0.66130228
0.82873182
0.52516093
0.92265763
0.26403395
0.71898408
0.74757009
0.69822348
0.77961757
0.63571185
0.85685449
0.45382303
0.91711044
0.28126985
0.74798135
0.69746942
0.78072157
0.63342298
0.85913374
0.44778495
0.91491228
0.28803687
0.75876504
0.67725042
0.80875446
0.57228153
0.90566891
0.31610112
0.79987045
0.59228754
0.89348714
0.35212113
0.84408781
0.48693325
0.92436826
0.25867284
0.70951645
0.76258058
0.66989033
0.81820792
0.55035177
0.91561939
0.28586394
0.75533927
0.68376688
0.80005002
0.59188895
0.89375876
0.35132996
0.84321971
0.48914086
0.92456369
0.25805898
0.70841881
0.76427792
0.66658158
0.82232714
0.54058930
0.91890428
0.27572104
0.73888612
0.71385367
0.75578645
0.68292117
0.80119742
0.58933641
0.89547032
0.34633194
0.83762867
0.50322547
0.92496151
0.25680856
0.70617431
0.76772097
0.65980429
0.83051158
0.52081975
0.92339619
0.26172196
0.71492723
0.75408325
0.68613430
0.79680989
0.59904440
0.88870377
0.36596471
0.85852781
0.44939390
0.91552439
0.28615610
0.75580190
0.68289193
0.80123700
0.58924819
0.89552861
0.34616132
0.83743455
0.50371032
0.92494906
0.25684768
0.70624472
0.76761353
0.66001710
0.83025975
0.52143543
0.92329993
0.26202352
0.71545862
0.75323706
0.68772268
0.79461273
0.60385236
0.88509434
0.37629868
0.86838254
0.42288893
0.90299937
0.32408858
0.81050414
0.56827255
0.90775378
0.30982637
0.79118577
0.61128013
0.87918191
0.39301800
0.88265295
0.38323387
0.87455298
0.40592725
0.89225617
0.35569985
0.84795663
0.47702689
0.92304727
0.26281472
0.71684962
0.75101209
0.69187384
0.78878240
0.61643749
0.87483655
0.40514098
0.89170654
0.35729416
0.84964966
0.47265692
0.92223372
0.26535914
0.72129157
0.74381114
0.70505767
0.76942001
0.65642758
0.83446253
0.51109883
0.92454422
0.25812016
0.70852833
0.76410896
0.66691190
0.82191955
0.54156088
0.91860896
0.27663618
0.74040184
0.71116574
0.76001341
0.67485420
0.81187623
0.56511291
0.90931314
0.30511218
0.78446933
0.62558565
0.86664451
0.42761568
0.90561389
0.31626629
0.80009512
0.59178881
0.89382681
0.35113163
0.84300138
0.48969521
0.92460710
0.25792259
0.70817456
0.76465440
0.66584477
0.82323339
0.53842464
0.91953712
0.27375783
0.73561357
0.71959911
0.74657206
0.70004822
0.77692863
0.64124898
0.85118028
0.46868792
0.92137235
0.26804778
0.72593321
0.73613048
0.71869687
0.74803521
0.69737058
0.78086596
0.63312295
0.85942964
0.44699823
0.91460601
0.28897688
0.76023619
0.67442536
0.81243044
0.56383272
0.90992392
0.30326080
0.78178664
0.63120627
0.86130418
0.44199936
0.91255293
0.29526030
0.76990213
0.65546551
0.83557276
0.50834642
0.92474225
0.25749788
0.70741308
0.76582532
0.66354653
0.82603437
0.53169589
0.92128287
0.26832675
0.72641176
0.73532954
0.72009403
0.74576689
0.70151495
0.77474939
0.64569727
0.84645753
0.48087856
0.92364717
0.26093538
0.71353799
0.75628565
0.68197536
0.80247438
0.58648422
0.89732577
0.34088925
0.83132994
0.51881574
0.92369008
0.26080084
0.71329993
0.75666162
0.68126180
0.80343339
0.58433426
0.89868461
0.33688715
0.82655853
0.53043025
0.92157380
0.26741947
0.72485330
0.73793168
0.71553750
0.75311127
0.68795834
0.79428515
0.60456613
0.88454392
0.37786611
0.86980826
0.41899485
0.90072122
0.33086328
0.81915325
0.54812246
0.91643165
0.28336333
0.75135364
0.69123898
0.78968231
0.61451138
0.87648243
0.40056563
0.88841738
0.36678818
0.85934206
0.44723116
0.91469716
0.28869717
0.75979913
0.67526633
0.81134234
0.56634400
0.90871435
0.30692455
0.78707092
0.62008407
0.87164532
0.41395510
0.89760622
0.34006439
0.83035622
0.52119964
0.92333713
0.26190700
0.71525338
0.75356414
0.68710934
0.79546335
0.60199521
0.88650882
0.37226046
0.86462566
0.43307809
0.90842939
0.30778610
0.78829911
0.61746940
0.87394348
0.40761521
0.89342068
0.35231461
0.84429939
0.48639433
0.92431508
0.25883985
0.70981459
0.76211801
0.67078836
0.81707595
0.55301253
0.91460179
0.28898983
0.76025642
0.67438641
0.81248070
0.56371650
0.90997877
0.30309442
0.78154431
0.63171137
0.86081282
0.44331220
0.91311002
0.29355840
0.76731290
0.66061211
0.82955388
0.52315869
0.92301560
0.26291388
0.71702363
0.75073276
0.69239242
0.78804509
0.61801111
0.87347150
0.40892044
0.89430670
0.34973223
0.84145251
0.49361767
0.92484928
0.25716142
0.70680887
0.76675134
0.66172177
0.82823046
0.52637964
0.92242522
0.26476064
0.72025104
0.74551107
0.70197997
0.77405514
0.64710698
0.84493029
0.48478546
0.92414352
0.25937843
0.71077466
0.76062396
0.67367806
0.81339295
0.56160398
0.91095831
0.30011908
0.77717619
0.64074144
0.85170983
0.46731071
0.92104622
0.26906430
0.72767420
0.73320849
0.72377106
0.73972810
0.71236262
0.75813783
0.67844998
0.80717574
0.57587934
0.90369660
0.32200749
0.80777907
0.57450657
0.90446045
0.31972344
0.80475134
0.58136849
0.90050293
0.33151040
0.81996165
0.54621081
0.91709888
0.28130555
0.74803913
0.69736337
0.78087648
0.63310108
0.85945118
0.44694095
0.91458353
0.28904585
0.76034388
0.67421794
0.81269801
0.56321384
0.91021484
0.30237800
0.78049852
0.63388614
0.85867565
0.44900157
0.91537689
0.28660954
0.75651869
0.68153320
0.80306908
0.58515178
0.89817194
0.33839869
0.82837456
0.52602956
0.92249311
0.26454842
0.71988144
0.74611296
0.70088512
0.77568712
0.64378746
0.84850312
0.47561863
0.92280053
0.26358693
0.71820278
0.74883392
0.69590222
0.78300258
0.62866530
0.86374739
0.43544499
0.90958081
0.30430117
0.78329729
0.62804779
0.86433392
0.43386494
0.90881677
0.30661475
0.78662793
0.62102439
0.87080646
0.41625951
0.89905386
0.33579726
0.82523861
0.53361344
0.92081951
0.26977049
0.72887919
0.73117298
0.72726850
0.73389141
0.72259079
0.74167735
0.70889061
0.76354944
0.66800426
0.82056590
0.54477876
0.91758099
0.27981663
0.74562135
