# Lorenz trajectory (sigma=10, beta=8/3, rho=28); columns: x y z; sample interval 0.03
-12.02735593 -18.63680820 22.45196292
-13.86179088 -19.18009512 27.87956907
-15.05410513 -17.44385906 33.44825679
-15.16961516 -13.45539793 37.68552981
-14.04242256 -8.38200583 39.42462947
-11.93052504 -3.84385732 38.73159596
-9.36845902 -0.67657158 36.42582396
-6.85644262 1.02639273 33.55902880
-4.70404357 1.71055107 30.74478590
-3.01660612 1.83152697 28.18368190
-1.77261358 1.71593331 25.89565077
-0.89165318 1.54731600 23.84273290
-0.27869990 1.41922019 21.98535893
0.15258632 1.36888364 20.29312435
0.47138933 1.40990812 18.74575296
0.73107828 1.54759358 17.33034859
0.97333571 1.78797255 16.03893031
1.23009156 2.14425028 14.86819153
1.53093918 2.63768150 13.82010751
1.90435595 3.30120973 12.90411215
2.38019125 4.18220937 12.14255031
2.99854803 5.33599998 11.57790059
3.80162010 6.83959207 11.28202451
4.83927122 8.76387161 11.38381484
6.16706043 11.13984073 12.08293541
7.82868404 13.93530688 13.69031706
9.82150973 16.90656488 16.58137639
12.01592381 19.39682445 21.05187279
14.10680007 20.36964475 27.01183263
15.57164961 18.73553972 33.42618403
15.85062882 14.32589715 38.46403572
14.69208230 8.68458555 40.66634000
12.39207758 3.46793545 39.92513125
9.54915326 -0.13112408 37.33950231
6.75375537 -2.00784464 34.19075363
4.36675049 -2.72163528 31.17818447
2.50675653 -2.83400827 28.50868783
1.13531398 -2.72088088 26.17319370
0.15416136 -2.59296840 24.11373151
-0.55010825 -2.55030577 22.27600438
-1.07655818 -2.63758514 20.62540601
-1.51040963 -2.87317507 19.14275133
-1.91352427 -3.27279877 17.82300605
-2.34150253 -3.85284505 16.67083345
-2.83512209 -4.64374436 15.70576387
-3.43936176 -5.67971924 14.96442298
-4.19484083 -7.00683433 14.51038300
-5.14041420 -8.66634254 14.44842445
-6.31584745 -10.65844232 14.92751712
-7.74593675 -12.93159344 16.17539480
-9.41614099 -15.28423044 18.44516276
-11.21834977 -17.24533003 21.88789484
-12.93362901 -18.12523211 26.42751813
-14.19446182 -17.19810745 31.37005094
-14.61766132 -14.27251988 35.57767659
-13.97723197 -10.07925310 37.91813918
-12.38013758 -5.91609612 38.10078654
-10.22317936 -2.58340178 36.54101139
-7.93726230 -0.52850045 34.10204469
-5.86351868 0.46827114 31.47222732
-4.16779873 0.78571430 28.95733532
-2.88423182 0.74645357 26.65252225
-1.96705768 0.55776663 24.55741627
-1.34336226 0.33117888 22.64817359
-0.93923874 0.11557158 20.89960175
-0.69229250 -0.07511936 19.29226877
-0.55589450 -0.24459321 17.81186738
-0.49699181 -0.40474001 16.44729935
-0.49541619 -0.56996700 15.18969116
-0.53940457 -0.75691906 14.03169237
-0.62558847 -0.98306064 12.96741896
-0.75572027 -1.26967256 11.99281218
-0.93738464 -1.64229264 11.10613348
-1.18406828 -2.13370032 10.30974470
-1.51685401 -2.78454034 9.61480915
-1.96204244 -3.65297326 9.03693938
-2.55163990 -4.82028472 8.61181951
-3.33649166 -6.37285147 8.42145263
-4.38493752 -8.39796122 8.59602311
-5.76299328 -10.97833265 9.35550663
-7.54322093 -14.17292355 11.04849501
-9.73556475 -17.70299789 14.15649599
-12.24946720 -20.88328117 19.21985607
-14.74211317 -22.35433960 26.27629575
-16.56719371 -20.58117485 34.15730821
-16.95649513 -15.31288943 40.34271045
-15.57346989 -8.27890918 42.80535331
-12.77908501 -1.93709012 41.57349631
-9.36829922 2.08324213 38.28826881
-6.10595164 3.96813377 34.65151677
-3.39727635 4.55501488 31.40524994
-1.32693780 4.56974340 28.68636366
0.18427595 4.43568038 26.41304301
1.27674639 4.36694189 24.47852863
2.08286469 4.45907776 22.81414916
2.73458766 4.75246629 21.38088177
3.32198842 5.26285210 20.17493665
3.91948700 6.00003087 19.21189233
4.58714692 6.97224912 18.52899153
5.36393389 8.18825203 18.19218245
6.28719457 9.62870106 18.28761712
7.37143577 11.24387939 18.93913184
8.60158194 12.90393065 20.27483539
9.92243726 14.36440500 22.37285392
11.21209124 15.26722761 25.19293728
12.27966589 15.21038592 28.45841819
12.90011547 13.96505635 31.62101189
12.89005991 11.68412607 33.99848457
12.20271349 8.95405449 35.14203530
10.98123759 6.25536409 34.98567699
9.44904925 4.11123652 33.80896190
7.86115428 2.72205915 32.01761449
6.41921108 1.99716262 30.03038006
5.23164304 1.76017806 28.02919294
4.33692016 1.84041054 26.11845431
3.72316456 2.11369706 24.33698077
3.35879419 2.51760751 22.69950715
3.20774914 3.02757105 21.21486076
3.24065807 3.64784994 19.89261394
3.44653748 4.39524372 18.74886292
3.81402503 5.30585460 17.81335426
4.34675341 6.41856999 17.13208156
5.06224973 7.76596178 16.77491515
5.97498950 9.36196499 16.84632725
7.09144995 11.17620762 17.47760763
8.41417645 13.10849877 18.86313614
9.88598179 14.90596485 21.13019975
11.37449127 16.14408001 24.29531077
12.66334891 16.31230843 28.10150774
13.46504193 15.03518880 31.88511892
13.53785387 12.38837776 34.81953683
12.79433081 9.04283341 36.24613414
11.37515158 5.87282447 36.10323543
9.58850820 3.37840188 34.71691773
7.74615410 1.80897953 32.67128044
6.08795134 1.03150146 30.42371850
4.73516425 0.78569665 28.22028569
3.71625285 0.86242618 26.14822433
3.00734931 1.11259660 24.23155723
2.56206181 1.45884985 22.47008522
2.33074732 1.87094422 20.85875687
2.27393071 2.35002850 19.39419283
2.36995730 2.91302502 18.07828605
2.60068039 3.59678307 16.92077583
2.96965037 4.44167036 15.94134980
3.49025166 5.49589732 15.17702342
4.18267272 6.80969958 14.69007472
5.07949483 8.43900291 14.57710590
6.20988013 10.40007331 14.98703121
7.59325096 12.63371852 16.12595816
9.21365258 14.95790339 18.23227932
10.98965483 16.95078501 21.51987884
12.70587577 17.96660337 25.88941708
14.02468849 17.28845444 30.78335191
14.54854224 14.67413100 35.04447747
14.04812057 10.62967968 37.60878011
12.57809857 6.38267449 38.01010980
10.48049617 2.97249183 36.64663121
8.21146597 0.79469434 34.31684380
6.12205854 -0.28924442 31.71070287
4.39803800 -0.66672638 29.19535469
3.08076418 -0.65518848 26.87797622
2.13474626 -0.47322413 24.76880727
1.49050062 -0.23943786 22.84571448
1.07402053 -0.00797147 21.08461844
0.82315854 0.20540729 19.46621683
0.69027921 0.40433367 17.97614583
0.64299347 0.60140534 16.60365493
0.66043604 0.81403848 15.34030998
0.73304678 1.06127267 14.17962152
0.85812402 1.36616941 13.11718993
1.04054173 1.75554904 12.15122139
1.29210950 2.26283850 11.28429278
1.63152481 2.93063658 10.52687836
2.08402817 3.81626836 9.89669802
2.68476175 4.99213726 9.43608064
3.48334661 6.53927103 9.22285307
4.53621596 8.52132351 9.39379153
5.91604772 11.09097024 10.15026426
7.67113611 14.21550891 11.82382628
9.81191866 17.58767533 14.89827720
12.24931202 20.55642220 19.86083939
14.62968010 21.82448669 26.66542940
16.33483227 19.99309065 34.15097475
16.65197782 14.95505715 39.93475412
15.29871793 8.22955078 42.23764960
12.61141245 2.21374246 41.06911998
9.34011037 -1.64733468 37.92275224
6.20637566 -3.48747453 34.41497921
3.59578656 -4.07519617 31.23336951
1.59668646 -4.10618266 28.53143097
0.13516084 -3.97686618 26.24205228
-0.91893340 -3.89876190 24.27221079
-1.69540013 -3.96701190 22.55722794
-2.31528665 -4.22164202 21.06050932
-2.86697766 -4.68183921 19.77458262
-3.42450792 -5.36084740 18.70967163
-4.04641203 -6.27457844 17.89674444
-4.77553741 -7.44262710 17.39298369
-5.65558995 -8.86628437 17.27978165
-6.71089098 -10.53151585 17.68194059
-7.94498613 -12.34900598 18.74561109
-9.33013556 -14.12493129 20.60680777
-10.77162406 -15.50421739 23.33994988
-12.09674332 -16.03180525 26.79478967
-13.05287093 -15.29518360 30.48243553
-13.38425196 -13.24152092 33.62362563
-12.95110364 -10.30694422 35.52289199
-11.82566003 -7.12838081 35.91737261
-10.22886452 -4.44583641 34.97984116
-8.46032451 -2.60243411 33.19050332
-6.78907835 -1.58248147 31.08762077
-5.37287182 -1.17939319 28.92827668
-4.27722895 -1.16320589 26.86187378
-3.49401329 -1.36681294 24.93535442
-2.98615164 -1.70164714 23.15939509
-2.70804778 -2.12489622 21.53435252
-2.62334913 -2.62744607 20.05995670
-2.70478582 -3.22394049 18.74110623
-2.93392018 -3.94737818 17.59062181
-3.31373047 -4.83460580 16.63209086
-3.85255021 -5.93185635 15.90816921
-4.56961760 -7.28551886 15.48639999
-5.49232572 -8.93553745 15.47034027
-6.64179324 -10.87145461 16.01239748
-8.02371913 -13.01375467 17.30217084
-9.60929820 -15.13007918 19.56993254
-11.28528510 -16.78476688 22.91160674
-12.82307088 -17.35491513 27.15036678
-13.89018846 -16.28569706 31.59791674
-14.16329676 -13.51372986 35.24197296
-13.48316714 -9.66835342 37.18189051
-11.96979654 -5.88323703 37.21622319
-9.96448064 -2.93175053 35.74792157
-7.86664469 -1.08273891 33.49568472
-5.96936537 -0.18259564 31.02710532
-4.41998333 0.10891124 28.64207642
-3.24799109 0.05720258 26.42880179
-2.41813631 -0.15641677 24.39982897
-1.86889440 -0.43443844 22.54148628
-1.53709118 -0.73603550 20.83666134
-1.37327173 -1.05232562 19.27190964
-1.33564538 -1.39754094 17.83767024
-1.40447662 -1.79202419 16.52887592
-1.56754307 -2.26725941 15.34470318
-1.82638645 -2.85991014 14.28983789
-2.19331647 -3.61444457 13.37808859
-2.68894863 -4.58514774 12.63838727
-3.34482899 -5.83984773 12.11773435
-4.20108385 -7.44791945 11.90596002
-5.30616746 -9.46368181 12.14699350
-6.70716838 -11.90931770 13.06461972
-8.43482752 -14.70556205 14.97468605
-10.44097846 -17.47093914 18.20984496
-12.56428435 -19.49803749 22.99188070
-14.44002260 -19.70654024 28.95571562
-15.54526151 -17.29179954 34.86967175
-15.40634058 -12.65147788 38.96173794
-13.94764425 -7.28607928 40.21670719
-11.55361006 -2.62026033 38.92519368
-8.79503155 0.36645117 36.20450598
-6.19240665 1.84765277 33.16810864
-4.02403376 2.35583261 30.30492609
-2.35986791 2.38986958 27.75827869
-1.14544762 2.25468711 25.50859801
-0.28310171 2.12078253 23.50403829
0.32999010 2.06751369 21.69972477
0.78628956 2.12801957 20.06574342
1.15646081 2.31763922 18.58578377
1.49951792 2.64649318 17.25188336
1.85888579 3.13250915 16.06532663
2.27577083 3.80045397 15.03649119
2.78703347 4.68853595 14.18929068
3.42989227 5.84680359 13.56968937
4.25063587 7.32373578 13.25447271
5.29256209 9.17879934 13.36876218
6.59442631 11.41689071 14.10466795
8.17979372 13.94189792 15.71631241
10.01923821 16.46602024 18.51773491
11.98029439 18.40172798 22.68105147
13.75747548 18.88577609 27.94725767
14.90628999 17.18103774 33.33936245
15.00764089 13.34995544 37.41742540
13.91628570 8.44807130 39.11592811
11.87458970 4.01967208 38.45292966
9.38335957 0.92681381 36.23464488
6.93516989 -0.75984164 33.44644981
4.83160766 -1.44650911 30.68018275
3.17832538 -1.57570896 28.14567818
1.95849904 -1.45991914 25.87033344
1.09650924 -1.27958423 23.82160773
0.50375308 -1.12653549 21.96296785
0.09478149 -1.03648798 20.26546517
-0.19451051 -1.02178265 18.70919021
-0.41580550 -1.08397653 17.28016666
-0.60637713 -1.22522031 15.96870206
-0.79566047 -1.45127305 14.76800459
-1.00725671 -1.77556534 13.67447883
-1.26425855 -2.21936568 12.68833697
-1.58881826 -2.81665311 11.81609342
-2.01087090 -3.61061516 11.07436026
-2.56294749 -4.66336686 10.49427034
-3.28675799 -6.05078305 10.13757495
-4.23701821 -7.84451980 10.11202785
-5.47538844 -10.13471952 10.59457815
-7.05909333 -12.95877562 11.86078929
-9.00917079 -16.12451041 14.31028179
-11.27494988 -19.16188348 18.39263455
-13.61597414 -21.04750049 24.28496432
-15.53904314 -20.48359242 31.30575991
-16.38022122 -16.76389907 37.60158418
-15.68585833 -10.76255835 41.14140395
-13.55078398 -4.59954144 41.22499959
-10.56983324 -0.08690167 38.82429527
-7.47691628 2.38742617 35.51768867
-4.76327147 3.35995844 32.26103518
-2.61842674 3.57509088 29.41465495
-1.02176071 3.48676941 26.97211610
0.12990229 3.36399932 24.85775972
0.96078369 3.33663010 23.00195644
1.59050974 3.46282610 21.35970700
2.11302857 3.76789031 19.91138929
2.60521097 4.26760040 18.65409770
3.12883651 4.97953786 17.60148520
3.73103867 5.93022646 16.78744955
4.46125473 7.14280939 16.26723820
5.35464170 8.64589015 16.13278202
6.44293908 10.42978981 16.51540284
7.73917419 12.42000896 17.57080505
9.22904761 14.43164437 19.52488878
10.82225440 16.10078633 22.47577532
12.32499007 16.87528277 26.30171437
13.45279750 16.21667450 30.49303091
13.89057376 13.97183028 34.13112114
13.46123290 10.55217965 36.37674628
12.21004202 6.92047697 36.84020991
10.40713151 3.90758443 35.78383236
8.42417808 1.87928800 33.80188490
6.56277849 0.79737371 31.47005382
5.00105471 0.37863036 29.14001387
3.79358787 0.35852322 26.94258716
2.92589544 0.54998249 24.91371993
2.34808741 0.84311845 23.04997557
2.00470452 1.18768768 21.34061457
1.84290744 1.57404870 19.77574659
1.83197585 2.01009634 18.34969010
1.94712186 2.52281146 17.06180761
2.17817211 3.14877497 15.91801512
2.53259998 3.92885558 14.93352528
3.02384507 4.91534230 14.13926688
3.67856789 6.16824437 13.58607083
4.53097320 7.74734564 13.36216065
5.62030851 9.69235785 13.60897202
6.98152356 11.99763574 14.53249253
8.62795946 14.54567821 16.41308199
10.49910634 16.96791732 19.51451626
12.42425183 18.61472765 23.94112122
14.06966026 18.57964096 29.29046048
14.98403840 16.27110514 34.45529252
14.79060379 12.13880691 37.97993968
13.45262531 7.49297980 39.08612632
11.31556391 3.34159624 38.00190393
8.84360117 0.59104089 35.59903354
6.48608588 -0.84290707 32.81696078
4.49810544 -1.38094187 30.11164018
2.95963958 -1.44113248 27.64468377
1.83570107 -1.30021294 25.42478226
1.04795477 -1.11509409 23.42056110
0.50949682 -0.96066566 21.59721615
0.14290667 -0.86663519 19.92854996
-0.11358675 -0.84021290 18.39624128
-0.30612048 -0.88131895 16.98718882
-0.46838200 -0.99009835 15.69166711
-0.62668598 -1.17002747 14.50227347
-0.80097022 -1.43188610 13.41403447
-1.01147086 -1.79256706 12.42475621
-1.27708337 -2.27997745 11.53639906
-1.62143848 -2.93252948 10.75810837
-2.07510339 -3.80065991 10.11027760
-2.67228379 -4.95613360 9.63055062
-3.46147536 -6.48056925 9.39449599
-4.50088840 -8.44666056 9.53160296
-5.85964002 -10.97046761 10.24823362
-7.58980497 -14.03073386 11.87210774
-9.70560092 -17.36123738 14.87128602
-12.10947065 -20.32406161 19.69573529
-14.47730264 -21.67917771 26.34867999
-16.20656375 -20.05085701 33.74069194
-16.59502664 -15.18854483 39.58555039
-15.33083105 -8.51932640 42.05079626
-12.71477035 -2.51239750 41.04125414
-9.48598056 1.40823716 38.01854401
-6.36667721 3.31113751 34.53225023
-3.75559495 3.93488777 31.34109371
-1.74788240 3.98625385 28.62209201
-0.27750473 3.86052907 26.31217784
0.78193320 3.77375787 24.32038319
1.55939097 3.82608502 22.58146162
2.17573140 4.05884902 21.05831460
2.71707326 4.49315373 19.74201392
3.26141641 5.14105178 18.63898016
3.86326693 6.02232439 17.77861906
4.57032725 7.15602893 17.21244172
5.42612016 8.55212380 17.01907776
6.45615348 10.20699758 17.31862916
7.67385766 12.04472478 18.25626082
9.05679087 13.89945930 19.97787029
10.53164222 15.43119192 22.61662708
11.93451576 16.19977895 26.05297823
13.01209432 15.71945113 29.86060639
13.48918657 13.85191073 33.25511100
13.19351008 10.92437266 35.48016999
12.15116429 7.61712472 36.15398712
10.57064533 4.73315431 35.38875489
8.75989394 2.69564445 33.67170204
7.01358597 1.52827103 31.55160444
5.51257605 1.04303920 29.34039709
4.33835887 0.97693505 27.22081245
3.48649112 1.14893088 25.24478919
2.92054597 1.45872343 23.42236369
2.59263366 1.85433129 21.75176673
2.46362001 2.32044851 20.23028972
2.50008622 2.86941054 18.85948620
2.68216294 3.53015747 17.64751808
3.00909131 4.33799778 16.61210967
3.48526043 5.34032684 15.78707155
4.12998924 6.58773099 15.22655132
4.96985947 8.12494578 15.01860198
6.03147008 9.97115275 15.29660082
7.33455840 12.09186618 16.24512311
8.87662358 14.34245318 18.10178791
10.57834475 16.35917954 21.03529718
12.26727856 17.57094867 25.05457363
13.63718660 17.26898079 29.69386479
14.32715624 15.10298083 34.02032666
14.05878724 11.44199392 36.89224425
12.82725939 7.45482808 37.77850521
10.93242807 3.93965178 36.82423826
8.76692097 1.53193951 34.73777660
6.69462513 0.22923669 32.23661579
4.93430263 -0.29598011 29.74526391
3.56240498 -0.36190326 27.41599203
2.56328717 -0.20656090 25.28197026
1.87762255 0.03711435 23.33228445
1.43633144 0.30442810 21.54623052
1.18016331 0.57288588 19.90604553
1.05931919 0.84646446 18.39824113
1.04383303 1.13896739 17.01361769
1.11260849 1.47429190 15.74594855
1.25977903 1.87885208 14.59238995
1.48686109 2.38689613 13.55470947
1.80517854 3.03945252 12.64085005
2.23572026 3.88696306 11.86986927
2.80897894 4.98323489 11.28297420
3.56708753 6.40314792 10.94391097
4.55287361 8.26610867 10.95171298
5.81586585 10.61112398 11.50366443
7.41306589 13.38800338 12.89929692
9.36784701 16.42129977 15.51226484
11.58537113 19.15858540 19.74661414
13.79181300 20.61012496 25.59146989
15.48763651 19.57293783 32.25292627
16.06191911 15.63768655 37.86431498
15.17530239 9.79419859 40.73674436
12.99086299 4.15072283 40.47334080
10.10698567 0.12644342 38.05544034
7.18786535 -2.05395097 34.86253042
4.65416104 -2.92291378 31.74993518
2.65642664 -3.09803249 28.99341455
1.17448469 -3.00273404 26.59962516
0.10978123 -2.87317304 24.50246409
-0.65313824 -2.82978228 22.64253388
-1.22795762 -2.92280687 20.98052207
-1.69672532 -3.17651713 19.49726097
-2.13497455 -3.60356785 18.18550311
-2.59526194 -4.22466350 17.05408954
-3.12688420 -5.06518761 16.12557722
-3.77331668 -6.16053833 15.44279589
-4.57300618 -7.55111062 15.07963126
-5.56942495 -9.25545738 15.14601467
-6.79484846 -11.27236468 15.81276189
-8.25589216 -13.49896598 17.29214648
-9.91198648 -15.65383646 19.79343853
-11.63395431 -17.24244012 23.41541791
-13.16918143 -17.57787455 27.91019277
-14.16231071 -16.10861780 32.50014264
-14.27534556 -12.98836999 36.02251501
-13.39744630 -9.02881643 37.65580045
-11.72199888 -5.17082236 37.33858581
-9.61073737 -2.30434631 35.56199975
-7.46421086 -0.61680411 33.13817330
-5.56887317 0.15432562 30.62382649
-4.04920395 0.34915399 28.23032302
-2.91792447 0.25401159 26.02811489
-2.12482458 0.02938035 24.01594815
-1.60186734 -0.23740523 22.17468409
-1.28599170 -0.51108250 20.48518166
-1.12242979 -0.78836353 18.93248141
-1.07532697 -1.08029917 17.50626414
-1.12019111 -1.40833133 16.19947691
-1.24624581 -1.79874904 15.00842155
-1.45332661 -2.28342281 13.93364251
-1.74917805 -2.90248776 12.98180377
-2.15263843 -3.70353159 12.16859222
-2.69095431 -4.74393981 11.52830690
-3.40440804 -6.07750054 11.12482647
-4.33602729 -7.82968252 11.04105382
-5.53239140 -10.06267291 11.44847480
-7.04564849 -12.74173718 12.62185222
-8.91770644 -15.72635785 14.92356289
-11.07851521 -18.57090133 18.75517128
-13.30724220 -20.38097943 24.24292473
-15.15095448 -19.96215182 30.79932612
-16.00504141 -16.66305358 36.74982265
-15.45111492 -11.14038117 40.29747928
-13.53079951 -5.33587888 40.67009854
-10.76338276 -0.92471372 38.62972969
-7.82868928 1.62373990 35.53962280
-5.20596923 2.72217594 32.38536394
-3.09992615 3.01156392 29.55274655
-1.51975776 2.95127988 27.08576683
-0.37823836 2.81479209 24.92705227
0.43505631 2.74044018 23.01459268
1.03714026 2.79162023 21.30479389
1.51563867 2.99486413 19.77429110
1.94516025 3.36509080 18.41308326
2.38466667 3.91865289 17.22447743
2.88039896 4.68164127 16.22634703
3.47939077 5.68489270 15.45293874
4.21900688 6.97285366 14.96606485
5.14275873 8.57588741 14.86315819
6.28848468 10.50190808 15.29038465
7.67764265 12.70603966 16.45801135
9.28885461 14.97014629 18.58629121
11.03459048 16.88685600 21.84885853
12.70263510 17.78338706 26.15978559
13.96097233 17.01479665 30.92818106
14.43650103 14.35104698 35.05523798
13.89841890 10.52384180 37.46174142
12.45091705 6.41224883 37.80870893
10.40977368 3.08354387 36.44015224
8.19683870 0.96348393 34.10646938
6.15903428 -0.09883803 31.56201125
4.47594293 -0.46214213 29.08687987
3.19268204 -0.44682292 26.79852830
2.27290062 -0.25710885 24.70969313
1.65014543 -0.00809274 22.80210461
1.25580712 0.24863616 21.05387753
1.02881842 0.49981707 19.44728432
0.92602376 0.75075800 17.96956611
0.91608507 1.01853910 16.61130637
0.98345310 1.32375909 15.36605785
1.12021059 1.69376223 14.23024734
1.32973269 2.15925019 13.20389672
1.62319552 2.75875460 12.29308682
2.01988545 3.54039421 11.51352464
2.54756585 4.56615175 10.89321389
3.24503207 5.90886634 10.49159332
4.16121546 7.63651770 10.40962162
5.35607759 9.84586620 10.81083464
6.88449168 12.58199137 11.95079290
8.76924101 15.67199094 14.20660247
10.97547172 18.69716841 18.02337503
13.28748984 20.72322909 23.61338860
15.25323672 20.49731193 30.42782050
16.23895952 17.20357553 36.79200271
15.75158158 11.66715596 40.61805539
13.84192757 5.54100019 41.18029220
11.00771717 0.81601394 39.09374327
7.95549909 -1.90153223 35.89669453
5.21572916 -3.06515229 32.65240098
3.01745076 -3.36343181 29.76207216
1.36734134 -3.30386767 27.26656761
0.17458391 -3.17248532 25.10172099
-0.68304112 -3.11422466 23.19719727
-1.31985880 -3.19529276 21.50656022
-1.83662852 -3.44273275 20.00460259
-2.30644087 -3.87475525 18.68573737
-2.79535683 -4.50623127 17.55678054
-3.34962791 -5.36477016 16.64375126
-4.01747226 -6.47802565 15.99213802
-4.84057433 -7.87865171 15.67770825
-5.85225743 -9.58551012 15.81828555
-7.08026289 -11.56024047 16.56700270
-8.52438842 -13.67806247 18.13276606
-10.14107699 -15.65474953 20.72385556
-11.77744703 -16.99351498 24.32844555
-13.17579985 -17.04619754 28.65738560
-13.99200370 -15.41966550 32.85672582
-13.95658219 -12.26755060 35.95151378
-12.99661363 -8.40469112 37.22564522
-11.31304924 -4.89147278 36.71903932
-9.27498721 -2.33335344 34.95516814
-7.25134282 -0.83986351 32.62581017
-5.48551983 -0.17607368 30.19624952
-4.08013631 -0.01956053 27.88392455
-3.03960163 -0.13998582 25.74676312
-2.31980695 -0.38755150 23.78659273
-1.85942947 -0.68765693 21.98946870
-1.59846254 -1.01400636 20.34065869
-1.49500704 -1.36549451 18.82950495
-1.51434289 -1.76142896 17.44925953
-1.63986031 -2.22881674 16.19793745
-1.86838471 -2.80160456 15.07923849
-2.20459406 -3.52424365 14.10521479
-2.66734649 -4.44723339 13.29942889
-3.28363091 -5.63067348 12.70827759
-4.09025385 -7.12021540 12.41319501
-5.13421546 -9.02529278 12.53236487
-6.45341384 -11.37079221 13.26136463
-8.07269366 -14.03756733 14.88611257
-9.98742840 -16.75394002 17.75638166
-12.05347845 -18.89587948 22.10568744
-13.96011038 -19.52606334 27.70632313
-15.22947556 -17.74214818 33.56447753
-15.36757768 -13.74537022 37.94101498
-14.23678390 -8.52080775 39.78713157
-12.07960579 -3.73094638 39.04445236
-9.43027119 -0.43335001 36.62538438
-6.83238527 1.31556866 33.68990843
-4.61133744 1.98395044 30.81635103
-2.87889316 2.09787696 28.22701712
-1.60218321 1.98079779 25.92642803
-0.69480611 1.82336545 23.87158012
-0.05851505 1.71877418 22.01826640
0.39849272 1.70667827 20.33445451
0.74799109 1.80252123 18.80058313
1.04729094 2.01426474 17.40478201
1.34106485 2.35217242 16.14179022
1.66525260 2.83506946 15.01305729
2.05418916 3.49105839 14.02790430
2.53925428 4.36351187 13.20889168
3.16128664 5.50216128 12.59829862
3.96153107 6.97494089 12.26815972
4.98602108 8.84327121 12.34300606
6.28453283 11.12544046 13.01113639
7.89279869 13.77415042 14.56152097
9.80117350 16.54575850 17.33197272
11.87837164 18.82385803 21.55595712
13.83735717 19.67522588 27.11982907
15.19867847 18.14627773 33.05350468
15.46618350 14.11109191 37.74641862
14.41393521 8.88767106 39.88352960
12.29137219 4.03695497 39.33740889
9.64373716 0.57110746 37.00853339
7.00771044 -1.30537915 34.04326789
4.73091127 -2.06806660 31.13400975
2.93993292 -2.21710324 28.50441555
1.61442706 -2.11324962 26.17226193
0.66950596 -1.96029218 24.09435271
0.00288276 -1.85990584 22.22450097
-0.47655145 -1.85622343 20.52941843
-0.84685197 -1.96580790 18.98786262
-1.16541064 -2.19918926 17.58870998
-1.48086993 -2.56688537 16.32722855
-1.82928906 -3.09038859 15.20681761
-2.24865280 -3.79800312 14.23974963
-2.77222523 -4.73459288 13.45273806
-3.43905873 -5.95411222 12.89614779
-4.29598259 -7.51085054 12.65446242
-5.38816251 -9.47122806 12.86460189
-6.75689028 -11.83184834 13.73921991
-8.42443930 -14.48208528 15.55703192
-10.35489497 -17.08588303 18.66468860
-12.38743790 -18.97643627 23.20162932
-14.17745703 -19.19432775 28.83492573
-15.23391603 -17.02666386 34.37829877
-15.14121738 -12.68572707 38.30889555
-13.80053181 -7.50538447 39.60656084
-11.53667403 -3.08108695 38.52037014
-8.91173924 -0.15506132 36.01128540
-6.41307359 1.33740981 33.09114902
-4.31460574 1.88854444 30.29334072
-2.69214039 1.94465054 27.77125185
-1.50594833 1.80985839 25.52396761
-0.66939017 1.64969532 23.50814632
-0.08443052 1.54622398 21.68416696
0.33399797 1.53113130 20.02318110
0.65359651 1.61653078 18.50648327
0.92682668 1.80876992 17.12282711
1.19493572 2.11699916 15.86638915
1.49086610 2.55867254 14.73687251
1.84546880 3.16116861 13.74120474
2.29153203 3.96295188 12.89654168
2.86155730 5.01945367 12.23762835
3.59980774 6.39008633 11.82767828
4.55493353 8.14693892 11.77143783
5.77585215 10.35126959 12.24019835
7.30736429 12.97088780 13.49769963
9.15781866 15.83269911 15.87745372
11.26075006 18.45222657 19.75306409
13.36909965 19.95224275 25.12600543
15.04148648 19.24570704 31.34980967
15.71913478 15.85557321 36.79966708
15.05351850 10.53331263 39.88314173
13.13422706 5.14616644 40.05165213
10.47150370 1.09228853 38.02959690
7.68678317 -1.25310020 35.05805518
5.20921290 -2.27541035 32.02452293
3.22158144 -2.54281571 29.26929438
1.73210936 -2.47894979 26.84240594
0.66016723 -2.33239673 24.69720749
-0.09938761 -2.23429198 22.78113247
-0.65166584 -2.24060733 21.05477170
-1.07811079 -2.37629698 19.49447245
-1.44951629 -2.65241179 18.08740864
-1.81590185 -3.08481100 16.83195238
-2.22422935 -3.69312955 15.73483187
-2.71101956 -4.51216637 14.81634379
-3.31728132 -5.58333030 14.11525762
-4.08578100 -6.95683435 13.69771295
-5.05633483 -8.68611993 13.67359815
-6.27189519 -10.78060789 14.20858702
-7.75399508 -13.17369356 15.52992905
-9.50583193 -15.67614576 17.95896588
-11.41413466 -17.79134937 21.65361631
-13.23048138 -18.70835282 26.54198985
-14.55335217 -17.64378192 31.86198423
-14.95363974 -14.40822987 36.29731833
-14.19847882 -9.78343447 38.62964835
-12.42534784 -5.27401856 38.60455810
-10.07403994 -1.85874707 36.78770306
-7.64065845 0.16740739 34.14979403
-5.47353411 1.08848533 31.39252685
-3.72711947 1.34677857 28.81453894
-2.41662329 1.28044103 26.48336612
-1.48153049 1.10003205 24.38071983
-0.83879992 0.91622074 22.47296587
-0.40383289 0.77589898 20.73034125
-0.11082424 0.69531435 19.13139922
0.09416491 0.67478409 17.66046340
0.24841615 0.71236328 16.30617618
0.38026087 0.80670212 15.05941171
0.51050237 0.96108042 13.91293861
0.65604743 1.18443032 12.86126066
0.83277142 1.49249059 11.90112027
1.05805621 1.90868225 11.03231028
1.35072325 2.46828141 10.25980423
1.73792195 3.21633502 9.59776052
2.25186505 4.21610692 9.07259917
2.93333934 5.55020169 8.73754350
3.83931911 7.30635467 8.69278450
5.03373756 9.56443947 9.10906875
6.59362342 12.44397784 10.25095957
8.55728576 15.81700210 12.52854447
10.90587285 19.24465271 16.49089764
13.44191380 21.75089144 22.49626172
15.67912581 21.82661323 30.07437513
16.88345651 18.30541854 37.38094456
16.42554691 12.04928818 41.83414222
14.32484550 5.09899421 42.43436453
11.17038306 -0.15291809 40.00781382
7.79485289 -3.04808358 36.45196514
4.79858266 -4.20276898 32.98109171
2.42017473 -4.45406909 30.00083733
0.64683289 -4.36344753 27.50505602
-0.63478620 -4.24283928 25.39447489
-1.56643928 -4.23843406 23.57990485
-2.27724153 -4.41500332 22.00910392
-2.87995828 -4.79669320 20.65969040
-3.45216674 -5.39906344 19.53760079
-4.06586929 -6.23001874 18.66469431
-4.76752244 -7.30510964 18.09092102
-5.59839902 -8.62604014 17.89023129
-6.58952943 -10.16863723 18.16373742
-7.74685602 -11.86685376 19.05134258
-9.04455321 -13.54610473 20.67352094
-10.40860530 -14.92245820 23.09327054
-11.68569932 -15.57038697 26.20891128
-12.66127817 -15.12530492 29.63488865
-13.10049556 -13.41156833 32.71273728
-12.84512966 -10.84685879 34.76157781
-11.92412403 -7.95611008 35.45297005
-10.52033104 -5.30830996 34.88092585
-8.88993843 -3.36639912 33.36697836
-7.28568475 -2.20924400 31.39261098
-5.88760049 -1.67772249 29.33940587
-4.77420169 -1.57715816 27.32753829
-3.96284559 -1.73890630 25.43220313
-3.42694528 -2.06124658 23.67648335
-3.13048969 -2.49406152 22.06916780
-3.03435571 -3.02577402 20.61617965
-3.11544973 -3.66539862 19.32620888
-3.36250837 -4.43705365 18.21682410
-3.76559114 -5.38248345 17.31947355
-4.33705104 -6.54074959 16.68255239
-5.09442999 -7.94568111 16.38281786
-6.05237965 -9.60929941 16.52863310
-7.22588324 -11.50251235 17.27819897
-8.61123470 -13.50894112 18.82307957
-10.13831205 -15.33318625 21.28742938
-11.66641713 -16.51346685 24.69485621
-12.94918123 -16.49329885 28.69852531
-13.68968397 -14.93062708 32.58529940
-13.63657816 -11.97683904 35.42640537
-12.73649962 -8.49228875 36.64678467
-11.17848857 -5.27199173 36.22663768
-9.29449478 -2.83858380 34.62287071
-7.40445508 -1.38647847 32.43399089
-5.73895043 -0.70363961 30.12772157
-4.40108468 -0.52901035 27.89614776
-3.40831375 -0.64262498 25.81526955
-2.72462417 -0.90482485 23.89710181
-2.29835179 -1.24409049 22.13635936
-2.07605687 -1.63635840 20.52431685
-2.02228480 -2.08226428 19.05541139
-2.10750330 -2.60477866 17.72916754
-2.31916032 -3.23703285 16.55166792
-2.66051217 -4.01881287 15.53850268
-3.14130899 -5.00120945 14.72057574
-3.78606054 -6.24089187 14.14830837
-4.62610519 -7.79184713 13.90919334
-5.69663956 -9.69009908 14.13854688
-7.03029774 -11.92856579 15.03672627
-8.63133318 -14.37505623 16.85772298
-10.44126730 -16.69383511 19.84691829
-12.29233020 -18.23313188 24.08896115
-13.87501609 -18.19327062 29.19882935
-14.75597422 -16.02331810 34.12809739
-14.58523648 -12.14192750 37.52648522
-13.32815016 -7.63320136 38.64183266
-11.28454616 -3.64424994 37.65970471
-8.90985426 -0.96111114 35.37770122
-6.63288290 0.46585769 32.69812735
-4.70297553 1.01599709 30.05529684
-3.20417768 1.08771552 27.62347094
-2.10844911 0.94491450 25.42168393
-1.34426685 0.73990067 23.42556786
-0.83138330 0.54648537 21.60471475
-0.49602721 0.39226601 19.93483735
-0.28188585 0.28211950 18.39856210
-0.14631952 0.21072980 16.98257265
-0.05992622 0.17038838 15.67635613
-0.00294897 0.15431497 14.47096789
0.03784209 0.15759662 13.35846891
0.07126931 0.17764897 12.33168386
0.10344703 0.21415568 11.38407019
0.13916636 0.26886301 10.50966159
0.18269310 0.34578656 9.70306171
0.23866961 0.45127678 8.95946320
0.31230558 0.59512699 8.27476453
0.41106896 0.79057449 7.64581924
0.54397210 1.05668725 7.07059127
0.72363084 1.42045533 6.54944816
0.96874190 1.91734980 6.08698353
1.30343588 2.59690590 5.69316006
1.75896283 3.53035574 5.38816841
2.38226330 4.80848082 5.22158182
3.23433977 6.52765001 5.28728269
4.39450962 8.84868781 5.73094834
5.95435821 11.92511477 6.81578383
7.99351377 15.70566241 9.04176629
10.55373844 19.88643215 13.10783024
13.48838888 23.43394925 19.70111720
16.28861661 24.43025612 28.65365186
18.03001223 20.92944014 37.90991767
17.79427052 13.22595509 43.96585593
15.40637911 4.51773737 44.87579199
11.63896700 -1.89530353 41.92134557
7.61709217 -5.22437626 37.66886289
4.10321868 -6.36168608 33.76793166
1.35629978 -6.52041757 30.67722483
-0.66525043 -6.35243544 28.26663230
-2.11778275 -6.20115310 26.35282630
-3.17073762 -6.21192855 24.80479404
-3.98778518 -6.43864353 23.55135610
-4.67776585 -6.88628320 22.57588873
-5.33364809 -7.54187312 21.88267954
-6.01792244 -8.38119906 21.50253101
-6.76035268 -9.36874507 21.48703516
-7.58082791 -10.43660677 21.88230459
-8.46583245 -11.48298686 22.74005705
-9.37221278 -12.36068916 24.07371787
-10.22868470 -12.88710911 25.81041847
-10.93385404 -12.88562658 27.78034566
-11.36575750 -12.26062603 29.69439332
-11.44213238 -11.05322804 31.25806240
-11.12862096 -9.45743244 32.20313349
-10.46867258 -7.78828116 32.42497406
-9.56518384 -6.30588193 31.97268750
-8.55723505 -5.17346397 31.00772589
-7.57326565 -4.44852519 29.73336497
-6.70892611 -4.10834410 28.30868160
-6.02364227 -4.06696930 26.87205099
-5.53793871 -4.25611426 25.49403220
-5.25284133 -4.63226874 24.22087104
-5.16077100 -5.16477321 23.09090131
-5.24712005 -5.84306732 22.13917805
-5.50944557 -6.66289873 21.40385834
-5.94016874 -7.62027301 20.93371092
-6.52259853 -8.71080236 20.78863024
-7.24723341 -9.90025372 21.03421512
-8.10122509 -11.11299473 21.74962493
-9.03967015 -12.22070254 22.97187572
-9.98588428 -13.04132776 24.68598425
-10.83578857 -13.36215995 26.77095434
-11.45534824 -13.00410689 28.96258181
-11.72640722 -11.93801767 30.92745755
-11.56947088 -10.30618463 32.30062439
-10.99567952 -8.46972331 32.89386224
-10.09635757 -6.74076388 32.69406204
-9.02376971 -5.32302487 31.83908149
-7.92319393 -4.35588827 30.56080999
-6.91866044 -3.83422387 29.06163493
-6.08992909 -3.66326141 27.52161594
-5.46957157 -3.76407951 26.01833161
-5.06483332 -4.07258837 24.60888550
-4.86639217 -4.54463992 23.33076187
-4.86088576 -5.16396847 22.21491605
-5.04185898 -5.92396673 21.29455310
-5.39535054 -6.83222298 20.61379536
-5.90758399 -7.89765532 20.22600272
-6.58425484 -9.10648934 20.20221851
-7.41674433 -10.41378086 20.62193867
-8.37446214 -11.72374471 21.56001816
-9.40524620 -12.88707691 23.06264725
-10.42177475 -13.65439543 25.10018326
-11.29689659 -13.79063303 27.49801932
-11.87459930 -13.11313256 29.91787959
-12.02283788 -11.67914642 31.91654642
-11.68088337 -9.81728374 33.13581302
-10.91269607 -7.78731997 33.45153781
-9.84134605 -5.94369390 32.94258454
-8.63278665 -4.55796028 31.77644035
-7.44931071 -3.69685722 30.23183569
-6.41455275 -3.29297020 28.59690425
-5.59096227 -3.23503350 26.95574781
-5.00094686 -3.43000795 25.38741121
-4.64003314 -3.80395533 23.93464703
-4.49074324 -4.32815434 22.62606539
-4.53760467 -4.99103644 21.48964171
-4.76133707 -5.80211710 20.55869714
-5.15627900 -6.77447853 19.87596019
-5.72846403 -7.91462831 19.49839048
-6.47284432 -9.21238945 19.50314642
-7.37243479 -10.63525989 19.97856489
-8.41015236 -12.07716976 21.02464704
-9.54190052 -13.34971330 22.72317633
-10.66408429 -14.19944510 25.01936898
-11.61993578 -14.31715302 27.71673208
-12.23379469 -13.51459565 30.40348592
-12.35037325 -11.85479823 32.56748865
-11.92125317 -9.61130991 33.83377197
-11.00247196 -7.28648896 34.03406949
-9.76033938 -5.30242772 33.29517895
-8.39938770 -3.88975544 31.92345935
-7.10731060 -3.05839139 30.23670382
-6.00190112 -2.72507476 28.43680820
-5.14663446 -2.73170362 26.67523592
-4.54717379 -2.95755995 25.01747310
-4.18556248 -3.35234174 23.48748592
-4.03886189 -3.88452490 22.10811471
-4.08380246 -4.55067287 20.90033315
-4.31249740 -5.35882827 19.89037379
-4.71524942 -6.33125132 19.11922665
-5.28694416 -7.49235200 18.64390800
-6.03940245 -8.84928836 18.54408348
-6.97298818 -10.37389678 18.92175361
-8.07165362 -11.98684613 19.89010986
-9.29486067 -13.50910056 21.55929606
-10.55643080 -14.64784264 23.96325473
-11.69705173 -15.06028825 26.92689729
-12.51282424 -14.42126049 30.05640102
-12.79606030 -12.73258181 32.71780705
-12.45038534 -10.26851858 34.40159864
-11.51460077 -7.57847209 34.85067603
-10.16544623 -5.23148273 34.16650848
-8.64051867 -3.54001355 32.70377094
-7.17003179 -2.53789700 30.87259075
-5.89931170 -2.10687053 28.91899701
-4.90303843 -2.06264929 27.00878880
-4.18846061 -2.25302468 25.21106184
-3.73203594 -2.60809208 23.54699599
-3.50279544 -3.08650582 22.03138463
-3.47125332 -3.68014524 20.67580965
-3.62201932 -4.39836524 19.49694055
-3.93934142 -5.27126452 18.52314050
-4.42382404 -6.33212995 17.79691648
-5.08797193 -7.60914612 17.38240550
-5.94097412 -9.11525184 17.37257569
-6.98592498 -10.82196369 17.88460172
-8.22997985 -12.65105967 19.10035586
-9.62286242 -14.38355492 21.13336997
-11.04472121 -15.64093581 24.00072377
-12.30792063 -15.95862325 27.52692464
-13.14682742 -14.97503198 31.11783496
-13.33470889 -12.69646162 34.05057428
-12.76030884 -9.61457857 35.65256643
-11.52172759 -6.55527679 35.78350987
-9.87542397 -4.06134916 34.67330464
-8.12313139 -2.39476029 32.82892839
-6.50418781 -1.51535437 30.69195603
-5.15760820 -1.18704949 28.55242730
-4.12565301 -1.21378669 26.51348946
-3.39872492 -1.44599209 24.61705830
-2.93770196 -1.79917900 22.87059031
-2.70171737 -2.23636051 21.27452555
-2.64868510 -2.75806191 19.83038255
-2.75766241 -3.38022957 18.54384605
-3.02113780 -4.13142748 17.42947818
-3.43145633 -5.05888841 16.51578256
-4.00411998 -6.20752111 15.84827259
-4.76173757 -7.62007660 15.50150183
-5.72624125 -9.32090375 15.58630262
-6.92068340 -11.29955426 16.26739044
-8.35221331 -13.46404945 17.75742655
-9.96384055 -15.52500142 20.22912309
-11.62564065 -17.00262685 23.77210840
-13.08343670 -17.24613453 28.09739305
-14.00459107 -15.78603676 32.46409935
-14.07866662 -12.67850447 35.79182826
-13.20196179 -8.88237899 37.33641037
-11.56939788 -5.25938975 37.00470640
-9.53695779 -2.52071991 35.32193425
-7.47526849 -0.89258710 32.98438599
-5.65088190 -0.13036302 30.53604310
-4.18271406 0.07179131 28.18808231
-3.08847426 -0.02261949 26.01664399
-2.32370466 -0.25575959 24.02608881
-1.82576438 -0.54380738 22.20213857
-1.53522904 -0.85391633 20.52857088
-1.40366167 -1.18323921 18.99306270
-1.39461749 -1.54810268 17.58749953
-1.49117104 -1.97127113 16.30812187
-1.68312795 -2.48720003 15.15595214
-1.97630119 -3.13395501 14.13830522
-2.38464471 -3.95988259 13.27373354
-2.93234187 -5.02219484 12.59742370
-3.65324561 -6.39177105 12.16759666
-4.59018480 -8.13331460 12.09298923
-5.79045783 -10.28758013 12.53794322
-7.29960708 -12.85841568 13.76342747
-9.12405198 -15.67279826 16.09206737
-11.18183254 -18.24144977 19.83988537
-13.24621638 -19.72029757 25.06547711
-14.89238818 -19.06321655 31.11990079
-15.58754858 -15.74748298 36.50734262
-14.96859951 -10.76458290 39.61273083
-13.14731120 -5.54319198 39.88743906
-10.58759861 -1.47405383 37.98598319
-7.86655128 0.91761067 35.09504434
-5.42044057 1.99645883 32.10726582
-3.44600232 2.29674463 29.36379265
-1.95997692 2.24676485 26.93065296
-0.88957207 2.09639041 24.77276640
-0.13294793 1.97708138 22.83950124
0.40718703 1.94843892 21.09238197
0.81606891 2.03373674 19.50630965
1.15712385 2.24538161 18.06786004
1.48395634 2.59322094 16.77078583
1.83571290 3.09702439 15.61750576
2.25233121 3.78278266 14.61907582
2.76733557 4.69306924 13.80088152
3.42043619 5.87819612 13.21056122
4.25716439 7.39241108 12.92814725
5.32063275 9.29765658 13.08401035
6.65330122 11.59281302 13.88057796
8.27634014 14.17953186 15.58033081
10.16403438 16.75545539 18.52766734
12.16419218 18.69637392 22.85859953
13.95847047 19.08195037 28.31472094
15.07571768 17.17318123 33.80027798
15.09866851 13.07742718 37.85542740
13.89248264 8.02622190 39.39306267
11.73999135 3.59293979 38.55445881
9.18007224 0.55176661 36.19191841
6.69850365 -1.05555655 33.32738902
4.58757845 -1.68551267 30.53666993
2.94073818 -1.78138209 28.00069733
1.73077288 -1.65695551 25.73333959
0.87635031 -1.48677653 23.69645250
0.28299278 -1.35879788 21.85152954
-0.13360932 -1.30753280 20.16921360
-0.44107213 -1.34508601 18.62982290
-0.69095396 -1.47616509 17.22071049
-0.92381461 -1.70613377 15.93377212
-1.17021477 -2.04782049 14.76534951
-1.45916780 -2.52138480 13.71660044
-1.81751024 -3.15934675 12.79570444
-2.27486205 -4.00740272 12.02284542
-2.87007117 -5.12055551 11.43683239
-3.64368819 -6.57617636 11.10402584
-4.64663881 -8.44634414 11.14598315
-5.93224906 -10.76082612 11.74866682
-7.55446711 -13.53118891 13.21933317
-9.52260250 -16.56675903 15.92109754
-11.72487428 -19.24314312 20.17734761
-13.89445954 -20.54640487 26.06370368
-15.51133925 -19.30568440 32.62199086
-15.99367828 -15.16169080 38.07159104
-15.01340260 -9.41927330 40.73283715
-12.79128633 -3.98200670 40.32905389
-9.93537975 -0.07988835 37.85651126
-7.06332572 2.00937004 34.67729309
-4.57832766 2.83891404 31.59876112
-2.62562113 2.99789196 28.86924607
-1.17880102 2.89767838 26.49066920
-0.14059280 2.76908802 24.40236465
0.60582887 2.72443426 22.54625599
1.16283818 2.81365939 20.88493575
1.62102658 3.05725297 19.39738364
2.04508154 3.47182580 18.07894655
2.49317618 4.07388902 16.93544508
3.00907997 4.89253162 15.98835999
3.63626196 5.96271128 15.27846029
4.41897813 7.32249175 14.87362620
5.39347008 9.01113577 14.88422568
6.59553963 11.01804151 15.46895332
8.03501503 13.25247447 16.82785870
9.69801193 15.48623778 19.24163214
11.46204281 17.24738402 22.79638774
13.07771893 17.81989579 27.31535569
14.18417356 16.59833089 32.05067126
14.42472524 13.55248960 35.84795223
13.64354412 9.40135164 37.76718566
11.98672005 5.39332796 37.62695067
9.83690171 2.36400786 35.94635021
7.62697273 0.53906723 33.52811637
5.65818289 -0.30718214 30.95648938
4.06942646 -0.55209560 28.51222761
2.87686177 -0.47730622 26.26758160
2.03400648 -0.26819639 24.22120641
1.47118670 -0.02089003 22.35148106
1.11738584 0.22512354 20.63661076
0.91891779 0.46035379 19.06005755
0.83192715 0.69440328 17.60911083
0.82973328 0.94359367 16.27473252
0.89708790 1.22910046 15.05037595
1.02861181 1.57593911 13.93199316
1.22796869 2.01361620 12.91900794
1.50538843 2.57964117 12.01612345
1.88016870 3.31994029 11.23539968
2.38008707 4.29338920 10.60475081
3.04437615 5.56260338 10.17861553
3.91917488 7.23466249 10.03395810
5.05824612 9.39041257 10.32808263
6.52559404 12.04992542 11.32038439
8.36564862 15.13552648 13.36345822
10.55907380 18.29868199 16.93497608
12.92359525 20.69713328 22.29074988
15.04728009 21.04056062 29.12443788
16.28924102 18.25630133 35.88080425
16.08491027 12.65990434 40.43811573
14.33254880 6.35920127 41.59449775
11.52778861 1.26987662 39.83744261
8.40538685 -1.81848754 36.65869299
5.53788510 -3.21102718 33.32200878
3.20068364 -3.61465390 30.33157820
1.43328710 -3.58783921 27.76428945
0.14928593 -3.45608688 25.55189362
-0.77416676 -3.39255125 23.62042475
-1.46064524 -3.47068842 21.91659194
-2.01073147 -3.72402795 20.41307498
-2.51178001 -4.16775894 19.10085714
-3.02406306 -4.82121303 17.99117965
-3.60565858 -5.70292573 17.10992676
-4.29846032 -6.84315562 16.50822592
-5.14366599 -8.26328240 16.26663964
-6.17791755 -9.96067474 16.50035481
-7.41915566 -11.89731354 17.37956245
-8.85237775 -13.90646097 19.07880474
-10.41181932 -15.67630062 21.73680302
-11.93532923 -16.68798450 25.32152594
-13.16557978 -16.41369657 29.43195892
-13.79458846 -14.52902509 33.26163681
-13.58575535 -11.48455016 35.86378284
-12.55082540 -7.93751432 36.77199940
-10.90096875 -4.73228214 36.08805146
-8.97091638 -2.44425417 34.27719099
-7.08324298 -1.13791518 32.02393388
-5.45214256 -0.57005272 29.70666178
-4.16508472 -0.47165023 27.49050288
-3.22425061 -0.62156837 25.43287965
-2.58582792 -0.90096983 23.53959238
-2.19449145 -1.24757271 21.80274710
-2.00144971 -1.64151851 20.21300472
-1.96888660 -2.08918065 18.76499670
-2.06902973 -2.61625862 17.45853326
-2.29547726 -3.25401778 16.30004207
-2.64805854 -4.04706712 15.30637803
-3.14139276 -5.04619801 14.50781813
-3.80072840 -6.30723107 13.95868340
-4.65655124 -7.87996664 13.74844456
-5.74784824 -9.80764931 14.01818133
-7.10971626 -12.10204241 14.97456600
-8.73744259 -14.59208003 16.86835711
-10.57731474 -16.91417269 19.97258283
-12.44811293 -18.40771599 24.35137230
-14.01866406 -18.25442886 29.56624333
-14.85457660 -15.90233620 34.51733024
-14.60308027 -11.90984961 37.81038142
-13.26642900 -7.28800126 38.77349598
-11.15119242 -3.31752041 37.64509910
-8.73446792 -0.69684247 35.24189777
-6.44529178 0.65449968 32.52234557
-4.52276272 1.15096619 29.87226972
-3.04005535 1.19395099 27.44717234
-1.96088178 1.04229155 25.25634618
-1.20941491 0.84197149 23.27194212
-0.70316311 0.66266314 21.46239786
-0.36822130 0.53023919 19.80329755
-0.14759821 0.44919212 18.27729332
0.00137269 0.41552916 16.87125863
0.10890600 0.42381751 15.57484411
0.19612159 0.47074009 14.37937414
0.27804483 0.55652085 13.27735134
0.36683163 0.68505222 12.26229676
0.47246724 0.86551878 11.32888625
0.60640029 1.11153225 10.47322558
0.78041819 1.44446659 9.69341761
1.01057450 1.89375547 8.99113774
1.31871813 2.49872143 8.37379094
1.73042441 3.31643027 7.85648400
2.28359886 4.41995941 7.47541692
3.02931620 5.89140323 7.29950634
4.03021806 7.85845081 7.43593474
5.35906143 10.43687316 8.08874944
7.09317732 13.64301022 9.62096176
9.28219654 17.33210907 12.53818804
11.87242769 20.90486137 17.46081984
14.55727726 23.03968922 24.60074754
16.69282942 21.94906268 33.01954687
17.43466309 16.79012104 40.18986293
16.25412689 9.16552699 43.49478447
13.42497696 2.23397710 42.68278216
9.83789740 -2.37500449 39.32999474
6.33411298 -4.55488597 35.46858553
3.39454940 -5.25339502 32.05682325
1.14140170 -5.28438075 29.25814371
-0.50516697 -5.13589667 26.96752336
-1.69067695 -5.05524864 25.05894972
-2.57333667 -5.14868040 23.44803177
-3.27564229 -5.45443495 22.09535672
-3.90764469 -5.98325804 20.98913878
-4.54362662 -6.73857250 20.15028102
-5.23977074 -7.71710727 19.62064215
-6.04037938 -8.90144074 19.46174707
-6.96277824 -10.25699847 19.76423431
-8.00966212 -11.69059392 20.61719714
-9.14900852 -13.04718798 22.08883784
-10.30521989 -14.05330225 24.21355368
-11.34967146 -14.42655460 26.84105682
-12.10278030 -13.90401761 29.61486584
-12.39725847 -12.45221171 32.02797449
-12.13258829 -10.37995853 33.60693652
-11.35322302 -8.02990049 34.14373270
-10.18921337 -5.88423001 33.68384682
-8.84116567 -4.25716647 32.44661554
-7.50273591 -3.24250462 30.79954021
-6.32323767 -2.75062646 29.01997375
-5.37541680 -2.65183252 27.23593164
-4.68664051 -2.81648264 25.53380493
-4.24476299 -3.16177440 23.95187817
-4.02792174 -3.64940244 22.51312302
-4.01127924 -4.26781147 21.23860216
-4.17439926 -5.02727547 20.15284291
-4.51674323 -5.94239323 19.28802172
-5.03513313 -7.03501845 18.69565107
-5.72428236 -8.32595834 18.44678052
-6.59615354 -9.80581587 18.63917364
-7.64689853 -11.41574243 19.38957663
-8.84334667 -13.01182760 20.80903732
-10.11454061 -14.35630545 22.96231322
-11.32910143 -15.07853262 25.77835751
-12.29594060 -14.84830938 28.94034602
-12.80193447 -13.46569646 31.89241220
-12.68450690 -11.23767013 33.99679217
-11.94196254 -8.59102471 34.90353707
-10.71452824 -6.04006418 34.61788033
-9.22086402 -4.06382351 33.37645586
-7.69836309 -2.80450936 31.59275650
-6.33361322 -2.17055319 29.65770455
-5.22114237 -1.99105189 27.71601987
-4.39403127 -2.10624646 25.86486565
-3.83801415 -2.40640159 24.14077666
-3.52359281 -2.83861308 22.56014952
-3.41755064 -3.38416120 21.13500024
-3.49422628 -4.05017710 19.87895821
-3.74614021 -4.85424880 18.81300675
-4.16432794 -5.83134335 17.97386868
-4.75223277 -7.01676959 17.41626433
-5.52751936 -8.43468510 17.22064267
-6.50045548 -10.07836384 17.50110392
-7.66794388 -11.89027394 18.39181792
-9.01138472 -13.70769933 20.07052723
-10.45098572 -15.23035798 22.61947586
-11.82117996 -16.01687582 25.93883374
-12.88711464 -15.61742185 29.63383836
-13.37927874 -13.86099004 32.96174968
-13.13198187 -11.01131418 35.21320280
-12.14651550 -7.80270405 35.95549457
-10.62150698 -4.98021446 35.30830134
-8.86177029 -2.93914469 33.69383430
-7.14715380 -1.74353318 31.62459432
-5.66350819 -1.21645532 29.45056977
-4.49051663 -1.11655641 27.35192187
-3.63303797 -1.27698099 25.38621370
-3.06074514 -1.58486072 23.57056158
-2.73053871 -1.98575327 21.90565600
-2.60273077 -2.46314942 20.39102491
-2.64010064 -3.03204117 19.02998873
-2.83158655 -3.71487988 17.83169012
-3.17265991 -4.54900422 16.81691032
-3.66502907 -5.58331942 16.02239923
-4.33084563 -6.86408634 15.50598351
-5.19422385 -8.42930647 15.36209813
-6.27691613 -10.28680812 15.72295851
-7.59987323 -12.39635358 16.78940738
-9.14471554 -14.57884228 18.77073273
-10.81846996 -16.44023717 21.81109993
-12.43386927 -17.40373634 25.85677674
-13.67922247 -16.81875706 30.37160413
-14.21067244 -14.44094188 34.39943185
-13.79675692 -10.78959738 36.90326572
-12.48022328 -6.95572869 37.47739369
-10.57796976 -3.67146059 36.35392891
-8.46713659 -1.49014200 34.23125654
-6.48375801 -0.33672798 31.77430264
-4.81833860 0.10424254 29.34334527
-3.53257261 0.12863455 27.07127269
-2.60490398 -0.04942775 24.98512838
-1.97739850 -0.31224310 23.07542142
-1.58392051 -0.60514372 21.32430980
-1.37274737 -0.91014049 19.71694405
-1.29676053 -1.23656314 18.24202612
-1.32985575 -1.60307559 16.89292606
-1.45832712 -2.03658726 15.66694104
-1.67814266 -2.57228106 14.56621910
-1.99893235 -3.25024173 13.59998624
-2.43740517 -4.12147095 12.79016394
-3.02158671 -5.24801622 12.17420469
-3.78813865 -6.70111217 11.82163488
-4.78408246 -8.54560180 11.85319028
-6.05688855 -10.81679075 12.45283547
-7.65408218 -13.51393439 13.90753367
-9.56292333 -16.38377386 16.55065235
-11.68381895 -18.86821469 20.70779153
-13.73858810 -19.99221549 26.31839379
-15.25364787 -18.74536460 32.52462738
-15.68682882 -14.83573185 37.63574074
-14.74858301 -9.56457418 40.13834143
-12.66911164 -4.34301308 39.79793911
-9.96405500 -0.59615622 37.48818468
-7.22366955 1.46503140 34.47094136
-4.83626092 2.30902787 31.48408295
-2.95081220 2.49097031 28.79517358
-1.54964418 2.39741691 26.42443966
-0.54651143 2.25208466 24.32470777
0.16508697 2.16543737 22.44392377
0.68375472 2.18677504 20.74591445
1.09073200 2.33619310 19.20929391
1.44971687 2.62575841 17.82351583
1.81162982 3.06965649 16.58693984
2.21754704 3.69162744 15.50788932
2.70877107 4.52337449 14.60655084
3.32046223 5.61318601 13.92308444
4.09717260 7.00862649 13.52647466
5.08378554 8.76107697 13.52857717
6.31930706 10.89772638 14.10333571
7.83075474 13.34035123 15.49215639
9.59926924 15.86080628 17.97297088
11.52431739 17.93425750 21.79025495
13.34244372 18.78274281 26.77267671
14.64601202 17.59082183 32.16341515
14.98975419 14.25626104 36.54365943
14.17223113 9.56340185 38.78037242
12.34316805 5.00631439 38.60133954
9.94877077 1.63114105 36.68122957
7.49817172 -0.32775810 34.00436743
5.33388536 -1.19426932 31.23718092
3.60127788 -1.42154541 28.66472346
2.30606737 -1.34168580 26.34376410
1.38343157 -1.16022025 24.25240647
0.75029458 -0.98319084 22.35535630
0.31967075 -0.85564869 20.62278427
0.02540010 -0.79225954 19.03346172
-0.18554455 -0.79410782 17.57205965
-0.35065915 -0.86038115 16.22756351
-0.49928795 -0.99135067 14.99129063
-0.65251101 -1.19356642 13.85684504
-0.82987007 -1.47889865 12.81997026
-1.04840664 -1.86880457 11.87949986
-1.32912536 -2.39299302 11.03912274
-1.69640996 -3.09358790 10.30958063
-2.17938674 -4.02933744 9.71495403
-2.82014784 -5.26926577 9.30349251
-3.66973092 -6.90205808 9.15775791
-4.78678681 -9.03597829 9.41794177
-6.23722495 -11.71681699 10.33815093
-8.07644485 -14.89334490 12.28351228
-10.30674011 -18.26432212 15.76578928
-12.77215964 -21.01022738 21.14037955
-15.07245401 -21.76829277 28.23459731
-16.53678827 -19.22755462 35.54288782
-16.51195371 -13.49346540 40.72956277
-14.81003332 -6.76977423 42.28271829
-11.92226532 -1.21570840 40.59002320
-8.63750024 2.18026147 37.28371732
-5.59446404 3.70924492 33.79990093
-3.10706259 4.15089281 30.71091281
-1.22448948 4.12667982 28.09805684
0.14503153 3.99438078 25.87785991
1.13338795 3.94205650 23.96415001
1.87245137 4.04774212 22.29686782
2.47090415 4.34624529 20.84716221
3.02222970 4.85187573 19.60837966
3.58939622 5.58158917 18.59834689
4.23291904 6.54759388 17.85115354
4.99364031 7.76921747 17.43000466
5.90699159 9.24652848 17.42732265
6.99841201 10.93973714 17.96097451
8.26712413 12.75066431 19.19772206
9.66568202 14.44827507 21.25555677
11.08652394 15.66278910 24.15566003
12.33149588 15.92086002 27.66748490
13.15006453 14.87584325 31.24834053
13.30699526 12.53437540 34.12124802
12.70540504 9.50726085 35.67386890
11.45200500 6.50407330 35.74713787
9.81387390 4.02387258 34.60367009
8.07373547 2.39392551 32.73729939
6.47075015 1.53135506 30.61100656
5.13839951 1.21742612 28.48016549
4.12067297 1.25453722 26.45186836
3.40629469 1.49143370 24.56452976
2.95665277 1.84900033 22.82684511
2.72836860 2.29278167 21.23997560
2.68372545 2.82230846 19.80530426
2.80446778 3.45236008 18.52941264
3.07417594 4.21882048 17.42867210
3.49454304 5.16334112 16.53161862
4.08110827 6.32953946 15.88626859
4.85166069 7.75768640 15.56953946
5.83218524 9.47520211 15.69832764
7.04727275 11.48010944 16.44165297
8.48677584 13.63192780 17.99030719
10.09964827 15.64413541 20.54151894
11.74246631 17.01697853 24.14205055
13.16003636 17.12384858 28.48281698
14.01411331 15.50076180 32.77495467
14.00539392 12.41617337 35.93776748
13.07116774 8.61409287 37.29130270
11.40910263 5.02180851 36.83529078
9.37333739 2.38712546 35.05434067
7.33214895 0.84902420 32.70989653
5.54272522 0.15483119 30.27812949
4.11531740 -0.00523186 27.95616261
3.05871035 0.10876862 25.81028289
2.32573507 0.35364621 23.84268906
1.85374542 0.65193031 22.03915487
1.58604917 0.97417884 20.38455874
1.47428232 1.32124084 18.86752203
1.48606025 1.71022124 17.48116289
1.60518964 2.16658754 16.22308619
1.82384116 2.72668051 15.09633028
2.15029345 3.43075870 14.11127303
2.60007901 4.33007660 13.29176157
3.20012566 5.48499396 12.67959952
3.98617936 6.96633308 12.34629767
5.00241727 8.83194280 12.41882362
6.29320303 11.10559143 13.08313289
7.89702131 13.75235838 14.62953224
9.79261009 16.50339567 17.37385469
11.85845396 18.76961882 21.57866129
13.80288034 19.60074628 27.09501631
15.16049119 18.09462147 33.00442280
15.43243068 14.10328356 37.67482013
14.39436781 9.01443880 39.81381011
12.30910142 4.13712113 39.28482796
9.68431266 0.67249715 36.98084935
7.06206727 -1.21834364 34.04236929
4.79201024 -1.98980172 31.14346511
3.00479124 -2.14535280 28.51740115
1.68068246 -2.04290923 26.18461270
0.73693172 -1.88697705 24.10454600
0.07297867 -1.77898321 22.23105629
-0.40235767 -1.76344702 20.53108563
-0.76556952 -1.85694979 18.98347349
-1.07438446 -2.06892096 17.57628842
-1.37582076 -2.40935210 16.30400424
-1.70617353 -2.89757793 15.16831587
-2.10178994 -3.56065677 14.17892594
-2.59396628 -4.44225303 13.35897717
-3.22315715 -5.59233361 12.75214533
-4.03252078 -7.07471676 12.43254797
-5.06654156 -8.95295628 12.52526265
-6.37428287 -11.24220045 13.22484654
-7.98472271 -13.87378428 14.80670522
-9.88936000 -16.59785290 17.62448046
-11.94919462 -18.79768214 21.87449829
-13.86997052 -19.53785977 27.41894392
-15.17098314 -17.91370186 33.23888082
-15.37838155 -13.86337058 37.77666562
-14.28792066 -8.65391167 39.75917281
-12.15296598 -3.92646380 39.15411327
-9.52710671 -0.56457763 36.81678338
-6.92936464 1.24493238 33.87585800
-4.69375435 1.97577335 30.99557299
-2.93803561 2.11244069 28.38832785
-1.64079101 2.00430944 26.07142684
-0.71785318 1.84769609 24.00250367
-0.06870305 1.74140508 22.13777704
0.39583467 1.72715191 20.44478587
0.75145479 1.82052037 18.90260267
1.05414835 2.03076417 17.49969540
1.35069142 2.36736083 16.23042275
1.67598502 2.84997081 15.09628374
2.06568434 3.50574589 14.10676232
2.55260174 4.37672615 13.28368112
3.17305092 5.51725500 12.66991261
3.97334400 6.98330278 12.33913333
4.99960567 8.84768491 12.41188236
6.29701904 11.13483685 13.08248784
7.90026192 13.77501620 14.62065431
9.79621012 16.51458066 17.37944907
11.86930043 18.77102444 21.60794797
13.81869156 19.60561584 27.14559758
15.17003998 18.10318665 33.03578055
15.43553517 14.15623394 37.69106520
14.39470397 8.86610381 39.78254335
12.27585374 4.00787897 39.24824445
9.62859273 0.58074109 36.93567080
7.00054247 -1.27975512 33.98713972
4.73427836 -2.03363344 31.08749065
2.95128267 -2.17997005 28.46419636
1.63233629 -2.07510067 26.13710866
0.69297140 -1.91947459 24.06162214
0.03205210 -1.81639068 22.19311885
-0.44371246 -1.80772600 20.49836349
-0.80847655 -1.91105200 18.95646347
-1.12209113 -2.13482582 17.55549642
-1.42987578 -2.49091649 16.29089892
-1.77074973 -2.99775887 15.16472871
-2.17740469 -3.68673820 14.18876965
-2.68807859 -4.59702523 13.38783848
-3.33795503 -5.78643586 12.80797432
-4.17133418 -7.31467391 12.53125986
-5.23739444 -9.22595975 12.68777790
-6.58372262 -11.56507071 13.48529249
-8.23005092 -14.22563975 15.20241758
-10.14929339 -16.89470049 18.16691540
-12.19530576 -18.92200822 22.58932442
-14.04809592 -19.36832809 28.19399206
-15.22656093 -17.39007903 33.92734950
-15.26069342 -13.30442134 38.09019838
-14.04840695 -8.14540840 39.70260253
-11.86090831 -3.50124592 38.81402140
-9.23058605 -0.35561491 36.34237293
-6.67994000 1.28788533 33.42603648
-4.51348986 1.90490928 30.58990824
-2.83055965 1.99525898 28.03202379
-1.59429768 1.86989997 25.75469127
-0.71825357 1.70934429 23.71624955
-0.10580898 1.60089368 21.87432642
0.33189724 1.58117597 20.19832938
0.66449492 1.66388162 18.66917382
0.94702082 1.85583603 17.27493753
1.22211872 2.16623497 16.00966372
1.52423885 2.61232420 14.87329404
1.88565929 3.22076398 13.87271951
2.33646700 4.03276979 13.02641889
2.91568816 5.09717267 12.37018392
3.66263275 6.48247512 11.96604913
4.62396326 8.25514771 11.92448179
5.85052761 10.44489236 12.41437600
7.38961999 13.05447960 13.71038067
9.25221482 15.91981035 16.14744498
11.34229755 18.50115092 20.01950252
13.42744257 19.91335032 25.41506893
15.05025768 19.07809085 31.56773415
15.67492562 15.54883647 36.93493171
14.95207247 10.30466011 39.89006716
13.01015626 5.08005281 39.97196535
10.37349537 1.08475376 37.90732061
7.62187488 -1.20035845 34.93675994
5.17783530 -2.19922806 31.92862427
3.22028053 -2.45476559 29.19257189
1.75472977 -2.38763130 26.77656311
0.70099692 -2.24015158 24.63762788
-0.04619970 -2.13823271 22.72414862
-0.58521066 -2.13762563 20.99770146
-1.00186379 -2.26068654 19.43410375
-1.35993337 -2.52050464 18.02170265
-1.71354884 -2.92905868 16.75673199
-2.10305531 -3.50896940 15.64532407
-2.56906410 -4.29025238 14.70472843
-3.14971727 -5.31641517 13.96900165
-3.88327098 -6.64151698 13.50015063
-4.81710065 -8.30901442 13.39802361
-5.99537795 -10.36227273 13.82289274
-7.44752092 -12.76597302 15.00259543
-9.17068180 -15.31854840 17.21852760
-11.08294116 -17.58509975 20.72408228
-12.96865569 -18.79916384 25.51264878
-14.44333392 -18.12011376 30.96071912
-15.04673050 -15.21482701 35.74809339
-14.49263923 -10.71362584 38.56187080
-12.85432980 -5.96262158 38.89613466
-10.53124413 -2.23001300 37.25288376
-8.03962490 0.04376915 34.65462651
-5.77705261 1.11934277 31.86092571
-3.93275702 1.45581818 29.22807722
-2.53555348 1.42163005 26.84674985
-1.53025062 1.25185361 24.70500229
-0.83461648 1.07062920 22.76660263
-0.36208669 0.93609953 20.99949688
-0.03650881 0.86600010 19.38009502
0.19567223 0.86518150 17.89227312
0.37689781 0.93268562 16.52416830
0.53809490 1.06978054 15.26697509
0.70307624 1.28266257 14.11422665
0.89225033 1.58425397 13.06199704
1.12513531 1.99581003 12.10961249
1.42222808 2.54974138 11.26182415
1.81114012 3.28797563 10.53201822
2.32187352 4.27162374 9.94605544
2.99564753 5.57541457 9.55761105
3.88632201 7.27473661 9.46207439
5.05650170 9.47994256 9.81323248
6.56708348 12.24294431 10.86912718
8.46201999 15.44583862 13.02925287
10.71852879 18.71952937 16.76445176
13.15778194 21.14247313 22.42325601
15.32714042 21.35419034 29.57613903
16.54406776 18.27412519 36.55166039
16.22664760 12.36631274 41.06792846
14.31305985 5.73866156 41.92273478
11.34098351 0.58411415 39.85635814
8.10321956 -2.39228419 36.50941803
5.18409689 -3.64845981 33.10543027
2.83743648 -3.97484423 30.12252064
1.07560457 -3.91393385 27.58987826
-0.20070330 -3.78694666 25.42433224
-1.12096517 -3.75010919 23.54445201
-1.81664788 -3.87405107 21.89691263
-2.38762632 -4.18835122 20.45914677
-2.92000139 -4.70806915 19.22696562
-3.47989130 -5.44854043 18.21664219
-4.11693193 -6.43102620 17.46647134
-4.88083320 -7.66979991 17.03640180
-5.80344533 -9.17899526 17.02402759
-6.90966403 -10.92474075 17.55920235
-8.19973167 -12.80446007 18.78274338
-9.64026524 -14.58533855 20.88389584
-11.12106364 -15.89228933 23.88517371
-12.43406298 -16.22305462 27.55803224
-13.31015911 -15.17936791 31.32640711
-13.49073687 -12.80950562 34.34486525
-12.88186104 -9.58257551 35.98482871
-11.58028788 -6.35191286 36.03974734
-9.85495396 -3.76945194 34.82005715
-8.03044977 -2.09340139 32.88391339
-6.35832094 -1.22687714 30.68276461
-4.97850110 -0.92796681 28.49021317
-3.92875285 -0.96880828 26.41759508
-3.19021998 -1.20467655 24.49588905
-2.71852984 -1.55004522 22.72833424
-2.47075065 -1.96785461 21.11114658
-2.40821526 -2.45455028 19.64243157
-2.49578656 -3.03449486 18.32539100
-2.72776715 -3.73468189 17.17011324
-3.10340548 -4.59683353 16.19891072
-3.63124071 -5.67101040 15.45109267
-4.33590042 -7.00789376 14.98911466
-5.24471300 -8.64693600 14.91615275
-6.38293322 -10.59473083 15.37716820
-7.77268384 -12.80322907 16.59081907
-9.38787061 -15.05946673 18.77567204
-11.12637278 -16.92900750 22.08871499
-12.77228651 -17.75994524 26.41844664
-13.98950840 -16.89280662 31.14818628
-14.40993356 -14.12549852 35.18489224
-13.82225378 -10.22466708 37.49663504
-12.32896444 -6.24531568 37.74984704
-10.28359029 -2.98894405 36.33672123
-8.08899691 -0.93752647 34.01699628
-6.07787679 0.09113020 31.47537692
-4.41996411 0.43754838 29.00983679
-3.15883567 0.41369320 26.73161807
-2.25682231 0.22151537 24.65078368
-1.64770568 -0.02848580 22.74979063
-1.26341384 -0.28696756 21.00713774
-1.04501111 -0.54113344 19.40560985
-0.94918822 -0.79763985 17.93269712
-0.94678258 -1.07323572 16.57935510
-1.02143009 -1.39029555 15.33942117
-1.16797009 -1.77538580 14.20981333
-1.38880321 -2.26185315 13.19148300
-1.69700899 -2.88856497 12.29130737
-2.11288455 -3.70498190 11.52783739
-2.66674282 -4.77311989 10.93373276
-3.39554736 -6.17519564 10.56668468
-4.34994243 -7.98709298 10.54207116
-5.58963967 -10.26541205 11.03626916
-7.16926875 -13.03392291 12.33514673
-9.11266601 -16.14393927 14.82016483
-11.34178947 -19.05715924 18.88813490
-13.61726242 -20.80746669 24.68506187
-15.45252969 -20.11173917 31.49850356
-16.21781946 -16.30855054 37.54995817
-15.47938712 -10.58674774 40.89217026
-13.38443609 -4.70128782 40.93947729
-10.49706107 -0.33259515 38.60817604
-7.49581036 2.08724837 35.37614778
-4.85271421 3.08297921 32.18806513
-2.75539882 3.30844765 29.36590395
-1.19124667 3.22546710 26.92541961
-0.06421042 3.09802724 24.80132488
0.74735085 3.05458557 22.92697020
1.35449112 3.15350333 21.25992918
1.85382973 3.41873815 19.77781729
2.31536781 3.86802245 18.47674486
2.80259897 4.51701389 17.36494429
3.36030898 5.39465826 16.46970870
4.03605691 6.52977095 15.83829429
4.87119236 7.95619853 15.54907488
5.89901138 9.69258966 15.72360736
7.14656801 11.69783195 16.51953252
8.61160523 13.83920313 18.14978179
10.24860089 15.81857067 20.82772755
11.89728673 17.12370459 24.52782356
13.28774464 17.08686686 28.93235147
14.06952876 15.33702917 33.14909663
13.97576057 12.07262098 36.18177017
12.95009969 8.14888135 37.34520192
11.21127502 4.63465605 36.71830191
9.13903665 2.12356358 34.87081714
7.10405479 0.68660568 32.49964502
5.34287114 0.06653007 30.05529457
3.94984436 -0.06301984 27.74091593
2.92393787 0.06911514 25.60688755
2.21641858 0.31866599 23.65155945
1.76364549 0.61389312 21.85925205
1.50789255 0.92929259 20.21458697
1.40417506 1.26595609 18.70617980
1.41796172 1.64337022 17.32676604
1.53551413 2.08569278 16.07358719
1.74930086 2.62883816 14.94906758
2.06676180 3.31319528 13.96245631
2.50461576 4.18888142 13.13535672
3.08906571 5.31325062 12.50937856
3.85629650 6.76249408 12.14905298
4.84919348 8.60034221 12.17481706
6.11730914 10.85756959 12.77430475
7.69531855 13.49353213 14.21648278
9.58431263 16.29662180 16.85702544
11.66786884 18.69388143 20.95151573
13.67650352 19.77235136 26.44938736
15.14195789 18.51734275 32.47239480
15.55043576 14.67502157 37.43146781
14.62736946 9.44750652 39.88751411
12.57714967 4.45989574 39.58916416
9.93647415 0.78723168 37.36511546
7.25738796 -1.24838908 34.39961318
4.91685646 -2.10367418 31.45346226
3.06184261 -2.29470650 28.78304021
1.68235037 -2.20523067 26.41793544
0.69554131 -2.05376780 24.31527937
-0.00183810 -1.95142888 22.42702811
-0.50355075 -1.94684054 20.71798838
-0.89059645 -2.05872988 19.16576019
-1.22264223 -2.29856974 17.75892724
-1.55045674 -2.67721616 16.49290164
-1.91153355 -3.21647173 15.37181378
-2.34481355 -3.94507686 14.40931726
-2.88526411 -4.90734750 13.63412336
-3.57144502 -6.15757226 13.09996437
-4.45078292 -7.74640136 12.89567580
-5.56850369 -9.73484215 13.16510063
-6.96184904 -12.11056343 14.12493749
-8.64718292 -14.73782819 16.05748725
-10.57325273 -17.24718587 19.28046512
-12.56629909 -18.94073576 23.90270149
-14.26587022 -18.88951580 29.49263067
-15.18824350 -16.48872281 34.82147008
-14.95347584 -12.08982352 38.40907957
-13.51856165 -7.02977294 39.40217638
-11.23345519 -2.80962250 38.12946401
-8.64625907 -0.09191749 35.58856960
-6.21986166 1.26578654 32.70867178
-4.20078495 1.74692029 29.96374561
-2.64908166 1.77383919 27.48650608
-1.51978735 1.62798177 25.27222576
-0.72757134 1.46131490 23.27990952
-0.17807526 1.34827686 21.47241101
0.21131095 1.31604609 19.82267085
0.50346980 1.37456244 18.31280567
0.74793433 1.52785393 16.93117355
0.98265698 1.78280740 15.67074830
1.23775113 2.15367623 14.52882364
1.54104813 2.66379359 13.50815322
1.92143006 3.34730351 12.61913429
2.40823580 4.25432566 11.88544965
3.04200957 5.44252612 11.35253666
3.86765672 6.98898622 11.09697880
4.93508852 8.97040932 11.25259345
6.30128633 11.41585743 12.03569449
8.00419105 14.26577193 13.75842775
10.04122713 17.25518580 16.83037869
12.26473605 19.68269259 21.51306329
14.34333702 20.45912100 27.66093802
15.72644056 18.51170536 34.09638700
15.86353041 13.81481803 38.94611284
14.54811718 8.02094010 40.83464728
12.12305886 2.90303190 39.82391614
9.22580542 -0.52582436 37.08968216
6.43355056 -2.25198134 33.90166796
4.08016737 -2.87359158 30.90362559
2.26166150 -2.94356311 28.26514553
0.92717111 -2.82084000 25.96179261
-0.02690313 -2.70368723 23.93196410
-0.71607922 -2.68412390 22.12230233
-1.23811605 -2.80318277 20.50007247
-1.67829955 -3.07796629 19.04783472
-2.09720557 -3.52525592 17.76336930
-2.55058166 -4.16277023 16.65473413
-3.07978292 -5.02242614 15.74640286
-3.72889746 -6.13991868 15.08285398
-4.54101201 -7.55596189 14.73803017
-5.55242426 -9.30659253 14.83075994
-6.79741689 -11.37206477 15.52759755
-8.28167811 -13.64477939 17.04363226
-9.98272216 -15.86185537 19.65775401
-11.75821046 -17.50846659 23.41951751
-13.33464500 -17.83298347 28.08842457
-14.33334751 -16.28633682 32.80259896
-14.41366342 -12.96045717 36.38425653
-13.46264158 -8.70151167 37.96620340
-11.67763134 -4.76691346 37.51014265
-9.46877741 -1.91214135 35.62882128
-7.26219247 -0.26550498 33.13226099
-5.33544226 0.45598694 30.55478967
-3.80243634 0.62842425 28.13085034
-2.66451210 0.52091579 25.91386962
-1.86685763 0.30313729 23.89429277
-1.33799910 0.06085064 22.04869880
-1.00720937 -0.17293728 20.35526960
-0.82150982 -0.39221540 18.79768602
-0.73922644 -0.60736515 17.36356424
-0.73568654 -0.83371464 16.04380504
-0.79509519 -1.09213304 14.83143042
-0.91338983 -1.40485491 13.72172979
-1.09246502 -1.80014836 12.71298891
-1.34245738 -2.31152080 11.80739407
-1.68100336 -2.98175518 11.01450230
-2.13530908 -3.86015782 10.35911948
-2.73914968 -5.02258329 9.87448581
-3.53226817 -6.56556302 9.62989180
-4.57249529 -8.56619144 9.76744944
-5.93322464 -11.07808520 10.50189215
-7.66474044 -14.09075087 12.16279234
-9.78291714 -17.38924892 15.20813532
-12.16558563 -20.26891905 20.02966379
-14.48761090 -21.52908795 26.62358752
-16.15377069 -19.80924636 33.86156265
-16.49240852 -14.82442468 39.55551001
-15.19083869 -8.43473914 41.93050122
-12.60647665 -2.59978548 40.91713498
-9.44196101 1.24971155 37.93048275
-6.37838154 3.14492293 34.49357198
-3.80268890 3.79266004 31.33157726
-1.81945099 3.85221452 28.61842752
-0.36444719 3.72740142 26.30259688
0.68261659 3.63770378 24.30045660
1.45099557 3.68062805 22.54708243
2.05372511 3.89963268 21.00659684
2.58484382 4.31319725 19.66631205
3.11186785 4.93870421 18.53462069
3.69752512 5.79128896 17.63522373
4.38425806 6.89741934 17.01791086
5.21590295 8.27119288 16.75806757
6.22663229 9.91048063 16.96790349
7.43068326 11.76886310 17.80251316
8.81529900 13.68499958 19.42225170
10.31356994 15.36589525 21.94875335
11.77539005 16.32729803 25.35189175
12.95762455 16.08856940 29.24806281
13.57557734 14.34638934 32.89625675
13.40673586 11.54603498 35.40308414
12.46397499 8.22483590 36.35770284
10.92926379 5.13954734 35.82015089
9.10284624 2.87789925 34.16824637
7.29009440 1.54414109 32.02669257
5.70555864 0.93561647 29.78687243
4.44278286 0.80763384 27.61855780
3.51486751 0.94411965 25.59288027
2.88488065 1.22877667 23.72323784
2.50422868 1.59811704 22.00773426
2.32606953 2.03252836 20.44097365
2.31843300 2.53667166 19.02134792
2.45404999 3.13827837 17.75325602
2.72779919 3.87108212 16.64895917
3.14408697 4.77927234 15.73383052
3.71665237 5.91389563 15.05228445
4.47252858 7.32910101 14.67436889
5.44131831 9.06096130 14.71559482
6.65028336 11.10905749 15.33892246
8.11481556 13.39414579 16.77627355
9.79664130 15.65574688 19.25350722
11.57115238 17.40376361 22.90055436
13.18372495 17.90808003 27.49785198
14.27244117 16.57002644 32.29428614
14.46993824 13.33465540 36.08103953
13.62579472 9.24892187 37.94448648
11.92998220 5.28447623 37.72383313
9.76720581 2.24703953 35.97861688
7.54891511 0.44660559 33.50731157
5.57785358 -0.39139783 30.92708168
3.98922496 -0.62089768 28.47593575
2.80068503 -0.54244194 26.22861016
1.96102294 -0.33479569 24.18156327
1.39842533 -0.09351403 22.31187716
1.04433157 0.14144634 20.59723888
0.84043348 0.36249178 19.02036053
0.74596524 0.57681355 17.56864990
0.73193492 0.80065538 16.23245750
0.78351458 1.05259747 15.00457636
0.89298851 1.35634884 13.87995691
1.06315589 1.73763489 12.85623524
1.30229133 2.22993716 11.93541155
1.62664449 2.87442692 11.12502616
2.06047979 3.72430994 10.44416919
2.63810310 4.84244035 9.93274467
3.40498291 6.30895236 9.65744717
4.41226232 8.23940946 9.72578010
5.72001254 10.68977450 10.35013744
7.39461919 13.64342035 11.85036640
9.45349568 16.91460966 14.65971412
11.81637712 19.91344886 19.23221426
14.17963813 21.49379854 25.61277016
15.97998952 20.27480863 32.85845979
16.54235187 15.75520603 38.91239366
15.47491446 9.26300109 41.76200655
13.01303173 3.27874632 41.21213424
9.87656890 -0.87218960 38.40656575
6.76558874 -2.99036823 34.96139898
4.11033000 -3.76770826 31.74140664
2.04519693 -3.87691538 28.96736115
0.52373671 -3.76145168 26.60341161
-0.57060200 -3.65808355 24.56281417
-1.37176156 -3.68069705 22.77888525
-1.99187928 -3.87591532 21.21268240
-2.52860989 -4.26450649 19.84761719
-3.05529028 -4.86192537 18.68886766
-3.62986852 -5.68660898 17.76009185
-4.30455229 -6.75785368 17.10492871
-5.11583801 -8.09950454 16.79832469
-6.10112389 -9.70598366 16.94436270
-7.28079408 -11.53404697 17.69035853
-8.64597834 -13.45343764 19.21311829
-10.13335977 -15.17312264 21.62928013
-11.60725746 -16.26011701 24.92753626
-12.83047724 -16.17933731 28.77236933
-13.52384749 -14.63745224 32.48122288
-13.45622529 -11.81663481 35.17736953
-12.58032796 -8.52847491 36.33231218
-11.08974891 -5.41556435 35.92251481
-9.28023692 -3.07201749 34.38618431
-7.46038217 -1.65673480 32.27273280
-5.85186331 -0.98110592 30.03541782
-4.55640466 -0.80704574 27.85456677
-3.59548197 -0.92120253 25.81198729
-2.93657007 -1.19281763 23.92478023
-2.53253498 -1.55331775 22.19210905
-2.33400658 -1.98020467 20.60871619
-2.30893904 -2.47520783 19.17232288
-2.43029141 -3.06311270 17.88655822
-2.68801106 -3.77907183 16.76279222
-3.08790430 -4.66448377 15.82420196
-3.64165562 -5.77006708 15.11304476
-4.37509221 -7.15030398 14.69600151
-5.31821207 -8.84690161 14.68136040
-6.49953783 -10.86289671 15.22975514
-7.93349844 -13.12718668 16.55639634
-9.59640193 -15.41242153 18.91096896
-11.37044358 -17.24610931 22.42559924
-13.02137733 -17.94383080 26.94943112
-14.18769606 -16.83095277 31.76632898
-14.50123938 -13.79612015 35.73486162
-13.77387252 -9.67542957 37.83211977
-12.14384070 -5.66981857 37.84300133
-10.00741988 -2.50094545 36.22049630
-7.77483576 -0.57527950 33.79197306
-5.76639066 0.34732141 31.20412402
-4.13280958 0.62743280 28.73110973
-2.90191201 0.57114878 26.46055713
-2.02714420 0.37178144 24.39217639
-1.43760113 0.13250051 22.50409942
-1.06310958 -0.10241077 20.77329989
-0.84420559 -0.32241812 19.18189120
-0.73798829 -0.53364786 17.71678938
-0.71409088 -0.75143026 16.36798844
-0.75623388 -0.99381232 15.12794281
-0.85586831 -1.28349273 13.99120496
-1.01410620 -1.64562630 12.95480001
-1.23876379 -2.11161619 12.01963846
-1.54453707 -2.72107619 11.19238107
-1.95387785 -3.52471155 10.48824890
-2.49898032 -4.58686413 9.94148087
-3.22445448 -5.96182174 9.62168731
-4.18258898 -7.78357252 9.61600430
-5.42786740 -10.15095757 10.10034332
-7.01839951 -13.03872096 11.38230410
-9.00772336 -16.29376167 13.89051608
-11.33200869 -19.43520747 18.09441856
-13.74745462 -21.41781926 24.18605941
-15.73350893 -20.83350772 31.47590505
-16.58913273 -16.93998928 37.97011569
-15.84724578 -10.62590545 41.57103249
-13.60653097 -4.25931525 41.56193999
-10.50904345 0.32424167 39.02757415
-7.32472664 2.78851400 35.59861321
-4.55094396 3.74323887 32.29246503
-2.36496789 3.93081663 29.43086250
-0.74328855 3.83260804 26.99981011
0.42708767 3.71658133 24.91038791
1.27332648 3.71265414 23.08884422
1.92538260 3.87798416 21.48962615
2.47508634 4.23677554 20.09607125
3.00369749 4.80294601 18.90827063
3.57314824 5.59326553 17.94666351
4.23083594 6.63022730 17.25425956
5.02471894 7.92782974 16.89710960
5.98535136 9.49732285 16.98100259
7.13417077 11.29448002 17.64411320
8.46456500 13.20057866 19.02825623
9.93284738 14.94237068 21.31990514
11.41630201 16.11388901 24.51629319
12.68306139 16.21183544 28.30898367
13.45254396 14.85892180 32.05489155
13.47868664 12.25497147 34.87297972
12.71099308 8.93227261 36.20921334
11.28727199 5.74856244 35.96870690
9.50083326 3.30592913 34.52466717
7.67128274 1.79393893 32.48415918
6.03347928 1.05835296 30.25397732
4.70685876 0.85655923 28.06487714
3.71648207 0.94701545 26.01345673
3.03136119 1.20831158 24.11591485
2.60525304 1.56566556 22.37304676
2.39171348 1.99136993 20.77980564
2.35516943 2.48631973 19.33430743
2.46621699 3.07524477 18.04017182
2.71839088 3.78909829 16.90849592
3.11235666 4.67155551 15.96302842
3.66077653 5.77282992 15.24467540
4.38879860 7.14444862 14.81976572
5.32475551 8.82538493 14.79692611
6.49447125 10.81799863 15.32821780
7.92015389 13.06895640 16.64216482
9.56766227 15.33766393 18.95523277
11.32737778 17.16450757 22.42295792
12.96506774 17.85855039 26.88661589
14.13203412 16.78454365 31.66972613
14.45719059 13.79698330 35.61708844
13.75262080 9.79938536 37.73687690
12.16300181 5.79060183 37.76768870
10.05427409 2.62403572 36.19137078
7.84001152 0.68591935 33.78999137
5.84097423 -0.25315769 31.22457028
4.21100791 -0.54174118 28.76171796
2.98125963 -0.49072187 26.49564570
2.10682084 -0.29038289 24.42933761
1.51832371 -0.04457871 22.54214375
1.14731263 0.20166809 20.81193801
0.93442123 0.43826067 19.22126867
0.83776242 0.67181867 17.75751122
0.82755272 0.91908240 16.41118999
0.88885805 1.19975422 15.17550485
1.01397923 1.53962354 14.04618734
1.20617946 1.96717407 13.02211558
1.47556845 2.51864240 12.10745086
1.84013992 3.23936978 11.31410392
2.32606221 4.18762430 10.66562578
2.97045254 5.43419124 10.21194400
3.82075595 7.03181201 10.04575208
4.93728703 9.11503775 10.29835941
6.37401949 11.76291986 11.19203478
8.16692784 14.84831552 13.08623086
10.32602886 18.03496666 16.46225326
12.69256231 20.55793801 21.65975599
14.87207467 21.15188237 28.40919228
16.24365422 18.65102109 35.33764085
16.19152983 13.43553637 40.15933951
14.59959117 7.03677267 41.63902998
11.87357774 1.67906328 40.06567502
8.73665931 -1.61772903 36.93599851
5.81520998 -3.13630307 33.58171683
3.41839224 -3.59151136 30.55113615
1.59675368 -3.58459896 27.94696935
0.27105090 -3.45395032 25.70769079
-0.68282299 -3.37880885 23.75416705
-1.38529303 -3.44130047 22.03180930
-1.94711893 -3.67533121 20.50946337
-2.44757111 -4.10055900 19.17972916
-2.95781366 -4.73098234 18.04885007
-3.52905106 -5.59029626 17.14314633
-4.20808601 -6.70430360 16.51024693
-5.03947941 -8.09466882 16.22558044
-6.05357566 -9.77530294 16.40722512
-7.27311173 -11.69578818 17.20850183
-8.68557539 -13.71826021 18.79451483
-10.24460230 -15.53127306 21.37631490
-11.80159925 -16.67471784 24.91103393
-13.08967839 -16.56221883 29.03101279
-13.79685064 -14.85735268 32.95406426
-13.67548959 -11.84473429 35.72808421
-12.70490331 -8.20797257 36.81309697
-11.07763060 -4.91381692 36.22924106
-9.13271861 -2.52904249 34.49147281
-7.21359245 -1.14299196 32.25833730
-5.54275194 -0.53109565 29.91854122
-4.21845697 -0.39826252 27.67901973
-3.24224223 -0.53278885 25.59832461
-2.57414597 -0.80191745 23.68493619
-2.15737191 -1.13892057 21.92913294
-1.94605270 -1.51789126 20.32105832
-1.89310943 -1.94726800 18.85395239
-1.97284410 -2.44882604 17.52621647
-2.17693978 -3.05234138 16.34250258
-2.50200090 -3.80219523 15.31663879
-2.96265769 -4.74648001 14.47443981
-3.58193483 -5.94124400 13.86439173
-4.38959823 -7.43264979 13.56702298
-5.42819348 -9.29503604 13.70840815
-6.72995090 -11.53885363 14.47654141
-8.30509029 -14.03025509 16.12704288
-10.12551411 -16.48152110 18.95121154
-12.04009751 -18.28474804 23.09917209
-13.74881282 -18.62218093 28.27196841
-14.82307508 -16.78596147 33.51352904
-14.85006579 -13.06774829 37.33630007
-13.74497227 -8.35109676 38.89377460
-11.74099135 -4.05379359 38.17540052
-9.30929977 -1.05843774 35.95459979
-6.92412097 0.56803593 33.23121835
-4.87652032 1.22703839 30.51543769
-3.27032063 1.34841609 28.01668839
-2.08671197 1.22625730 25.76361960
-1.25288466 1.03495747 23.72891827
-0.68540969 0.86075331 21.87871263
-0.30258693 0.73768283 20.18552034
-0.04308537 0.67530051 18.63033499
0.14158622 0.67210140 17.19902026
0.28497532 0.72609137 15.88108618
0.41319399 0.83661309 14.66796865
0.54481132 1.00888286 13.55298541
0.69683882 1.25299915 12.53117663
0.88411141 1.58755151 11.60000166
1.12505031 2.03838999 10.76062051
1.44061619 2.64292136 10.01947527
1.85678827 3.45339311 9.39337434
2.41130012 4.53311313 8.91762339
3.14980787 5.96898133 8.65212399
4.12723233 7.86691687 8.70629556
5.41335837 10.30677656 9.28380135
7.07457764 13.30868999 10.69171549
9.15831136 16.75792509 13.40679820
11.59270574 20.07541665 17.90588708
14.11185639 22.10894727 24.43839530
16.14542102 21.26488122 32.17455050
16.94289517 16.74437036 38.95341393
15.99741438 10.02225774 42.43476835
13.51911839 3.45926752 42.06411544
10.23292822 -1.14596189 39.17028360
6.92207001 -3.50151109 35.55544357
4.08069709 -4.35515291 32.19677390
1.86938048 -4.47776749 29.34977169
0.23787803 -4.35687353 26.96423884
-0.93836830 -4.25774683 24.93891507
-1.80096194 -4.29761729 23.19335306
-2.47334857 -4.52784239 21.68430041
-3.06224710 -4.96720010 20.39605392
-3.63967970 -5.63032103 19.34060507
-4.27322959 -6.52467358 18.54582929
-5.00652984 -7.66421186 18.06840343
-5.87668802 -9.04547733 17.99042412
-6.91013551 -10.63088016 18.41772142
-8.10626542 -12.33230070 19.49658090
-9.42480076 -13.94537667 21.33314200
-10.77390454 -15.15001742 23.95355282
-11.97868768 -15.51764057 27.17486194
-12.81669352 -14.72458046 30.54119957
-13.06655036 -12.71589105 33.36050156
-12.61707040 -9.99523391 35.03778070
-11.53911457 -7.16438224 35.35159303
-10.05598606 -4.71282505 34.47754528
-8.42384107 -3.01394832 32.82285048
-6.87767691 -2.05588424 30.83201762
-5.56436585 -1.65828624 28.78639096
-4.54209368 -1.64131994 26.80855292
-3.81471031 -1.85199757 24.95474297
-3.35154393 -2.20787588 23.24302511
-3.11656585 -2.66890798 21.68127099
-3.07272994 -3.23194553 20.27621046
-3.20329786 -3.90887018 19.03862601
-3.49709497 -4.72916695 17.99022818
-3.94843011 -5.73534241 17.16744312
-4.57376434 -6.96484904 16.62578183
-5.39004684 -8.44645558 16.45267282
-6.40976153 -10.17926000 16.76493455
-7.64676697 -12.11546393 17.74046124
-9.07968074 -14.08892663 19.55562799
-10.61625181 -15.75046138 22.30502095
-12.08857854 -16.60415625 25.93285632
-13.22304803 -16.11833024 29.95331040
-13.73139376 -14.09636508 33.58214085
-13.41061457 -10.88977707 35.92580709
-12.28412389 -7.44840144 36.61492474
-10.60166672 -4.44821258 35.77119551
-8.69800578 -2.33698486 33.94506446
-6.87166676 -1.15898507 31.69682065
-5.31198791 -0.65975060 29.41199317
-4.08944621 -0.59397486 27.23159038
-3.20284971 -0.76474017 25.20733913
-2.60888327 -1.05836422 23.34394465
-2.25522474 -1.41960987 21.63488660
-2.09267085 -1.83495585 20.07260115
-2.09055693 -2.31142156 18.65357583
-2.22259793 -2.87768666 17.38002079
-2.48303585 -3.56873200 16.26147687
-2.87799360 -4.42828687 15.31914365
-3.42145231 -5.50901159 14.59211604
-4.14132915 -6.86916469 14.14274935
-5.07017045 -8.55590907 14.07742225
-6.24183156 -10.58776069 14.55367229
-7.68110124 -12.91828883 15.79883697
-9.36997750 -15.33670571 18.06951220
-11.21037491 -17.40405251 21.56359066
-12.97371485 -18.35992693 26.19110907
-14.30087529 -17.47008073 31.31279879
-14.76389308 -14.45870298 35.68617639
-14.13161793 -10.24773486 38.15955824
-12.52552200 -6.03681190 38.39645495
-10.34139559 -2.55401699 36.84174018
-8.00329285 -0.40428552 34.35613375
-5.87232217 0.64375892 31.67889095
-4.12559722 0.98097978 29.12198412
-2.80095278 0.95200300 26.78601499
-1.85087302 0.77285782 24.66863520
-1.19945902 0.56158423 22.74290673
-0.76990364 0.37076043 20.98134820
-0.49592731 0.21674548 19.36294686
-0.32818203 0.09875668 17.87246412
-0.23036647 0.00842751 16.49795004
-0.17866164 -0.06387552 15.22968993
-0.15764909 -0.12751505 14.05923087
-0.15835438 -0.19076369 12.97902173
-0.17612504 -0.26132489 11.98222776
-0.20945993 -0.34701693 11.06267174
-0.25937500 -0.45650822 10.21483282
-0.32921614 -0.60035238 9.43394565
-0.42450554 -0.79237012 8.71620806
-0.55329103 -1.05083083 8.05893169
-0.72751375 -1.40106637 7.46187565
-0.96483162 -1.87560486 6.92929539
-1.28611086 -2.52190912 6.46740029
-1.72002061 -3.40723867 6.09547420
-2.31128004 -4.61493022 5.85895850
-3.11857950 -6.23477367 5.83905672
-4.21328447 -8.40710846 6.17125761
-5.68228026 -11.29760258 7.08261358
-7.60316370 -14.88326431 9.01647652
-10.02845266 -18.92196320 12.61618209
-12.85350803 -22.57453783 18.56220764
-15.66034961 -24.14341008 26.89638725
-17.62539018 -21.63899268 36.06017266
-17.81030362 -14.84894197 42.75913926
-15.87810874 -6.31397299 44.66129691
-12.40630097 0.51132701 42.41387453
-8.47049710 4.37344502 38.38087748
-4.90245556 5.85312497 34.40352204
-2.05498432 6.17747619 31.16549596
0.06704236 6.05853947 28.60566011
1.59878874 5.89951129 26.55758298
2.70415058 5.87459543 24.88624344
3.54712993 6.05823821 23.51225517
4.24903032 6.46506817 22.40989968
4.90128627 7.09181051 21.58349581
5.57924101 7.92025753 21.05695185
6.31863043 8.92819951 20.88460249
7.14647109 10.06258858 21.12296096
8.06313268 11.23685194 21.83530794
9.03600802 12.31298596 23.07322583
10.00043725 13.09930671 24.80508812
10.85836486 13.38010411 26.90529724
11.47170104 12.98238917 29.09298825
11.72556821 11.88029831 31.03066645
11.54909240 10.22582747 32.36977349
10.95591220 8.36508961 32.91381943
10.04165999 6.63156221 32.66875885
8.95780376 5.23855185 31.77854172
7.85589230 4.29664361 30.48151613
6.85658633 3.79874857 28.97439719
6.03751883 3.64972499 27.42791268
5.42952365 3.76452429 25.92602338
5.03687933 4.08351170 24.52044623
4.85033899 4.56505625 23.24870936
4.85313217 5.19457870 22.14216388
5.04314312 5.96500142 21.23238964
5.41044896 6.88025966 20.56356538
5.93613267 7.95385000 20.19283005
6.61988288 9.17091659 20.18797066
7.45988357 10.48590021 20.63530215
8.42630438 11.79799745 21.60613705
9.46269444 12.94821143 23.14564455
10.47845221 13.69890477 25.21199193
11.34275902 13.79541942 27.62410577
11.90258327 13.08459394 30.04047977
12.02651462 11.59102306 32.01694335
11.65741790 9.67142199 33.20367071
10.85636738 7.64032212 33.46584051
9.76433859 5.81434810 32.89348318
8.54645699 4.46475928 31.69832632
7.36573714 3.63945770 30.15580204
6.34079436 3.25704431 28.51057626
5.52905656 3.21633915 26.86510340
4.95222364 3.42176455 25.29651721
4.60291852 3.80434329 23.84573275
4.46484250 4.33542529 22.54068481
4.52122803 5.00538166 21.40960432
4.75234375 5.82486357 20.48580723
5.15676241 6.80640052 19.81191134
5.73952392 7.95526882 19.44565684
6.49348434 9.26273432 19.46616849
7.40137668 10.69595324 19.96172015
8.44972846 12.14297554 21.03935927
9.58965142 13.41517453 22.77032994
10.71341657 14.25120512 25.09591915
11.66601808 14.33879946 27.82057714
12.26619540 13.50118866 30.50852690
12.36490208 11.79401038 32.66315007
11.91182861 9.51555529 33.89707390
10.97066772 7.18375223 34.05693915
9.71032564 5.21212862 33.28411885
8.34149224 3.81882320 31.88872837
7.04775323 3.00993170 30.18171709
5.94740293 2.68555456 28.37683929
5.09667543 2.68709075 26.61655729
4.49943848 2.92014155 24.95330362
4.14111413 3.31966333 23.42034898
3.99602657 3.85559648 22.03830222
4.04637508 4.52215934 20.82701329
4.27966338 5.33010470 19.81413225
4.68117790 6.30715069 19.04037624
5.25637464 7.47366328 18.56206963
6.01340631 8.83612823 18.45852591
6.95065509 10.37003314 18.83304051
8.05266941 11.99677553 19.79666360
9.28862693 13.53403678 21.48564856
10.56520141 14.70165671 23.90694989
11.71954289 15.12848103 26.90189640
12.54647448 14.50173627 30.06078891
12.83691416 12.79167435 32.75695333
12.49186272 10.27451909 34.47143602
11.54474075 7.55206922 34.92306043
10.17681580 5.18591896 34.23630298
8.63522172 3.48349652 32.76654270
7.14925161 2.47707795 30.91185247
5.86829863 2.04254054 28.94111202
4.86251796 1.98278507 27.02149641
4.13731211 2.17266031 25.20923308
3.67287720 2.52540724 23.53294293
3.43532188 2.99968727 22.00467970
3.39999834 3.58369139 20.63494567
3.54339261 4.29157243 19.44052525
3.84981852 5.15428813 18.44790708
4.32628699 6.20172822 17.69669194
4.98070022 7.46519305 17.25096894
5.82128250 8.96109831 17.19943364
6.86594708 10.68209394 17.67650622
8.10833091 12.53694729 18.83143756
9.50140931 14.30749091 20.79999469
10.94334044 15.64953231 23.63971016
12.24408040 16.06793603 27.16660363
13.14925581 15.18774108 30.86281286
13.40719517 12.95522458 33.93341336
12.88795593 9.96955759 35.69709967
11.69257152 6.82629950 35.93552462
10.05729932 4.20422794 34.89110050
8.28255171 2.44452007 33.03883987
6.62526449 1.48883523 30.90800295
5.23339520 1.12423317 28.74633641
4.16299434 1.13146247 26.68498464
3.40318848 1.34898933 24.76583389
2.91533108 1.69029052 22.99803533
2.65317074 2.11625281 21.38119919
2.58036284 2.62042424 19.91471282
2.67159523 3.21818849 18.60336945
2.90823463 3.94422088 17.46012557
3.29425637 4.83609664 16.50872000
3.83960180 5.94043689 15.79216098
4.56328216 7.30285037 15.37910251
5.49418817 8.96685048 15.37459577
6.65377509 10.92159319 15.93280752
8.04867187 13.08360998 17.24892156
9.64658240 15.21657132 19.54860391
11.33610501 16.87236422 22.94335595
12.88146526 17.42222913 27.23385579
13.94755076 16.30446617 31.73073910
14.20127764 13.48034369 35.37356326
13.49423435 9.58378962 37.28889501
11.95052947 5.75702191 37.26282466
9.91699256 2.80384383 35.74188125
7.80099304 0.97508525 33.45823650
5.89560599 0.09689504 30.97295551
4.34529671 -0.17931386 28.58074443
3.17574253 -0.11993387 26.36520576
2.34879265 0.09522044 24.33620470
1.80093581 0.36985056 22.47846834
1.47005424 0.66317282 20.77422200
1.30195914 0.96882859 19.20926006
1.25967544 1.29788585 17.77391946
1.31970065 1.67214572 16.46231848
1.46989103 2.12161649 15.27256910
1.71253290 2.68039082 14.20803285
2.05654522 3.39316273 13.28049355
2.52296752 4.31257635 12.51258117
3.14207109 5.50189395 11.94999920
3.95332002 7.02476078 11.67242331
5.00699707 8.96434529 11.80710118
6.35050301 11.36562241 12.55791037
8.01571407 14.13422412 14.22882857
9.99025489 17.00455271 17.18021436
12.14421724 19.30531915 21.71448319
14.15236767 20.03950059 27.60485367
15.49734046 18.21098657 33.79990633
15.64834428 13.88183110 38.47085825
14.42936628 8.26192277 40.35108574
12.12182499 3.24334778 39.45063633
9.32180759 -0.12158623 36.86544958
6.60847558 -1.85200054 33.78389210
4.31225038 -2.49237733 30.83879556
2.52895591 -2.57884265 28.21883708
1.21866820 -2.45804838 25.91587195
0.28361003 -2.32203920 23.87337642
-0.37892182 -2.26605544 22.04273847
-0.87499206 -2.32872927 20.39005186
-1.27542529 -2.52904644 18.89854031
-1.64343944 -2.87880376 17.55989140
-2.03022628 -3.39356186 16.37565561
-2.47472578 -4.10185028 15.35975736
-3.01959578 -5.03834576 14.53999778
-3.70123568 -6.25430060 13.96781316
-4.56418054 -7.79606191 13.72982590
-5.65309493 -9.69568914 13.96041012
-7.00385354 -11.95982498 14.86550892
-8.62074909 -14.43749610 16.69933193
-10.45447321 -16.78997089 19.72413377
-12.33490604 -18.35599629 24.03740835
-13.93938225 -18.33214967 29.23192860
-14.83731621 -16.12640090 34.24791338
-14.66026499 -12.24545245 37.65131420
-13.39568072 -7.60235365 38.77794932
-11.31930744 -3.54965359 37.76859317
-8.90447873 -0.82758737 35.43254871
-6.59349917 0.59977191 32.71926310
-4.64039785 1.14477800 30.05574077
-3.12505429 1.21187057 27.61186845
-2.01791325 1.06819649 25.40467664
-1.24429760 0.86869634 23.40632460
-0.72284921 0.68807621 21.58521067
-0.37634023 0.55378306 19.91602865
-0.14786410 0.47200519 18.38115127
0.00730873 0.43863964 16.96708831
0.11952662 0.44900770 15.66345382
0.21097580 0.49970773 14.46146607
0.29738305 0.59111540 13.35361460
0.39103814 0.72779153 12.33347188
0.50301971 0.91905198 11.39582489
0.64474739 1.17975261 10.53696396
0.82887983 1.53251238 9.75555575
1.07328162 2.00727574 9.05413999
1.39855612 2.64758017 8.44031216
1.83359614 3.51207813 7.93416802
2.41966049 4.67131184 7.57684008
3.20737428 6.22569807 7.43574395
4.25897946 8.29646618 7.63639391
5.65162222 10.96774174 8.42062653
7.46027227 14.25327384 10.15232270
9.72616987 17.96900614 13.38730677
12.34618388 21.37385224 18.65370547
14.97024802 23.04316308 26.08893115
16.90277361 21.21430173 34.43824625
17.31566308 15.42102772 41.01294458
15.80773493 7.95941525 43.57109421
12.82372495 1.34588000 42.13403656
9.23107815 -2.77723039 38.60688087
5.82573588 -4.64600808 34.81952520
3.01971991 -5.18767151 31.52127832
0.88935741 -5.16703519 28.81495350
-0.66149140 -5.02121966 26.58950083
-1.78385091 -4.96568730 24.72461566
-2.61999804 -5.08850829 23.14690011
-3.29809122 -5.42599353 21.81853970
-3.92240017 -5.98693225 20.73478004
-4.55819796 -6.77661257 19.92170645
-5.26714586 -7.78799686 19.42012034
-6.08307606 -9.01153048 19.30179135
-7.02659626 -10.40284949 19.65524184
-8.09943103 -11.86728537 20.56828572
-9.26556238 -13.22739443 22.14236992
-10.44116543 -14.22565839 24.37026327
-11.48659030 -14.54508324 27.08320085
-12.22173366 -13.93675483 29.90489145
-12.46961735 -12.39301433 32.30144492
-12.15251000 -10.15242791 33.83745884
-11.30145116 -7.72059029 34.26904495
-10.07295802 -5.57611463 33.68554796
-8.67829335 -3.99793945 32.37657476
-7.32211577 -3.03523961 30.68743939
-6.14140304 -2.60116876 28.85672940
-5.20841895 -2.53358785 27.05004047
-4.53554781 -2.71696988 25.33426365
-4.10966001 -3.07760893 23.74426950
-3.90550641 -3.57584836 22.30076153
-3.90074178 -4.20158701 21.02145161
-4.08187777 -4.96197804 19.92968514
-4.43253020 -5.88419023 19.06100965
-4.95447776 -6.99302951 18.46523175
-5.65770304 -8.30366912 18.21391793
-6.54466401 -9.80751658 18.40523066
-7.60241120 -11.44943424 19.14099645
-8.82133746 -13.09069923 20.58891753
-10.13465101 -14.48583324 22.81305156
-11.39665672 -15.27566287 25.71099452
-12.40140925 -15.04355252 28.99162728
-12.92167732 -13.65648388 32.02927324
-12.80148691 -11.29832796 34.20771702
-12.02730917 -8.47017465 35.13074041
-10.73972896 -5.84052556 34.78346779
-9.17991703 -3.83168414 33.47887107
-7.60741677 -2.57068581 31.66819651
-6.20547506 -1.95341550 29.66742571
-5.07324486 -1.78770089 27.68101601
-4.23293814 -1.90541323 25.79613380
-3.66710128 -2.20650924 24.04395565
-3.34292298 -2.63272472 22.43779616
-3.22781082 -3.16438145 20.98528509
-3.29854871 -3.80600421 19.69773774
-3.53267657 -4.58638861 18.59511521
-3.93056980 -5.53719817 17.70831204
-4.50074884 -6.69333744 17.08801591
-5.25236722 -8.08532519 16.81041197
-6.20492275 -9.72707749 16.98877215
-7.36861377 -11.58134861 17.77213603
-8.72126458 -13.49647341 19.31849285
-10.19852411 -15.20132986 21.76157188
-11.65435878 -16.23094564 25.07763995
-12.85578861 -16.10433429 28.92305258
-13.52007039 -14.49735964 32.59166365
-13.41648343 -11.75087877 35.20659989
-12.52927091 -8.44281078 36.28235823
-11.03260156 -5.34027786 35.83884149
-9.22546151 -3.03219552 34.25486183
-7.41391732 -1.64873377 32.14508073
-5.81903277 -1.00226227 29.91644174
-4.54058963 -0.85098868 27.74836780
-3.59666803 -0.97472666 25.71919081
-2.95249841 -1.25392204 23.84469928
-2.56071382 -1.62219504 22.12427603
-2.37423308 -2.05808214 20.55301230
-2.36101054 -2.56490992 19.12954710
-2.49343848 -3.16956955 17.85853626
-2.76545621 -3.90572837 16.75252337
-3.18143639 -4.81691127 15.83714777
-3.75436961 -5.95365421 15.15732210
-4.51093546 -7.36951743 14.78345660
-5.48005757 -9.09915247 14.83097296
-6.68794354 -11.13972086 15.46247448
-8.14818627 -13.40785994 16.90722961
-9.82200812 -15.64288148 19.38857131
-11.58191451 -17.35242136 23.02481064
-13.17385105 -17.82279682 27.58776855
-14.23874276 -16.46374749 32.32322010
-14.41779156 -13.24355538 36.04567643
-13.56775116 -9.17578165 37.86299223
-11.87537435 -5.26819447 37.62717777
-9.72860380 -2.27435707 35.88777727
-7.53137794 -0.50074552 33.43314865
-5.58048541 0.32490501 30.86995883
-4.00932928 0.55223406 28.43233589
-2.83368709 0.47140777 26.19460577
-2.00425731 0.26049901 24.15472319
-1.45040687 0.01339487 22.29058860
-1.10481225 -0.23081845 20.58069930
-0.91016650 -0.46544187 19.00832637
-0.82672076 -0.69859001 17.56133981
-0.82659244 -0.94772609 16.23062806
-0.89616208 -1.23312870 15.00969322
-1.02895722 -1.58102281 13.89459100
-1.22965913 -2.02021219 12.88468026
-1.50883253 -2.58828586 11.98500771
-1.88558431 -3.33174988 11.20781538
-2.38749207 -4.31013699 10.58009964
-3.05302468 -5.59300604 10.15516675
-3.93167945 -7.25391833 10.02583953
-5.08107510 -9.41726467 10.33178539
-6.55506298 -12.10446562 11.32811452
-8.40112050 -15.20274239 13.39619780
-10.59509799 -18.36519344 16.97636535
-12.96488523 -20.72902479 22.39273431
-15.08328861 -21.01667526 29.25190761
-16.30711147 -18.19075543 36.01002948
-16.07565917 -12.61989563 40.51886319
-14.30267535 -6.22938748 41.55974220
-11.47244666 -1.13440212 39.72948648
-8.33650895 1.90053051 36.53624178
-5.47278479 3.23915313 33.19596683
-3.14910922 3.62149050 30.21903591
-1.39418368 3.58434604 27.66461912
-0.11971176 3.45428854 25.46456796
0.79419397 3.39212220 23.54266724
1.47502956 3.47536634 21.84629659
2.02550823 3.73379049 20.34938435
2.52338249 4.18618897 19.04578427
3.04042499 4.84555127 17.94309111
3.62346042 5.73805856 17.07159395
4.32226345 6.88631809 16.48099543
5.17635218 8.31657280 16.25342945
6.21594988 10.03129720 16.51113413
7.46113501 11.97068087 17.40292810
8.90008379 13.97616873 19.13030794
10.46879131 15.72688976 21.84882347
11.99540229 16.72675107 25.46923691
13.21593950 16.39429354 29.60618185
13.81166825 14.50267302 33.38428105
13.57570224 11.32867463 35.95066059
12.49870495 7.70339349 36.78076461
10.80904101 4.53701841 36.01826481
8.85707548 2.30984129 34.20294632
6.96953603 1.04781256 31.93859156
5.35022702 0.51650057 29.60843550
4.07841536 0.42740163 27.39203497
3.14948944 0.58610349 25.33682155
2.52083605 0.86740379 23.44689457
2.13837650 1.21132353 21.71295405
1.95016073 1.60031281 20.12562597
1.91712817 2.04300763 18.67917712
2.01985073 2.55963700 17.37298799
2.24248955 3.18828804 16.21327087
2.59004356 3.96999387 15.21506845
3.07727369 4.95480111 14.40869862
3.72715987 6.19755775 13.84787291
4.57445414 7.76467672 13.61626346
5.65505499 9.69420089 13.85336506
7.00255909 11.96830643 14.76253072
8.62426313 14.46302494 16.60811470
10.47185546 16.83351756 19.67328504
12.36580046 18.43244895 24.01667417
13.98209839 18.42039238 29.25553833
14.87804283 16.21976199 34.28296575
14.69935337 12.11315778 37.75164400
13.39163722 7.42358130 38.86790233
11.26976705 3.41901369 37.83942731
8.83511378 0.70912273 35.50355329
6.51355334 -0.70341759 32.74988447
4.55527612 -1.24572934 30.07099339
3.03614562 -1.30769372 27.61883780
1.92687324 -1.16577196 25.40732016
1.15182799 -0.97329466 23.40678117
0.62458890 -0.80484770 21.58480217
0.27150808 -0.68917975 19.91603702
0.03148782 -0.63208281 18.38209605
-0.13914085 -0.63198245 16.96990707
-0.27309932 -0.68571354 15.66915603
-0.39349728 -0.79353126 14.47158142
-0.51853266 -0.95993144 13.37046380
-0.66324055 -1.19566530 12.36082942
-0.84319736 -1.51759333 11.43984832
-1.07406830 -1.95250333 10.60809920
-1.37779552 -2.53550609 9.87189720
-1.77976278 -3.31691867 9.24534272
-2.31322652 -4.36413382 8.75989593
-3.02553883 -5.75430337 8.47678378
-3.97406918 -7.58741128 8.49953150
-5.22526356 -9.98277203 9.00155438
-6.84625440 -12.95845008 10.29702494
-8.88653389 -16.39516031 12.83025209
-11.30802711 -19.80588831 17.16002556
-13.86653846 -22.09545380 23.53077401
-16.02192652 -21.68222391 31.32616172
-17.00495809 -17.58428977 38.40141028
-16.26010808 -10.75030703 42.33260313
-13.87799701 -3.94627821 42.35923586
-10.58422425 0.93193132 39.61512313
-7.20709294 3.48996204 35.96444264
-4.27913930 4.45265815 32.53885582
-1.98350676 4.61206831 29.63467835
-0.28646207 4.49919225 27.21418676
0.93655729 4.38880490 25.16687784
1.83192656 4.41780515 23.40982585
2.52830880 4.63719877 21.89628374
3.12688816 5.06948536 20.61031778
3.71563149 5.72297724 19.55740795
4.35030968 6.61111744 18.77100433
5.08483373 7.73674361 18.30223343
5.95362784 9.09898873 18.23430068
6.97581910 10.66064332 18.67677970
8.15324327 12.32191166 19.74137907
9.44708634 13.87706680 21.55645295
10.76567698 15.00704579 24.14867552
11.93629973 15.33440974 27.30508148
12.73886099 14.51504401 30.57425162
12.95757005 12.60491174 33.26566399
12.50762037 9.93718524 34.85849255
11.45228635 7.12444544 35.13524111
9.99608659 4.75084618 34.25521944
8.39591184 3.10565292 32.63526169
6.88567089 2.17551625 30.69741866
5.60379157 1.81114066 28.68024135
4.61404802 1.80824012 26.73407323
3.91247973 2.02646707 24.91064695
3.47088261 2.39292565 23.22785133
3.25318201 2.87109565 21.69522176
3.23027630 3.45518187 20.32102009
3.38380307 4.15918990 19.11971788
3.69759487 5.01727204 18.11670085
4.17735058 6.06397922 17.35100295
4.83482877 7.33339395 16.88532785
5.68088425 8.84510824 16.80876529
6.73461261 10.59730132 17.25755498
7.99832874 12.51611178 18.39598569
9.42712913 14.38197860 20.36642374
10.92313584 15.83727885 23.25844582
12.29272400 16.36849174 26.90051904
13.27129888 15.54522278 30.77539436
13.58476289 13.26114410 34.04625325
13.08546500 10.12507114 35.96740560
11.85901169 6.85055995 36.27098278
10.16612643 4.08875702 35.21045296
8.32040902 2.24171847 33.30248146
6.59401592 1.24315489 31.09899273
5.14390062 0.85927470 28.87778784
4.02668458 0.85827006 26.76759404
3.23024247 1.06650403 24.80784718
2.71192559 1.39088842 23.00390641
2.42144372 1.78889596 21.35167504
2.31871617 2.25223411 19.84706740
2.37491344 2.79505201 18.49090272
2.56944738 3.45013849 17.29095132
2.90380393 4.25417601 16.26420207
3.38559691 5.25511991 15.44380532
4.03433680 6.50513106 14.88443049
4.87922650 8.05549392 14.67302098
5.94978653 9.92771766 14.94728886
7.26802856 12.09137799 15.89315213
8.83405142 14.40310395 17.76133990
10.57394832 16.50184981 20.74208679
12.31278953 17.79683167 24.85657502
13.73642953 17.53878363 29.64179612
14.46753011 15.33930778 34.13406292
14.20810212 11.55154123 37.12442859
12.94806693 7.42284237 38.05248925
10.99739935 3.79852776 37.06583832
8.76830063 1.32527676 34.91472202
6.63837206 0.00021564 32.35136699
4.83275681 -0.52683783 29.81360526
3.42771001 -0.59090643 27.45325109
2.40391721 -0.43848705 25.29852025
1.69798736 -0.20723609 23.33415933
1.23722469 0.03601260 21.53638964
0.95793177 0.26774001 19.88530337
0.80921574 0.48891531 18.36595770
0.75629073 0.71148811 16.96733894
0.77689099 0.95351218 15.68110056
0.86022162 1.23611617 14.50119316
1.00320555 1.58501299 13.42402353
1.21229809 2.02951951 12.44940942
1.49968762 2.60786977 11.58298852
1.88588824 3.36780351 10.83738533
2.40012169 4.37065969 10.24206105
3.08283723 5.68041737 9.85513747
3.98651722 7.37974917 9.77202943
5.16771491 9.61372373 10.13297898
6.67895195 12.39084118 11.20730709
8.56833561 15.56353252 13.40130545
10.81968522 18.76330604 17.18310067
13.22537821 21.05202858 22.84884652
15.33096862 21.09977923 29.91976938
16.46511426 17.91192950 36.70721364
16.07568989 12.04563776 40.99363908
14.13610411 5.56547753 41.69817880
11.18793635 0.56890722 39.58747362
8.00231415 -2.29971094 36.27948261
5.14252376 -3.48507522 32.91346389
2.85305929 -3.78967239 29.96533911
1.13561286 -3.72626325 27.45013783
-0.10745071 -3.59943640 25.28933336
-1.00363766 -3.55952939 23.40532960
-1.67827643 -3.67506503 21.74713520
-2.23248216 -3.97435828 20.29167605
-2.74661681 -4.47417710 19.03535480
-3.28785090 -5.18953203 17.99148799
-3.90388033 -6.14501794 17.19564502
-4.64496315 -7.35892950 16.70421768
-5.54625521 -8.85224720 16.61002374
-6.63478615 -10.60705726 17.04298074
-7.91971375 -12.53779410 18.14994167
-9.37605872 -14.43789286 20.13240724
-10.91224454 -15.94272870 23.07491621
-12.32838731 -16.54127428 26.79465442
-13.35018903 -15.73420005 30.78180879
-13.68495283 -13.48280003 34.13442095
-13.19616022 -10.20164935 36.12608763
-11.94655201 -6.76550740 36.43635212
-10.20094735 -3.93805417 35.33456108
-8.30092476 -2.05927012 33.40012749
-6.53020541 -1.05812430 31.14872828
-5.05094346 -0.68549193 28.88877564
-3.91359713 -0.68509192 26.75242531
-3.10155918 -0.89344082 24.77338454
-2.56913811 -1.21076608 22.95330257
-2.26774602 -1.59224865 21.28513488
-2.15290506 -2.02948470 19.76313083
-2.18735192 -2.54102324 18.38589220
-2.36016951 -3.15104959 17.15791930
-2.66451995 -3.90017887 16.09324331
-3.10725970 -4.83656893 15.21848133
-3.70995162 -6.01181493 14.57966025
-4.49860992 -7.47510903 14.25488262
-5.50453012 -9.25384379 14.36454276
-6.76895511 -11.40158522 15.09540042
-8.29391349 -13.80020441 16.66741037
-10.03464948 -16.12461432 19.32786370
-11.86725054 -17.84456839 23.24378855
-13.49828106 -18.17325063 28.11279150
-14.53467239 -16.50921854 33.06271750
-14.60375109 -12.96899843 36.79044969
-13.58274537 -8.62714164 38.38753884
-11.71840519 -4.52435956 37.83094234
-9.42731335 -1.59423001 35.80809561
-7.14805886 0.05947163 33.21121065
-5.16692768 0.76890479 30.57490851
-3.59941927 0.92115699 28.11527146
-2.43930779 0.80955258 25.87771603
-1.62444016 0.60258031 23.84690998
-1.07686484 0.38672385 21.99437119
-0.72418461 0.19689483 20.29589327
-0.50747482 0.03961725 18.73342396
-0.38410370 -0.09073329 17.29349017
-0.32390503 -0.20541629 15.96539908
-0.30823398 -0.31635414 14.74027592
-0.32631448 -0.43571985 13.61040435
-0.37316423 -0.57624373 12.56906337
-0.44875034 -0.75163441 11.61053338
-0.55688602 -0.97847899 10.73038282
-0.70507160 -1.27777125 9.92586106
-0.90524995 -1.67683066 9.19678324
-1.17492075 -2.21232721 8.54814751
-1.53928739 -2.93113860 7.99299971
-2.02684378 -3.90426136 7.55100492
-2.68136683 -5.21772627 7.27665542
-3.56443451 -6.96741443 7.26578864
-4.74283692 -9.23496402 7.69015803
-6.30563525 -12.19814111 8.80553003
-8.30716857 -15.77818728 11.04044527
-10.74687331 -19.53565632 15.02421219
-13.46095846 -22.50783265 21.27825382
-15.94589863 -22.96940782 29.45432611
-17.38735886 -19.42508769 37.61610737
-17.02432465 -12.61561126 42.74906884
-14.81310477 -4.92382138 43.50673738
-11.40782756 0.85255175 40.84979416
-7.75539041 3.95584802 37.00196034
-4.52877461 5.13349999 33.34466229
-1.98280339 5.35487734 30.29789389
-0.09333023 5.23640032 27.81795872
1.27114157 5.11207607 25.77272076
2.26587721 5.12811402 24.05642752
3.02915663 5.34700022 22.61044506
3.68674410 5.78784710 21.41111343
4.31587441 6.45684138 20.47242376
4.98771230 7.34881311 19.82351270
5.74677411 8.45640145 19.52188113
6.61970450 9.75101178 19.64618601
7.62106298 11.16042914 20.27949606
8.73042491 12.55229749 21.52452986
9.88720091 13.71161709 23.41765869
10.98159796 14.34971594 25.86930458
11.85428989 14.18326375 28.60985721
12.32402639 13.08014178 31.17612088
12.27176404 11.15942073 33.10117470
11.66990623 8.82601913 34.02002368
10.62319226 6.58900811 33.90271934
9.31812049 4.78422427 32.92884938
7.96401053 3.56283865 31.42697505
6.72295248 2.90776440 29.67420161
5.69595930 2.68133963 27.88144037
4.91936030 2.75439037 26.14809637
4.39250580 3.03912489 24.52280641
4.09632455 3.47896921 23.03377749
4.00775744 4.05216309 21.70057993
4.11460239 4.75452089 20.54443211
4.39750820 5.60679656 19.59779391
4.84574082 6.63668015 18.90508892
5.47208381 7.85895952 18.52811272
6.28047357 9.27134844 18.55341406
7.26233441 10.83972985 19.08111487
8.40030696 12.45578331 20.23633861
9.65728019 13.91047616 22.14432494
10.92067333 14.90391585 24.75795267
12.00194684 15.04854163 27.84817547
12.69020278 14.07675648 30.94110761
12.79453251 12.10470768 33.38241344
12.26197857 9.47939637 34.72809451
11.17162629 6.81581186 34.81883433
9.73200344 4.61911489 33.84711418
8.18841807 3.12858668 32.22416117
6.75317258 2.30523223 30.32091048
5.54896995 2.00893284 28.35520834
4.63025461 2.04296995 26.46526498
3.98908414 2.28833677 24.69578765
3.59898815 2.68028761 23.06601597
3.42633688 3.18905286 21.58785165
3.44602155 3.81213962 20.27293013
3.64281316 4.56517870 19.14013710
4.00268699 5.48247554 18.22073683
4.53291779 6.59640062 17.56121366
5.24555766 7.93386553 17.23324620
6.14801608 9.50066534 17.33361595
7.24966919 11.26380109 18.00378986
8.54676079 13.11709861 19.41627468
9.97152680 14.79805025 21.66547963
11.39050423 15.89082279 24.75570241
12.59034104 15.92827818 28.39834701
13.30243333 14.60183322 31.94938965
13.31151992 12.02414078 34.64323240
12.55346574 8.84641874 35.90420787
11.17191989 5.86294400 35.70022220
9.45811628 3.52572089 34.34344360
7.70212512 2.05284920 32.37012320
6.12576856 1.32330796 30.19832749
4.84203440 1.09719618 28.06170674
3.87759835 1.18515401 26.04444862
3.21221308 1.44987850 24.17447065
2.80399206 1.82051995 22.45566984
2.60934635 2.26974324 20.88730660
2.58886211 2.80378483 19.47066797
2.72911098 3.43843413 18.21170448
3.01802757 4.20983766 17.12699263
3.45219567 5.16612648 16.24648714
4.05238630 6.35118931 15.61848581
4.84057172 7.80873298 15.32371293
5.83533166 9.54535844 15.47361485
7.07155848 11.58024791 16.25874147
8.54688779 13.79855336 17.87919688
10.19426898 15.86846333 20.50460880
11.87540061 17.25909369 24.23481495
13.31156753 17.31222771 28.70429758
14.15385070 15.58370473 33.08382938
14.10056436 12.23446109 36.26240858
13.08335779 8.30211633 37.55987158
11.33247499 4.70730793 36.97901273
9.23351752 2.08812714 35.12134193
7.15661010 0.59108687 32.70250946
5.35081588 -0.07257600 30.22681292
3.91672136 -0.21614891 27.88022563
2.85828437 -0.09420085 25.72017353
2.12415750 0.14459177 23.74368692
1.64798690 0.42416006 21.93312985
1.37064299 0.71571403 20.27135295
1.24212721 1.01951790 18.74520811
1.22846918 1.35091373 17.34590874
1.31132749 1.73265473 16.06844436
1.48115131 2.19648821 14.91181491
1.74300099 2.77768703 13.88042518
2.10862980 3.52219988 12.98803994
2.60087144 4.48536609 12.26024414
3.25198351 5.73337599 11.74671479
4.10420044 7.33439013 11.53555629
5.20734988 9.35102416 11.76946249
6.61508573 11.84490434 12.67004497
8.34873236 14.69109139 14.55050481
10.38313666 17.54793131 17.79457154
12.55482509 19.67673186 22.63968376
14.50099607 20.00779130 28.75174336
15.67570397 17.64116007 34.87860356
15.57292795 12.91853425 39.14703330
14.10533021 7.22746138 40.47578628
11.63807656 2.42029775 39.12890897
8.79330496 -0.63485662 36.33799632
6.11970771 -2.11724670 33.23067915
3.90406796 -2.60304724 30.32826875
2.20813110 -2.62694142 27.76798689
0.97194050 -2.49240570 25.51833606
0.09143763 -2.37054251 23.52101441
-0.53951202 -2.34195812 21.72936911
-1.01773374 -2.43974910 20.11302753
-1.41505492 -2.68113953 18.65712735
-1.79428356 -3.07742594 17.35581837
-2.20003105 -3.65003836 16.21504851
-2.67710836 -4.42581136 15.25180158
-3.26379673 -5.44635861 14.50076950
-4.00004635 -6.75997550 14.02416597
-4.93231541 -8.40538044 13.92050706
-6.10066595 -10.42097331 14.34728117
-7.53004241 -12.75231732 15.52242785
-9.21493613 -15.20599523 17.70565414
-11.06927905 -17.33767878 21.13560638
-12.88021214 -18.44040063 25.75920531
-14.27737800 -17.72284816 30.96726226
-14.82965073 -14.92250702 35.50103209
-14.28268721 -10.61861787 38.17047295
-12.70630381 -6.09196306 38.49891204
-10.47725190 -2.51132231 36.95101185
-8.08268156 -0.29919636 34.46253574
-5.89975633 0.76696207 31.75078351
-4.11403564 1.11213976 29.17015086
-2.75784486 1.08355135 26.81790144
-1.78374482 0.90637958 24.69121701
-1.11442691 0.70122289 22.75957998
-0.67030000 0.52411755 20.99435946
-0.37963608 0.39071829 19.37344809
-0.19317260 0.30264355 17.88121885
-0.07204524 0.25305270 16.50541994
0.00904397 0.23563373 15.23623921
0.06848258 0.24468414 14.06509816
0.11812102 0.27778291 12.98442865
0.16672685 0.33500778 11.98739492
0.22123445 0.41936849 11.06786337
0.28777780 0.53716296 10.22042078
0.37324892 0.69813805 9.44051356
0.48587569 0.91645063 8.72464733
0.63566900 1.21287021 8.07098200
0.83753408 1.61493849 7.48062295
1.11035295 2.16119823 6.95836735
1.47869097 2.90653352 6.51675649
1.97952475 3.92186340 6.18542231
2.66185228 5.29056799 6.02353041
3.58692988 7.14963396 6.11531880
4.83099666 9.62475079 6.64922719
6.48482279 12.78751987 7.96104282
8.62057840 16.58300541 10.54795347
11.23667097 20.57062057 15.09177644
14.09997104 23.52872364 22.07267217
16.62120338 23.47667138 30.96351010
17.88526587 18.93664158 39.37474362
17.13131549 11.07058000 44.07606462
14.45144136 3.23443563 44.01983838
10.72367551 -2.31191740 40.74059720
6.92178846 -5.04887242 36.64012096
3.66664929 -5.96833874 32.98519077
1.14976457 -6.05052788 30.04510967
-0.69698414 -5.88447836 27.70488591
-2.02493052 -5.77028648 25.80951772
-3.00030088 -5.82651703 24.24927272
-3.76125488 -6.09831544 22.97031395
-4.43134764 -6.59311248 21.95345206
-5.08268251 -7.30560536 21.22002716
-5.77844502 -8.21567210 20.80336057
-6.55482778 -9.29275171 20.76035772
-7.42275451 -10.47993354 21.16103553
-8.37790740 -11.67298441 22.05858045
-9.37694163 -12.70773507 23.48818589
-10.34025331 -13.36388415 25.41236796
-11.15106036 -13.43636091 27.64377689
-11.67425316 -12.76138706 29.86577977
-11.78996687 -11.43247233 31.67628342
-11.45542550 -9.67353755 32.77574099
-10.72884834 -7.76099501 33.05009863
-9.72046326 -6.06196320 32.54679587
-8.58907544 -4.77720289 31.43961253
-7.48267072 -3.97730056 30.01194078
-6.51598606 -3.59864516 28.46069736
-5.74654626 -3.55643240 26.89592353
-5.20073265 -3.75684046 25.39932804
-4.87351575 -4.13564261 24.01568998
-4.75148528 -4.66794161 22.77608761
-4.81993550 -5.34300924 21.71258631
-5.05988962 -6.16704631 20.86141713
-5.47192772 -7.14750422 20.26778397
-6.06029588 -8.28079756 19.99001283
-6.81300068 -9.54597218 20.10385038
-7.70376677 -10.90110884 20.69335408
-8.70909719 -12.22245999 21.83583814
-9.77550499 -13.30631560 23.58162443
-10.79479310 -13.91804733 25.83850337
-11.61123316 -13.79791840 28.36769099
-12.06977477 -12.83209369 30.76378421
-12.04750393 -11.16588931 32.57237801
-11.53360665 -9.06568010 33.51434400
-10.60261397 -6.97068893 33.50383258
-9.41618316 -5.22948220 32.67139288
-8.15451498 -4.01967883 31.30435810
-6.98090274 -3.33309106 29.69131614
-5.99192196 -3.07908569 27.99541968
-5.23799386 -3.13826574 26.33642469
-4.72556926 -3.40385314 24.77712911
-4.43830056 -3.83559314 23.34635026
-4.35775403 -4.40878788 22.07114290
-4.46215018 -5.12398792 20.97858180
-4.74647270 -5.98987111 20.10115672
-5.20868945 -7.01824082 19.48588462
-5.83954720 -8.22371399 19.19900133
-6.63911350 -9.59444480 19.32306540
-7.60681116 -11.07784232 19.96612441
-8.70974710 -12.54554883 21.21708735
-9.88113589 -13.78993256 23.12856250
-11.00506884 -14.50483390 25.63193865
-11.91722637 -14.38606038 28.46942803
-12.43097035 -13.27182669 31.17928382
-12.40303878 -11.31304621 33.21551721
-11.80096164 -8.98229545 34.22298798
-10.74327692 -6.65487790 34.13677435
-9.41170545 -4.75196237 33.16238522
-8.01696642 -3.47086235 31.60573232
-6.73324837 -2.77202587 29.82225694
-5.66450274 -2.52104536 27.99430447
-4.85208078 -2.58846646 26.22397049
-4.29836744 -2.86303431 24.56372106
-3.98103384 -3.29075355 23.03897709
-3.87628168 -3.84663144 21.66902869
-3.95633381 -4.53586578 20.47514496
-4.21210569 -5.37378086 19.48360283
-4.64889963 -6.37768977 18.73291065
-5.26226773 -7.57318787 18.28588521
-6.04702453 -8.97760608 18.22591928
-7.01921045 -10.56227896 18.66717678
-8.16636388 -12.23453231 19.73469479
-9.43885603 -13.80010607 21.53157348
-10.73878540 -14.95641846 24.07930731
-11.89912126 -15.29498257 27.20117672
-12.70320612 -14.52181335 30.45101988
-12.94235994 -12.59913935 33.17041917
-12.50774991 -10.02180669 34.79273986
-11.47883998 -7.26819120 35.11340528
-10.04920080 -4.88809885 34.29591774
-8.46936736 -3.21945111 32.69916525
-6.96566961 -2.26478876 30.77451153
-5.68277652 -1.86291958 28.77580034
-4.68223481 -1.84159454 26.83453971
-3.97010562 -2.05020784 25.01067120
-3.51869071 -2.41129344 23.32549088
-3.29445366 -2.88530161 21.79002827
-3.26299075 -3.46852847 20.41357569
-3.40942719 -4.17200086 19.20963202
-3.72225038 -5.02496169 18.20352086
-4.19665610 -6.06738694 17.43577359
-4.84876166 -7.33272167 16.96703099
-5.69310781 -8.84124900 16.89001984
-6.73764590 -10.57936034 17.32399269
-7.98856617 -12.47366306 18.44621459
-9.41150274 -14.32704189 20.41262181
-10.89730569 -15.77091215 23.27116734
-12.26255534 -16.31624310 26.89029703
-13.23304121 -15.51615980 30.71042105
-13.55095783 -13.29623943 33.96316705
-13.06588964 -10.10984528 35.87093128
-11.85054628 -6.85638683 36.21006028
-10.16571189 -4.13894701 35.17764881
-8.33204280 -2.29018478 33.31236014
-6.61494256 -1.29500493 31.11054887
-5.17298579 -0.90297453 28.89844078
-4.05824743 -0.89533293 26.79219515
-3.26286179 -1.10222415 24.83564151
-2.74480896 -1.42736209 23.03383791
-2.45714936 -1.82672809 21.38350850
-2.35310894 -2.29617225 19.88155552
-2.41108187 -2.84552743 18.52860896
-2.61435483 -3.50446976 17.33302597
-2.95177302 -4.31912224 16.31341732
-3.43929348 -5.33235001 15.50219484
-4.09621717 -6.59485309 14.95663968
-4.94744321 -8.14468766 14.76585819
-6.02894608 -10.03139673 15.06985740
-7.35814816 -12.21128513 16.05692829
-8.92482203 -14.50387271 17.95958776
-10.65987371 -16.56246501 20.98351800
-12.37918481 -17.75514384 25.12640322
-13.76954201 -17.39503067 29.91192266
-14.44830401 -15.12394970 34.30948180
-14.13353258 -11.45325232 37.15091679
-12.85806271 -7.24130569 37.94541759
-10.89431645 -3.65829598 36.87513342
-8.66574529 -1.26344542 34.67780110
-6.55475595 0.00016627 32.13654118
-4.77722174 0.48108632 29.61883693
-3.40186666 0.52602921 27.28008389
-2.40321277 0.36196180 25.14476243
-1.71807610 0.12288613 23.19685453
-1.27549863 -0.12825767 21.41336729
-1.01117524 -0.37143545 19.77507657
-0.87793415 -0.60822518 18.26790989
-0.84067420 -0.85330189 16.88134506
-0.88051994 -1.12517375 15.60784787
-0.98633958 -1.44874297 14.44234293
-1.15903154 -1.85094555 13.38274307
-1.40580253 -2.36645906 12.43168402
-1.74227400 -3.03780672 11.59807105
-2.19267060 -3.91888721 10.90263813
-2.79101273 -5.07382808 10.38809708
-3.58284672 -6.57772774 10.12790588
-4.61969648 -8.54548559 10.23578944
-5.95778676 -11.02230188 10.92973769
-7.65633376 -13.96582106 12.53761465
-9.72051797 -17.15206876 15.47956109
-12.04989076 -19.93874804 20.17135547
-14.31632651 -21.17849636 26.54150554
-15.95105738 -19.60568460 33.53383820
-16.31925930 -14.94460291 39.10207802
-15.11359087 -8.61138820 41.48435515
-12.61930385 -2.93107278 40.66228921
-9.54164646 0.89004052 37.83211969
-6.54292892 2.80564748 34.46785321
-4.00761225 3.49278909 31.33704336
-2.04477362 3.57264103 28.62398252
-0.60267909 3.45376647 26.29348546
0.43206935 3.35028521 24.26564573
1.18821762 3.36827764 22.47999123
1.77412995 3.54995496 20.90077910
2.27914151 3.91618554 19.51288517
2.77652080 4.48140532 18.31839740
3.31925632 5.26793980 17.33831255
3.96019256 6.29790071 16.61088971
4.73724822 7.60375222 16.20431156
5.68939101 9.19719611 16.22049337
6.84540649 11.05227504 16.79920610
8.21193311 13.08036472 18.13863573
9.74319626 15.02656757 20.39727607
11.32524297 16.46518365 23.64358186
12.73184909 16.80903691 27.64350244
13.66427171 15.61830450 31.75936328
13.83310702 12.88049610 35.02687960
13.11731003 9.39705998 36.70912291
11.66617948 5.94048404 36.63938614
9.78920761 3.21221826 35.22135056
7.83181184 1.50681018 33.06723775
6.06197762 0.65462695 30.73081835
4.61318693 0.38480821 28.44182336
3.52048892 0.44646233 26.30154552
2.75256626 0.67823871 24.32837434
2.25666515 0.99305510 22.51712944
1.97652248 1.35607337 20.85673011
1.87109117 1.76186703 19.33900721
1.90463792 2.22964237 17.96015060
2.06230371 2.78698084 16.72200940
2.34077436 3.47161106 15.63419916
2.74622803 4.33153581 14.71771641
3.29981905 5.42005669 14.00941956
4.02985825 6.79547134 13.57628825
4.97057030 8.49813409 13.52394642
6.16711992 10.59535741 14.01934004
7.64030731 13.02871649 15.28927885
9.37652801 15.55890512 17.61789511
11.28851381 17.73709394 21.25074352
13.13468093 18.76521473 26.11545711
14.52393874 17.83464202 31.52082779
15.00756129 14.72193823 36.11503509
14.32909920 10.25778132 38.63361758
12.62421073 5.60682587 38.75567532
10.29084594 2.02957236 36.98635791
7.82932643 -0.10817110 34.34595482
5.61763172 -1.09589622 31.57688574
3.82839773 -1.37688127 28.97722165
2.48199894 -1.32327734 26.62644242
1.51870112 -1.14617170 24.50871474
0.85318530 -0.96149117 22.58890286
0.40386938 -0.82112640 20.83660179
0.09838444 -0.74110184 19.22917633
-0.11530165 -0.72431638 17.75114315
-0.27791600 -0.76802358 16.39067086
-0.41767761 -0.87219623 15.13876971
-0.55696492 -1.04026173 13.98827174
-0.71331609 -1.28239425 12.93404474
-0.90415539 -1.61507526 11.97329970
-1.14640819 -2.06506738 11.10697691
-1.46317440 -2.66748467 10.34207048
-1.88029367 -3.47328127 9.69404681
-2.43201443 -4.54944524 9.19704266
-3.16617572 -5.97095258 8.91589982
-4.13963777 -7.84149552 8.95708912
-5.41644149 -10.26311613 9.50623855
-7.06162075 -13.23854243 10.88377891
-9.11320392 -16.62293960 13.52695338
-11.51899645 -19.88464451 17.96893798
-14.00811042 -21.90069550 24.36648944
-16.02942755 -21.15760198 31.97792661
-16.84385766 -16.86175035 38.66167517
-15.96053808 -10.12668379 42.14831384
-13.53322143 -3.63731683 41.92303030
-10.29160113 0.94497128 39.13662559
-7.01515844 3.31709524 35.56092052
-4.19402936 4.20040104 32.21740104
-1.98987934 4.33703837 29.36610915
-0.36286756 4.22329990 26.96934310
0.80895268 4.11739409 24.92548974
1.66765634 4.14734739 23.15863349
2.33538660 4.36196703 21.62544440
2.91197450 4.78341251 20.31002361
3.48013466 5.42280043 19.21828655
4.09592395 6.29635536 18.38077898
4.81392938 7.41264981 17.84647662
5.66871399 8.78161142 17.69769314
6.68635517 10.37689846 18.04498131
7.87487533 12.11462622 19.01121009
9.20839950 13.81230255 20.75911373
10.60000572 15.16002853 23.33470977
11.88421218 15.72950084 26.59285619
12.83068787 15.13303947 30.09518640
13.19596645 13.28411458 33.13287200
12.85059408 10.49023686 35.07640528
11.82549997 7.46128515 35.59124666
10.32463845 4.85266576 34.83129401
8.63611198 3.00135631 33.21425609
7.01495134 1.93443166 31.19960799
5.62596958 1.48205647 29.09645621
4.53758489 1.42240961 27.06709503
3.75088151 1.60898208 25.16388120
3.23730208 1.94294616 23.40606905
2.95734144 2.37817046 21.79762436
2.87917636 2.90129795 20.34203346
2.96831987 3.53134375 19.04790878
3.21377036 4.29575124 17.93092523
3.61877514 5.22916560 17.01950588
4.18770904 6.37708080 16.36262339
4.94026293 7.78016366 16.03476187
5.89979055 9.46162726 16.14782701
7.08022744 11.38988801 16.85733083
8.47324489 13.45166664 18.34313376
10.03273533 15.36667014 20.80575640
11.61688600 16.67794871 24.24834012
12.98156497 16.79571561 28.39102856
13.80335687 15.32647105 32.45376467
13.82092449 12.38546838 35.51739611
12.95202222 8.69988482 36.87738890
11.37143636 5.27668937 36.51936252
9.41999953 2.72345028 34.90052675
7.45458447 1.18722809 32.67436667
5.71942651 0.47746447 30.30317521
4.32670471 0.28629414 28.02394788
3.28870995 0.39116448 25.90435901
2.56923678 0.64133913 23.95500956
2.11219033 0.96021708 22.16626860
1.86118628 1.31964142 20.52656865
1.77341738 1.72043892 19.02745761
1.82253816 2.17900334 17.66512546
1.98713656 2.72956237 16.44120802
2.26876509 3.40797136 15.36457376
2.67625464 4.26146261 14.45589855
3.22913419 5.34532249 13.75287185
3.95819861 6.72244210 13.31804971
4.90086910 8.44707928 13.26109105
6.09672834 10.54772439 13.74480520
7.57913039 12.99600815 15.01444079
9.33468185 15.57647021 17.35253241
11.27111064 17.83086296 21.00515281
13.15382885 18.93025454 25.93003908
14.58783663 18.05778681 31.44391269
15.10842605 14.87543270 36.18395158
14.43460276 10.31355287 38.81255436
12.70371824 5.57229144 38.94269313
10.32928088 1.92614842 37.15298082
7.82580724 -0.24761832 34.47770383
5.57632460 -1.24991035 31.67051468
3.75735034 -1.53701904 29.04531750
2.38765839 -1.48462129 26.67844223
1.40627456 -1.31300191 24.55169400
0.72515357 -1.14056354 22.62707830
0.26008532 -1.02082855 20.87276754
-0.06371647 -0.97113917 19.26546852
-0.30053355 -0.99611885 17.78964622
-0.49278429 -1.09598987 16.43396701
-0.67169123 -1.27418284 15.19038195
-0.86197546 -1.53992229 14.05355350
-1.08546054 -1.91030959 13.02143021
-1.36463294 -2.41132181 12.09635771
-1.72253416 -3.08251461 11.28821091
-2.19139855 -3.97312417 10.61949108
-2.80754350 -5.15254999 10.13024618
-3.61618289 -6.70402313 9.89781321
-4.67603896 -8.70020980 10.05639227
-6.04846557 -11.20170230 10.82621555
-7.79473410 -14.23671623 12.53644223
-9.90290002 -17.48974063 15.60231246
-12.26475978 -20.26569032 20.47001686
-14.53546731 -21.34106208 27.04067631
-16.12241682 -19.45778089 34.15196678
-16.37307604 -14.50198956 39.61748070
-15.02200695 -8.17793703 41.75165507
-12.43317136 -2.45817911 40.62464652
-9.29862538 1.23714605 37.62672898
-6.28882646 3.04055493 34.23701983
-3.77096048 3.64417303 31.11865420
-1.83602109 3.69038257 28.43413450
-0.41927202 3.56479420 26.13453713
0.60009862 3.47449641 24.13730965
1.34595358 3.51442903 22.38212533
1.93344305 3.72512695 20.83324763
2.44765916 4.12696522 19.48019611
2.96094297 4.73464508 18.32790892
3.52957660 5.56835580 17.39999619
4.19857819 6.65443317 16.74280528
5.01472666 8.01062307 16.42761712
6.00906712 9.65159662 16.56809986
7.20268088 11.53137138 17.31408196
8.59056481 13.51964602 18.82828911
10.11987934 15.32064159 21.29589060
11.65205782 16.48634501 24.70199091
12.93920780 16.46496018 28.71332785
13.67915678 14.91761622 32.58550575
13.62503460 12.04815850 35.40869118
12.73542815 8.50656389 36.61213201
11.18257127 5.23469547 36.16961085
9.28917917 2.81428571 34.55018468
7.39532887 1.36945075 32.38274848
5.72907512 0.70771911 30.07388351
4.39736859 0.54112402 27.84752452
3.40916008 0.65890227 25.77099911
2.72981395 0.92479720 23.85829708
2.30559607 1.26847677 22.10241735
2.09110606 1.66228281 20.49509680
2.04039181 2.11334278 19.03103011
2.12856076 2.64291436 17.71001577
2.34741197 3.28131790 16.53863262
2.69335490 4.07404657 15.53368782
3.18165577 5.06966697 14.72517774
3.83578919 6.32300685 14.16778213
4.68389311 7.87403515 13.94921520
5.76772983 9.78638651 14.20990905
7.11613171 12.05933472 15.14657226
8.72348799 14.51537405 17.00532986
10.54126044 16.80004690 20.05958012
12.38849444 18.27161130 24.36515987
13.93992582 18.13359836 29.49111013
14.77241391 15.85079071 34.36866325
14.53880240 11.93598223 37.63837644
13.23560686 7.37698384 38.62748139
11.15891153 3.45152888 37.54679536
8.77647139 0.84010529 35.19989100
6.51216827 -0.51883077 32.51471732
4.60618226 -1.02998079 29.88440598
3.13178499 -1.08200879 27.46773932
2.05766840 -0.93076350 25.28064945
1.31046490 -0.72379896 23.29708511
0.81073374 -0.53152743 21.48712133
0.48434239 -0.37896591 19.82675034
0.27661573 -0.27033546 18.29899189
0.14507130 -0.19939948 16.89070145
0.06209034 -0.15908188 15.59159138
0.00753091 -0.14186970 14.39270789
-0.03097627 -0.14314717 13.28619494
-0.06203050 -0.16012697 12.26490650
-0.09150950 -0.19223760 11.32232312
-0.12383374 -0.24096493 10.45249096
-0.16309682 -0.30968205 9.64999892
-0.21330428 -0.40423878 8.90999782
-0.27945884 -0.53317919 8.22828743
-0.36806742 -0.70846470 7.60144889
-0.48711084 -0.94756445 7.02713952
-0.64860185 -1.27411259 6.50502882
-0.86910365 -1.72004617 6.03803215
-1.16872642 -2.33198957 5.63231933
-1.57815966 -3.17318828 5.30741248
-2.14041359 -4.32117005 5.10286746
-2.91053888 -5.88501076 5.08571009
-3.95940940 -8.01820801 5.36991946
-5.37494653 -10.83583000 6.21369444
-7.25505853 -14.39297680 8.02740907
-9.66259267 -18.53723653 11.44385685
-12.52252129 -22.50555915 17.17086330
-15.46265975 -24.63247080 25.50086590
-17.68124381 -22.68519928 35.08065528
-18.16383300 -15.96323416 42.60465356
-16.41197297 -7.34584586 45.28395497
-12.98782465 0.09095265 43.30901047
-8.94035550 4.43471067 39.19938154
-5.18838867 6.22183462 35.09200768
-2.15896681 6.63044623 31.72711657
0.10963042 6.51418090 29.10590978
1.74432064 6.32969534 27.04988255
2.92374301 6.27327323 25.39916990
3.80382560 6.41760437 24.06703524
4.52741617 6.78255749 23.00995687
5.18582039 7.35964624 22.23223477
5.84825733 8.12719333 21.75604417
6.56306782 9.04869978 21.61900640
7.34422244 10.07313340 21.87783134
8.19244976 11.10962931 22.57235581
9.07794327 12.03021906 23.72006494
9.93569247 12.65524020 25.29567597
10.67575070 12.81983718 27.16266422
11.19038963 12.38676733 29.07710090
11.38014246 11.38202403 30.72701365
11.19120745 9.98181015 31.84039523
10.65560010 8.37898417 32.28465340
9.85127121 6.85270053 32.06160992
8.89930620 5.61648174 31.26541894
7.92516374 4.76750963 30.08083996
7.03793372 4.30904328 28.73686634
6.30652312 4.17290722 27.33534659
5.76394534 4.29872907 25.96323669
5.42302628 4.61769585 24.68138258
5.27480141 5.09781319 23.52912295
5.31142951 5.72434663 22.54205023
5.52169172 6.49111938 21.75983197
5.89009867 7.39810905 21.22606885
6.41619662 8.43709053 20.99812614
7.09611785 9.57805632 21.14063816
7.90493537 10.75514290 21.71483600
8.79853250 11.86753899 22.77306474
9.71899282 12.74613133 24.31535948
10.57375077 13.17752389 26.25648951
11.24251741 13.00151717 28.38324157
11.59849246 12.11533066 30.36839082
11.55556515 10.70168740 31.85920982
11.10248834 9.03765919 32.63270069
10.32470881 7.31654847 32.64880609
9.33313601 5.82808275 32.00992187
8.26940950 4.74862469 30.85602514
7.26141067 4.11059596 29.41431946
6.40324675 3.85019564 27.92696527
5.74034346 3.88127238 26.44971948
5.28784685 4.13730786 25.04890664
5.04296523 4.56429416 23.76756958
4.99202137 5.14233245 22.63911164
5.12724354 5.86185480 21.69742350
5.43512200 6.72621605 20.98465385
5.90209279 7.74058652 20.55044583
6.53167867 8.89396052 20.46140222
7.31550990 10.14603732 20.79102833
8.22442221 11.41220038 21.61003279
9.21049416 12.56124644 22.96606823
10.19659945 13.36644079 24.84186450
11.06743738 13.60365921 27.09378851
11.67708884 13.09514781 29.42488731
11.89634112 11.83296676 31.42960524
11.65254912 10.12331823 32.74274571
10.98528357 8.21717196 33.20876833
10.01045227 6.39111717 32.87515093
8.86846289 4.96349057 31.87638017
7.71967009 4.02770478 30.43971355
6.69006827 3.55191635 28.86698973
5.85433252 3.43168827 27.27152558
5.24024918 3.58014826 25.72991514
4.85184801 3.92096419 24.29362768
4.67342601 4.41864967 22.99499253
4.69230918 5.05806250 21.86314821
4.89234339 5.84236405 20.93245489
5.25986997 6.78317906 20.24517044
5.80034122 7.88648114 19.85715283
6.51187584 9.13898536 19.83996532
7.37827603 10.50116189 20.28033161
8.37032490 11.88932670 21.25119897
9.44930225 13.10806429 22.84015620
10.52656860 13.92101978 25.01282742
11.45399641 14.07273752 27.56489296
12.05886032 13.33459850 30.13587663
12.19894792 11.80937612 32.23262543
11.81776874 9.76704058 33.48756929
10.98044422 7.55885832 33.76822584
9.82233703 5.63244062 33.14556747
8.53314514 4.21650831 31.85805624
7.28834118 3.36701225 30.25582214
6.21198343 2.98532809 28.53846297
5.36400661 2.95996396 26.83141324
4.76473036 3.16989191 25.21135607
4.39967122 3.55429513 23.71328864
4.25004311 4.08193541 22.36284064
4.29322686 4.74702754 21.18494715
4.51453333 5.55989787 20.20912371
4.91542317 6.53285950 19.47448774
5.49142131 7.68135356 19.04052288
6.23518394 9.01253015 18.98408985
7.15366776 10.49325065 19.40890832
8.23074277 12.03066970 20.42315545
9.41335991 13.44107424 22.10289593
10.60792533 14.45763682 24.44999795
11.66005131 14.72549453 27.28264829
12.38189292 14.00970034 30.20820129
12.59286735 12.27598076 32.65695040
12.20427254 9.95280751 34.14877866
11.27553683 7.50118959 34.49104985
9.98782224 5.32019517 33.80258398
8.55101026 3.75001703 32.38866293
7.16802639 2.82236029 30.61099573
5.97695966 2.40818568 28.74475837
5.03867869 2.36694112 26.90738218
4.36904328 2.56977765 25.16969992
3.94895341 2.93907740 23.56156030
3.75320575 3.43820528 22.10106776
3.75303272 4.06179014 20.80575944
3.92791902 4.82480951 19.69775886
4.28202887 5.74363843 18.80618902
4.81362818 6.84529207 18.18207952
5.51544211 8.16154647 17.89885781
6.40448603 9.68851954 18.05597351
7.48436769 11.37714911 18.78106114
8.72756905 13.08709990 20.20218829
10.06738132 14.57653747 22.40945066
11.37181892 15.44720002 25.36005179
12.43859705 15.31741855 28.74174893
13.03183148 13.92980654 31.96405603
12.96014402 11.57937827 34.30356135
12.20784268 8.72586097 35.34977806
10.91696389 5.96270898 35.08840835
9.32775270 3.82549856 33.78317492
7.70170968 2.47439420 31.91069810
6.24374934 1.79797961 29.87709767
5.05548780 1.60479461 27.84897531
4.17014377 1.70970047 25.92439007
3.56787859 1.99616983 24.13483361
3.21419913 2.40393083 22.49194747
3.06989228 2.91235580 21.00185689
3.10907012 3.52508990 19.67224400
3.31685872 4.26312153 18.51868999
3.68079543 5.16575996 17.56920439
4.21106324 6.27073973 16.86719187
4.92292245 7.61353037 16.48257617
5.82919133 9.20941162 16.51295892
6.94977936 11.04861773 17.11039806
8.28717014 13.04403899 18.45721175
9.78429815 14.93514236 20.68999234
11.32181180 16.29635008 23.88017397
12.67812152 16.58540606 27.77818033
13.56129690 15.38151081 31.74592386
13.69997672 12.70513106 34.87889809
12.98751351 9.28904779 36.47794551
11.55998129 5.97803709 36.40672847
9.73257741 3.33750735 35.02455870
7.82941915 1.67819617 32.93027264
6.10775370 0.84572749 30.63672311
4.69743084 0.57664525 28.38566494
3.63252727 0.64024903 26.27391015
2.88630087 0.87777385 24.32326425
2.40936229 1.20578711 22.53131179
2.14762279 1.59128946 20.88987873
2.06214842 2.03052507 19.39285324
2.12276988 2.54186743 18.03901515
2.31192762 3.15800257 16.83354554
2.63152394 3.91638627 15.79031167
3.08927783 4.86660747 14.93784777
3.70702344 6.06397648 14.32341579
4.51502098 7.56361023 14.02736182
5.54752358 9.40395707 14.17778622
6.83680507 11.58378863 14.96149343
8.39409949 13.99850166 16.62785610
10.17032511 16.33952175 19.42343967
12.01669186 18.02789600 23.46152279
13.64649608 18.24101076 28.44678579
14.64292194 16.39001513 33.43331973
14.63512531 12.68438242 37.07499349
13.54158763 8.47185748 38.54613331
11.65225392 4.42523298 37.91889916
9.35191040 1.49635497 35.86464205
7.06855016 -0.14513500 33.23508427
5.08723990 -0.84793750 30.58458360
3.52028615 -0.99595501 28.11703696
2.36139632 -0.88455232 25.87517788
1.54689094 -0.68236944 23.84183249
0.99735622 -0.47570786 21.98774075
0.64067037 -0.29971068 20.28828489
0.41635448 -0.16105786 18.72499035
0.28199215 -0.05560612 17.28432612
0.20607181 0.02656817 15.95534192
0.16903645 0.09488255 14.72895847
0.15849095 0.15827291 13.59713182
0.16730325 0.22494273 12.55262463
0.19252752 0.30245402 11.58889146
0.23362922 0.39921861 10.70003879
0.29291449 0.52454210 9.88086866
0.37458245 0.69066063 9.12704742
0.48536348 0.91320971 8.43519217
0.63512470 1.21381848 7.80373627
0.83851258 1.62094570 7.23444780
1.11483413 2.17337472 6.73225189
1.48694255 2.92935657 6.30774138
1.99225434 3.96316846 5.99375107
2.68341665 5.36274391 5.84830283
3.62274142 7.22963878 5.98220586
4.89161659 9.75078571 6.55384840
6.57260344 12.99127039 7.90231858
8.74206844 16.84342461 10.57801074
11.38934575 20.84487990 15.26024369
14.28080492 23.72145712 22.44663613
16.79080620 23.47156192 31.51591208
17.96536552 18.71268315 39.83837230
17.09170012 10.58376598 44.29058724
14.28323799 2.61969134 43.93517295
10.46051771 -2.74339785 40.50419484
6.63965489 -5.29729267 36.35718882
3.41009422 -6.11360319 32.73850666
0.92691471 -6.15035685 29.85043744
-0.88623060 -5.97934903 27.56179109
-2.18737808 -5.86933062 25.71100244
-3.14813860 -5.94289749 24.19086291
-3.90967165 -6.23411263 22.95199330
-4.57258525 -6.74937766 21.98594445
-5.23206801 -7.47493033 21.30019829
-5.93441557 -8.39452491 20.94050680
-6.71427161 -9.47010472 20.96073657
-7.58693981 -10.63440177 21.42088890
-8.53462017 -11.77938533 22.38865215
-9.51111927 -12.73860532 23.87171904
-10.43789345 -13.30550950 25.80210560
-11.18911535 -13.26552088 27.97586596
-11.63944970 -12.51359961 30.08781534
-11.68733796 -11.10446610 31.76790507
-11.30066866 -9.31649783 32.72772752
-10.53571124 -7.50714165 32.88156803
-9.52463826 -5.92028786 32.29633837
-8.41983322 -4.74046363 31.18552738
-7.35922246 -4.02324953 29.76050754
-6.44378399 -3.70377961 28.22490506
-5.72645267 -3.68901807 26.69680391
-5.22323622 -3.90989444 25.23889003
-4.93302096 -4.31033338 23.89675656
-4.84016580 -4.86377417 22.70314784
-4.93756995 -5.55912101 21.68865397
-5.21411335 -6.39793808 20.89246387
-5.65308725 -7.39273025 20.36360501
-6.25475912 -8.53881303 20.16381203
-7.01896246 -9.80970427 20.37128908
-7.92456489 -11.13301929 21.06324413
-8.92981684 -12.38904219 22.30575248
-9.96622438 -13.36858992 24.11050728
-10.92438554 -13.81825145 26.37702937
-11.65652314 -13.53236385 28.83701454
-12.01503788 -12.40363321 31.08454044
-11.89661268 -10.70715307 32.68686039
-11.30870590 -8.73203576 33.41410261
-10.36246465 -6.74834361 33.26930804
-9.19585190 -5.13522456 32.37900088
-7.98362312 -4.03256704 30.96749959
-6.86883589 -3.43261058 29.35897209
-5.94380068 -3.22671225 27.70896334
-5.24496703 -3.31629147 26.10011765
-4.78086316 -3.61289901 24.59031822
-4.53570808 -4.07040106 23.21221871
-4.49429875 -4.66915696 21.99281502
-4.63870107 -5.41000470 20.96265308
-4.95340132 -6.30645018 20.15969188
-5.44378917 -7.36921089 19.63320256
-6.11021695 -8.59623504 19.45083749
-6.94067927 -9.96794938 19.70006073
-7.91666179 -11.41986404 20.46660001
-9.01404201 -12.79739399 21.86248066
-10.15683548 -13.87719515 23.89807686
-11.20906616 -14.37035658 26.44246985
-12.00409899 -13.99757769 29.20086295
-12.36229773 -12.71274167 31.65969364
-12.18496145 -10.68796406 33.37742375
-11.47624383 -8.33639299 34.06763350
-10.35990729 -6.15648127 33.73386671
-9.02743330 -4.46663731 32.60839590
-7.68597529 -3.37546250 31.03881226
-6.48390251 -2.82781859 29.26939381
-5.50945158 -2.70241693 27.47474087
-4.79476646 -2.83245769 25.76776634
-4.32624616 -3.15536198 24.17611235
-4.08410730 -3.62603990 22.72545845
-4.04254095 -4.23019888 21.43638798
-4.18773214 -4.97121774 20.33175819
-4.51198411 -5.86439722 19.44514146
-5.00484867 -6.93709591 18.82610480
-5.67330198 -8.20429044 18.54276207
-6.52442653 -9.65813988 18.68765677
-7.55055241 -11.24299626 19.37253189
-8.72276120 -12.83803478 20.70516760
-9.98137986 -14.19110550 22.78013343
-11.20120918 -14.98127873 25.52099590
-12.19134077 -14.84881124 28.64022832
-12.73970132 -13.62141884 31.59145036
-12.68418424 -11.46616333 33.76966700
-12.00633100 -8.79679243 34.79455771
-10.81948175 -6.24132028 34.59858215
-9.34510693 -4.22725890 33.43730439
-7.82706643 -2.92206068 31.73829706
-6.45233526 -2.24740088 29.81655528
-5.32581873 -2.05345301 27.87160865
-4.48511079 -2.14519371 26.02043527
-3.91399255 -2.43245954 24.29325537
-3.58532203 -2.85692122 22.70882975
-3.46569700 -3.39796751 21.27890857
-3.53505741 -4.05695361 20.01693959
-3.77812468 -4.85469242 18.94557105
-4.18458485 -5.82624548 18.10052149
-4.76540911 -7.00191276 17.53451064
-5.53162316 -8.40350090 17.32809689
-6.48739974 -10.02377798 17.58267631
-7.64236123 -11.81353863 18.45822828
-8.97748552 -13.62567885 20.11109859
-10.40454795 -15.15454601 22.60179177
-11.76796690 -15.95373544 25.87687306
-12.83159888 -15.58780375 29.52176425
-13.33790117 -13.87033197 32.84350786
-13.11069115 -11.05836654 35.10382407
-12.15162782 -7.90120597 35.89198300
-10.65214951 -5.10737238 35.29840243
-8.91589684 -3.05033937 33.72271064
-7.21372131 -1.83618381 31.67411107
-5.73409158 -1.28659026 29.51598699
-4.55870058 -1.17373863 27.42365727
-3.69738736 -1.32710528 25.46129245
-3.12102160 -1.63228039 23.64703743
-2.78829940 -2.03376722 21.98317916
-2.65726435 -2.51574960 20.47015866
-2.69389534 -3.09082082 19.11169809
-2.88879591 -3.77959617 17.91734702
-3.23311391 -4.62218605 16.90911085
-3.72996749 -5.66617987 16.12439889
-4.40178760 -6.95583668 15.62246311
-5.27144457 -8.52753886 15.49936267
-6.35881186 -10.38290100 15.88675695
-7.68648053 -12.48557851 16.99046851
-9.22794714 -14.63919774 19.00425073
-10.88832181 -16.44388462 22.07051773
-12.47470875 -17.32195651 26.10874174
-13.67717033 -16.65130495 30.56938319
-14.15777579 -14.21702230 34.48932697
-13.70130971 -10.59584710 36.87629021
-12.36571538 -6.81972153 37.35493295
-10.46885259 -3.61243177 36.18924821
-8.38127948 -1.50220729 34.06206352
-6.42978851 -0.39252734 31.62583533
-4.79634335 0.02384023 29.21718027
-3.53899569 0.03620602 26.96517545
-2.63464078 -0.14920870 24.89560829
-2.02628644 -0.41945134 22.99986296
-1.64973985 -0.72259860 21.26122117
-1.45367126 -1.04317447 19.66575050
-1.39350861 -1.39169974 18.20333687
-1.44580801 -1.78755857 16.86846523
-1.59704305 -2.26055583 15.65996669
-1.84569453 -2.84762493 14.58223851
-2.20315786 -3.59185127 13.64829172
-2.68828484 -4.54679083 12.88609823
-3.33157262 -5.77796795 12.34161779
-4.17150876 -7.35528838 12.09968768
-5.25558042 -9.33394574 12.30154236
-6.62784294 -11.72919361 13.15779072
-8.32255796 -14.47662406 14.98203401
-10.29606413 -17.22223451 18.09377789
-12.39610930 -19.28807685 22.72272875
-14.27573405 -19.62981673 28.54960082
-15.43016023 -17.43674404 34.42727675
-15.38409926 -12.94651262 38.62667274
-14.02328578 -7.69479074 40.07867918
-11.71290812 -2.99899339 38.96525198
-8.99919861 0.08079138 36.34787046
-6.40555295 1.64866355 33.34524466
-4.22471279 2.21428863 30.48100385
-2.54115012 2.27482308 27.92001732
-1.30847761 2.14452090 25.65225249
-0.43358581 2.00117147 23.62960361
0.18526202 1.92822496 21.80709763
0.63917267 1.96111798 20.15425800
0.99970788 2.11474247 18.65334638
1.32466960 2.39853413 17.29491923
1.65785883 2.82752743 16.07751306
2.03823065 3.42459939 15.00778666
2.50213803 4.22415683 14.10350443
3.08439593 5.27501087 13.40094819
3.82979718 6.62790524 12.96311468
4.78207716 8.34820004 12.89396538
5.98456285 10.46992227 13.36122901
7.47426709 12.94831309 14.60071319
9.25073821 15.59578641 16.93140938
11.23416551 17.94704947 20.62852275
13.18125884 19.19108660 25.64833347
14.68574493 18.40867257 31.32800364
15.26392569 15.23980938 36.25538974
14.61910353 10.39275398 39.03913050
12.84564972 5.50576954 39.24339252
10.39671250 1.75204092 37.44203575
7.81942620 -0.49243080 34.70228262
5.50570087 -1.51679313 31.82816307
3.63384156 -1.81338807 29.15942430
2.22433365 -1.76260217 26.76787785
1.21195634 -1.59917649 24.62747080
0.50585771 -1.44761756 22.69706572
0.01263363 -1.36217420 20.94216551
-0.34165848 -1.36402523 19.33901203
-0.61769146 -1.45942133 17.87189171
-0.85998842 -1.65384500 16.53111465
-1.10462570 -1.95623314 15.31120928
-1.38029972 -2.38490915 14.21170750
-1.71673299 -2.96629460 13.23819802
-2.14098100 -3.74263740 12.40636689
-2.68938123 -4.76506489 11.74850114
-3.40298933 -6.10126107 11.32106336
-4.32739005 -7.83000063 11.22381051
-5.51912561 -10.00445904 11.62432859
-7.02628005 -12.62506486 12.77514039
-8.88129744 -15.58575535 15.04522080
-11.01344102 -18.41256359 18.77610177
-13.21325469 -20.23817489 24.15066361
-15.04096927 -19.87302523 30.57211251
-15.92056103 -16.62810589 36.51223616
-15.40865332 -11.27979662 40.10500276
-13.55195596 -5.67529795 40.61120995
-10.86600759 -1.22790967 38.67262015
-7.97675958 1.37618918 35.63234129
-5.36986269 2.54009992 32.50640308
-3.26392372 2.86130394 29.67185011
-1.67839647 2.81496753 27.19116656
-0.53229032 2.67643184 25.01544905
0.28625237 2.58942121 23.08462869
0.88345568 2.61846271 21.35529262
1.35376377 2.79038852 19.80118754
1.76702493 3.12137989 18.41223547
2.18320650 3.62601180 17.18860373
2.64819755 4.32896042 16.14363521
3.20482388 5.26327079 15.30666508
3.89725129 6.46800018 14.72905245
4.76281376 7.99108990 14.49778887
5.84356323 9.85056034 14.74497982
7.16856665 12.01492846 15.65789655
8.74681898 14.36330450 17.49952638
10.50714866 16.53098296 20.45986133
12.28185843 17.90880754 24.59412400
13.75534314 17.74039088 29.45784959
14.53979323 15.58653656 34.07661655
14.32086210 11.75605180 37.20246197
13.07115261 7.50534291 38.21354243
11.09601442 3.78357641 37.24689331
8.82710317 1.24044975 35.07443251
6.65441243 -0.12066607 32.47599165
4.81100905 -0.66258088 29.90758372
3.37557988 -0.73217137 27.52444970
2.32810525 -0.58410237 25.35359114
1.60317156 -0.36083443 23.37744627
1.12539237 -0.13173687 21.57039233
0.82878072 0.07804391 19.91121423
0.66031106 0.26782142 18.38401927
0.58315884 0.44743346 16.97693670
0.57280827 0.63207305 15.68060879
0.61569677 0.83899258 14.48755755
0.70621936 1.08782120 13.39196648
0.84624352 1.40091003 12.39008096
1.04280472 1.80653025 11.48107319
1.31005955 2.33940644 10.66826953
1.66888588 3.04530018 9.96370569
2.15013568 3.97962982 9.39334601
2.78832282 5.22874691 8.99440647
3.63301882 6.88295467 8.85773821
4.75232673 9.02777103 9.13724226
6.21157036 11.71826327 10.07327014
8.07568318 14.96363498 12.05510052
10.33022153 18.40537170 15.55454326
12.83037909 21.21756031 21.02527702
15.16638075 21.96214272 28.25268198
16.65833973 19.31358116 35.75196371
16.61541878 13.55204938 41.01654074
14.87738269 6.71693749 42.50036873
11.94014974 1.00859524 40.68646850
8.59508631 -2.39418500 37.29647501
5.50935067 -3.90062792 33.77654396
2.99920322 -4.31899688 30.67965008
1.10194639 -4.28130994 28.07225622
-0.27570020 -4.15054873 25.86918895
-1.27210895 -4.10546882 23.97562795
-2.01697121 -4.22597829 22.33263235
-2.62962505 -4.54354452 20.90977959
-3.19210503 -5.07563469 19.70672526
-3.77866044 -5.83223855 18.73917536
-4.44170124 -6.82922432 18.04778151
-5.22324377 -8.07755535 17.69879366
-6.16127211 -9.56507608 17.78323597
-7.27070842 -11.25272172 18.43578310
-8.54029853 -13.00665162 19.79173085
-9.91890335 -14.58427789 21.95301355
-11.28005643 -15.58593592 24.90610429
-12.42572533 -15.59381744 28.37140778
-13.10800679 -14.30059830 31.75918965
-13.11857477 -11.94144694 34.30889550
-12.41073348 -9.04300346 35.53093904
-11.13110891 -6.14470023 35.38455324
-9.51330821 -3.86766081 34.12724837
-7.83470966 -2.40645360 32.22131916
-6.31474400 -1.66217442 30.14886101
-5.06708512 -1.42678588 28.07647961
-4.12907923 -1.50904335 26.10881229
-3.48289999 -1.77720895 24.27891225
-3.09179112 -2.16485309 22.59671639
-2.91423049 -2.64658593 21.06610703
-2.92002857 -3.22453618 19.69192247
-3.09281051 -3.91770735 18.48584854
-3.41817306 -4.76497385 17.47087010
-3.90397266 -5.80587876 16.68389276
-4.56570055 -7.08079244 16.18597785
-5.41905330 -8.61682827 16.06712158
-6.48861736 -10.42549381 16.46694332
-7.78558320 -12.45338401 17.56447228
-9.27405571 -14.48720602 19.53010800
-10.86489839 -16.15780383 22.49980914
-12.36338882 -16.90799707 26.35068789
-13.48380592 -16.21065565 30.56469288
-13.91259150 -13.87292895 34.22802876
-13.45831053 -10.51076055 36.45288681
-12.19297446 -6.92202660 36.88933964
-10.39308655 -3.88572138 35.80216529
-8.40976762 -1.86386407 33.77954042
-6.54912526 -0.78011948 31.45240908
-4.98548889 -0.36637010 29.12150959
-3.77997840 -0.35165744 26.92502571
-2.91428625 -0.54389553 24.89613637
-2.33850479 -0.83694440 23.03309842
-1.99432957 -1.18206005 21.32437803
-1.83602892 -1.56586754 19.76009676
-1.82396462 -2.00158773 18.33436200
-1.93749553 -2.51388654 17.04650098
-2.16958180 -3.13684029 15.90245418
-2.52199000 -3.91565871 14.91775847
-3.01231218 -4.90050727 14.12105646
-3.66555071 -6.14913827 13.56606496
-4.51506356 -7.70756547 13.34106625
-5.60489192 -9.65856724 13.58203312
-6.96447710 -11.98696960 14.49263982
-8.60309488 -14.53473226 16.34870017
-10.47812679 -16.97351051 19.44077339
-12.41228420 -18.61887163 23.87905990
-14.07076450 -18.61611175 29.25357394
-15.00076019 -16.35810323 34.44325322
-14.81733937 -12.30317475 37.95290285
-13.50025249 -7.45596549 39.08366090
-11.34244222 -3.28585966 37.98316782
-8.84590626 -0.52684066 35.56263045
-6.47196071 0.89540935 32.77269062
-4.47664929 1.42198641 30.06409795
-2.93372703 1.47624420 27.59712446
-1.80788529 1.33255017 25.38014488
-1.01845595 1.14739400 23.37898276
-0.47996098 0.99634029 21.55913123
-0.11070617 0.90730228 19.89381134
0.14877556 0.88864909 18.36507428
0.34615681 0.93991106 16.95972632
0.51497180 1.06221147 15.66830235
0.68213601 1.25984890 14.48368699
0.86835830 1.54484297 13.40144175
1.09471579 1.93579840 12.42020388
1.38079785 2.46340546 11.54352803
1.75312869 3.16754568 10.78319222
2.24223697 4.10431471 10.16266010
2.88558107 5.34749286 9.72891055
3.73524974 6.97480959 9.56892344
4.85127388 9.07306505 9.82852930
6.29918934 11.73507046 10.73940139
8.12113828 14.86795862 12.66818002
10.31529468 18.15434476 16.08924404
12.73097029 20.78081967 21.38971266
14.97242867 21.45601457 28.31149911
16.39293352 18.95249930 35.44595346
16.35406239 13.48770095 40.46473358
14.70328139 6.84882227 41.93946230
11.88157909 1.37708930 40.27576594
8.65966971 -1.94805275 37.06345126
5.67595502 -3.43238200 33.63004707
3.24254261 -3.86382521 30.57326020
1.39766868 -3.84340117 27.96955192
0.05633858 -3.71350145 25.74451239
-0.90976103 -3.65107853 23.81368131
-1.62773908 -3.73812778 22.11991982
-2.20809982 -4.00752256 20.63415852
-2.73255005 -4.47827905 19.35089686
-3.27457964 -5.16292498 18.27989420
-3.88312322 -6.08495547 17.45448880
-4.60822806 -7.26209456 16.92836463
-5.48864020 -8.71112923 16.78814501
-6.54987339 -10.42110682 17.15908489
-7.80410012 -12.31188167 18.18559407
-9.22455417 -14.19351243 20.04059835
-10.73492887 -15.71194102 22.84909718
-12.15214195 -16.40118308 26.44735541
-13.20350772 -15.74234801 30.36407478
-13.60692399 -13.66315421 33.75085666
-13.20567958 -10.55143415 35.85319942
-12.04996404 -7.16111342 36.33385526
-10.37806362 -4.29465757 35.37714263
-8.51390490 -2.33716683 33.52954681
-6.75033046 -1.25788985 31.33491751
-5.25744142 -0.84281728 29.09120019
-4.10341328 -0.81558469 26.96129753
-3.27384948 -1.00903762 24.98264126
-2.72773317 -1.32404088 23.16118661
-2.41427272 -1.71367064 21.49177421
-2.29385157 -2.16549494 19.96996819
-2.33085102 -2.69516309 18.59570334
-2.50862615 -3.33051161 17.37518235
-2.82499153 -4.10860762 16.32413554
-3.28466602 -5.07815302 15.47296207
-3.90882155 -6.29103700 14.87092714
-4.72450759 -7.79573156 14.60232782
-5.75986781 -9.61900269 14.79143201
-7.04621682 -11.75737969 15.63115204
-8.58560038 -14.08822809 17.35238061
-10.31517428 -16.26924878 20.16633003
-12.08174803 -17.74478151 24.14990476
-13.58871466 -17.75309448 28.93135645
-14.45320942 -15.81069082 33.58854425
-14.34796232 -12.20215672 36.89056218
-13.21361512 -8.03913510 38.11434652
-11.32966707 -4.21701483 37.34625770
-9.09678286 -1.55042925 35.28074291
-6.91793946 -0.07486362 32.72968014
-5.04569941 0.54076424 30.16517539
-3.57524336 0.65167436 27.76968608
-2.49440303 0.51859630 25.58252669
-1.74289787 0.29460360 23.59066316
-1.24763492 0.05531729 21.76932318
-0.94097249 -0.17125823 20.09733994
-0.77071907 -0.38255767 18.55895115
-0.69803746 -0.58956479 17.14224825
-0.69942210 -0.80804583 15.83827059
-0.76057886 -1.05832970 14.64010406
-0.87778159 -1.36245710 13.54296098
-1.05385611 -1.74764764 12.54492203
-1.29868467 -2.24715134 11.64791175
-1.62989146 -2.90284654 10.86056336
-2.07331149 -3.76689372 10.20483815
-2.66441912 -4.90766591 9.71753808
-3.44382932 -6.42209500 9.46223837
-4.46832224 -8.39300781 9.57421773
-5.80885932 -10.88057951 10.26315841
-7.52047515 -13.88628477 11.85599603
-9.62637871 -17.21766799 14.80667672
-12.01657169 -20.19819489 19.53382587
-14.38226857 -21.64435909 26.09416139
-16.13643440 -20.14445223 33.43952479
-16.58782844 -15.28643266 39.38387579
-15.37789173 -8.85451272 42.01826077
-12.83142924 -2.84474389 41.16435080
-9.64762820 1.17771678 38.21069628
-6.53283386 3.18367144 34.74334212
-3.89904151 3.88298720 31.53937160
-1.86453323 3.96023185 28.79438017
-0.36934791 3.83746710 26.45915381
0.70721896 3.74468091 24.44676404
1.49639356 3.78456078 22.68936398
2.11418607 4.00269373 21.14914322
2.65653468 4.41812224 19.81291499
3.19264180 5.04770836 18.68919108
3.78634271 5.90546886 17.80222160
4.48024538 7.01610761 17.20291991
5.31801287 8.39053280 16.96729198
6.33242082 10.02230732 17.20786569
7.53528613 11.85786354 18.07751231
8.91033375 13.72877371 19.72904498
10.38617982 15.33650462 22.27029649
11.80895864 16.20359098 25.64798284
12.93744635 15.87306607 29.46303135
13.49670838 14.08770826 32.97712371
13.28185995 11.30488364 35.34656601
12.31866280 8.05443199 36.19611782
10.79191241 5.07493251 35.60385803
8.99750414 2.90609358 33.94816919
7.22857229 1.63460915 31.83310043
5.68862961 1.06067544 29.62701847
4.46526468 0.95032876 27.49072028
3.57004646 1.09790260 25.49292739
2.96703190 1.39341100 23.64799089
2.60976614 1.77744857 21.95580560
2.45323834 2.23315832 20.41291252
2.46840767 2.76643344 19.01970732
2.63000442 3.40631694 17.78327941
2.93385270 4.18836385 16.71936695
3.38703434 5.15645640 15.85825856
4.00363709 6.36018911 15.25178867
4.81137715 7.85146415 14.98024558
5.83782834 9.65518472 15.17026583
7.10457766 11.74542239 15.99768762
8.61119748 13.99552178 17.69034801
10.30303111 16.09066408 20.46176379
12.01654497 17.47982129 24.33497872
13.47015772 17.47541489 28.95351576
14.29336050 15.61477675 33.40734823
14.18781782 12.10843530 36.58545930
13.09475244 8.00548295 37.78142820
11.25703957 4.37648723 37.08771205
9.09344846 1.77752561 35.11918745
6.97821021 0.32716039 32.63332975
5.15647699 -0.29297361 30.11950902
3.71969881 -0.41033016 27.75579774
2.66379008 -0.27763728 25.58929952
1.93223243 -0.04330631 23.61072943
1.45524869 0.21891195 21.79940653
1.17103243 0.48162294 20.13648918
1.02794530 0.74510004 18.60754085
0.99200085 1.02220713 17.20246042
1.04130778 1.33411750 15.91421374
1.16615992 1.70675504 14.73880879
1.36741594 2.17086047 13.67616249
1.65316936 2.76545589 12.73195251
2.04206585 3.53708273 11.92007075
2.56105116 4.54418313 11.27137933
3.24872463 5.84844836 10.84359551
4.14968305 7.55591541 10.71960179
5.31488851 9.73287127 11.06490866
6.80346733 12.37941646 12.14225667
8.64823283 15.38835648 14.29779832
10.81083063 18.36117025 17.97454484
13.08551092 20.43791426 23.33898869
15.04789084 20.39495447 29.95702426
16.08389134 17.37617978 36.23223869
15.70842127 11.87624581 40.23409481
13.89442997 5.91838491 41.01627130
11.14456056 1.22436226 39.16399081
8.15155595 -1.58164175 36.07043527
5.43257311 -2.83678217 32.85266538
3.22737686 -3.19289382 29.95111941
1.56398121 -3.15542837 27.43333916
0.35869106 -3.02054087 25.24068973
-0.50449913 -2.94598298 23.30813473
-1.14210671 -2.99936891 21.58801233
-1.64757664 -3.21164490 20.05438446
-2.10225513 -3.59732782 18.69660927
-2.56316823 -4.17571814 17.52067686
-3.08496309 -4.96782690 16.54513239
-3.70861028 -6.00884907 15.80963338
-4.47741470 -7.33235446 15.38050833
-5.43359523 -8.96248282 15.36012088
-6.60674793 -10.90449486 15.90478894
-8.00898789 -13.06044620 17.21082522
-9.61042919 -15.20534305 19.48055160
-11.30363632 -16.86887262 22.86090931
-12.86052604 -17.44414413 27.14709755
-13.94487120 -16.33457863 31.67941384
-14.21273603 -13.54917456 35.34888051
-13.52177515 -9.68154523 37.30306414
-11.98955639 -5.82058476 37.29338736
-9.95970593 -2.82569493 35.76283729
-7.83610759 -0.98122442 33.48169823
-5.92063908 -0.08941348 30.99887920
-4.36202254 0.18758689 28.60265811
-3.18559107 0.12998801 26.38417063
-2.35328129 -0.08453088 24.35295947
-1.80202749 -0.35864417 22.49331908
-1.46695734 -0.65191265 20.78729453
-1.29741558 -0.95593133 19.22085175
-1.25244783 -1.28354799 17.78391313
-1.31002190 -1.65539108 16.47057504
-1.45848883 -2.10071911 15.27889930
-1.69736797 -2.65540686 14.21196942
-2.03834147 -3.36144214 13.28067153
-2.50056128 -4.27136861 12.50962646
-3.11419298 -5.45052324 11.93960394
-3.91789691 -6.97156664 11.64797013
-4.96092020 -8.89776092 11.76629538
-6.29133546 -11.25945508 12.49466837
-7.95376581 -14.03359181 14.14026682
-9.92339961 -16.91706913 17.04517094
-12.07693155 -19.28070912 21.51424347
-14.09663617 -20.07447867 27.37536466
-15.47568600 -18.32839725 33.59894863
-15.68004991 -13.99986760 38.38865551
-14.49710831 -8.56641825 40.38923886
-12.23797593 -3.47815827 39.59383246
-9.45875760 -0.02073267 37.03630890
-6.73630328 1.78892556 33.96302778
-4.41506468 2.47367714 31.00336048
-2.60760592 2.58118816 28.36564738
-1.27584713 2.46544289 26.04548022
-0.32524073 2.32885802 23.98975721
0.35188217 2.26784086 22.14777967
0.85353698 2.32457850 20.48570271
1.25774508 2.51735451 18.98492340
1.62743345 2.85827176 17.63721144
2.01157662 3.36436092 16.44424046
2.45209162 4.06175844 15.41864213
2.99063805 4.98554390 14.58721690
3.66354443 6.18589670 14.00044115
4.51650253 7.70695048 13.74182861
5.59343839 9.59099660 13.94465358
6.92822144 11.83702359 14.80746180
8.53139871 14.30508022 16.58588861
10.35411451 16.67355685 19.54021809
12.23949939 18.29646841 23.79442321
13.86791864 18.37592867 28.96032298
14.80845837 16.31465764 34.00423853
14.69074486 12.41685514 37.54048765
13.46077322 7.72523766 38.76555257
11.39660903 3.63763993 37.81262155
8.97794013 0.87843529 35.53429542
6.65542176 -0.58436530 32.81844747
4.68775491 -1.15169922 30.14626473
3.15640777 -1.22917005 27.69236191
2.03559666 -1.08986487 25.47695058
1.25110030 -0.89131911 23.47160448
0.72301836 -0.71156806 21.64473771
0.37037238 -0.57822051 19.97066641
0.13686562 -0.49836157 18.43153256
-0.02272965 -0.46833921 17.01372596
-0.13928906 -0.48382297 15.70681109
-0.23557635 -0.54174111 14.50200160
-0.32777615 -0.64302536 13.39184735
-0.42874728 -0.79295337 12.37004668
-0.55011254 -1.00196971 11.43163544
-0.70424068 -1.28625216 10.57333831
-0.90462701 -1.67053447 9.79458341
-1.17058521 -2.18733818 9.09937313
-1.52476615 -2.88341447 8.49762764
-1.99781779 -3.82212355 8.01349370
-2.63389161 -5.07888009 7.69571952
-3.48767937 -6.75338106 7.62787622
-4.62491189 -8.97576257 7.95117983
-6.12035777 -11.81011790 8.94129770
-8.04456238 -15.22400208 11.00873732
-10.40986727 -18.91188277 14.73448225
-13.06076878 -21.97063383 20.57841144
-15.55555287 -22.82555566 28.38828810
-17.13065483 -19.91569637 36.44754079
-17.03055021 -13.40277557 41.99302130
-15.06644853 -5.98547550 43.38009709
-11.84879321 -0.04937904 41.21071179
-8.27378397 3.36137045 37.51226870
-5.03275127 4.77930302 33.84005899
-2.42952024 5.11442853 30.71358803
-0.48130210 5.03324395 28.14803455
0.92879761 4.89679805 26.02015123
1.95323205 4.88250473 24.22584875
2.73164067 5.05822990 22.70186154
3.38174491 5.45076923 21.42134856
3.99817419 6.06721090 20.38670702
4.64287107 6.91345286 19.62848176
5.37324315 7.98247477 19.19323370
6.21989788 9.26312890 19.15930654
7.20015805 10.70385908 19.62102902
8.31008164 12.19861054 20.66833872
9.50615358 13.54525106 22.40090393
10.69366570 14.46487799 24.79234952
11.71687225 14.63081261 27.62912662
12.38776258 13.80986542 30.48820234
12.53149021 12.06767968 32.80078344
12.09269845 9.69258004 34.15560982
11.12990266 7.22299444 34.37036676
9.82207742 5.12464948 33.58310415
8.38885659 3.64504681 32.13347743
7.03159152 2.78606695 30.36823428
5.87386659 2.44465145 28.50050739
4.97904532 2.44909565 26.68089889
4.34975105 2.67434071 24.96988058
3.96524789 3.06290331 23.39051205
3.79871567 3.58209479 21.96168436
3.82539123 4.22825170 20.70046165
4.03488136 5.01141670 19.62978694
4.41495301 5.95924456 18.78654254
4.96519398 7.09993585 18.22350440
5.69821800 8.44998486 18.01624012
6.61859787 9.99676313 18.26830703
7.71739846 11.68147848 19.09603223
8.97285668 13.34710933 20.65231667
10.30861030 14.72316195 22.99785599
11.57130940 15.42790066 26.02192330
12.55349245 15.07334536 29.37842278
13.01689995 13.52838444 32.41037202
12.81960127 11.00649547 34.51397258
11.95558379 8.10712915 35.28881198
10.59191476 5.49044984 34.79891188
8.98683733 3.54331838 33.38721350
7.39850025 2.35179235 31.50258656
6.00325908 1.79878648 29.46181525
4.88906863 1.66870602 27.46270741
4.06903751 1.81326874 25.57182812
3.52379511 2.12837562 23.81909765
3.21532690 2.56152796 22.21385726
3.11655801 3.09249870 20.76194781
3.19890735 3.73156098 19.47439485
3.43863346 4.51144424 18.37031703
3.84178425 5.46188762 17.47942972
4.41608140 6.62073455 16.85272018
5.17181197 8.02154741 16.56657441
6.13198933 9.68366438 16.73584228
7.30605650 11.56697460 17.50994062
8.67679125 13.52766088 19.05939871
10.18078958 15.29216696 21.52507909
11.67509932 16.38453435 24.90400864
12.91883212 16.29862541 28.84953722
13.61990014 14.69672263 32.63538333
13.53308106 11.91400119 35.33328550
12.64468587 8.49502990 36.46950214
11.11942563 5.29681868 36.03026023
9.26786542 2.91858160 34.41642786
7.41064717 1.49892672 32.27664750
5.77508304 0.83992966 30.00596041
4.46589117 0.68602011 27.80460063
3.49809655 0.80570279 25.74974642
2.83483458 1.07755296 23.85390609
2.42574234 1.43245483 22.11382313
2.22300295 1.84660017 20.52243373
2.19004727 2.32363758 19.07631857
2.29865450 2.88877657 17.77747006
2.54228376 3.57359941 16.63509893
2.92124098 4.42267068 15.67024748
3.44975930 5.48692476 14.91933875
4.15308876 6.81972652 14.44455218
5.06057262 8.46591248 14.34682350
6.20433074 10.44415641 14.77720311
7.61303253 12.73074095 15.95775997
9.26330894 15.10766455 18.12111815
11.06772428 17.14711065 21.47842837
12.80916523 18.15288770 25.95801049
14.13918672 17.40594256 30.96030214
14.65492168 14.60296765 35.31884102
14.10331448 10.55752068 37.86965881
12.58563716 6.27552663 38.20838884
10.45183794 2.80578727 36.75655071
8.14688761 0.62876937 34.34145213
6.03196771 -0.45066350 31.70765290
4.29113239 -0.81147038 29.17132658
2.96568936 -0.79329705 26.84328886
2.01407846 -0.61221727 24.72889635
1.36339885 -0.38767171 22.80334151
0.93965490 -0.17391004 21.04093938
0.67703424 0.01348679 19.42135761
0.52773268 0.17648500 17.92979982
0.45722001 0.32596606 16.55481689
0.44332350 0.47580913 15.28717788
0.47379405 0.64079687 14.11917788
0.54295758 0.83758438 13.04443173
0.65159977 1.08450213 12.05799574
0.80556151 1.40403840 11.15699680
1.01553100 1.82493658 10.34155576
1.29787976 2.38451401 9.61610541
1.67651177 3.13245287 8.99470146
2.18689507 4.12331326 8.51085337
2.86747520 5.45719451 8.20238180
3.76903461 7.24116677 8.16689902
4.96292031 9.55875893 8.59095040
6.53161016 12.45944647 9.75049952
8.52672199 15.89230724 12.08912867
10.92825915 19.44345690 16.13819075
13.52887046 22.08155180 22.28782385
15.83029136 22.18981618 30.08688839
17.07229067 18.53882060 37.63586300
16.59322714 11.88621838 42.26091459
14.38955529 4.88118022 42.82535373
11.14171339 -0.48176101 40.29442036
7.68495518 -3.40002326 36.62732915
4.62638870 -4.55275507 33.10038142
2.20450766 -4.78798501 30.10350197
0.40201344 -4.68610268 27.61720376
-0.89959901 -4.56668832 25.53238644
-1.84909740 -4.57508731 23.75350941
-2.57588625 -4.77358364 22.22852170
-3.19803386 -5.18446459 20.93410844
-3.79345361 -5.82036695 19.87988558
-4.43155628 -6.68613386 19.09239312
-5.16166645 -7.78711950 18.62427159
-6.01648530 -9.11683503 18.55544549
-7.02209568 -10.62957786 18.98149253
-8.17533154 -12.22945817 20.03292016
-9.43461982 -13.72251668 21.80592570
-10.70643961 -14.80327457 24.29696639
-11.83023929 -15.10187209 27.32016153
-12.59480477 -14.32220324 30.43076580
-12.81092845 -12.45464046 33.03537843
-12.38140793 -9.88300451 34.57917976
-11.36883325 -7.25006081 34.89160538
-9.97652691 -4.97759802 34.09255345
-8.44550082 -3.36273101 32.56437499
-6.98924269 -2.43965392 30.67547254
-5.74756246 -2.04439956 28.71989352
-4.77731985 -2.01863510 26.81415164
-4.08659983 -2.23092841 25.02089696
-3.65150717 -2.59880664 23.36385605
-3.44294382 -3.08462356 21.85546296
-3.42999884 -3.68349343 20.50837484
-3.58857190 -4.41377569 19.34036731
-3.91912249 -5.29720070 18.37673471
-4.42167070 -6.36673491 17.66251451
-5.09641335 -7.65901090 17.26475302
-5.96403908 -9.18893741 17.28013387
-7.03369751 -10.92932793 17.83781399
-8.29307758 -12.77379059 19.08775804
-9.69296274 -14.50308316 21.16474180
-11.12283894 -15.72427448 24.11062821
-12.38103276 -15.99049670 27.68324156
-13.20837600 -14.92281414 31.32374698
-13.35685307 -12.61335796 34.21102072
-12.74629443 -9.50855757 35.76271008
-11.47477598 -6.39386103 35.79740935
-9.80192380 -3.89556007 34.59934568
-8.03152928 -2.26946398 32.71204598
-6.40842668 -1.42141013 30.56722423
-5.06705259 -1.14469345 28.41329255
-4.05132956 -1.19001723 26.37809402
-3.33920774 -1.43213382 24.48678577
-2.89149156 -1.79031317 22.74709050
-2.66319469 -2.23199929 21.15778589
-2.62190848 -2.75343072 19.71964567
-2.73837258 -3.37700002 18.43926001
-3.00326283 -4.13453493 17.33115182
-3.41998496 -5.06611761 16.42312748
-3.99800793 -6.21933472 15.76297682
-4.76154931 -7.64224335 15.42448982
-5.73574793 -9.36106808 15.52321971
-6.94012446 -11.35707150 16.21981952
-8.37642831 -13.52305511 17.72413613
-10.00061685 -15.58593235 20.24472848
-11.66882549 -17.05213933 23.82398047
-13.13143262 -17.28466391 28.19569647
-14.04019047 -15.78786439 32.55673428
-14.09698034 -12.65107334 35.87987614
-13.19897270 -8.73970201 37.37426616
-11.53121069 -5.13206091 37.02246841
-9.47733977 -2.41331857 35.30331568
-7.40575513 -0.80609094 32.95159384
-5.58024628 -0.06591790 30.48760344
-4.11550172 0.12730878 28.13480481
-3.02506965 0.02692669 25.96250503
-2.26396564 -0.20640534 23.97226654
-1.76851252 -0.49052352 22.14884793
-1.47765539 -0.79374804 20.47557879
-1.34450327 -1.11254569 18.93986550
-1.33068281 -1.46399850 17.53301446
-1.41954128 -1.86996973 16.25073506
-1.60112674 -2.36351302 15.09317259
-1.87964452 -2.98234818 14.06629373
-2.26914583 -3.77295474 13.18613483
-2.79256063 -4.79091104 12.48526717
-3.48316487 -6.10732248 12.01563640
-4.38265904 -7.79116181 11.87663768
-5.54088355 -9.89212652 12.22565075
-7.00274578 -12.41719923 13.30360838
-8.79212401 -15.25115998 15.44392720
-10.84197887 -17.95154295 18.96976320
-12.95752391 -19.73292377 24.03744723
-14.73487618 -19.49382306 30.12475759
-15.63707775 -16.56363469 35.84151071
-15.23777272 -11.63239185 39.45050383
-13.55623188 -6.28645227 40.17125082
-11.03985650 -1.89993867 38.50726832
-8.27201101 0.77065395 35.65213760
-5.73303871 2.02620114 32.61732598
-3.65625302 2.41233823 29.80775754
-2.08075765 2.39524901 27.31912373
-0.93921570 2.25133676 25.11944018
-0.12973424 2.13009765 23.15597610
0.44890652 2.09970063 21.38667515
0.88646166 2.18789881 19.78419791
1.25032840 2.40886815 18.33437984
1.59751768 2.77326960 17.03107920
1.96978950 3.30122625 15.87776188
2.40839693 4.01958192 14.88769640
2.95020688 4.96945787 14.08923071
3.63340161 6.20244084 13.53530623
4.50492941 7.76543479 13.31274541
5.60832228 9.71317688 13.56202231
6.97843025 12.03092209 14.49166518
8.62904892 14.58252145 16.36978877
10.50802736 17.00964713 19.49336094
12.44722167 18.64490230 23.96095401
14.10131610 18.61338382 29.35357744
15.01078094 16.33917198 34.51537914
14.81005400 12.14825554 38.03555197
13.45284477 7.26871036 39.08858761
11.26215028 3.13955729 37.93763479
8.75551630 0.43277073 35.51103550
6.38567608 -0.95227871 32.70575323
4.40101357 -1.46199596 29.99847404
2.86849614 -1.50613226 27.53600941
1.75153488 -1.36053446 25.32433755
0.96988792 -1.17758416 23.32809764
0.43562172 -1.03231348 21.51274293
0.06752715 -0.95127137 19.85192836
-0.19360755 -0.94284111 18.32762576
-0.39501201 -1.00716860 16.92692561
-0.57087656 -1.14586215 15.64057172
-0.74786607 -1.36481301 14.46191952
-0.94800340 -1.67713093 13.38717602
-1.19257824 -2.10401878 12.41606310
-1.50288590 -2.67862016 11.55414503
-1.90770969 -3.44339838 10.81630373
-2.43821759 -4.45998291 10.23084158
-3.13587083 -5.80363163 9.85525498
-4.05497938 -7.54788103 9.79071551
-5.25791225 -9.79435561 10.20213669
-6.80357177 -12.58768439 11.35546295
-8.72532052 -15.77455648 13.65212073
-10.98747542 -18.93992705 17.55258801
-13.38160484 -21.10770499 23.32795402
-15.43459002 -20.94501424 30.42550981
-16.47071950 -17.54614963 37.07871383
-15.96858654 -11.58426455 41.11713891
-13.94462382 -5.17883980 41.58795946
-10.96645778 -0.33881767 39.35037739
-7.79887102 2.38889409 36.02356622
-4.98142934 3.49060941 32.68644115
-2.73780601 3.75905847 29.77251886
-1.06008823 3.68457891 27.28442954
0.15272012 3.55971587 25.14310760
1.02769200 3.52713651 23.27323453
1.68902841 3.65136943 21.62580228
2.23534181 3.95953399 20.17934671
2.74625094 4.46785900 18.93094011
3.28704635 5.19220203 17.89487297
3.90525730 6.15745863 17.10728169
4.65083326 7.38254837 16.62552041
5.55834749 8.88930782 16.54401251
6.65531223 10.65854600 16.99438399
7.94996285 12.60302169 18.12531603
9.41756833 14.51237902 20.14387700
10.96268044 16.01601985 23.12691328
12.38165771 16.59047504 26.88848467
13.39657019 15.74178833 30.90044581
13.71346625 13.43594134 34.25142321
13.19855611 10.10678171 36.21276889
11.92129361 6.65287481 36.47693074
10.15299466 3.83275466 35.33281180
8.24068228 1.97253472 33.36941701
6.46588593 0.99184732 31.10054306
4.98823302 0.63249186 28.83363667
3.85457917 0.64081074 26.69415928
3.04697996 0.85263846 24.71425262
2.51825163 1.16949412 22.89385139
2.21944723 1.54741197 21.22534604
2.10395560 1.97972047 19.70248665
2.13715618 2.48351483 18.32337894
2.30731827 3.08338520 17.09202493
2.60587985 3.82112023 16.02168880
3.04154443 4.74355804 15.13741047
3.63513288 5.90262867 14.48429896
4.41223012 7.34623821 14.13786550
5.40946150 9.12480659 14.21763192
6.66177373 11.27069695 14.90057250
8.17460002 13.66315221 16.41491159
9.91914679 16.02122123 19.03090061
11.76331669 17.81603604 22.89491630
13.43431138 18.27517871 27.76870719
14.53521927 16.72774402 32.80572515
14.67304430 13.32876109 36.66159380
13.72385997 8.91811023 38.41142258
11.88713985 4.71901968 37.97756211
9.58702918 1.67165396 35.98238694
7.27446138 -0.05940980 33.38536468
5.25432097 -0.81187149 30.73045284
3.64961933 -0.98818462 28.24990084
2.45774441 -0.88492504 25.99496304
1.61757022 -0.68182590 23.95051451
1.05116246 -0.47012491 22.08721941
0.68265923 -0.28699843 20.37974928
0.45218170 -0.14077009 18.80948290
0.31465953 -0.02656822 17.36243798
0.23913969 0.06506439 16.02770556
0.20497866 0.14466245 14.79609653
0.19980754 0.22197852 13.65957613
0.21678325 0.30630160 12.61095133
0.25323294 0.40692843 11.64377872
0.30965049 0.53405731 10.75235937
0.38944749 0.69985427 9.93187293
0.49857059 0.92012269 9.17864553
0.64607310 1.21549656 8.49042050
0.84529387 1.61438376 7.86795645
1.11635291 2.15257408 7.31802128
1.48158510 2.88430360 6.84857534
1.97315784 3.88368218 6.48650515
2.64081951 5.23939633 6.29025993
3.54813285 7.04103959 6.36104719
4.77060851 9.43366476 6.86919795
6.39576293 12.56454195 8.09214042
8.48360318 16.31332531 10.53025637
11.04709234 20.25845340 14.87551353
13.88153539 23.25931452 21.64945237
16.42640246 23.44154668 30.38985276
17.77895708 19.29767666 38.81253411
17.17604133 11.67092837 43.74688768
14.63097105 3.65640090 43.91201870
10.95015531 -1.99341920 40.79405798
7.15535784 -4.83752934 36.73568964
3.89008133 -5.79395368 33.05441711
1.35410524 -5.90570160 30.08135740
-0.50869942 -5.75152845 27.70763182
-1.85111483 -5.63393389 25.77709143
-2.83090017 -5.68114112 24.18187912
-3.60219851 -5.94465394 22.86277354
-4.27053627 -6.43338366 21.80902902
-4.92132356 -7.14222865 21.03285597
-5.61856168 -8.05581153 20.56930994
-6.39425183 -9.15121698 20.47977903
-7.27229695 -10.37031885 20.82789943
-8.24614886 -11.61597640 21.68929052
-9.27601744 -12.73000517 23.11348347
-10.28552216 -13.49390900 25.05562861
-11.15923789 -13.66940259 27.35615781
-11.74484826 -13.08478335 29.68317553
-11.92356586 -11.74772422 31.65887513
-11.63057576 -9.87411959 32.91044511
-10.90431787 -7.87422497 33.28359692
-9.86585934 -6.08815302 32.82720560
-8.68942666 -4.71936784 31.74233009
-7.53186447 -3.85080165 30.28985523
-6.51236930 -3.43635580 28.67648190
-5.69855197 -3.35638042 27.06256430
-5.11016051 -3.52977322 25.51281814
-4.74586491 -3.89291272 24.07503145
-4.58834860 -4.41019237 22.78044979
-4.62526053 -5.06940239 21.65600926
-4.84974176 -5.86922776 20.73409948
-5.24581543 -6.82566216 20.06056421
-5.80317586 -7.95146409 19.69247802
-6.53149571 -9.23462165 19.70694714
-7.42195099 -10.62759234 20.19164903
-8.44509484 -12.02979199 21.23404868
-9.54658222 -13.26711228 22.88846191
-10.63130722 -14.06227911 25.12772687
-11.55507154 -14.15607175 27.74528155
-12.14519458 -13.32673014 30.35733885
-12.25435970 -11.72029942 32.44781446
-11.83074082 -9.67027783 33.64679295
-10.96046385 -7.45033783 33.87005381
-9.77552990 -5.51069426 33.20538138
-8.46772595 -4.10063249 31.86909058
-7.21104942 -3.26476056 30.21425224
-6.13095456 -2.89828604 28.47565671
-5.28314570 -2.88103887 26.75463687
-4.68561939 -3.10154787 25.12333191
-4.32387125 -3.49234930 23.61643888
-4.17821540 -4.02368699 22.25785290
-4.22662432 -4.69015051 21.07191541
-4.44920434 -5.50572574 20.08889471
-4.85077210 -6.48438897 19.34624929
-5.43283781 -7.63871105 18.90197881
-6.18614290 -8.97892400 18.83782970
-7.10813430 -10.47575491 19.24917016
-8.19485118 -12.03879725 20.26321055
-9.39587290 -13.48589636 21.95703451
-10.61236271 -14.53574114 24.33338612
-11.69146459 -14.84578267 27.21676611
-12.43433169 -14.14003219 30.19244914
-12.66166626 -12.40378829 32.71106406
-12.27734110 -9.97681745 34.24449376
-11.33391356 -7.46126035 34.61637178
-10.01581898 -5.25886718 33.91738473
-8.55018103 -3.65794277 32.49106557
-7.14149234 -2.71873720 30.68399273
-5.92959621 -2.30087964 28.78694857
-4.97595812 -2.25405262 26.92545917
-4.29287298 -2.45493619 25.16638623
-3.86178474 -2.82061532 23.53873097
-3.65628810 -3.31333247 22.05844880
-3.64994636 -3.92490838 20.74124333
-3.81734666 -4.67329320 19.60823613
-4.15740076 -5.57967079 18.68819573
-4.67358272 -6.67044668 18.02825982
-5.36489040 -7.97534197 17.69947120
-6.24337271 -9.49882321 17.79911000
-7.31796401 -11.20523076 18.45924965
-8.56575740 -12.96338255 19.81255924
-9.92666917 -14.53988194 21.96770666
-11.27434127 -15.54174786 24.90599255
-12.41018072 -15.55433449 28.35069014
-13.08786826 -14.27962242 31.71957239
-13.09936511 -11.93706681 34.26054654
-12.39717308 -9.03819962 35.48502967
-11.12221787 -6.15522642 35.34120689
-9.51154547 -3.89028282 34.08922063
-7.84004465 -2.43549600 32.19909900
-6.32657481 -1.69312701 30.13529883
-5.08392879 -1.45915528 28.06954466
-4.15004658 -1.54154583 26.10739658
-3.50698156 -1.81054071 24.28222989
-3.11850665 -2.20010147 22.60449090
-2.94341990 -2.68513538 21.07843681
-2.95238516 -3.26748403 19.70932099
-3.12873052 -3.96651485 18.50942277
-3.45824434 -4.82107089 17.50236602
-3.94935106 -5.87012356 16.72584487
-4.61713907 -7.15347017 16.24217664
-5.47685700 -8.69654481 16.14227106
-6.55314129 -10.50982686 16.56798768
-7.85456731 -12.53216792 17.69653427
-9.34282414 -14.54399896 19.69582287
-10.92552329 -16.17279117 22.69323369
-12.40370877 -16.85819820 26.54803651
-13.49150764 -16.09282141 30.72760523
-13.88078160 -13.70956440 34.31568103
-13.39097862 -10.35240525 36.45101485
-12.10647686 -6.79677704 36.81416019
-10.30454742 -3.81861162 35.68700509
-8.33414783 -1.84923087 33.65506440
-6.49454357 -0.80106839 31.33692791
-4.95356110 -0.40843547 29.01950576
-3.76888532 -0.40458108 26.83662849
-2.92071266 -0.60331208 24.81987917
-2.35940410 -0.90181409 22.96767575
-2.02747393 -1.25366225 21.26905801
-1.88037419 -1.64682768 19.71482558
-1.87949553 -2.09562602 18.29985418
-2.00529254 -2.62559977 17.02438393
-2.25179790 -3.27170997 15.89566549
-2.62174417 -4.08011602 14.93124844
-3.13367976 -5.10191206 14.16263718
-3.81354256 -6.39494881 13.64814764
-4.69386786 -7.99787955 13.48208688
-5.82017296 -9.99460546 13.81152066
-7.21875671 -12.36138155 14.84564686
-8.88712835 -14.90313046 16.85730221
-10.77291757 -17.24398276 20.13536800
-12.67218604 -18.66682858 24.71680119
-14.23059065 -18.33224814 30.09351446
-14.99777346 -15.74127464 35.06824614
-14.62938238 -11.51967170 38.21902016
-13.16386494 -6.75084463 38.95641053
-10.94050875 -2.81529282 37.59361447
-8.46145722 -0.30546423 35.07965019
-6.15543676 0.94168449 32.30224638
-4.24480358 1.37038493 29.64061899
-2.78227912 1.38007034 27.22190653
-1.72321323 1.22080446 25.04518606
-0.98538754 1.03238871 23.07621474
-0.48517905 0.88052797 21.28242502
-0.14493532 0.78796356 19.63884176
0.09139875 0.76048316 18.12858034
0.26846009 0.79597681 16.73890862
0.41701504 0.89431303 15.46037984
0.56164958 1.05813773 14.28549634
0.72091584 1.29711345 13.20892837
0.91324585 1.62687086 12.22771941
1.15579492 2.07356844 11.34261899
1.47165715 2.67173018 10.56042012
1.88697608 3.47099268 9.89643337
2.43519538 4.53760172 9.38390889
3.16354182 5.94602619 9.08646989
4.12828166 7.79470678 9.11014150
5.39278056 10.18834496 9.63519700
7.02013412 13.12988011 10.97466537
9.04929416 16.47881620 13.55779160
11.43003898 19.71954231 17.90975608
13.90205963 21.76347729 24.19478705
15.92873299 21.12180284 31.72036180
16.77978351 16.98378899 38.39028018
15.96228255 10.36880727 41.97286722
13.60281223 3.89123718 41.86634527
10.40429047 -0.72804457 39.17515148
7.14677811 -3.15722119 35.63651960
4.32736516 -4.08027741 32.29465129
2.11642790 -4.23761454 29.43095824
0.48127103 -4.12990945 27.01765281
-0.69676421 -4.01953421 24.95605729
-1.55724928 -4.03857230 23.17022574
-2.22398275 -4.23779709 21.61591902
-2.79434740 -4.64093285 20.27677391
-3.35337239 -5.25895225 19.15601639
-3.95660776 -6.10969048 18.28228653
-4.65888460 -7.20415072 17.70217035
-5.49768274 -8.55518210 17.49411361
-6.49990676 -10.14625444 17.76792278
-7.67900615 -11.90372934 18.64858966
-9.01485952 -13.66170080 20.30322694
-10.43184301 -15.12178151 22.81231434
-11.77080158 -15.85640971 26.05860065
-12.80523354 -15.43388676 29.65502404
-13.27411043 -13.70965292 32.87550076
-13.02433664 -10.94025078 35.05034734
-12.05958112 -7.82035149 35.76500099
-10.57298504 -5.06755409 35.13155698
-8.85542839 -3.07397131 33.55835199
-7.18053076 -1.89755258 31.53614835
-5.72892278 -1.37761027 29.39900927
-4.58091071 -1.27755118 27.33086779
-3.74182701 -1.43907938 25.38912213
-3.18411270 -1.75316754 23.59450064
-2.86594623 -2.16703798 21.94965865
-2.75290215 -2.66322721 20.45603535
-2.80833683 -3.25747181 19.11942311
-3.01822090 -3.97584270 17.95203242
-3.38356811 -4.85243651 16.97743722
-3.90699333 -5.93432613 16.23775603
-4.60788573 -7.26631995 15.79811594
-5.51079633 -8.88098258 15.75931725
-6.63527123 -10.77101852 16.26681172
-7.98546513 -12.85768211 17.50411162
-9.53593789 -14.92418516 19.69151930
-11.17148476 -16.55106367 22.90624175
-12.67935893 -17.14800086 27.00122502
-13.73859027 -16.16953445 31.31707622
-14.04221050 -13.53498982 34.91708678
-13.42238966 -9.84115594 36.89214471
-11.98526883 -6.18223444 37.04600984
-10.05767085 -3.25090589 35.69675977
-8.01491384 -1.37132846 33.53164918
-6.14833075 -0.42731493 31.11644854
-4.61127739 -0.10213158 28.75940681
-3.44130906 -0.13681637 26.56001110
-2.61078711 -0.34760335 24.53776413
-2.06273088 -0.63621976 22.68343028
-1.73517803 -0.96081017 20.98247083
-1.58180440 -1.31165222 19.42320174
-1.56523323 -1.70156867 17.99787735
-1.66032190 -2.15759304 16.70338911
-1.86252529 -2.70992710 15.54217805
-2.17269242 -3.40138086 14.52460620
-2.60605211 -4.28073568 13.67143357
-3.18750780 -5.40581468 13.02354993
-3.94968923 -6.82425493 12.65378459
-4.93839375 -8.62036875 12.67427588
-6.19515296 -10.86295703 13.25808120
-7.74281792 -13.46050911 14.66337909
-9.58392618 -16.15861645 17.23095924
-11.61487543 -18.44758209 21.22862660
-13.56039895 -19.42703368 26.55536247
-14.97636109 -18.17565328 32.38792793
-15.36218451 -14.59542068 37.13017506
-14.48742126 -9.58823418 39.49553547
-12.52704705 -4.66611147 39.23782585
-9.96739457 -1.07737775 37.08814727
-7.35934321 0.93623294 34.23081644
-5.07367296 1.78295639 31.34281251
-3.26088003 1.97921151 28.70606985
-1.91107649 1.89071290 26.35569858
-0.94746578 1.72743969 24.25627504
-0.27317834 1.59730120 22.36324143
0.20258757 1.54817158 20.64305705
0.55610718 1.59699902 19.07355608
0.84400321 1.75223230 17.64130625
1.11356631 2.02020492 16.33821916
1.39909242 2.41625225 15.16240170
1.73412520 2.96253886 14.11782379
2.14726096 3.69642736 13.21822617
2.67501517 4.66353938 12.49223444
3.35617955 5.92629247 11.99061001
4.23410301 7.55562699 11.80416879
5.36146265 9.59847274 12.07992540
6.78651733 12.07177543 13.05039737
8.54305979 14.90434136 15.04176257
10.57507069 17.68620079 18.37560892
12.71411603 19.66038481 23.28578658
14.57514288 19.73820492 29.34177972
15.62575259 17.14772979 35.25242127
15.40083823 12.29582324 39.22358602
13.84147888 6.88114043 40.30818495
11.37644764 2.27839908 38.85228210
8.58927241 -0.60526030 36.05188460
5.99020697 -2.00282666 32.99334469
3.84129607 -2.46213275 30.13802322
2.20049347 -2.47392757 27.60804933
1.00633449 -2.33547983 25.37601385
0.15808423 -2.21074559 23.38858017
-0.44823006 -2.17458383 21.60091413
-0.90452573 -2.25864726 19.98403700
-1.28196377 -2.47780956 18.52268848
-1.63870330 -2.84367437 17.21064377
-2.01942672 -3.37525602 16.05120286
-2.46458899 -4.10047212 15.05846547
-3.01427245 -5.05759976 14.26140325
-3.70506271 -6.29922191 13.71386006
-4.58330316 -7.87067673 13.50458485
-5.69357107 -9.81575850 13.77546163
-7.06970169 -12.12744265 14.73613037
-8.71902515 -14.64760619 16.65452784
-10.58449207 -17.02173632 19.79644947
-12.49090730 -18.55581773 24.25750526
-14.09522808 -18.42021479 29.58043354
-14.94856399 -16.07155442 34.62444495
-14.69530536 -11.92377597 37.98660632
-13.31984334 -7.13675636 38.93553000
-11.14501521 -3.10977384 37.73208155
-8.67304587 -0.48692226 35.31132204
-6.34584358 0.85024892 32.54105203
-4.40158531 1.33618022 29.86464503
-2.90301036 1.37133629 27.42510213
-1.81281040 1.22011344 25.22916320
-1.05196721 1.02953690 23.24349783
-0.53718739 0.87167554 21.43529445
-0.18689229 0.77055735 19.77896903
0.05449301 0.73331402 18.25710279
0.23261672 0.75779996 16.85660147
0.37886208 0.84330873 15.56773443
0.51809401 0.99152239 14.38269377
0.66884069 1.21075403 13.29572708
0.84892744 1.51509402 12.30323442
1.07483623 1.92847172 11.40492971
1.36843249 2.48270125 10.60574090
1.75379655 3.22437034 9.91803071
2.26279891 4.21534136 9.37006363
2.94014487 5.52674057 9.01643000
3.83855564 7.25958749 8.94608132
5.01926718 9.51436621 9.32124633
6.55168537 12.32651601 10.42289890
8.48360252 15.61420971 12.64758572
10.80199139 18.99633846 16.52575368
13.30322028 21.51312842 22.35868787
15.52476829 21.70476752 29.76094624
16.75478613 18.40137194 36.96023324
16.37601463 12.12634758 41.51717303
14.34152711 5.43087577 42.32975893
11.26925214 0.19960411 40.09703118
7.95016320 -2.77182295 36.61644056
4.97397616 -4.01333550 33.16232502
2.59175665 -4.30941360 30.16416061
0.80949477 -4.23510452 27.64175522
-0.48044126 -4.10954869 25.50015292
-1.41673486 -4.09137246 23.65431237
-2.12617431 -4.24585099 22.05107166
-2.71881262 -4.60082030 20.66573677
-3.27986063 -5.17006829 19.49926930
-3.87198176 -5.96834624 18.57448093
-4.55268857 -7.00615607 17.93281283
-5.35818960 -8.29834314 17.64721923
-6.32235975 -9.82896780 17.81593648
-7.46090192 -11.53931399 18.56727944
-8.75917096 -13.29152525 20.05846940
-10.14873052 -14.80923785 22.36654123
-11.49772235 -15.69808853 25.44336124
-12.58550930 -15.51114911 28.94067131
-13.17162746 -14.03436971 32.25238543
-13.06430222 -11.44059053 34.62597913
-12.23882428 -8.44863323 35.63542718
-10.86119154 -5.66578113 35.26339381
-9.20500585 -3.52439531 33.86989336
-7.53676358 -2.20431573 31.92294156
-6.05548221 -1.55918155 29.82366523
-4.85781913 -1.38323277 27.75565199
-3.96789946 -1.50076349 25.80202814
-3.36416517 -1.78998524 23.98964570
-3.00897361 -2.19009084 22.32577921
-2.86153079 -2.68083938 20.81381409
-2.89050264 -3.26981327 19.45906460
-3.08392170 -3.97672301 18.27339634
-3.43026346 -4.84109541 17.28114141
-3.93554996 -5.90576299 16.52174654
-4.61875044 -7.21134007 16.05820368
-5.49798972 -8.78540731 15.98668802
-6.58777441 -10.61486817 16.43937296
-7.91184459 -12.66570474 17.62621335
-9.43303481 -14.72385106 19.71083572
-11.04087932 -16.36560954 22.78796078
-12.54033934 -17.01872186 26.76861123
-13.61628213 -16.15200750 31.01116742
-13.96668672 -13.65739877 34.61484639
-13.41560390 -10.07823546 36.67250078
-12.04993401 -6.47443941 36.94813268
-10.18002101 -3.52651163 35.71100372
-8.17044496 -1.59649660 33.61997544
-6.31482780 -0.60205515 31.24193634
-4.77465120 -0.24030934 28.90104278
-3.59503317 -0.25511548 26.70642887
-2.75417798 -0.45954209 24.68429434
-2.19831498 -0.75240461 22.82861294
-1.86784124 -1.08895796 21.12664284
-1.71553686 -1.45925784 19.56758943
-1.70554373 -1.87540534 18.14488605
-1.81361874 -2.36474624 16.85685599
-2.03532902 -2.95909258 15.70783833
-2.37223805 -3.70295235 14.71136748
-2.84055335 -4.64695151 13.89285785
-3.46637509 -5.84934693 13.30036257
-4.28260137 -7.36331789 13.01535716
-5.33359826 -9.25508842 13.16774508
-6.65890749 -11.55941702 13.95276385
-8.27098981 -14.14633808 15.63772993
-10.14494430 -16.71360188 18.54094107
-12.13045701 -18.63456696 22.84034328
-13.91571833 -19.02298327 28.24783134
-15.04303431 -17.10025950 33.75144644
-15.07032429 -13.17783226 37.75543781
-13.90360599 -8.22936869 39.33423614
-11.79922376 -3.74809974 38.52018922
-9.26069717 -0.67441193 36.15834805
-6.78714046 0.95958276 33.32984532
-4.67609258 1.59116609 30.54690370
-3.03056895 1.69315538 28.01555888
-1.82038064 1.56871973 25.74822395
-0.96543654 1.39371568 23.71012444
-0.37446314 1.25451837 21.86251356
0.03668227 1.18696574 20.17622755
0.33494075 1.20234098 18.63175148
0.57170983 1.30398875 17.21581749
0.78547811 1.49613710 15.91966879
1.00731644 1.78791842 14.73810126
1.26249369 2.19763083 13.67003501
1.57675928 2.75296303 12.72019245
1.97848492 3.49321153 11.90176563
2.49799950 4.47447697 11.24286381
3.17793276 5.76024396 10.79715915
4.06740555 7.43137485 10.65485784
5.21968596 9.57168155 10.96870867
6.69144951 12.19384468 11.99204443
8.51547399 15.19555614 14.06850715
10.66685323 18.20608257 17.64557573
12.95105674 20.38929951 22.91758673
14.95842425 20.52585648 29.51470210
16.07766060 17.68702956 35.90138626
15.79926149 12.26818674 40.11384315
14.05963301 6.26630456 41.10481261
11.34051423 1.44657808 39.37416361
8.33605936 -1.48781630 36.30705553
5.58128097 -2.82518500 33.07017012
3.33442776 -3.22110465 30.13944221
1.63389196 -3.19751433 27.59664955
0.39920632 -3.06332600 25.38530033
-0.48527068 -2.98419539 23.43925985
-1.13684815 -3.03153998 21.70894434
-1.65127095 -3.23793274 20.16713630
-2.11108111 -3.61845307 18.80262072
-2.57449052 -4.19213329 17.62097452
-3.09701961 -4.97939662 16.64037815
-3.71966134 -6.01494969 15.90032603
-4.48637870 -7.33098167 15.46635964
-5.43883686 -8.95223096 15.44035479
-6.60600843 -10.88185357 15.97657081
-8.00063873 -13.02277745 17.26876393
-9.59193404 -15.15198627 19.51657101
-11.27518333 -16.80579473 22.86713007
-12.82353206 -17.38635548 27.11446141
-13.90529757 -16.30155705 31.61165096
-14.17968733 -13.55527242 35.26325448
-13.50442691 -9.72552510 37.22579204
-11.99217340 -5.89024277 37.24193655
-9.98092824 -2.90274900 35.74271603
-7.87120310 -1.05270233 33.48426870
-5.96397610 -0.15211772 31.01483036
-4.40930633 0.13195818 28.62585963
-3.23451205 0.07812091 26.41124147
-2.40293338 -0.13641598 24.38200665
-1.85245006 -0.41400181 22.52367936
-1.51957844 -0.71378130 20.81890813
-1.35386014 -1.02734608 19.25402801
-1.31420011 -1.36833536 17.81940845
-1.38038793 -1.75704804 16.50974327
-1.53956287 -2.22500611 15.32390467
-1.79353544 -2.80807032 14.26612695
-2.15392610 -3.55058604 13.34958854
-2.64120634 -4.50650643 12.60186062
-3.28639617 -5.74296706 12.06842015
-4.12981662 -7.32898677 11.83711283
-5.21908996 -9.31910558 12.04645105
-6.60491616 -11.75127758 12.91863095
-8.31682214 -14.54766370 14.75902737
-10.31502888 -17.34431990 17.91450462
-12.44826439 -19.45842609 22.62425310
-14.36397972 -19.81354643 28.57766294
-15.53931678 -17.54795189 34.58304131
-15.48201590 -13.00969882 38.84220810
-14.09298015 -7.59011297 40.26847465
-11.72636533 -2.81508531 39.08950619
-8.95728270 0.28509018 36.40121350
-6.32250333 1.84144267 33.35369578
-4.11632477 2.38743755 30.46670529
-2.41750590 2.43731804 27.89869764
-1.17516060 2.30610965 25.63294152
-0.29176319 2.17130232 23.61658108
0.33631749 2.11637738 21.80366306
0.80361773 2.17626779 20.16321838
1.18186798 2.36726472 18.67859362
1.53158901 2.69966026 17.34164318
1.89720685 3.19139875 16.15387378
2.32040519 3.86741845 15.12620325
2.83886877 4.76557953 14.28334444
3.48982533 5.93580711 13.67255107
4.31968574 7.42531613 13.37232171
5.37168012 9.29087084 13.51029892
6.68309923 11.53355825 14.28030705
8.27494309 14.04797416 15.93721261
10.11218385 16.53353192 18.78475104
12.05658217 18.38992843 22.98138873
13.79669404 18.76431168 28.23200843
14.88993511 16.95822183 33.53786731
14.93061655 13.09402077 37.47227970
13.79716951 8.23829308 39.03725967
11.74390861 3.89764894 38.28814713
9.26799481 0.89704119 36.04874223
6.85135270 -0.72589575 33.27627676
4.78353424 -1.37805897 30.53397824
3.16283205 -1.49209327 28.02072834
1.96964405 -1.36985819 25.76139339
1.12855455 -1.18539148 23.72425329
0.55280140 -1.02664847 21.87400646
0.15815790 -0.92709832 20.18260468
-0.11728946 -0.89786051 18.63066508
-0.32383991 -0.93912181 17.20423446
-0.49691293 -1.05175779 15.89337779
-0.66464289 -1.23936610 14.69061601
-0.84865534 -1.51282351 13.59114310
-1.06992549 -1.88981582 12.59311757
-1.34811096 -2.39951213 11.69946522
-1.70950852 -3.07983129 10.92069365
-2.18279684 -3.98586419 10.27821656
-2.80538858 -5.18796278 9.81663145
-3.62813536 -6.76019886 9.61711400
-4.70994171 -8.80414632 9.81230782
-6.11215556 -11.39482986 10.62518245
-7.88579230 -14.46604644 12.41318815
-10.03425963 -17.75199531 15.62483391
-12.43592376 -20.50811165 20.69204847
-14.72196153 -21.49206085 27.44478661
-16.27118616 -19.41524830 34.63214077
-16.43026127 -14.23200576 39.99816138
-14.96346014 -7.61474545 41.90848875
-12.24882952 -1.95873612 40.58703183
-9.04691794 1.61957094 37.48714413
-6.02077070 3.29792365 34.04547360
-3.51539952 3.83851834 30.93802938
-1.60064834 3.85299719 28.28108045
-0.20244693 3.72493868 26.01276377
0.80151217 3.64627260 24.04750316
1.54366664 3.71120816 22.32457317
2.13611319 3.95540704 20.81232810
2.66078709 4.39970700 19.50297042
3.19681103 5.05482998 18.40217100
3.79344313 5.94397283 17.54112260
4.50033070 7.08619179 16.97053936
5.35824682 8.49874066 16.77183363
6.39400421 10.17767312 17.06563522
7.62353988 12.05251988 17.99537377
9.02544654 13.95376346 19.72942098
10.53345060 15.54890293 22.41472528
11.97808474 16.38307498 25.92743886
13.09628835 15.92509822 29.84684461
13.60104256 14.02342837 33.35766288
13.30993715 11.00684138 35.66682455
12.24455854 7.59427751 36.36566477
10.62166747 4.62501855 35.57589350
8.76211911 2.53930118 33.81229325
6.97107091 1.35484079 31.64090748
5.43548382 0.86018306 29.39255770
4.23312836 0.78650222 27.24301939
3.35884257 0.95711169 25.24091946
2.77496585 1.25911971 23.39674003
2.43097150 1.63871897 21.70534396
2.28583698 2.07907632 20.16187545
2.30028870 2.59427010 18.76534523
2.45716340 3.20936229 17.52062620
2.75228713 3.96010011 16.44163938
3.18778599 4.89503032 15.55596237
3.78387260 6.06486601 14.90888117
4.56669634 7.51972600 14.57853658
5.56402814 9.28924879 14.68093392
6.81040227 11.38679997 15.40018581
8.31331975 13.71369664 16.96085364
10.02237749 15.96081926 19.58516237
11.80594277 17.61185825 23.39974274
13.38718710 17.90984769 28.11865003
14.38921319 16.29563076 32.90371346
14.45781132 12.88425953 36.51568811
13.47693358 8.72374577 38.09563514
11.68313124 4.74709831 37.60777805
9.46679039 1.86505036 35.68329204
7.24832684 0.21269174 33.15898089
5.30965062 -0.51512301 30.57273123
3.76854564 -0.68181669 28.14110048
2.62575751 -0.57500344 25.91860786
1.82430601 -0.35977485 23.89572203
1.29050025 -0.12227488 22.04763931
0.95544999 0.10314609 20.35216003
0.76322351 0.31114166 18.79246915
0.67313446 0.51046492 17.35604338
0.65874463 0.71613796 16.03333298
0.70422410 0.94699425 14.81687839
0.80358903 1.22396842 13.70117358
0.95821126 1.57189371 12.68316514
1.17577531 2.02144205 11.76313615
1.47168236 2.61052872 10.94668682
1.86876174 3.38754421 10.25031234
2.39937636 4.41422062 9.70360171
3.10034527 5.78124186 9.35576733
4.02488546 7.57484050 9.31739920
5.24247882 9.86937714 9.76460946
6.81382766 12.70251666 10.97593688
8.78690679 15.99811574 13.37065561
11.10614261 19.25474676 17.40657945
13.55775027 21.48784592 23.38713260
15.64620732 21.22161572 30.72502595
16.67109647 17.49679363 37.57150512
16.07698955 11.35259569 41.59747350
13.94149637 4.84887704 41.92331134
10.87113388 -0.04646297 39.50575988
7.63198066 -2.74225048 36.05746677
4.76847731 -3.83099279 32.69034347
2.49666454 -4.06982560 29.76843307
0.80267927 -3.98192972 27.29296738
-0.42064471 -3.86251266 25.17734442
-1.30853216 -3.85058902 23.34058568
-1.98347059 -4.00858796 21.73471586
-2.55307781 -4.36094115 20.33766894
-3.09222876 -4.92508683 19.15266433
-3.67052916 -5.71294949 18.19785660
-4.33474905 -6.74652250 17.51700084
-5.12893635 -8.03929566 17.17828909
-6.08975228 -9.58741389 17.28100494
-7.23326246 -11.35487221 17.96777181
-8.55164930 -13.20307129 19.38789531
-9.99086787 -14.87990861 21.66056259
-11.42120130 -15.94813044 24.79120521
-12.62732150 -15.95740352 28.47418631
-13.34007917 -14.57252949 32.06902845
-13.32974034 -12.02115292 34.74339371
-12.55570411 -8.83152171 35.97710327
-11.16186851 -5.77469038 35.71338400
-9.42991152 -3.42929572 34.29221516
-7.65871096 -1.97396434 32.29189098
-6.07510027 -1.26014939 30.11809794
-4.79045074 -1.06433841 27.97556202
-3.83313370 -1.16155042 25.95967758
-3.17448875 -1.43199227 24.09212772
-2.77179845 -1.80526045 22.37691126
-2.57982768 -2.25672513 20.81181851
-2.56777511 -2.78754045 19.39760884
-2.70866291 -3.42327373 18.14138994
-2.99552957 -4.19780816 17.05867075
-3.43359148 -5.15308910 16.17898884
-4.03468479 -6.33728997 15.55279412
-4.82464510 -7.79985394 15.25798313
-5.82939210 -9.56479191 15.41645242
-7.06863062 -11.60728554 16.19678546
-8.54154977 -13.80632608 17.81674399
-10.19669235 -15.86296848 20.48349352
-11.87761908 -17.25306915 24.22017784
-13.31716408 -17.31949473 28.70381623
-14.15715528 -15.60096901 33.06910505
-14.10635835 -12.26525396 36.25895126
-13.09197208 -8.27329352 37.54472446
-11.33228216 -4.69021636 36.98318284
-9.22871672 -2.07191990 35.12403079
-7.14845864 -0.57496000 32.70689277
-5.34091620 0.08541004 30.22650481
-3.90636550 0.23040729 27.87792258
-2.84698684 0.10820770 25.71671255
-2.11211440 -0.13010054 23.73953086
-1.63505509 -0.40849845 21.92838024
-1.35697619 -0.69786588 20.26605892
-1.22678320 -0.99893314 18.73922922
-1.21141853 -1.32626103 17.33905539
-1.29150525 -1.70298603 16.06033359
-1.45793271 -2.16006651 14.90178535
-1.71530470 -2.73259162 13.86751026
-2.07490431 -3.46621638 12.97058261
-2.55943889 -4.41559865 12.23538086
-3.20096661 -5.64610532 11.71086216
-4.04099070 -7.22316148 11.48229368
-5.13118733 -9.22400623 11.68766559
-6.52187382 -11.70124692 12.54237394
-8.23895390 -14.53711116 14.36229802
-10.26446222 -17.42150515 17.52868951
-12.44386945 -19.62466824 22.30671868
-14.42393167 -20.09386702 28.39531291
-15.66174994 -17.88095530 34.59431916
-15.63734184 -13.23415947 39.01954828
-14.23340613 -7.51160922 40.51770290
-11.79401968 -2.60669122 39.28457052
-8.94217479 0.55210550 36.53139485
-6.24083248 2.10658920 33.41299702
-3.98995488 2.63979234 30.48992625
-2.25956296 2.67832080 27.90783528
-0.99586336 2.54730953 25.64240830
-0.09516436 2.42407636 23.63384369
0.55018184 2.39376956 21.83413054
1.03937290 2.49082593 20.21199354
1.44394348 2.73395549 18.75250128
1.82966879 3.13378874 17.44915003
2.24171011 3.71182246 16.30835700
2.72482298 4.49523668 15.34786199
3.31855156 5.52458174 14.60313506
4.06213041 6.84809723 14.13776412
5.00202278 8.50211572 14.05168082
6.17810929 10.52031623 14.50448081
7.61332785 12.84597902 15.71434434
9.29818446 15.27151225 17.93857595
11.14094180 17.34912203 21.39569509
12.92369095 18.36282913 26.01760149
14.27641615 17.55176721 31.16717569
14.77680118 14.69680597 35.59192870
14.18591070 10.41593589 38.13459061
12.59069935 5.96226441 38.37435263
10.37025128 2.46652057 36.78631068
8.00155291 0.32184540 34.30227117
5.85135144 -0.70517203 31.61258663
4.09720609 -1.03065464 29.05375315
2.76782209 -0.99355191 26.71888834
1.81562317 -0.81134521 24.60526545
1.16360382 -0.60051153 22.68346127
0.73313569 -0.41380373 20.92585737
0.45672901 -0.26636721 19.31128808
0.28500202 -0.15776767 17.82437757
0.18138787 -0.08003568 16.45320256
0.12169176 -0.02444769 15.18800742
0.08974671 0.01728577 14.02028586
0.07573715 0.05174518 12.94243319
0.07393740 0.08423368 11.94751429
0.08127602 0.11932495 11.02916929
0.09665349 0.16126434 10.18156210
0.12034908 0.21459718 9.39934903
0.15390958 0.28470214 8.67767492
0.19999443 0.37855958 8.01219042
0.26267410 0.50535275 7.39910484
0.34790330 0.67783153 6.83542984
0.46467431 0.91270439 6.31955077
0.62280923 1.23444701 5.85015666
0.83790663 1.67809545 5.43032632
1.13372672 2.28924649 5.06916100
1.54243760 3.12503889 4.78698947
2.10320024 4.27631786 4.61239862
2.87064044 5.86156185 4.61250657
3.92167892 8.00967808 4.93357300
5.34779698 10.84146958 5.81438242
7.25281037 14.47540900 7.67065991
9.69660308 18.72657940 11.12640222
12.60488351 22.79801396 16.97856344
15.60410399 24.93607675 25.53430691
17.86407933 22.86554671 35.39813406
18.32060265 16.06270054 43.02831905
16.50826444 7.07342073 45.56758690
12.96739799 -0.51262930 43.39542283
8.81692007 -4.82794116 39.15887912
5.00543309 -6.53775322 35.00517998
1.94772554 -6.89780094 31.65426632
-0.33174739 -6.75829282 29.07600842
-1.97156032 -6.56657201 27.07104052
-3.14965747 -6.50818022 25.47889058
-4.03533898 -6.65718023 24.20454974
-4.76174598 -7.02369839 23.21221837
-5.41853558 -7.59606446 22.50373880
-6.08271075 -8.34462491 22.09411583
-6.78723701 -9.23336547 22.02800167
-7.55021472 -10.19904760 22.34650819
-8.36826568 -11.14905252 23.07843107
-9.20269191 -11.95032482 24.24094899
-9.99067322 -12.45029244 25.77288485
-10.64839234 -12.49250904 27.52660363
-11.07361950 -11.99633202 29.26053396
-11.18236479 -10.99750371 30.70128522
-10.95061282 -9.62636239 31.63882218
-10.40213057 -8.12946369 31.94702501
-9.62215478 -6.75015165 31.63916321
-8.72149290 -5.65424978 30.83222143
-7.82028441 -4.92056255 29.71621484
-7.01080775 -4.53482840 28.43402679
-6.35138435 -4.46340011 27.09605244
-5.87792488 -4.62719427 25.80029910
-5.59542667 -4.96464461 24.60536007
-5.49613601 -5.46225164 23.54293358
-5.57245503 -6.10343047 22.65243721
-5.81080351 -6.88127720 21.97325390
-6.20496979 -7.78966766 21.55288581
-6.75372596 -8.80953523 21.44669028
-7.43914294 -9.89779148 21.71128250
-8.22663531 -10.98866954 22.40098919
-9.07493752 -11.96761767 23.53838353
-9.92109046 -12.64156171 25.10737416
-10.67204893 -12.84934480 26.98595270
-11.20577558 -12.47475656 28.93548200
-11.41438716 -11.45687305 30.63878336
-11.24991611 -10.06514133 31.81539486
-10.73058347 -8.55999999 32.31898169
-9.95253575 -7.05685708 32.15634567
-9.01871213 -5.76988179 31.43763272
-8.04574216 -4.86702910 30.30738974
-7.14430349 -4.35617486 28.95802651
-6.39141336 -4.17254708 27.55664779
-5.82214825 -4.25450786 26.17327842
-5.45035564 -4.54573696 24.87155247
-5.27282807 -5.00143948 23.69379225
-5.27949459 -5.60652304 22.67563472
-5.46435269 -6.35127124 21.85460490
-5.81449969 -7.23497651 21.27610643
-6.31558888 -8.25401819 20.99060541
-6.96819756 -9.38406324 21.06639121
-7.75804956 -10.56784026 21.56992461
-8.64606968 -11.70130998 22.54943364
-9.57202116 -12.63748756 24.02205717
-10.44785795 -13.16422426 25.91197569
-11.15730068 -13.09485242 28.03096491
-11.57370396 -12.33653366 30.07213756
-11.60052363 -10.95997462 31.67419877
-11.20901414 -9.27739655 32.58360318
-10.46271141 -7.54420166 32.71237711
-9.48739432 -5.99835773 32.14524915
-8.41867256 -4.85607836 31.05798906
-7.39132982 -4.15808323 29.66229465
-6.50409521 -3.84291150 28.17429162
-5.80721983 -3.83266648 26.68217038
-5.32035486 -4.05740711 25.25865044
-5.04284542 -4.45819179 23.94912065
-4.96179893 -5.01233104 22.78725555
-5.06809073 -5.70870223 21.80665836
-5.34739300 -6.55080693 21.04766426
-5.78779681 -7.54318144 20.55800624
-6.39369929 -8.67948127 20.40200387
-7.15702583 -9.92432993 20.65148744
-8.05087891 -11.20432712 21.38162834
-9.03264721 -12.39937211 22.64591426
-10.03338975 -13.28831244 24.44976923
-10.94308347 -13.64681216 26.67169649
-11.61527455 -13.27390560 29.03716445
-11.91436802 -12.11796241 31.14754060
-11.75208813 -10.47914668 32.60113660
-11.15206936 -8.59871975 33.21764795
-10.22516236 -6.71137347 33.02891290
-9.09708793 -5.18600882 32.13742550
-7.93282630 -4.14770184 30.75583000
-6.86694596 -3.58776193 29.19105470
-5.98600478 -3.40463166 27.58684381
-5.32432490 -3.50765974 26.02319307
-4.89067201 -3.81470872 24.55764484
-4.67063125 -4.28282434 23.22416144
-4.65080567 -4.89407154 22.05149340
-4.81519409 -5.64847939 21.07250409
-5.14822597 -6.55788435 20.32721021
-5.65429621 -7.63002850 19.86803482
-6.33346615 -8.85681940 19.76338642
-7.17188595 -10.20643823 20.09882950
-8.14338417 -11.60930610 20.95119139
-9.21592779 -12.89094850 22.41501447
-10.31094682 -13.82246657 24.48556863
-11.29027169 -14.14418595 26.99484562
-11.98222834 -13.60078324 29.61902964
-12.23267113 -12.22136944 31.86843396
-11.96062951 -10.23771409 33.33452086
-11.20615857 -7.99946831 33.82624350
-10.09137789 -5.97449533 33.36997654
-8.80408058 -4.43270251 32.18753383
-7.52874448 -3.46735413 30.62589244
-6.40350111 -2.99661819 28.91054920
-5.50001202 -2.91106310 27.18336001
-4.84678581 -3.07850482 25.53462267
-4.43220308 -3.42940425 24.00265310
-4.23752977 -3.92771037 22.61357008
-4.23991003 -4.56261996 21.39145747
-4.42301584 -5.34189016 20.36369251
-4.78622289 -6.27736826 19.56643668
-5.32381161 -7.38725321 19.05506116
-6.02982961 -8.68311391 18.90211093
-6.91331492 -10.14289909 19.20694659
-7.96176392 -11.68892446 20.07687379
-9.13213263 -13.16151784 21.60340406
-10.34231054 -14.30977554 23.81449351
-11.45254137 -14.78248113 26.58492753
-12.27631069 -14.30746104 29.56210829
-12.62335363 -12.77838044 32.19630027
-12.37182076 -10.56266062 33.94583929
-11.55487446 -8.06993944 34.55370393
-10.32479824 -5.75949859 34.08686724
-8.89225439 -4.02025314 32.78616714
-7.47011435 -2.94391887 31.02437058
-6.21789733 -2.42802316 29.16033178
-5.21261396 -2.31765014 27.30204513
-4.47861507 -2.47778508 25.53393976
-4.00171132 -2.81491910 23.89106470
-3.75585976 -3.28665458 22.39225297
-3.71308964 -3.88023214 21.05414827
-3.84731500 -4.60901425 19.89758918
-4.15944536 -5.48893433 18.94854703
-4.64968472 -6.54511162 18.25234596
-5.31073524 -7.81161596 17.87729962
-6.15541740 -9.29398473 17.91509223
-7.19376651 -10.95984947 18.49010960
-8.40607912 -12.69232586 19.73288817
-9.73817943 -14.27945262 21.75300002
-11.07526877 -15.34922809 24.55499106
-12.23072351 -15.50137061 27.89853482
-12.96665675 -14.41171415 31.25298058
-13.06866816 -12.24484026 33.87830875
-12.46990380 -9.45349851 35.26280922
-11.28671048 -6.57850596 35.30588386
-9.73516779 -4.24798749 34.20984220
-8.08565464 -2.69823657 32.41503471
-6.56497632 -1.87304392 30.39531214
-5.29867022 -1.57960057 28.34443613
-4.33495638 -1.62646027 26.38324354
-3.66293901 -1.87476911 24.55350330
-3.24901036 -2.25456008 22.86887263
-3.05386686 -2.73542268 21.33559193
-3.04667396 -3.31671790 19.95981751
-3.21106075 -4.01478422 18.75414086
-3.53180968 -4.86648300 17.74256595
-4.01478268 -5.91010596 16.96302733
-4.67470192 -7.18328098 16.47693320
-5.52549005 -8.71060577 16.37438224
-6.58727070 -10.49358145 16.79110960
-7.87106884 -12.47732587 17.90625695
-9.33687145 -14.44697957 19.87520415
-10.88952126 -16.02873678 22.81261659
-12.33666281 -16.69397432 26.57976409
-13.39852600 -15.94142140 30.65139896
-13.77933244 -13.62646146 34.15328929
-13.30738429 -10.33095642 36.25437336
-12.05271626 -6.89267866 36.64289190
-10.29731761 -3.96912773 35.56627616
-8.37116241 -2.01865994 33.59659011
-6.56603516 -0.97002182 31.31530587
-5.04928206 -0.56560809 29.02850737
-3.87916771 -0.55552965 26.86579270
-3.04125941 -0.75354385 24.86345003
-2.48848151 -1.05888742 23.02256704
-2.16574215 -1.42520652 21.33479437
-2.02937925 -1.84139391 19.79243671
-2.04531137 -2.32040210 18.39220547
-2.19129259 -2.89154062 17.13657364
-2.46524314 -3.58932924 16.03559009
-2.87101435 -4.46119591 15.11175837
-3.42716292 -5.56041835 14.40348766
-4.16170541 -6.94302261 13.97793518
-5.10736148 -8.65520916 13.94302730
-6.30068725 -10.72073734 14.46396945
-7.76739666 -13.09724857 15.77371295
-9.48156152 -15.54042946 18.12675876
-11.34486073 -17.58951589 21.73494533
-13.11592389 -18.46644484 26.48759629
-14.41533715 -17.44187394 31.68198187
-14.82385877 -14.30632430 36.03183925
-14.11020850 -10.03751447 38.36471480
-12.43562164 -5.61953302 38.41335038
-10.17668007 -2.20519257 36.69995488
-7.80356555 -0.15038099 34.14298420
-5.66961849 0.81424521 31.44225828
-3.94006550 1.09598727 28.88890073
-2.63743114 1.04240539 26.56584640
-1.70745378 0.85759132 24.46413211
-1.07033733 0.65286348 22.55329207
-0.64902207 0.47759964 20.80564175
-0.37547757 0.34548370 19.20004280
-0.20216707 0.25677176 17.72155373
-0.09099845 0.20328287 16.35810512
-0.01884963 0.17870568 15.10016791
0.03167808 0.17665068 13.93924842
0.07117090 0.19406582 12.86782644
0.10747897 0.22974111 11.87904513
0.14626130 0.28505231 10.96667857
0.19237537 0.36373934 10.12509657
0.25079796 0.47218611 9.34930579
0.32738519 0.61981748 8.63502743
0.42906246 0.82069090 7.97894760
0.56605646 1.09363769 7.37929080
0.75121643 1.46520550 6.83612969
1.00163736 1.97337548 6.35348843
1.34308304 2.66831765 5.94330548
1.81050060 3.61480933 5.63180105
2.44669814 4.91186815 5.45619695
3.31246233 6.67560150 5.51191751
4.48840785 9.02798017 5.96986935
6.06253002 12.07740661 7.12000108
8.13013458 15.87689640 9.42934644
10.69717930 20.01117969 13.56615714
13.60910263 23.44516531 20.20851199
16.34612460 24.20350496 29.13581972
17.99039931 20.42674124 38.23385063
17.64046839 12.90409197 43.95139741
15.22788048 4.38787913 44.67848768
11.49958129 -1.86707821 41.64403819
7.53836925 -5.09302235 37.45406491
4.07860978 -6.23092019 33.62441765
1.37371336 -6.38262902 30.55592081
-0.61715858 -6.21799636 28.15022675
-2.04919306 -6.07560771 26.22916849
-3.08880075 -6.09450582 24.66874887
-3.89608930 -6.32973180 23.39906505
-4.58455276 -6.78709795 22.40340124
-5.23987308 -7.45664239 21.69157391
-5.92898743 -8.31405611 21.29231191
-6.68111088 -9.32772828 21.26120928
-7.51533514 -10.43186451 21.65015968
-8.42202289 -11.52467974 22.50978268
-9.35788221 -12.45310914 23.86801709
-10.24814658 -13.02933318 25.65571352
-10.99092944 -13.05831233 27.70618222
-11.45612457 -12.43809336 29.71289043
-11.55029805 -11.20585549 31.35676441
-11.24008322 -9.55055765 32.36828817
-10.56366486 -7.80225459 32.61693241
-9.63047279 -6.24581611 32.15647488
-8.58245901 -5.06320070 31.15970255
-7.55918238 -4.30779321 29.84670747
-6.65963279 -3.95168916 28.38178651
-5.94564546 -3.90868902 26.90122377
-5.43885390 -4.09592364 25.48445850
-5.13781496 -4.47065357 24.17356196
-5.03404142 -5.00195899 23.00631201
-5.11144081 -5.67907340 22.01635382
-5.36549302 -6.50061029 21.24098166
-5.79136614 -7.46451057 20.72771964
-6.37483867 -8.56843098 20.53781219
-7.10443689 -9.78565662 20.73788675
-7.97113885 -11.04550974 21.41358491
-8.93445783 -12.22245689 22.61439016
-9.91986430 -13.13083574 24.33637536
-10.82345413 -13.54703414 26.47608509
-11.50510657 -13.26414312 28.77062172
-11.83602656 -12.22832044 30.87294669
-11.72315715 -10.56531886 32.38802234
-11.16690037 -8.64908853 33.09185984
-10.25621793 -6.82189497 32.95569714
-9.14937987 -5.30639193 32.11478415
-8.00085250 -4.26195266 30.81551482
-6.94432041 -3.68805706 29.27589280
-6.06632855 -3.48437846 27.68895832
-5.40268488 -3.56456869 26.13661934
-4.96140832 -3.85778715 24.67756570
-4.73222023 -4.31559142 23.34835658
-4.70081828 -4.91954268 22.17813994
-4.85816758 -5.66367676 21.19842930
-5.18853120 -6.55930738 20.45087106
-5.68194214 -7.61673643 19.98684543
-6.34534198 -8.83084634 19.87611397
-7.17149500 -10.16503211 20.19959729
-8.13527388 -11.53992559 21.04317247
-9.19243597 -12.81173370 22.46901162
-10.26541535 -13.73200302 24.48545138
-11.22766660 -14.05064698 26.94131632
-11.91442246 -13.53896593 29.51522575
-12.17369186 -12.19758701 31.74105991
-11.91955369 -10.27282351 33.20569402
-11.19166068 -8.08644887 33.71843573
-10.10623225 -6.08867225 33.30451947
-8.84635606 -4.55344737 32.16328265
-7.59005167 -3.58059439 30.62849572
-6.47719025 -3.09782950 28.94190372
-5.57918739 -2.99762670 27.23654481
-4.92664877 -3.15877978 25.60303619
-4.51127130 -3.50459429 24.08393412
-4.31502881 -4.00039163 22.70607894
-4.31702866 -4.63367373 21.49490936
-4.49806568 -5.41257139 20.47932292
-4.85848388 -6.34831383 19.69551765
-5.39575833 -7.45412613 19.19821749
-6.10080196 -8.74094476 19.06115461
-6.97711642 -10.18297836 19.37857717
-8.01641643 -11.70348850 20.26277486
-9.17266507 -13.13832015 21.79239486
-10.36155258 -14.24049084 23.99099742
-11.44188446 -14.67203889 26.71532138
-12.23325961 -14.16471323 29.62004834
-12.55092604 -12.63972564 32.17240218
-12.28639437 -10.41486344 33.85741370
-11.46389270 -7.99722445 34.42944531
-10.24872256 -5.75965955 33.93584613
-8.84237450 -4.07486439 32.66431087
-7.45230842 -3.03384869 30.94891686
-6.22952448 -2.52914724 29.10850795
-5.24817263 -2.42133795 27.27294480
-4.53201312 -2.58271022 25.52480712
-4.06872896 -2.92275273 23.90041132
-3.83394193 -3.39980624 22.41976678
-3.80176325 -4.00101813 21.10084814
-3.94643440 -4.73988976 19.96603816
-4.26785181 -5.63313259 19.04335619
-4.76823225 -6.70316531 18.37926331
-5.44162323 -7.97934991 18.04419845
-6.29578454 -9.46350478 18.13020453
-7.34050357 -11.11706138 18.76405223
-8.55178831 -12.81333371 20.06893987
-9.86902227 -14.32723907 22.14212253
-11.17040576 -15.29138453 24.95851281
-12.26750018 -15.31205849 28.25639998
-12.92769179 -14.11874968 31.48896066
-12.95625698 -11.88976897 33.95643125
-12.29974801 -9.13984367 35.18273082
-11.09252563 -6.37086966 35.10119179
-9.55298679 -4.16013226 33.95112354
-7.94301796 -2.71190092 32.13713463
-6.47280474 -1.95654497 30.13717168
-5.25834866 -1.70198670 28.12141990
-4.34004310 -1.77352172 26.19566106
-3.70715915 -2.03983859 24.39978451
-3.32680223 -2.43695780 22.74806803
-3.16228071 -2.93815682 21.24860879
-3.18224713 -3.54721901 19.91013822
-3.37501790 -4.28031648 18.74739494
-3.72913205 -5.17301628 17.78836436
-4.24669052 -6.26542788 17.07699661
-4.94551159 -7.59198018 16.68019825
-5.84107417 -9.17078040 16.69966008
-6.94152632 -10.97821551 17.26416163
-8.25329118 -12.92768970 18.56858057
-9.72664061 -14.78214314 20.75324032
-11.23745810 -16.12763887 23.85643686
-12.57773331 -16.44731142 27.66513104
-13.45765024 -15.31940834 31.54180433
-13.62052198 -12.76261949 34.65027654
-12.95302729 -9.40295794 36.26852239
-11.57559977 -6.14829694 36.27808149
-9.79182649 -3.53372991 34.97343521
-7.92166550 -1.85587437 32.94785507
-6.21931644 -1.00448526 30.68557456
-4.81898416 -0.71446858 28.45676314
-3.75621072 -0.76667794 26.35759000
-3.01004291 -1.00165261 24.41536153
-2.53354104 -1.33525086 22.62994278
-2.27556492 -1.73256245 20.99527329
-2.19477923 -2.19163004 19.50659190
-2.26673176 -2.72777712 18.16415514
-2.47136754 -3.37614887 16.97531357
-2.81081067 -4.17537190 15.95651745
-3.29610162 -5.17353663 15.13996899
-3.94675158 -6.42284689 14.58087987
-4.79435575 -7.98139455 14.36510364
-5.87013197 -9.87495434 14.63095992
-7.19970373 -12.07484106 15.57086782
-8.78322888 -14.43993178 17.43752665
-10.55818803 -16.61630529 20.45826641
-12.34252220 -17.98692389 24.65017284
-13.82029710 -17.79466002 29.57417621
-14.59181178 -15.58662408 34.20537843
-14.34793412 -11.69048792 37.31945775
-13.06726629 -7.34887351 38.27703109
-11.05261348 -3.63915355 37.26911535
-8.75888655 -1.11189391 35.05871824
-6.57366643 0.22413752 32.43549388
-4.72737312 0.74807744 29.85645337
-3.29280838 0.80785913 27.46963096
-2.24761910 0.65700108 25.29882851
-1.52445054 0.43711133 23.32393564
-1.04617237 0.21669803 21.51861832
-0.74647522 0.02046576 19.86118888
-0.57126949 -0.15085952 18.33538333
-0.48384847 -0.30584116 16.92914659
-0.45827387 -0.45857998 15.63270936
-0.48050286 -0.62363291 14.43808491
-0.54307685 -0.81780384 13.33861062
-0.64603250 -1.05893572 12.32910042
-0.79351152 -1.36969740 11.40634958
-0.99585108 -1.77729477 10.56973931
-1.26876611 -2.31810333 9.82378464
-1.63638820 -3.03702484 9.18235838
-2.12599314 -4.00170181 8.66465103
-2.77783491 -5.29421926 8.32299233
-3.65009665 -7.00513401 8.25229951
-4.80544569 -9.19849446 8.61450706
-6.32537794 -12.02853675 9.66365319
-8.26123185 -15.44394364 11.78477314
-10.59716416 -19.00492410 15.52557792
-13.18908521 -21.82672257 21.39590651
-15.56661376 -22.33876813 29.05671286
-16.98880657 -19.17613766 36.78681937
-16.74397448 -12.91513509 41.86896388
-14.75178599 -5.69189726 42.89664740
-11.58484791 -0.04619704 40.62754602
-8.11066840 3.14071731 37.02290617
-4.98585349 4.44532172 33.44917006
-2.48706154 4.75197614 30.38838900
-0.61722829 4.66980952 27.84815008
0.73652484 4.54302256 25.72020795
1.71848994 4.53006341 23.90714578
2.46312391 4.70269495 22.35048798
3.09266347 5.08632543 21.02435120
3.68554612 5.69426759 19.93572912
4.31568835 6.53096543 19.10726374
5.03123596 7.60520553 18.58995607
5.86958524 8.91162816 18.45917995
6.85893832 10.41208089 18.80996262
7.99933149 12.02439123 19.77470757
9.25516228 13.56436300 21.45109039
10.54453381 14.74361960 23.86363857
11.70997821 15.17478105 26.85766396
12.54893845 14.54886605 30.03489043
12.85467502 12.78607410 32.77695109
12.51137319 10.28892778 34.51096790
11.56166456 7.62573452 34.98865658
10.20204484 5.23333763 34.31370978
8.66403320 3.50512694 32.83916214
7.17448237 2.48505210 30.96422380
5.88716008 2.02399881 28.99967715
4.86914472 1.95944218 27.07269531
4.13558161 2.14519985 25.25427406
3.66341040 2.49325861 23.57033230
3.42219666 2.96105457 22.03407569
3.37821420 3.54123383 20.65702858
3.51119179 4.24609565 19.45405437
3.81641718 5.09771402 18.44952416
4.28684474 6.13431606 17.68521217
4.93097755 7.38970614 17.22261854
5.76705098 8.88388081 17.15212084
6.80396249 10.59751079 17.59860794
8.03380068 12.45077357 18.70421899
9.42625173 14.23824522 20.64534062
10.87906321 15.61458050 23.46300216
12.20186416 16.10618588 26.98848190
13.13749165 15.30575286 30.70093288
13.42917754 13.16458439 33.81688536
12.95222673 10.08583879 35.66522907
11.77059347 6.88674530 35.96901314
10.12580066 4.23786421 34.96424968
8.33597122 2.44035149 33.15090387
6.65925144 1.46416928 31.00391918
5.25161559 1.08591961 28.82800839
4.16494549 1.07946626 26.75401907
3.39017490 1.29177047 24.82386624
2.88839620 1.62829673 23.04567238
2.61732874 2.04651919 21.41805542
2.53657124 2.53990801 19.94041779
2.61341859 3.12822212 18.61682802
2.84089373 3.83683334 17.45796521
3.21511579 4.70762469 16.48738645
3.74372373 5.78928595 15.74531511
4.45047378 7.12929018 15.29563602
5.36066168 8.76353672 15.24208391
6.49607750 10.69117103 15.72713855
7.87725249 12.86023554 16.96856278
9.47153788 15.04697521 19.16780904
11.17192812 16.81447657 22.46170897
12.76121771 17.53274948 26.71207308
13.90982640 16.58790152 31.28889649
14.27025042 13.83223171 35.13801460
13.65369975 10.01917132 37.29656459
12.16966340 6.17859231 37.47853877
10.16693369 3.05331212 36.06825391
8.03174999 1.08575471 33.79474376
6.08031094 0.09856860 31.30348235
4.47344287 -0.23243367 28.88078988
3.25263456 -0.20107649 26.63465788
2.38243222 -0.00039176 24.57761450
1.80002006 0.26485951 22.69544560
1.44029858 0.54876144 20.96917104
1.24931017 0.84001036 19.38365542
1.18424730 1.14925181 17.92794919
1.22179912 1.49470451 16.59517095
1.34631581 1.90513631 15.38193145
1.55784632 2.41199829 14.28925299
1.86365946 3.05624800 13.32524076
2.28125683 3.88739956 12.50757863
2.83816077 4.96566979 11.87103797
3.57153087 6.35866131 11.48096932
4.52831844 8.13400065 11.44585409
5.76208302 10.38137630 11.93549968
7.31215914 13.06476143 13.21901953
9.19521088 15.99453774 15.65982058
11.33303559 18.67926300 19.61900597
13.48577324 20.19125667 25.15528344
15.18618633 19.41351021 31.55189211
15.85474745 15.88735901 37.11869731
15.13856917 10.42527273 40.19902951
13.14576663 4.88507980 40.24118079
10.40510892 0.78034801 38.07477573
7.56032110 -1.53520151 35.02699527
5.04865196 -2.50792006 31.95350602
3.04719092 -2.74720964 29.19078335
1.55190299 -2.67109235 26.76979594
0.47570572 -2.53027069 24.63791792
-0.28913129 -2.44957261 22.73888467
-0.85203123 -2.48502413 21.03202375
-1.29576882 -2.66107351 19.49560765
-1.69005624 -2.99145946 18.11901686
-2.09183663 -3.49055892 16.90243860
-2.54349020 -4.18464941 15.85915636
-3.08991966 -5.10533940 15.01621140
-3.76796393 -6.30031154 14.42426627
-4.62171351 -7.81165942 14.16750348
-5.69439931 -9.66804598 14.37604158
-7.01869341 -11.86907048 15.24714042
-8.59762712 -14.26591579 17.02137548
-10.38115819 -16.53399444 19.94020456
-12.20566971 -18.04332079 24.09118805
-13.76362644 -18.04199439 29.08310668
-14.64793235 -15.96593425 33.92329969
-14.50683991 -12.29598925 37.25116472
-13.32351315 -7.85743522 38.43154569
-11.34770881 -3.90926642 37.55987208
-9.02248991 -1.19969618 35.35074089
-6.77377822 0.25702145 32.72404762
-4.85769133 0.83817255 30.10884287
-3.36211825 0.92746815 27.68749371
-2.26629986 0.78786499 25.48891443
-1.50263667 0.57428236 23.49232000
-0.99430110 0.36223128 21.66953083
-0.66820190 0.17919490 19.99706987
-0.46988993 0.02943849 18.45797994
-0.35767008 -0.09481376 17.03923713
-0.30478190 -0.20407182 15.73062183
-0.29306355 -0.31075496 14.52338826
-0.31312096 -0.42639769 13.40997570
-0.36046338 -0.56346493 12.38374625
-0.43563600 -0.73519083 11.43905589
-0.54226614 -0.95816053 10.57148879
-0.68831840 -1.25257446 9.77820533
-0.88588838 -1.64563053 9.05945209
-1.15375065 -2.17142340 8.42046972
-1.51098362 -2.88287675 7.86802447
-1.98931757 -3.84790081 7.42980591
-2.63647114 -5.14723406 7.15851819
-3.51109838 -6.86133361 7.14803704
-4.68342812 -9.14411909 7.54601033
-6.23025206 -12.10581798 8.61647418
-8.21404993 -15.65156067 10.82017243
-10.65378988 -19.44153090 14.76748767
-13.37762513 -22.47368896 20.98295380
-15.89710055 -23.07561272 29.15604570
-17.39384259 -19.70957822 37.38756325
-17.10392741 -12.81273448 42.71732299
-14.91824428 -5.04177772 43.58263994
-11.50104499 0.80974090 41.01290886
-7.82456256 3.98780700 37.16028827
-4.57124229 5.17124359 33.45840714
-2.00153888 5.40598748 30.39332703
-0.09401988 5.28997550 27.90410595
1.28464842 5.16250431 25.85418700
2.28520683 5.17318190 24.13694639
3.05848677 5.38826354 22.68960443
3.71756094 5.82559882 21.49381710
4.34725581 6.49007881 20.55871937
5.01998777 7.37570864 19.91300047
5.77486769 8.47683131 19.61628267
6.64535448 9.75846592 19.74027033
7.64128090 11.15176558 20.37663160
8.74059852 12.52650845 21.61912257
9.88409634 13.66546457 23.49075780
10.96514272 14.29065203 25.91138431
11.81981281 14.10898332 28.60658059
12.28321997 13.00280251 31.15337083
12.22568097 11.08676718 33.03923509
11.62821551 8.82932008 33.95370640
10.59423305 6.65317296 33.84144488
9.31580245 4.85746582 32.88637199
7.98307161 3.64594406 31.39605291
6.75915135 2.98924197 29.66106037
5.74318840 2.75385304 27.89081547
4.97186962 2.82604394 26.17172897
4.44981145 3.10936115 24.55915659
4.15737184 3.54877050 23.08098902
4.07532700 4.12106049 21.75826826
4.18222350 4.82830889 20.61543109
4.46043914 5.68964867 19.68447312
4.91486785 6.72295800 19.00791778
5.54861944 7.94143438 18.64966201
6.35676920 9.34798721 18.69631411
7.33760655 10.90096837 19.25329327
8.48052812 12.49255511 20.45492007
9.72347733 13.91045752 22.36472847
10.95133021 14.83796640 24.95756086
11.99229451 14.91976848 27.99374217
12.63643632 13.91993694 30.98700245
12.71387773 11.90210568 33.35787362
12.15967242 9.30965934 34.62014361
11.06692070 6.76408807 34.68575660
9.64869876 4.65311543 33.72419903
8.14196238 3.20643810 32.12502308
6.74275737 2.41659235 30.23151600
5.57202832 2.11167375 28.30101077
4.67315524 2.14330253 26.43382269
4.04719988 2.39351383 24.68356313
3.66821695 2.79166958 23.07157846
3.50922965 3.30706737 21.61053407
3.54207536 3.93962247 20.31512719
3.74431150 4.71133286 19.20651285
4.11800670 5.64596895 18.31467900
4.66625728 6.77408268 17.69041558
5.39109139 8.12544842 17.40784714
6.31020529 9.70543418 17.57338682
7.42861516 11.46856910 18.32313408
8.72188343 13.27082952 19.80014761
10.12397184 14.85733812 22.11207240
11.49760003 15.79975544 25.22717557
12.62580940 15.67363013 28.81662373
13.25300274 14.19476254 32.24001805
13.16892292 11.67837581 34.70225687
12.36091834 8.61387486 35.77000327
10.97922914 5.69531800 35.43334753
9.29182384 3.47452437 34.00554433
7.58047094 2.10374272 32.03205186
6.05828020 1.43714017 29.90723956
4.82708680 1.26313144 27.81181748
3.91390194 1.37582728 25.83637602
3.29163876 1.66005357 24.00482858
2.92040686 2.05174927 22.32353778
2.75687144 2.53026890 20.79329667
2.77409160 3.09826366 19.41756072
2.94937692 3.78137966 18.20717125
3.27429759 4.61689492 17.18288074
3.75816629 5.64498248 16.38016274
4.41381250 6.91004761 15.85873208
5.26429045 8.45028758 15.70979661
6.33520046 10.28441230 16.06858094
7.63396515 12.34189346 17.11164815
9.14063482 14.45061490 19.03854168
10.77036195 16.23066521 22.00766623
12.33779722 17.13106843 25.92939925
13.54569028 16.55889341 30.30668548
14.05556622 14.32679876 34.16936888
13.66433944 10.84097608 36.60078863
12.40766637 7.02891957 37.15876186
10.56078715 3.83647599 36.08832564
8.50339602 1.70428433 34.05070324
6.56748307 0.56568124 31.66354521
4.94144883 0.13235765 29.27716890
3.68498053 0.10404290 27.03773432
2.77843591 0.28733425 24.97579784
2.16875125 0.56497843 23.08500791
1.79628588 0.88311912 21.35086200
1.60535244 1.22863950 19.76052728
1.55852434 1.60924192 18.30552701
1.63066626 2.04710877 16.98175087
1.80770002 2.57553227 15.79021816
2.09322496 3.23141524 14.73877207
2.49721586 4.06339280 13.84668641
3.04246726 5.12825606 13.14781661
3.76114439 6.48977059 12.70457263
4.69347977 8.20829587 12.62194468
5.88497344 10.33052336 13.06450890
7.37297556 12.84197883 14.27607805
9.15544201 15.54320556 16.56553636
11.15243305 17.99147427 20.22075382
13.14439891 19.33531737 25.28407523
14.71750623 18.65955284 31.09351306
15.36811029 15.52629228 36.22597720
14.76723897 10.72307042 39.18341942
13.01281298 5.65046657 39.46152645
10.54037522 1.73275755 37.63026149
7.90858573 -0.59258233 34.85123685
5.53914070 -1.64875930 31.94083116
3.62468019 -1.94651968 29.24472374
2.18265762 -1.89830343 26.83611484
1.14582598 -1.73847312 24.68706793
0.41860564 -1.59378874 22.75255808
-0.09060230 -1.52220484 20.99683647
-0.46317531 -1.54446657 19.39513934
-0.75743299 -1.67048523 17.93274611
-1.02387338 -1.90508405 16.59995889
-1.29757275 -2.26167538 15.39342707
-1.61241627 -2.75953780 14.31501661
-1.99676716 -3.43225067 13.37504502
-2.48458218 -4.32317526 12.59687975
-3.11433172 -5.48922410 12.02336050
-3.92675734 -7.00267024 11.73065050
-4.97420826 -8.92157554 11.84848005
-6.30571789 -11.27020181 12.57785857
-7.96773450 -14.03680959 14.22592410
-9.93337210 -16.91308576 17.12465913
-12.07980372 -19.25401704 21.58202769
-14.08927619 -20.03301177 27.42079543
-15.45602363 -18.28442069 33.60835735
-15.65231340 -13.94127689 38.36413468
-14.46418693 -8.51216702 40.35035231
-12.20450312 -3.46486189 39.54119421
-9.43450051 -0.03415264 36.99017923
-6.72413808 1.76061436 33.92412286
-4.41409119 2.44094752 30.97301768
-2.61570150 2.54651377 28.34084943
-1.29093292 2.43009598 26.02357601
-0.34576965 2.29244755 23.96910797
0.32711147 2.22913486 22.12716323
0.82451782 2.28211084 20.46424890
1.22464839 2.46912291 18.96156224
1.58925813 2.80239859 17.61081439
1.96764122 3.29820648 16.41303659
2.40056659 3.98293465 15.38018644
2.92998619 4.89084640 14.53781516
3.59179448 6.07255439 13.93430475
4.43108756 7.57424407 13.65092912
5.49268797 9.43760084 13.81684222
6.81261834 11.67241638 14.62783257
8.40353920 14.14873057 16.33880535
10.22426307 16.56342289 19.21639778
12.12591748 18.28394026 23.41112844
13.79902428 18.50884270 28.57769397
14.81252589 16.58346866 33.72496182
14.77506837 12.75569260 37.43275107
13.60796119 8.02827322 38.83362925
11.57049581 3.83392939 37.99469878
9.14158406 0.96040868 35.75261876
6.78607607 -0.58371154 33.02985066
4.77780935 -1.19644230 30.33445007
3.20827163 -1.29539957 27.85722608
2.05554335 -1.16474683 25.62264097
1.24575696 -0.97006153 23.60229115
0.69817591 -0.79398040 21.76351164
0.32994242 -0.66703474 20.07969602
0.08254362 -0.59755993 18.53237927
-0.09077842 -0.58316128 17.10769564
-0.22220195 -0.62092354 15.79519090
-0.33650685 -0.70904505 14.58617031
-0.45104686 -0.85104386 13.47359128
-0.58118922 -1.05486802 12.45183636
-0.74011002 -1.33590350 11.51720246
-0.94401788 -1.71569074 10.66872675
-1.21041725 -2.22654780 9.90935587
-1.56231435 -2.91306953 9.24984906
-2.03252649 -3.83101143 8.71427418
-2.65937626 -5.06109912 8.34284656
-3.49345054 -6.69951255 8.21920154
-4.60200018 -8.83887813 8.49258102
-6.05574334 -11.55467935 9.40920696
-7.92739847 -14.87543496 11.35138962
-10.21163135 -18.45072742 14.82659248
-12.78132184 -21.47372248 20.35436846
-15.22986616 -22.44792727 27.79614349
-16.85124543 -19.89478955 35.67328722
-16.89419490 -14.02137239 41.30224201
-15.16003756 -6.82252148 42.97120631
-12.13506880 -0.81885888 41.12519165
-8.66507818 2.74396758 37.61968586
-5.46251068 4.29595041 33.99657258
-2.86155029 4.71534638 30.84725606
-0.89827927 4.66805013 28.22798631
0.52690838 4.53434713 26.03900117
1.55905322 4.49594216 24.17641986
2.33106311 4.63410495 22.57739215
2.97173925 4.98030691 21.20948499
3.56378558 5.54844456 20.07568950
4.18140105 6.34500021 19.19589080
4.87851136 7.37757333 18.61513620
5.69209527 8.64686146 18.40559105
6.65457248 10.12107372 18.65796721
7.77150027 11.73026850 19.50103109
9.01512646 13.31203538 21.04581688
10.31331276 14.59337188 23.33551325
11.52299998 15.20100863 26.25946252
12.44441540 14.78477117 29.46155002
12.86515457 13.21497459 32.35364335
12.64404624 10.78752339 34.31526218
11.79028791 8.10449906 35.03272435
10.48218117 5.61213805 34.54237385
8.94993606 3.74125758 33.17919433
7.42975844 2.59575806 31.33689537
6.09184923 2.04327560 29.37067502
5.01716874 1.91745986 27.42285035
4.22882367 2.06597235 25.57638587
3.70814316 2.38761748 23.86174186
3.42461665 2.83332190 22.29281847
3.34449180 3.38933860 20.88058118
3.44277685 4.06634999 19.63861041
3.71385282 4.88395405 18.58818415
4.15065179 5.87847600 17.76713919
4.75732333 7.08659169 17.23215089
5.55316707 8.53322833 17.06672944
6.54934655 10.20972420 17.38907765
7.74312574 12.05430364 18.33938138
9.11247355 13.89295380 20.09657974
10.57364719 15.40904455 22.74363247
11.95280273 16.14516210 26.16349305
13.00527454 15.64510110 29.92820112
13.45668430 13.76221484 33.26164657
13.14735921 10.80010069 35.44639278
12.09413693 7.53496960 36.07824017
10.51216236 4.71327358 35.31512183
8.71709703 2.71463449 33.61629327
6.98898987 1.57185051 31.49755037
5.50791687 1.08645296 29.30111563
4.34556643 1.01468730 27.19270700
3.50158172 1.18990963 25.22410512
2.94153866 1.50269083 23.40798550
2.62108916 1.90134297 21.74313752
2.49870826 2.37208883 20.22781515
2.53795568 2.93075549 18.86424486
2.72845079 3.60013724 17.66054450
3.06410239 4.41963665 16.63627836
3.54881475 5.43788123 15.82616743
4.20491185 6.70260628 15.28586218
5.05725081 8.25572712 15.10770058
6.12918603 10.10799882 15.42125351
7.44829622 12.24046894 16.43097444
8.99799438 14.47997175 18.34624555
10.69606253 16.44382274 21.34241090
12.36220038 17.55206648 25.39908632
13.68697646 17.11851689 30.02491400
14.30923003 14.82276649 34.24858484
13.96976241 11.16640005 36.97348200
12.68916936 7.21034850 37.69959648
10.77694830 3.76352626 36.64717592
8.62047861 1.45604978 34.51556695
6.57660953 0.22244490 32.02536728
4.85123128 -0.25775265 29.55281656
3.51446444 -0.30115390 27.24502565
2.54515986 -0.13464737 25.13010638
1.88369695 0.11572300 23.19689066
1.46213325 0.38976494 21.42525065
1.22261752 0.66763735 19.79824645
1.11706135 0.95513273 18.30316012
1.11738821 1.26729459 16.93151701
1.20385755 1.62972132 15.67798720
1.37237692 2.07057378 14.54097686
1.62623517 2.62649467 13.52429287
1.97871561 3.34159255 12.63903092
2.45308108 4.26980787 11.90936420
3.08167449 5.47263744 11.38330608
3.90841273 7.02500276 11.13969437
4.98166442 9.02756466 11.30468197
6.35059445 11.49777060 12.10244479
8.06155554 14.35727737 13.85416517
10.09612821 17.32341392 16.94931888
12.32131622 19.70265521 21.69606010
14.38494765 20.40131036 27.86048466
15.73577426 18.39701407 34.26104331
15.83257118 13.72442472 39.02043982
14.48860989 7.83475964 40.76909256
12.03567557 2.73141682 39.68574177
9.12692919 -0.61526673 36.92970136
6.34543397 -2.27815773 33.74472183
4.01380523 -2.86751692 30.76369609
2.21559833 -2.92213407 28.14129668
0.89844360 -2.79720192 25.85241091
-0.04130384 -2.67982365 23.83261853
-0.71996768 -2.66350355 22.03082140
-1.23738554 -2.78528431 20.41484578
-1.67202808 -3.06421115 18.96874865
-2.09069942 -3.51326378 17.68862650
-2.54140142 -4.15505441 16.58464202
-3.07274550 -5.01611082 15.67986696
-3.72268823 -6.13862586 15.01961305
-4.53459909 -7.56127556 14.67923969
-5.55109098 -9.31173554 14.77530721
-6.80353952 -11.39373754 15.48514585
-8.30025743 -13.68578168 17.02940991
-10.00238005 -15.91504507 19.63374374
-11.77503330 -17.52883131 23.42286255
-13.34909498 -17.83960728 28.10470770
-14.34794970 -16.25420980 32.85000441
-14.41572237 -12.94445196 36.41769112
-13.45853180 -8.69605339 37.99234431
-11.67057229 -4.74547793 37.50539720
-9.45843001 -1.88496609 35.58998218
-7.24940023 -0.24870954 33.09422291
-5.32194310 0.46388278 30.51852951
-3.79151270 0.63090362 28.09725189
-2.65614931 0.52067328 25.88248814
-1.86102287 0.30164405 23.86554896
-1.33387978 0.05866784 22.02229550
-1.00482038 -0.17521981 20.33097311
-0.82017394 -0.39474809 18.77530995
-0.73919787 -0.60988397 17.34299050
-0.73617450 -0.83685366 16.02486843
-0.79658778 -1.09572670 14.81405764
-0.91530461 -1.40972460 13.70586062
-1.09550236 -1.80614361 12.69853772
-1.34657717 -2.31954365 11.79472704
-1.68630527 -2.99245010 11.00334960
-2.14044300 -3.87986345 10.34664438
-2.74612386 -5.04371031 9.86893013
-3.54568992 -6.58651201 9.63243309
-4.59302150 -8.59500125 9.77360331
-5.95700051 -11.11966317 10.51901685
-7.69208201 -14.13739053 12.19074882
-9.81406415 -17.43014192 15.26416522
-12.19984218 -20.29810215 20.11308395
-14.51841003 -21.52929585 26.73224503
-16.16756822 -19.76352376 33.94987516
-16.48419153 -14.74666014 39.60354701
-15.16208013 -8.29425403 41.92623460
-12.55545169 -2.52144233 40.88847649
-9.38785063 1.29733518 37.89205468
-6.32986735 3.16700686 34.45216923
-3.76274489 3.80352940 31.29565643
-1.78789676 3.85821847 28.58879006
-0.33970215 3.73246988 26.27784811
0.70217950 3.64442481 24.27987921
1.46817975 3.69018629 22.53002267
2.06887945 3.91284769 20.99346139
2.60024157 4.33009944 19.65688382
3.12824872 4.95988681 18.52959217
3.71553795 5.81724132 17.63566375
4.40558168 6.92791512 17.02495558
5.23985026 8.30778593 16.77482907
6.25370007 9.94933108 16.99508873
7.46196249 11.80834610 17.84512253
8.84816452 13.72025608 19.48365859
10.34650612 15.38850195 22.02920907
11.80144610 16.32754228 25.43915395
12.97156947 16.05903731 29.32985036
13.57210371 14.28934600 32.95492059
13.38482667 11.43811016 35.44338260
12.41878839 8.10237808 36.35724435
10.86704392 5.04250224 35.77243984
9.03644364 2.81685117 34.09244399
7.22960702 1.51486454 31.94050110
5.65637287 0.92817037 29.70220460
4.40630375 0.81280508 27.53949717
3.49026371 0.95674258 25.52018869
2.87056078 1.24564072 23.65689984
2.49843563 1.61798248 21.94751099
2.32728905 2.05548735 20.38675760
2.32581095 2.56352301 18.97325288
2.46720638 3.17040095 17.71173704
2.74675729 3.91033849 16.61493318
3.16953642 4.82768443 15.70889727
3.74955163 5.97351670 15.03917769
4.51418265 7.40216869 14.67731788
5.49303726 9.14842853 14.74084980
6.71306261 11.20899161 15.39547728
8.18773518 13.49769722 16.87429573
9.87637905 15.74585703 19.40264832
11.64880309 17.45165387 23.09903805
13.24436336 17.88304203 27.72073544
14.29840037 16.45584215 32.49236312
14.44921100 13.15544200 36.20127485
13.56062839 9.04925246 37.96748994
11.83408886 5.12010182 37.66368719
9.66153082 2.14231452 35.87035273
7.45112982 0.39556001 33.38583327
5.49742115 -0.40667613 30.80901152
3.92864049 -0.61675950 28.36746408
2.75826906 -0.52923238 26.13022163
1.93356207 -0.31834460 24.09219427
1.38246157 -0.07637136 22.23031313
1.03696799 0.15865508 20.52253513
0.83948567 0.38021762 18.95183898
0.75004660 0.59602985 17.50583910
0.74027942 0.82269821 16.17504036
0.79598148 1.07903711 14.95238530
0.90989775 1.38913610 13.83301576
1.08529360 1.77919412 12.81483257
1.33102516 2.28328487 11.90029943
1.66386166 2.94352702 11.09771562
2.10862923 3.81428928 10.42720207
2.70036841 4.96051216 9.93045468
3.48564279 6.45847518 9.68003550
4.51729644 8.42941880 9.78658352
5.85412893 10.92670721 10.46892057
7.55996401 13.91688581 12.06208056
9.64716776 17.18979443 14.99944189
12.02223099 20.10771753 19.73270735
14.35933068 21.49117535 26.23351204
16.07618182 19.99010544 33.45824642
16.50434042 15.24572057 39.28093724
15.30273230 8.70760505 41.80933974
12.75531314 2.82932053 40.99541603
9.59661020 -1.12059564 38.08655304
6.51625832 -3.08352955 34.64210993
3.91443758 -3.77674389 31.46174731
1.90288429 -3.85144857 28.72838046
0.42577545 -3.73043487 26.39712623
-0.63547086 -3.63381700 24.38099926
-1.41485677 -3.66913008 22.61603743
-2.02333719 -3.87883353 21.06591392
-2.55407266 -4.28328881 19.71647203
-3.08167115 -4.89666083 18.57316183
-3.66039262 -5.73956144 17.66200872
-4.34343739 -6.83005570 17.02780817
-5.16706065 -8.19285813 16.74781364
-6.16601133 -9.82297436 16.93168820
-7.35967630 -11.66711680 17.72028428
-8.74049054 -13.59058475 19.30568093
-10.23901115 -15.29564052 21.79589972
-11.71191251 -16.32712417 25.16522849
-12.91440700 -16.16393868 29.04092392
-13.56560229 -14.52495821 32.71958882
-13.44123483 -11.60896814 35.33199590
-12.51231798 -8.24898654 36.38000590
-10.97204085 -5.19284662 35.88278963
-9.14192180 -2.90542233 34.28357293
-7.32267548 -1.54803659 32.14343829
-5.72800705 -0.91660471 29.89284761
-4.45198159 -0.76625679 27.71258246
-3.50952019 -0.89482740 25.67499096
-2.86682054 -1.17263664 23.79405314
-2.47616825 -1.53448348 22.06742812
-2.28746130 -1.96034919 20.48972222
-2.26825578 -2.45398158 19.05837691
-2.39516153 -3.03888047 17.77679093
-2.65531751 -3.75298795 16.65645301
-3.05638572 -4.63731202 15.71988500
-3.61150828 -5.74255921 15.00915373
-4.34543667 -7.12167795 14.59208895
-5.29020736 -8.82463551 14.57517058
-6.47417238 -10.85130169 15.12167119
-7.91210282 -13.13137137 16.44217448
-9.58247735 -15.43602063 18.80219985
-11.37248034 -17.29759168 22.33918368
-13.04277243 -18.01712920 26.90954809
-14.22435888 -16.92487922 31.77013084
-14.54938370 -13.90382950 35.78864272
-13.82179541 -9.68157007 37.89523459
-12.17543972 -5.57538951 37.89892082
-10.00429822 -2.40550144 36.25633084
-7.74625890 -0.47398967 33.81183528
-5.72046849 0.43713620 31.20031375
-4.07682273 0.71201888 28.71612090
-2.83887972 0.65209721 26.43974624
-1.95921050 0.45379681 24.36838032
-1.36577477 0.22048875 22.47862782
-0.98544370 -0.00397457 20.74667012
-0.75939012 -0.20812731 19.15420986
-0.64252810 -0.39804668 17.68761185
-0.60468745 -0.58706910 16.33649801
-0.62748669 -0.79204598 15.09265333
-0.70192178 -1.03220994 13.94967445
-0.82641024 -1.32976236 12.90307275
-1.00678098 -1.71070766 11.95104909
-1.25420999 -2.20868402 11.09611596
-1.58701785 -2.86612454 10.34618753
-2.03177266 -3.73873579 9.72238363
-2.62675803 -4.88349281 9.27054917
-3.41839723 -6.40290125 9.05160999
-4.45794510 -8.41945335 9.18234413
-5.80996700 -10.98227535 9.89638678
-7.55056025 -14.06414900 11.54317157
-9.69486609 -17.45925375 14.58225002
-12.14519750 -20.50315893 19.49879808
-14.56234434 -21.93689910 26.28513196
-16.32809654 -20.31022119 33.81725166
-16.73543638 -15.25178009 39.82759513
-15.43088062 -8.39360772 42.31286050
-12.73961998 -2.34143673 41.30939190
-9.45205381 1.63998442 38.20754117
-6.28081982 3.55462869 34.65452589
-3.62537610 4.19352460 31.43730863
-1.58577982 4.23638218 28.71055459
-0.09270872 4.10754403 26.40729292
0.98141008 4.02596386 24.43157032
1.77746587 4.09375672 22.71633864
2.40746725 4.35114142 21.22659362
2.96952424 4.81566183 19.95048303
3.53666625 5.50072925 18.90008600
4.16472986 6.42208950 18.10869419
4.90483201 7.59044601 17.63082178
5.78870580 9.01516840 17.55547416
6.84316047 10.66188396 17.99719833
8.07078814 12.43607505 19.09235309
9.43972688 14.13568740 21.00190891
10.84754675 15.42135335 23.74164833
12.11753074 15.84028246 27.14317658
12.99965846 15.02656363 30.68116555
13.26263190 12.94150828 33.64624377
12.78778667 9.98690058 35.38905360
11.64435667 6.93980760 35.67756094
10.06187930 4.40704882 34.71865414
8.34135692 2.66758845 32.97464557
6.72589182 1.71387503 30.89273409
5.36614863 1.33641347 28.77262476
4.31436096 1.32857780 26.74149294
3.56569826 1.54398744 24.84612632
3.08515920 1.89200573 23.09857076
2.83429796 2.33184743 21.50097795
2.77530146 2.85815584 20.05621124
2.87825538 3.49106778 18.77198990
3.13849836 4.25601192 17.66310022
3.55371044 5.19425906 16.75933679
4.13096994 6.35276287 16.10933822
4.89450250 7.77350049 15.78782169
5.86637628 9.47638932 15.91063451
7.06111848 11.43666089 16.63026363
8.48125073 13.54225272 18.16204564
10.07150651 15.51240285 20.67568763
11.68641017 16.86022179 24.20157647
13.07674370 16.97968064 28.43760035
13.91365332 15.43663491 32.61120692
13.91801950 12.35379082 35.73238439
13.00990255 8.60356634 37.10241639
11.37738540 5.15744398 36.71043744
9.38751691 2.55722062 35.02653208
7.38696809 1.01839197 32.73463441
5.62570076 0.30568665 30.33044625
4.21280860 0.12246506 28.02408802
3.16270057 0.22925745 25.88662802
2.43363610 0.47424735 23.92343993
1.96657384 0.77982961 22.12306216
1.70244113 1.11815899 20.47172125
1.60200580 1.48582806 18.95952611
1.62808610 1.90382744 17.58036057
1.76472109 2.39977550 16.33342119
2.00993510 3.00830715 15.22415769
2.36889263 3.77544714 14.26737239
2.86136498 4.75321008 13.49055523
3.51536053 6.00253785 12.94646411
4.36687473 7.57201132 12.72365777
5.46353853 9.55096488 12.95889370
6.84051017 11.94243264 13.86205286
8.51218065 14.59479175 15.72486092
10.44496181 17.18045342 18.87140216
12.46358168 18.99051589 23.45487171
14.22219644 19.10059859 29.08478520
15.23806454 16.79497431 34.59875234
15.08372670 12.55723612 38.34666111
13.72670306 7.44367912 39.56396535
11.47354126 3.04396860 38.40617936
8.86144953 0.16215855 35.86188836
6.38273341 -1.29902421 32.96524653
4.30601612 -1.81460275 30.18286032
2.70667368 -1.86296209 27.67675341
1.53922756 -1.72349534 25.44024490
0.71577637 -1.55977768 23.43203738
0.14325277 -1.44952040 21.61290988
-0.26449268 -1.42355348 19.95419556
-0.57188520 -1.49358728 18.43810393
-0.83167439 -1.66424354 17.05265077
-1.08290350 -1.94382872 15.79140094
-1.35821096 -2.34748205 14.65272093
-1.68650651 -2.90062426 13.64099001
-2.09676949 -3.64121422 12.77025655
-2.62515759 -4.61684683 12.06909284
-3.30800065 -5.89549312 11.58874615
-4.19311884 -7.54652247 11.42322210
-5.33333137 -9.61715979 11.72208066
-6.78495303 -12.16451694 12.72724177
-8.56838386 -15.06183112 14.75960466
-10.64186694 -17.90402505 18.20061606
-12.82524715 -19.91256891 23.25746283
-14.72620906 -19.96400013 29.50686163
-15.78392951 -17.21941119 35.57184232
-15.51303628 -12.30598335 39.55328855
-13.89678312 -6.62880022 40.54426866
-11.34342596 -1.95601268 38.95405680
-8.47986625 0.92155697 36.02840621
-5.83315224 2.27240582 32.91647665
-3.66135672 2.68990952 30.04437970
-2.01101525 2.68249087 27.51727244
-0.81251108 2.54338644 25.29760101
0.04120817 2.43275110 23.32680254
0.65652605 2.42391136 21.55932186
1.12879487 2.54735849 19.96634963
1.52957467 2.81926867 18.53460478
1.91972734 3.25240061 17.26044133
2.34445977 3.86921332 16.15204512
2.84742505 4.69928420 15.23046290
3.46989701 5.78339304 14.53556743
4.25006457 7.17159530 14.13780489
5.23372146 8.89635380 14.14676100
6.46035481 10.97598356 14.73465031
7.94910320 13.34164550 16.13347130
9.67288801 15.72953782 18.59575276
11.51989811 17.65035825 22.29723067
13.23811418 18.33128456 27.07782326
14.44207744 17.07121483 32.17194445
14.72740549 13.85600988 36.27213095
13.91344506 9.55064408 38.32603008
12.17745027 5.23871302 38.16837654
9.91270049 2.00501062 36.33072563
7.57785951 0.10537204 33.75655897
5.50556994 -0.75816674 31.08943475
3.84089517 -0.99170921 28.57850064
2.59457974 -0.91383188 26.29211052
1.71053135 -0.71774802 24.22025590
1.11030343 -0.50449335 22.33349144
0.71837627 -0.31751780 20.60578017
0.47104488 -0.16739822 19.01745455
0.32219708 -0.05109093 17.55412211
0.23841927 0.04082600 16.20445857
0.19795270 0.11855234 14.95909183
0.18735973 0.19172150 13.80983364
0.19883812 0.26948265 12.74935477
0.22919721 0.36048449 11.77106952
0.27806771 0.47434535 10.86910296
0.34822238 0.62193788 10.03837228
0.44463099 0.81752945 9.27482264
0.57521270 1.07938654 8.57556652
0.75161620 1.43277579 7.94015814
0.99131631 1.91014528 7.37285391
1.31554305 2.55786188 6.88027496
1.75154634 3.44327051 6.48038449
2.34317095 4.64889556 6.21929350
3.14982231 6.26616410 6.17634256
4.24000266 8.41146386 6.49488011
5.70135619 11.26837450 7.39228661
7.60671386 14.81538501 9.29286377
10.00308409 18.78476356 12.83600468
12.78802955 22.37300074 18.67089597
15.55409146 23.91426855 26.85003583
17.49737383 21.48529992 35.85262984
17.69962870 14.90118107 42.46839304
15.83327282 6.53648156 44.43395133
12.44263014 -0.23430980 42.28755918
8.56922886 -4.10424987 38.34235189
5.03822206 -5.63280785 34.40859767
2.20932963 -5.98254341 31.16548364
0.09553890 -5.87746701 28.58325841
-1.43215786 -5.72274024 26.50473870
-2.53544005 -5.69619688 24.79889990
-3.37388323 -5.87497601 23.38736025
-4.07331079 -6.27709993 22.24248773
-4.72204299 -6.90275269 21.37039376
-5.39786957 -7.73662565 20.79399615
-6.13919426 -8.76138144 20.56830215
-6.97416956 -9.93072554 20.75531053
-7.90850120 -11.16327224 21.42202053
-8.91370053 -12.32451584 22.63619428
-9.92702994 -13.21904091 24.38401492
-10.85036979 -13.61302523 26.55531235
-11.53973642 -13.30347260 28.87387957
-11.86457728 -12.23265181 30.97894782
-11.73934707 -10.53651405 32.49016177
-11.16417215 -8.57205362 33.16402646
-10.23320517 -6.71446651 32.99099309
-9.10448860 -5.20446131 32.11282443
-7.94253017 -4.17104422 30.78656904
-6.87939744 -3.61217357 29.22863378
-6.00064500 -3.42590238 27.62331023
-5.34077820 -3.51696233 26.06110668
-4.90443660 -3.81812305 24.59481543
-4.68107973 -4.28280808 23.26075333
-4.65304772 -4.89386276 22.08774065
-4.81532045 -5.64459097 21.10515166
-5.15562368 -6.54351432 20.35463410
-5.65679305 -7.60875005 19.88990265
-6.32483853 -8.83317724 19.77969023
-7.15826002 -10.18370172 20.10964080
-8.13335783 -11.57448295 20.96488399
-9.20395834 -12.86412661 22.41198606
-10.28899991 -13.80264980 24.45242794
-11.26193046 -14.12244616 26.94260127
-11.95672343 -13.59750004 29.55427312
-12.21941968 -12.21032086 31.81449175
-11.95995769 -10.29378000 33.28780867
-11.22423920 -8.13072505 33.79861369
-10.13569114 -6.10027238 33.39991845
-8.86708926 -4.54055434 32.26086264
-7.59929983 -3.54601063 30.68310607
-6.47384381 -3.05428241 28.98427798
-5.56489156 -2.94148652 27.26831362
-4.90033240 -3.09962627 25.62261152
-4.47579245 -3.44257033 24.09116005
-4.27154636 -3.93512576 22.70050508
-4.26839505 -4.56279216 21.47527457
-4.44396693 -5.33529136 20.44429512
-4.79432379 -6.26753202 19.64403683
-5.32511130 -7.37122889 19.12556553
-6.03145049 -8.65288312 18.96377995
-6.90245156 -10.09946387 19.24848510
-7.93769916 -11.63309988 20.09743062
-9.10189094 -13.09952176 21.60836585
-10.30638356 -14.24473949 23.79117120
-11.41575198 -14.74431674 26.53733597
-12.23833877 -14.30077442 29.47234842
-12.59336396 -12.83566266 32.09291042
-12.36070746 -10.57029939 33.85778489
-11.55790942 -8.06173243 34.49696643
-10.33059065 -5.80109157 34.05436864
-8.90634501 -4.06871498 32.79631970
-7.49196549 -2.98705737 31.08901119
-6.24333073 -2.46599673 29.21872095
-5.24078039 -2.34044822 27.36370659
-4.50377225 -2.48950795 25.59452798
-4.02268494 -2.82156836 23.95025211
-3.77032791 -3.29059244 22.44961895
-3.72508291 -3.87959354 21.10808931
-3.86190133 -4.60016998 19.94670450
-4.16672768 -5.47728457 18.99509286
-4.64644797 -6.53466627 18.29542019
-5.30537640 -7.79524438 17.91435539
-6.14489796 -9.26798901 17.94070793
-7.17615289 -10.92362514 18.50251753
-8.38608946 -12.65627413 19.73687757
-9.71486274 -14.23712069 21.73970513
-11.05119337 -15.32861712 24.52149742
-12.20430107 -15.49291772 27.83762407
-12.94413156 -14.45158191 31.17790535
-13.05923707 -12.22890749 33.82501681
-12.46909641 -9.42342993 35.24713112
-11.28333860 -6.61270766 35.29880622
-9.73939940 -4.28503252 34.22901387
-8.09898218 -2.73709849 32.46307642
-6.58324416 -1.90397819 30.43840612
-5.31935899 -1.59572293 28.39064608
-4.35275797 -1.63423010 26.42886900
-3.67737223 -1.87828151 24.59725148
-3.25993936 -2.25544444 22.91013543
-3.06313201 -2.73332565 21.37414109
-3.05193499 -3.31353523 19.99604652
-3.21251743 -4.01057802 18.78762426
-3.53329169 -4.85805998 17.77266764
-4.01299516 -5.89814023 16.99009104
-4.66942160 -7.16854695 16.49955451
-5.51975650 -8.69614554 16.39468881
-6.57596229 -10.47249719 16.79770343
-7.85240915 -12.44214048 17.89924978
-9.31668140 -14.40945558 19.86461283
-10.86582410 -15.99387039 22.78030919
-12.31552711 -16.68052940 26.53780762
-13.37911536 -15.95145494 30.58767747
-13.76983768 -13.68014805 34.09685027
-13.31161058 -10.34770134 36.20563816
-12.06573227 -6.91742893 36.63316745
-10.31438472 -4.00983471 35.57811098
-8.39191174 -2.04585567 33.63436324
-6.58727650 -0.99104312 31.35022668
-5.06990069 -0.57693968 29.06454238
-3.89615419 -0.56091505 26.90026698
-3.05479435 -0.75630195 24.89607539
-2.49892286 -1.06055626 23.05310559
-2.17444161 -1.42600529 21.36339938
-2.03515006 -1.84265285 19.81922978
-2.05041894 -2.32105103 18.41732904
-2.19537247 -2.89189480 17.16017986
-2.46780693 -3.58972489 16.05770560
-2.87334593 -4.46055230 15.13212859
-3.42849190 -5.55779123 14.42310551
-4.16190944 -6.93968719 13.99548346
-5.10725417 -8.65338536 13.95965749
-6.29917032 -10.71764323 14.47718320
-7.76254551 -13.08265755 15.78223233
-9.47477742 -15.51870196 18.13382094
-11.33264707 -17.57208620 21.72616550
-13.10201601 -18.44500459 26.46679938
-14.40339971 -17.43637490 31.65146168
-14.81401426 -14.31286585 35.99961330
-14.10346402 -10.01487812 38.34412739
-12.42530279 -5.59911137 38.38723562
-10.16559831 -2.19806922 36.66984501
-7.79499560 -0.15348265 34.11468746
-5.66498478 0.80493408 31.41741216
-3.93953107 1.08352897 28.86755075
-2.64049754 1.02836019 26.54733732
-1.71351007 0.84250090 24.44782131
-1.07889928 0.63660127 22.53869604
-0.65978142 0.45964014 20.79242566
-0.38843096 0.32505326 19.18798773
-0.21750120 0.23284312 17.71048845
-0.10918037 0.17458176 16.34790037
-0.04058540 0.14359440 15.09070363
0.00533774 0.13304096 13.93040795
0.03892313 0.13909783 12.85947486
0.06737652 0.15976548 11.87101946
0.09582167 0.19504540 10.95874627
0.12817886 0.24700283 10.11690849
0.16838563 0.31944983 9.34028829
0.22035480 0.41882388 8.62423054
0.28934302 0.55416307 7.96474268
0.38194281 0.73829823 7.35860812
0.50667616 0.98977162 6.80382953
0.67635621 1.33340238 6.30059805
0.90811541 1.80324965 5.85228170
1.22337049 2.44887737 5.46648114
1.65495590 3.33673459 5.16548974
2.24804801 4.54679200 4.99417024
3.06040654 6.19881529 5.02309683
4.16630847 8.44659257 5.38478291
5.65666166 11.39796987 6.36487379
7.62819824 15.08898370 8.40685309
10.13221891 19.29842524 12.18691921
13.05262238 23.11130418 18.39230427
15.94822499 24.69683810 27.13370640
17.94514090 21.88892103 36.68159801
18.04760815 14.49688879 43.51142988
15.92600309 5.85836423 45.28197195
12.29762826 -1.13580792 42.70839868
8.23252477 -4.95763278 38.46752552
4.57743820 -6.41816738 34.45660181
1.67820445 -6.68318812 31.23188521
-0.47311910 -6.52750439 28.72761416
-2.01805184 -6.35448590 26.75937271
-3.13643927 -6.32882511 25.17806121
-3.98053345 -6.51051011 23.90587813
-4.68798808 -6.91169856 22.90668380
-5.34209549 -7.52117338 22.19061025
-6.01002995 -8.31318497 21.78098835
-6.73319311 -9.24869599 21.71910556
-7.52173382 -10.26996960 22.05968303
-8.37222888 -11.27946856 22.83642404
-9.24768041 -12.14071760 24.05899844
-10.07818213 -12.67346337 25.68329945
-10.77089621 -12.72312936 27.55267408
-11.21964778 -12.15880572 29.41088458
-11.33428290 -11.07057695 30.94426638
-11.07790690 -9.68953984 31.90636868
-10.49847376 -8.17114049 32.21229341
-9.68896791 -6.70512175 31.90844380
-8.74984467 -5.54248946 31.07371342
-7.80484028 -4.76116132 29.86385798
-6.95376968 -4.35692286 28.51059433
-6.26272931 -4.25989282 27.13242414
-5.75848545 -4.41012914 25.79135340
-5.45108053 -4.75321064 24.54463745
-5.33258633 -5.25330022 23.43205649
-5.39540835 -5.89886665 22.48939931
-5.63215748 -6.68161284 21.75679145
-6.02809968 -7.60094421 21.28183776
-6.57172270 -8.64522080 21.11700386
-7.26176614 -9.78088515 21.33355102
-8.07597558 -10.93523432 21.98974518
-8.96657865 -11.98937627 23.12159511
-9.86651859 -12.78366018 24.71929013
-10.67692059 -13.10505735 26.66620952
-11.28076684 -12.80476794 28.73935032
-11.56014212 -11.83530643 30.61300807
-11.44286792 -10.35177955 31.95807148
-10.93031487 -8.66936685 32.58638726
-10.11076341 -7.01927880 32.46493402
-9.11200254 -5.63374144 31.72117007
-8.06984995 -4.66444504 30.53589662
-7.10420474 -4.11655755 29.11947750
-6.29688722 -3.91524836 27.64925917
-5.68422269 -3.99042199 26.19962714
-5.27936589 -4.27835839 24.83442450
-5.07641812 -4.73197683 23.59423927
-5.06436427 -5.33483613 22.51257239
-5.23487938 -6.07876499 21.62535174
-5.57332920 -6.96846034 20.97642637
-6.06951576 -8.00379331 20.61717071
-6.72669466 -9.16931327 20.61714056
-7.53147565 -10.41427457 21.04717692
-8.44933734 -11.64452186 21.97351525
-9.42763344 -12.71492528 23.42897153
-10.38117677 -13.39150099 25.37176992
-11.18971926 -13.46796254 27.62633002
-11.70956096 -12.78882198 29.87299526
-11.82445227 -11.42468745 31.70941245
-11.48487749 -9.68595453 32.81987691
-10.75313651 -7.80577462 33.09576382
-9.74569909 -6.08690033 32.61378848
-8.61122374 -4.78664118 31.51946457
-7.49956976 -3.97010284 30.05092874
-6.52528911 -3.58518692 28.49088052
-5.74996140 -3.53095081 26.92273699
-5.19541846 -3.72655779 25.42032077
-4.86145340 -4.10368094 24.02991730
-4.73240782 -4.63431421 22.78322527
-4.79674001 -5.30629386 21.71069903
-5.03855913 -6.12509871 20.84911988
-5.44630212 -7.10067803 20.24371857
-6.02563920 -8.23513346 19.95476020
-6.77204016 -9.50663356 20.05632304
-7.66562764 -10.86277653 20.63412274
-8.67416031 -12.19769459 21.76021921
-9.74364501 -13.30121920 23.48962690
-10.77020020 -13.93408178 25.74305956
-11.60061366 -13.84411554 28.28167402
-12.07756699 -12.89691108 30.70685841
-12.07282945 -11.24082012 32.55259252
-11.57136913 -9.14047509 33.52947461
-10.64714477 -7.02656353 33.54890992
-9.46037258 -5.26157126 32.73428633
-8.19231656 -4.02757247 31.36856539
-7.00855494 -3.32418670 29.75385271
-6.00838158 -3.05616117 28.05320742
-5.24286503 -3.10729767 26.38665207
-4.72031728 -3.36702781 24.81861692
-4.42410655 -3.79374611 23.37844626
-4.33577459 -4.36173104 22.09296490
-4.43316864 -5.07112227 20.98885168
-4.71007437 -5.93107474 20.09819584
-5.16537918 -6.95344457 19.46689698
-5.79045999 -8.15327888 19.16073132
-6.58389006 -9.52137254 19.26098291
-7.54706978 -11.00827263 19.87681489
-8.64926711 -12.48988209 21.09987275
-9.82522080 -13.76039820 22.98661653
-10.96181388 -14.51859355 25.47809960
-11.89489618 -14.44886859 28.32513602
-12.43688924 -13.38162196 31.07323139
-12.43879450 -11.43793969 33.16800576
-11.86041679 -9.09830709 34.23759371
-10.81410681 -6.74818683 34.20029655
-9.48293208 -4.80655439 33.25570932
-8.07883383 -3.48908967 31.71057018
-6.77982252 -2.76319697 29.92280823
-5.69413401 -2.49325179 28.08674308
-4.86500384 -2.54824944 26.30558161
-4.29634300 -2.81430495 24.63362864
-3.96581082 -3.23461420 23.09653272
-3.84938701 -3.78273911 21.71320612
-3.91905535 -4.46274634 20.50424974
-4.16407117 -5.29020022 19.49529832
-4.58972336 -6.28258223 18.72345962
-5.19208106 -7.46605173 18.24990027
-5.96596859 -8.86034166 18.15672553
-6.92799138 -10.44099467 18.55646081
-8.06812585 -12.12191231 19.57553737
-9.34025182 -13.71641327 21.32236140
-10.65097136 -14.92887266 23.83042417
-11.83758156 -15.34817495 26.94310664
-12.68354985 -14.66308260 30.23009054
-12.97412420 -12.80318749 33.03489320
-12.58736408 -10.24127266 34.76211029
-11.59094259 -7.45617450 35.18033424
-10.17187529 -5.01464918 34.43660631
-8.58422968 -3.27599309 32.85398398
-7.05816553 -2.27375537 30.90697379
-5.75004101 -1.84122393 28.90220512
-4.72337482 -1.80073671 26.94923414
-3.98847988 -1.99976105 25.11273167
-3.51775908 -2.35285291 23.41452754
-3.27786514 -2.81860705 21.86525203
-3.23281827 -3.39188452 20.47410459
-3.36414821 -4.08464722 19.25385482
-3.66433925 -4.92221706 18.22771457
-4.12565462 -5.94591728 17.43504140
-4.76156531 -7.19136545 16.93457416
-5.58940859 -8.68213589 16.81519890
-6.62025023 -10.41001313 17.19941444
-7.85436863 -12.30401285 18.24413754
-9.26941124 -14.18223711 20.13452466
-10.76500011 -15.69751885 22.92777274
-12.16060588 -16.35638371 26.51361908
-13.18873022 -15.69794641 30.37397835
-13.58021781 -13.59678009 33.73273878
-13.17030043 -10.44340019 35.80397612
-12.00895110 -7.11907131 36.27979880
-10.33971606 -4.31736763 35.34841807
-8.49428088 -2.37660259 33.52424331
-6.74714033 -1.31121293 31.32602868
-5.26897305 -0.87691474 29.09836261
-4.11900698 -0.84319292 26.97304481
-3.29228640 -1.03598465 24.99763598
-2.74772713 -1.35140356 23.17787752
-2.43846761 -1.74120297 21.51004695
-2.31666912 -2.19790880 19.99033115
-2.35563606 -2.73212032 18.61853385
-2.54056178 -3.36990814 17.40138179
-2.85885597 -4.15626547 16.35557750
-3.32350431 -5.13478800 15.51066187
-3.95385811 -6.35600019 14.91933440
-4.77398852 -7.86090736 14.66499638
-5.82010318 -9.70083135 14.87941615
-7.11493702 -11.85620951 15.74539558
-8.65326519 -14.16762581 17.49117614
-10.38244426 -16.32241925 20.34537965
-12.13602674 -17.72072020 24.35828131
-13.61811600 -17.66242086 29.13809698
-14.44580743 -15.65715677 33.73634432
-14.29474401 -12.12279802 36.91008274
-13.14857650 -7.87116620 38.04040749
-11.24788743 -4.10010433 37.21111704
-9.01279351 -1.48939397 35.10456947
-6.84730265 -0.06548942 32.56844601
-4.99636510 0.51245351 30.01757655
-3.54869630 0.60642638 27.63842148
-2.48773318 0.46418484 25.46600697
-1.75272185 0.23462519 23.48651839
-1.27131735 -0.00991922 21.67580615
-0.97622729 -0.24381794 20.01325403
-0.81709289 -0.46551097 18.48366127
-0.75577876 -0.68738692 17.07550677
-0.77021114 -0.92622469 15.78031140
-0.84722727 -1.20393488 14.59177755
-0.98442839 -1.54459669 13.50601511
-1.18639610 -1.97803899 12.52260151
-1.46492555 -2.54120998 11.64593302
-1.84007525 -3.28053179 10.88847906
-2.34060777 -4.25400784 10.27882881
-3.00660837 -5.53050954 9.86855443
-3.88330961 -7.21791209 9.73598972
-5.02769154 -9.39221129 10.04563885
-6.50915917 -12.08328373 11.05633879
-8.36919464 -15.21763296 13.13417802
-10.59348752 -18.44818889 16.76154392
-12.99390614 -20.89837977 22.21868692
-15.15060322 -21.24089412 29.18489344
-16.40986735 -18.35847502 36.09311982
-16.18126421 -12.59895625 40.69776360
-14.37104125 -6.22783844 41.82671453
-11.51005950 -1.05231186 39.96223659
-8.33488308 2.03828620 36.70594649
-5.43036229 3.41429173 33.33257903
-3.07145084 3.79885471 30.33035245
-1.29146142 3.76201612 27.76610945
0.00103004 3.63160549 25.56553699
0.93302895 3.57838781 23.65101073
1.62792507 3.67487717 21.96863070
2.19153795 3.95339284 20.49079337
2.70916975 4.42985534 19.21155644
3.24334768 5.12228417 18.14453057
3.85235639 6.04800931 17.31965464
4.57622669 7.23486933 16.79439952
5.45705204 8.69389604 16.65386509
6.52591477 10.41416007 17.02270861
7.79190738 12.32873972 18.06828562
9.22894620 14.23718919 19.94917608
10.75052166 15.79667527 22.76148742
12.17623431 16.48259476 26.39341151
13.24085366 15.83205011 30.35549079
13.65938237 13.68856616 33.81099439
13.25314113 10.60737519 35.93961134
12.09533020 7.20933594 36.43916562
10.41540587 4.30168196 35.49855649
8.54026878 2.30723787 33.60136808
6.75999505 1.21349492 31.38495767
5.25097401 0.77488433 29.13521762
4.07970963 0.74546721 26.99357984
3.23777532 0.93600886 25.00448906
2.68175487 1.24677245 23.17336297
2.35973121 1.62930181 21.49500435
2.22903038 2.07177876 19.96378238
2.25786664 2.58619224 18.57861393
2.42362243 3.20321916 17.34475078
2.72545645 3.95810381 16.27582962
3.16863203 4.89832978 15.39988337
3.77154608 6.07686444 14.76378000
4.56254311 7.54682296 14.44460560
5.57289932 9.34327354 14.56639509
6.83057516 11.45966946 15.30447785
8.34835635 13.80085992 16.90237438
10.07542904 16.06264706 19.58421570
11.87206515 17.71506286 23.46042768
13.45860097 17.97679814 28.24053356
14.45107790 16.29497438 33.06312317
14.49224837 12.78867324 36.66256417
13.47609149 8.62215613 38.20450466
11.65503447 4.64941919 37.67117301
9.41978444 1.76650587 35.71419737
7.18947284 0.12543302 33.16148808
5.24503456 -0.59275018 30.56120383
3.70136535 -0.75305615 28.12235213
2.55791426 -0.64426877 25.89636415
1.75584235 -0.43180185 23.87178854
1.22016211 -0.20142634 22.02284619
0.88146288 0.01253633 20.32678611
0.68276540 0.20462898 18.76639309
0.58329335 0.38250274 17.32886775
0.55529742 0.56023719 16.00422954
0.58242519 0.75438939 14.78447832
0.65716862 0.98335467 13.66323472
0.77915009 1.26824289 12.63598147
0.95361934 1.63487486 11.70061544
1.19274573 2.11485148 10.85876229
1.51521518 2.74891415 10.11977976
1.94720601 3.59067352 9.50045447
2.51957125 4.71696157 9.03284951
3.27996374 6.21167984 8.79223739
4.29201317 8.15970275 8.90050479
5.62041249 10.64424542 9.56321845
7.33642055 13.73176035 11.10316267
9.45517869 17.17914587 13.97642204
11.90461761 20.37623605 18.71367638
14.38050010 22.07513261 25.42790925
16.28541808 20.77393955 33.14118299
16.86895915 15.98979185 39.52533748
15.72681913 9.22933254 42.44381238
13.13297318 2.80602308 41.67461668
9.82169028 -1.47430978 38.58968741
6.56899909 -3.57883269 35.00716706
3.82071573 -4.29074704 31.72454892
1.70121424 -4.36192685 28.94767566
0.14531073 -4.23434475 26.61294966
-0.97685247 -4.14665123 24.62082378
-1.80185444 -4.20453996 22.89827205
-2.45373186 -4.45359198 21.40478763
-3.03034577 -4.91215143 20.12968018
-3.60454225 -5.59407096 19.08500827
-4.24096296 -6.50913436 18.30087957
-4.98077624 -7.67394743 17.83643906
-5.86474337 -9.08320028 17.77375246
-6.91693930 -10.70614661 18.23037118
-8.13523853 -12.44880494 19.35009383
-9.48149676 -14.09818178 21.24611999
-10.85734517 -15.32106325 23.94790492
-12.08463064 -15.66880498 27.27312198
-12.92872706 -14.80997144 30.73146403
-13.16286572 -12.71828513 33.59655132
-12.67281517 -9.94177170 35.25480356
-11.55414369 -7.00153120 35.51048286
-10.01947034 -4.51672592 34.57068325
-8.34595963 -2.81432627 32.81478760
-6.77098735 -1.87765115 30.76722437
-5.44264116 -1.50622688 28.69146145
-4.41525369 -1.50884053 26.69522453
-3.68791784 -1.72952458 24.82900219
-3.22645612 -2.08764290 23.10765364
-2.99216854 -2.54467917 21.53674948
-2.94718357 -3.09853800 20.12120786
-3.07458343 -3.76181433 18.87034491
-3.36094352 -4.56659802 17.80423338
-3.80294570 -5.55534890 16.95688052
-4.41713701 -6.76767981 16.38128286
-5.22099276 -8.23747475 16.16263167
-6.22685691 -9.96239460 16.41236960
-7.45984385 -11.92580474 17.31952304
-8.90295703 -13.97639152 19.06084601
-10.47154565 -15.76824071 21.75371867
-12.00789058 -16.79015343 25.40206044
-13.23618330 -16.47795318 29.55010429
-13.84994438 -14.55892387 33.39977242
-13.61655281 -11.32008069 35.99626673
-12.53183387 -7.73274845 36.87583949
-10.83541586 -4.56495013 36.12789137
-8.87938438 -2.30038952 34.30706651
-6.98170221 -1.02204886 32.01718680
-5.34970323 -0.46745093 29.68017339
-4.06329998 -0.37304267 27.45121443
-3.12379252 -0.52627758 25.38545738
-2.48623896 -0.80232848 23.48593448
-2.09471985 -1.13949626 21.74337803
-1.89690775 -1.51969618 20.14739807
-1.85758068 -1.94743607 18.69161534
-1.94681745 -2.44869267 17.37448279
-2.15670516 -3.05459039 16.20065206
-2.48873134 -3.80702729 15.18404327
-2.95464650 -4.75703290 14.35204996
-3.57970742 -5.96161904 13.75142678
-4.39619016 -7.47882531 13.46533376
-5.44067003 -9.34779315 13.62093290
-6.75522644 -11.59937969 14.41826981
-8.34887715 -14.11461908 16.11029448
-10.18184896 -16.57677958 18.98220082
-12.10512485 -18.37800288 23.18224527
-13.81536301 -18.66529052 28.41082108
-14.87255825 -16.73319787 33.67511206
-14.87007478 -12.92996868 37.49494202
-13.72384797 -8.26909489 38.97928477
-11.69915132 -3.96294490 38.22357915
-9.25848538 -0.98126225 35.94859459
-6.86925028 0.62712026 33.19482806
-4.82192607 1.27239969 30.47460729
-3.21984214 1.38173981 27.97718675
-2.04110239 1.25718209 25.72628775
-1.21173262 1.06769234 23.69450457
-0.64478500 0.89761091 21.84701456
-0.26251325 0.78159600 20.15677999
-0.00048861 0.72805469 18.60439913
0.18813772 0.73681447 17.17613816
0.33838327 0.80579950 15.86149511
0.47595045 0.93602060 14.65224697
0.62046222 1.13384301 13.54207177
0.78950368 1.41170426 12.52673872
0.99992710 1.79018027 11.60477304
1.27049701 2.29987775 10.77930798
1.62649461 2.98093563 10.06084172
2.09583585 3.89194527 9.47043343
2.71806416 5.10579955 9.05354553
3.54541675 6.70022095 8.89303427
4.63945419 8.79289553 9.12054388
6.06501402 11.45748222 9.97127062
7.88157572 14.63965054 11.82408248
10.09557846 18.06888553 15.16181357
12.58551121 20.97034487 20.45161759
14.96162480 21.99487938 27.54367060
16.55780406 19.75370151 35.06351630
16.68393198 14.18498819 40.61925141
15.09078930 7.21842361 42.44919754
12.21093780 1.40059207 40.91923620
8.86956450 -2.19717957 37.61611198
5.74720629 -3.82266448 34.06689604
3.18406273 -4.30856118 30.92661341
1.23815571 -4.29336059 28.28171711
-0.17872608 -4.16114123 26.04782386
-1.19853280 -4.10282103 24.12991803
-1.96301551 -4.20723334 22.46547122
-2.58058271 -4.50801756 21.02543688
-3.14404215 -5.02101051 19.80305898
-3.72667174 -5.75755477 18.81365360
-4.37911970 -6.73440656 18.09709902
-5.15172764 -7.95757967 17.71328719
-6.07462418 -9.42947648 17.75865657
-7.16637414 -11.10287226 18.35589005
-8.42125829 -12.86264698 19.62762568
-9.79317912 -14.45891958 21.72310898
-11.17002670 -15.53004761 24.63390779
-12.34739470 -15.64788341 28.08061831
-13.07992566 -14.48373769 31.50600490
-13.14800605 -12.19810034 34.14413923
-12.49946592 -9.22523286 35.49412902
-11.24226182 -6.29100639 35.42724735
-9.62666460 -3.95745556 34.21662187
-7.93460306 -2.44696459 32.37391676
-6.39255957 -1.66295331 30.29705846
-5.12221953 -1.41525426 28.20944093
-4.16496645 -1.47938199 26.22995271
-3.50053225 -1.73762201 24.38784735
-3.09325209 -2.11785085 22.69399526
-2.90145942 -2.59232814 21.15111754
-2.89723063 -3.15951701 19.76371935
-3.05625557 -3.84222071 18.54325864
-3.36894177 -4.67521790 17.51073997
-3.84270603 -5.69672582 16.70173930
-4.48822158 -6.94914052 16.17537303
-5.32689423 -8.46861103 16.02135067
-6.38173796 -10.26819314 16.37109892
-7.65807940 -12.27657618 17.39463190
-9.13345421 -14.32514914 19.27946827
-10.72409313 -16.04211591 22.17390558
-12.24871888 -16.90406935 25.97929939
-13.42143463 -16.34763323 30.21614022
-13.91886838 -14.20145489 33.95752058
-13.54804435 -10.84660696 36.33403404
-12.34064836 -7.15965389 36.91437113
-10.55696645 -4.04540276 35.91547498
-8.55915742 -1.93942441 33.95485494
-6.66961849 -0.79646725 31.62907363
-5.07516260 -0.35140558 29.28337052
-3.83946909 -0.31340951 27.07118478
-2.94676019 -0.49602032 25.02762084
-2.34824645 -0.78367068 23.15111135
-1.98821537 -1.12283944 21.42989301
-1.81517118 -1.49974815 19.85350605
-1.78907107 -1.92619147 18.41549185
-1.89161089 -2.42309666 17.11441392
-2.10893113 -3.02766611 15.95522990
-2.44569926 -3.78118672 14.95115701
-2.91706847 -4.73364227 14.12971850
-3.54649487 -5.94093242 13.54087351
-4.36918479 -7.47206534 13.26264270
-5.42305628 -9.37395497 13.42829635
-6.74635760 -11.64324390 14.23740039
-8.35454283 -14.18114657 15.95497592
-10.21436159 -16.68082568 18.89025233
-12.16470788 -18.51479593 23.16024270
-13.89619489 -18.81524675 28.47873001
-14.95522668 -16.87367108 33.78937368
-14.94129565 -12.83235765 37.66882157
-13.74048992 -7.98916122 39.14606096
-11.63951828 -3.72555538 38.31994209
-9.15207291 -0.75997786 36.01972306
-6.73680555 0.82000165 33.21605842
-4.67716429 1.44942646 30.46965044
-3.06779526 1.54947780 27.95935543
-1.88521604 1.42416645 25.70428748
-1.05227974 1.24391820 23.67209454
-0.47845535 1.09349143 21.82689591
-0.08473922 1.00714023 20.14077957
0.19516265 0.99441016 18.59409524
0.40893442 1.05773385 17.17365908
0.59462101 1.19787883 15.86964554
0.77928812 1.42166282 14.67548911
0.98735489 1.74130107 13.58737379
1.23928849 2.17965644 12.60548200
1.55954120 2.76822088 11.73603092
1.97525710 3.55212199 10.99410757
2.51846538 4.59298114 10.41162040
3.23435816 5.95968396 10.04910992
4.17559539 7.74182148 10.00748375
5.39994624 10.02944138 10.45800742
6.96592992 12.82340465 11.68760522
8.90530053 15.99016972 14.08265332
11.17347531 19.06449990 18.12107311
13.53217374 21.06964925 23.95045984
15.49985855 20.66452872 30.98885510
16.41001973 17.04661220 37.39248462
15.78420529 10.99344481 41.10327986
13.68268095 4.82065968 41.38403743
10.71058325 0.21340738 39.08043299
7.59916106 -2.36029942 35.75852844
4.84947369 -3.42118470 32.48314361
2.66127184 -3.66278928 29.60534158
1.02939463 -3.58338543 27.14152983
-0.14827011 -3.45789480 25.01251277
-0.99909035 -3.42885696 23.14827621
-1.64293798 -3.55434510 21.50294354
-2.17462116 -3.86171713 20.05514336
-2.67682165 -4.36471645 18.80070659
-3.20618742 -5.08391441 17.75594925
-3.81843827 -6.03896125 16.95295223
-4.55426948 -7.25998509 16.45102642
-5.45241635 -8.76400574 16.34183303
-6.54584311 -10.53398301 16.75028189
-7.84686781 -12.50640114 17.86122459
-9.32459213 -14.47306150 19.84089387
-10.88822501 -16.06207747 22.78956500
-12.34383906 -16.72606976 26.57143748
-13.41355047 -15.97295976 30.66692755
-13.79813731 -13.64276380 34.18615780
-13.32334241 -10.35662299 36.29430481
-12.06804719 -6.88155852 36.67492865
-10.30420132 -3.94549042 35.59138120
-8.36919336 -1.98919758 33.60627068
-6.55659809 -0.93822798 31.32144182
-5.03403279 -0.53652849 29.02851222
-3.86073658 -0.52744161 26.86183368
-3.02039364 -0.72561757 24.85658771
-2.46563128 -1.02975871 23.01350178
-2.14081400 -1.39359518 21.32356581
-2.00263491 -1.80546209 19.77886729
-2.01498295 -2.27930298 18.37575849
-2.15735360 -2.84291534 17.11624766
-2.42641636 -3.53127542 16.00996299
-2.82544971 -4.39194604 15.07844902
-3.37369137 -5.47746708 14.35853515
-4.09852614 -6.84399260 13.91649923
-5.03162653 -8.53439550 13.85605441
-6.21395362 -10.59022822 14.34291083
-7.66965080 -12.97122511 15.60170661
-9.37694703 -15.43794782 17.89194305
-11.24766897 -17.54426684 21.44655980
-13.04535270 -18.52286121 26.17927856
-14.39365753 -17.61703467 31.41958348
-14.86583435 -14.57251811 35.88921727
-14.20896528 -10.27856859 38.36413866
-12.56105947 -5.78023663 38.52351393
-10.29965744 -2.27556916 36.84850328
-7.90262556 -0.15213825 34.26156459
-5.73868597 0.84879413 31.54838485
-3.97915818 1.14605225 28.97941939
-2.65244714 1.09913563 26.64366538
-1.70352598 0.91689764 24.53209643
-1.05176519 0.71468811 22.61391387
-0.61862345 0.54359721 20.86050350
-0.33506078 0.41880296 19.25017507
-0.15164686 0.34099495 17.76765928
-0.02984418 0.30336564 16.40081531
0.05531839 0.30021763 15.13999882
0.12185478 0.32719319 13.97678980
0.18206870 0.38322247 12.90376141
0.24533375 0.47038199 11.91429773
0.31966382 0.59430144 11.00261008
0.41293280 0.76461829 10.16383293
0.53392872 0.99614913 9.39437909
0.69460533 1.30904154 8.69252992
0.90870800 1.73295703 8.05907454
1.19643370 2.30814275 7.50055910
1.58640172 3.08623564 7.03329827
2.11282639 4.14337744 6.68329960
2.82350483 5.57612281 6.51160817
3.78445650 7.49019425 6.63320062
5.06880531 9.97211318 7.25337575
6.77519482 13.20310092 8.67457287
8.95000247 17.03136059 11.39029458
11.56455763 20.86426567 16.10495519
14.37325491 23.45863759 23.25561474
16.74091963 22.87755256 32.07012802
17.75831705 17.93992396 39.98740570
16.76924529 10.19294971 43.99263726
13.98421748 2.54229280 43.41767346
10.26307188 -2.53523228 40.00167661
6.56780143 -4.96298336 35.99349945
3.45145384 -5.73412073 32.45663671
1.05619973 -5.77272274 29.59744927
-0.69363812 -5.61400145 27.30173427
-1.95515641 -5.52018220 25.42075702
-2.88292938 -5.60229692 23.85869622
-3.62554551 -5.90275864 22.56480434
-4.28166569 -6.42912157 21.53441520
-4.93412410 -7.17567477 20.78310347
-5.64191266 -8.12876699 20.35097082
-6.43575387 -9.26456601 20.30259158
-7.33790054 -10.52238748 20.70514324
-8.33862953 -11.79928058 21.64023044
-9.39441398 -12.92676203 23.15498575
-10.42302814 -13.67304627 25.19759522
-11.30016309 -13.78972316 27.58902041
-11.86767634 -13.10877285 29.97346231
-12.00552147 -11.65673317 31.95384682
-11.65377996 -9.68455075 33.15081456
-10.86358162 -7.62866056 33.43422319
-9.76884678 -5.82833538 32.87471693
-8.55277109 -4.48047896 31.70139056
-7.37389715 -3.65177172 30.18113513
-6.34932213 -3.27618116 28.52554474
-5.54086592 -3.22867464 26.88357557
-4.96367180 -3.42766245 25.31539992
-4.61355275 -3.80905608 23.86523915
-4.47004990 -4.34100734 22.56197582
-4.52279621 -5.01164345 21.43061485
-4.76171968 -5.82392294 20.50421006
-5.16881639 -6.79905153 19.82856874
-5.74211899 -7.94690248 19.46179865
-6.48963088 -9.25886813 19.48290768
-7.40155439 -10.68659361 19.98309031
-8.44977343 -12.13409086 21.05444856
-9.58145868 -13.40743471 22.76399386
-10.69977324 -14.22982183 25.08390779
-11.65035057 -14.32436956 27.79419099
-12.25519791 -13.47234910 30.49363377
-12.35579252 -11.78863825 32.64517691
-11.90539682 -9.55985500 33.87416786
-10.97438283 -7.23160521 34.04851560
-9.72608700 -5.25403492 33.28105306
-8.36309327 -3.84907101 31.87123680
-7.07257845 -3.03605796 30.17749869
-5.97153177 -2.70118119 28.38550855
-5.11789464 -2.71336374 26.62677230
-4.52181877 -2.94512132 24.96860770
-4.16399267 -3.34391125 23.43884367
-4.02198777 -3.87848090 22.06010944
-4.07014478 -4.54732023 20.85382573
-4.29990637 -5.36015940 19.84597943
-4.70726987 -6.33547751 19.07647092
-5.28417660 -7.49985243 18.60385506
-6.03883515 -8.86071101 18.50760585
-6.97696813 -10.39415666 18.89314789
-8.08242654 -12.01010252 19.87593095
-9.31154566 -13.54300067 21.55600440
-10.57457399 -14.68342126 23.96922111
-11.71762951 -15.08437569 26.95143097
-12.53182825 -14.42894412 30.09391694
-12.81285771 -12.71238994 32.76994614
-12.45493857 -10.25409990 34.44290398
-11.51185059 -7.55350683 34.88240547
-10.15535335 -5.20213608 34.18417748
-8.62596264 -3.50698571 32.69372270
-7.15165541 -2.51259773 30.85362892
-5.87950372 -2.07859775 28.90070608
-4.88073076 -2.03620694 26.98897972
-4.16536195 -2.22893356 25.18823463
-3.70881366 -2.58499302 23.52154063
-3.48019771 -3.06290414 22.00348418
-3.44789681 -3.65596891 20.64561590
-3.59746338 -4.37333168 19.46385196
-3.91543686 -5.24356728 18.48615185
-4.39858584 -6.30243547 17.75534694
-5.06118971 -7.57916208 17.33485750
-5.91459634 -9.08707861 17.31933082
-6.96204719 -10.80181900 17.82500949
-8.20591999 -12.63594762 19.02766403
-9.60056256 -14.37509113 21.05554395
-11.02783722 -15.64760340 23.92517765
-12.30014465 -15.99023303 27.45676504
-13.15218373 -15.02670825 31.06872137
-13.35384971 -12.75554563 34.03325198
-12.78982393 -9.66795272 35.66702020
-11.55536218 -6.59674813 35.82352306
-9.90807660 -4.08085247 34.72470384
-8.14960888 -2.39478649 32.88099742
-6.52190690 -1.50181706 30.73947857
-5.16600932 -1.16534347 28.59393859
-4.12554675 -1.18765034 26.54880536
-3.39143300 -1.41669645 24.64650528
-2.92444722 -1.76687125 22.89446941
-2.68301401 -2.20044727 21.29291308
-2.62448535 -2.71758791 19.84294399
-2.72858568 -3.33307787 18.54969501
-2.98660346 -4.07578561 17.42724270
-3.38997707 -4.99335065 16.50315658
-3.95486492 -6.13019403 15.82162721
-4.70347103 -7.52980723 15.45579402
-5.65757738 -9.21740114 15.51375808
-6.84274364 -11.19007841 16.16066310
-8.26682353 -13.36170487 17.60536668
-9.87655830 -15.45017970 20.02695383
-11.54849382 -16.98577050 23.53093828
-13.03314561 -17.31431419 27.85288477
-13.99764828 -15.94310477 32.27070175
-14.12315837 -12.88879254 35.69908496
-13.28929277 -9.08983349 37.35117091
-11.68069314 -5.40826654 37.10058696
-9.64861398 -2.60004335 35.45732356
-7.57023027 -0.91393612 33.12548408
-5.72131605 -0.11485972 30.66774723
-4.22788897 0.10695266 28.30587020
-3.11132040 0.02267787 26.12106089
-2.32808450 -0.20503804 24.11878129
-1.81526438 -0.48872100 22.28453510
-1.51253090 -0.79328086 20.60154774
-1.36999854 -1.11464641 19.05692762
-1.35046401 -1.46790807 17.64202307
-1.43560506 -1.87511846 16.35241238
-1.61421010 -2.36964720 15.18814978
-1.89117776 -2.98815686 14.15518457
-2.27901315 -3.77775586 13.26986179
-2.80074171 -4.79486098 12.56311955
-3.48908973 -6.10780017 12.08874440
-4.38659698 -7.78379314 11.94629662
-5.53991207 -9.86851558 12.28841229
-7.00026715 -12.39537994 13.36085319
-8.77971828 -15.21645769 15.47600247
-10.82069982 -17.90575666 18.98115696
-12.92657926 -19.67207697 24.01485188
-14.70203172 -19.45598754 30.07612755
-15.60929587 -16.55482540 35.77619789
-15.22141312 -11.74159202 39.37011050
-13.57192761 -6.36012114 40.11084650
-11.07293514 -1.97775715 38.47491564
-8.31482345 0.70430659 35.64538763
-5.78033906 1.96812890 32.62043776
-3.70597554 2.35964936 29.81447574
-2.13059191 2.34517213 27.32579061
-0.98919920 2.20062659 25.12475858
-0.18035375 2.07508472 23.15856003
0.39610605 2.03759786 21.38570946
0.83008582 2.11561569 19.77872209
1.18791572 2.32340476 18.32316483
1.52686791 2.67067050 17.01208900
1.88792185 3.17696130 15.84802197
2.31222605 3.86789076 14.84245930
2.83490977 4.78465778 14.02137506
3.49498803 5.97750311 13.43360427
4.33863924 7.49650364 13.16045985
5.40870565 9.40147776 13.33384320
6.74429770 11.68643321 14.15540214
8.36495148 14.24377452 15.88518454
10.23640898 16.75521178 18.85032587
12.20578574 18.59773431 23.17649019
13.94958905 18.87454404 28.55959232
15.00681046 16.90405573 33.90872196
14.97877031 12.84440996 37.79569458
13.75400786 7.89015480 39.21352005
11.61889538 3.56191222 38.32178063
9.09641877 0.62021607 35.97801901
6.66233763 -0.93284276 33.15411114
4.59662323 -1.53791620 30.39879258
2.98698105 -1.62525910 27.88820513
1.80609147 -1.49584536 25.63723172
0.97462736 -1.31809682 23.61034043
0.40162682 -1.17662154 21.77096253
0.00408983 -1.10359412 20.09092687
-0.28202237 -1.10980071 18.55098905
-0.50665693 -1.19752630 17.13799904
-0.70737747 -1.36981450 15.84288420
-0.91293746 -1.63516057 14.65990302
-1.14850450 -2.00932415 13.58687850
-1.43781201 -2.51790929 12.62636995
-1.80565371 -3.19919636 11.78894142
-2.28509405 -4.10126877 11.09774970
-2.91126235 -5.29338434 10.59443398
-3.73061089 -6.85322171 10.35981294
-4.79966179 -8.84394305 10.52837258
-6.18157753 -11.34921004 11.32029330
-7.92088612 -14.33340694 13.05612664
-10.00585931 -17.47015641 16.15859477
-12.31702205 -20.08684903 21.00447178
-14.50549870 -20.97904238 27.44316927
-15.99282121 -18.97528524 34.29724367
-16.15994289 -14.17887610 39.43170677
-14.80582083 -8.02104495 41.37997581
-12.26741767 -2.53895244 40.24039589
-9.21743802 1.01502347 37.29505814
-6.29734139 2.75057989 33.99123931
-3.85533913 3.33237431 30.92976888
-1.97959080 3.37892032 28.27345476
-0.60641448 3.25260048 25.97953960
0.37933613 3.15362076 23.97429909
1.09726344 3.17375705 22.20063511
1.65643804 3.35284257 20.62421911
2.14054905 3.71042930 19.23242147
2.61793142 4.26228620 18.02728549
3.14424935 5.02913857 17.02646050
3.76350776 6.04143935 16.26828195
4.52353070 7.32564837 15.81444726
5.45964070 8.91275070 15.76614179
6.60222298 10.78939269 16.26792906
7.96058982 12.86852385 17.48625576
9.51389468 14.92838511 19.66319010
11.16229353 16.56125152 22.89727313
12.67992336 17.17095058 26.99076818
13.75347498 16.18250701 31.35331021
14.05398298 13.57926933 34.93871019
13.43825237 9.88825261 36.93286027
12.00126871 6.15128205 37.04725762
10.05988929 3.19511613 35.66994644
8.00321289 1.32346036 33.49863104
6.12744109 0.38926528 31.08014898
4.58804722 0.07607133 28.71991834
3.41820932 0.11480553 26.51993855
2.58839184 0.32827487 24.49914685
2.04073359 0.61738679 22.64624962
1.71536292 0.93976886 20.94664618
1.56016937 1.28899595 19.38827890
1.54266963 1.67524496 17.96355822
1.63646396 2.12606251 16.66913728
1.83529260 2.67269590 15.50705239
2.14230498 3.35586239 14.48707211
2.57046459 4.22555824 13.63030594
3.14515880 5.33975515 12.97464270
3.90019015 6.76253347 12.59037977
4.87686488 8.54864982 12.59052699
6.12360919 10.76147596 13.15313516
7.66804487 13.33929409 14.53444910
9.50471983 16.05439330 17.05854901
11.53231023 18.38191059 21.00422191
13.49543491 19.44409259 26.30224790
14.94667508 18.31129020 32.15329714
15.38333552 14.78654725 36.99778372
14.55225117 9.73964833 39.48688399
12.61069465 4.77503375 39.29670899
10.04875593 1.13226494 37.19033744
7.42711121 -0.92556467 34.33654476
5.12303240 -1.80233689 31.43834287
3.28942661 -2.01717080 28.78893010
1.92159229 -1.93328403 26.42847905
0.94334698 -1.77132295 24.32140926
0.25948141 -1.64227092 22.42316938
-0.22489890 -1.59523273 20.69910350
-0.58488091 -1.64852226 19.12714747
-0.88003800 -1.80996711 17.69336203
-1.15615843 -2.08773524 16.39030024
-1.45020877 -2.49637019 15.21621043
-1.79467318 -3.05994645 14.17592146
-2.22007568 -3.81565892 13.28462939
-2.76410847 -4.80934834 12.57263280
-3.46349750 -6.10660707 12.09404398
-4.36511297 -7.77239939 11.94608805
-5.51982302 -9.84620289 12.28042353
-6.97941734 -12.36737782 13.34266465
-8.75660774 -15.18935845 15.44359984
-10.79641796 -17.88338203 18.93134601
-12.90525138 -19.66747313 23.95162721
-14.68797662 -19.47830316 30.01037210
-15.60838585 -16.61147843 35.72784574
-15.23452929 -11.78915248 39.35532745
-13.59114071 -6.37843275 40.11854811
-11.09059380 -1.98457647 38.48722048
-8.32823597 0.70659983 35.65891380
-5.78897818 1.97436810 32.63121134
-3.71060467 2.36735830 29.82291244
-2.13190335 2.35332464 27.33267830
-0.98803803 2.20888105 25.13079027
-0.17734731 2.08341938 23.16413376
0.40051532 2.04630906 21.39110907
0.83573467 2.12505821 19.78416952
1.19465229 2.33407759 18.32890612
1.53484086 2.68303887 17.01837120
1.89732938 3.19159768 15.85522011
2.32338081 3.88543664 14.85112157
2.84819496 4.80584841 14.03233389
3.51089655 6.00303379 13.44812442
4.35769124 7.52687114 13.18041217
5.43135891 9.43664941 13.36199937
6.77068706 11.72483286 14.19536774
8.39446143 14.28133198 15.94092077
10.26692722 16.78315865 18.92437134
12.23293488 18.60342722 23.26554516
13.96676295 18.84584473 28.65005938
15.00721720 16.84130701 33.97706069
14.95989369 12.76448870 37.82315945
13.71996158 7.81893413 39.19918923
11.57830179 3.51466310 38.27904075
9.05791261 0.59989982 35.92595004
6.63138584 -0.93373366 33.10405439
4.57508291 -1.52803667 30.35435490
2.97434899 -1.61045899 27.84931746
1.80084505 -1.47920569 25.60279568
0.97515972 -1.30083089 23.57931732
0.40657390 -1.15881164 21.74256532
0.01249748 -1.08472113 20.06459445
-0.27065993 -1.08903099 18.52628734
-0.49248274 -1.17379221 17.11452364
-0.69016775 -1.34184943 15.82019337
-0.89219444 -1.60139379 14.63743211
-1.12338016 -1.96783536 13.56384032
-1.40711827 -2.46627660 12.60159539
-1.76782278 -3.13435433 11.76059486
-2.23803802 -4.01952373 11.06288427
-2.85237753 -5.19025206 10.54834753
-3.65685035 -6.72408360 10.29481570
-4.70786030 -8.68590683 10.43262003
-6.06878925 -11.16360458 11.17475970
-7.78607153 -14.13096531 12.83622746
-9.85499540 -17.28540034 15.84131993
-12.16676782 -19.98536031 20.58133133
-14.38933314 -21.04565301 26.96466159
-15.95307802 -19.25210506 33.88774827
-16.22399975 -14.59471093 39.21789755
-14.96333579 -8.43107609 41.40143468
-12.47432881 -2.82046143 40.42899175
-9.42261133 0.88399601 37.54115300
-6.46798346 2.72368334 34.22524167
-3.98058933 3.35783322 31.13165578
-2.06245891 3.42522926 28.44663468
-0.65506679 3.30237770 26.13137098
0.35574447 3.19943637 24.11104063
1.09085051 3.21328697 22.32646006
1.66104906 3.38619622 20.74178969
2.15189361 3.73832824 19.34347429
2.63284189 4.28547094 18.13311492
3.16072338 5.04766634 17.12799615
3.77981562 6.05478851 16.36624086
4.53817818 7.33237589 15.90906326
5.47109451 8.91028610 15.85686757
6.60846214 10.77461445 16.35274709
7.95954803 12.83831390 17.56104706
9.50267803 14.88041718 19.71896776
11.13909137 16.49746883 22.92424594
12.64541660 17.10359055 26.97878798
13.71223909 16.13084641 31.30087587
14.01471570 13.56344955 34.85911065
13.41096403 9.91621582 36.85001343
11.99286160 6.21154897 36.98244697
10.07183527 3.26967633 35.63160267
8.03166371 1.39878114 33.48398254
6.16730092 0.45880366 31.08243091
4.63486171 0.14057595 28.73236083
3.46916113 0.17607888 26.53878970
2.64194737 0.38978965 24.52219629
2.09659692 0.68264505 22.67253489
1.77490417 1.01191746 20.97600240
1.62420195 1.37189045 19.42111114
1.61313493 1.77283818 18.00088751
1.71691147 2.24216403 16.71283665
1.92791257 2.81350698 15.56011576
2.25160975 3.52746329 14.55408085
2.70108143 4.43538633 13.71913662
3.30259816 5.59689991 13.09656813
4.09070513 7.07515690 12.76314264
5.10691739 8.92471282 12.84083797
6.39633902 11.18147408 13.52128934
7.98336353 13.77099292 15.07008559
9.84375569 16.43384367 17.79426354
11.85395064 18.56961476 21.93492648
13.74045279 19.27231152 27.33260927
15.03032800 17.72185942 33.03741449
15.25199964 13.88306294 37.49063805
14.21817686 8.91656184 39.48401714
12.17638958 4.18555503 38.93527732
9.61800134 0.85299790 36.67407392
7.06939334 -0.97512911 33.81926130
4.86450443 -1.71977161 30.97788783
3.12921038 -1.87143749 28.38900751
1.84422139 -1.76550682 26.07679047
0.93096229 -1.59823026 24.00589533
0.29478229 -1.46707726 22.13419863
-0.15260506 -1.41418413 20.43013949
-0.48311976 -1.45402347 18.87294145
-0.75092274 -1.59322470 17.44937469
-1.00021521 -1.83719441 16.15112844
-1.26349466 -2.19965749 14.97521399
-1.57162379 -2.70156523 13.92374651
-1.95165723 -3.37792411 13.00728691
-2.43832019 -4.27222070 12.24906338
-3.06727950 -5.44670784 11.69137584
-3.88180488 -6.97235543 11.41294937
-4.93518626 -8.90452038 11.54288091
-6.28303148 -11.30239824 12.29173992
-7.96311197 -14.12209280 13.95835875
-9.95533033 -17.04590681 16.91152879
-12.13927455 -19.44488392 21.46492612
-14.18886483 -20.23702321 27.44671040
-15.58127450 -18.40742705 33.78736108
-15.76469317 -14.03280076 38.60912351
-14.54729756 -8.40514379 40.56668054
-12.22403290 -3.25175427 39.68894644
-9.38766029 0.21250316 37.01879549
-6.62799758 1.98644490 33.90018533
-4.28845435 2.63552531 30.92450742
-2.47478954 2.72364170 28.28800373
-1.14153925 2.60305019 25.97643070
-0.18937760 2.47318330 23.93273883
0.49201986 2.42824780 22.10503174
1.00191876 2.50960164 20.45959143
1.42006081 2.73535785 18.97865213
1.80962296 3.11895730 17.65592026
2.22139075 3.67853198 16.49566815
2.69739666 4.44277549 15.51509880
3.28187983 5.44672803 14.74749322
4.01172472 6.74085905 14.25301314
4.93144786 8.36467982 14.12951377
6.08254466 10.33660802 14.52562957
7.49407042 12.63235073 15.66244923
9.15253354 15.04591710 17.78599686
10.97974082 17.16675941 21.11645456
12.76458063 18.28097923 25.62099179
14.15694599 17.64660626 30.72152716
14.74268698 14.92354198 35.24154904
14.24354229 10.85539518 37.94012227
12.74854473 6.42074853 38.39576321
10.59442330 2.82656785 36.96984177
8.24389264 0.55666985 34.51519533
6.07873740 -0.56496214 31.84866423
4.29340401 -0.94296799 29.28260670
2.93225060 -0.93173887 26.93250594
1.95276753 -0.75566499 24.80244366
1.27968441 -0.53932656 22.86552676
0.83666561 -0.33982728 21.09438636
0.55478552 -0.17442447 19.46746734
0.38457057 -0.04324140 17.96933130
0.28843911 0.06289252 16.58787308
0.24275041 0.15417420 15.31336866
0.23167296 0.24175648 14.13735911
0.24681108 0.33577818 13.05240326
0.28446749 0.44649255 12.05186353
0.34462634 0.58516051 11.12993293
0.43035723 0.76513324 10.28172999
0.54810966 1.00313577 9.50364790
0.70789294 1.32136079 8.79429476
0.92292199 1.74961792 8.15395020
1.21176819 2.32998371 7.58889118
1.60275052 3.11686339 7.11571450
2.13437665 4.17501796 6.76939444
2.85250961 5.61114537 6.59809264
3.81759680 7.54655686 6.71210999
5.11023673 10.08336908 7.32609540
6.81630994 13.28038837 8.76724921
9.00121697 17.06592222 11.56876126
11.61994940 20.86846022 16.33759398
14.40727841 23.40069934 23.48633264
16.73385732 22.71789084 32.22459931
17.70341842 17.68296291 40.01269655
16.67590150 10.02915771 43.93697745
13.89338039 2.55939189 43.33638372
10.21068781 -2.45721924 39.94997128
6.55247889 -4.87000273 35.97140540
3.46277953 -5.64611907 32.45056198
1.08785728 -5.68978751 29.59454097
-0.64941704 -5.53283252 27.29269319
-1.90226983 -5.44065931 25.40093743
-2.82482106 -5.52168403 23.82621740
-3.55788301 -5.81933410 22.51843946
-4.21152461 -6.34150324 21.46824245
-4.85809028 -7.08698352 20.69703034
-5.56249232 -8.04017689 20.24057206
-6.35630340 -9.18136445 20.16499145
-7.25808505 -10.45514001 20.54480986
-8.26460166 -11.76145074 21.44892523
-9.33489205 -12.92772775 22.94682329
-10.38649102 -13.72588678 24.99897232
-11.29438941 -13.89262189 27.42894941
-11.90194735 -13.25364049 29.88589244
-12.06923702 -11.83509522 31.92908028
-11.74434267 -9.85284491 33.21152122
-10.96323290 -7.72982601 33.54595658
-9.86288644 -5.85243181 33.00591272
-8.62099322 -4.45484251 31.82805409
-7.41297679 -3.58741312 30.30143779
-6.35767075 -3.18956790 28.62770824
-5.52302345 -3.13753485 26.95780889
-4.92608800 -3.32680180 25.36703388
-4.55855473 -3.70014034 23.89301682
-4.40363926 -4.22226654 22.56499908
-4.44062405 -4.88516852 21.40868885
-4.66285868 -5.69169208 20.45372479
-5.06101620 -6.65597305 19.74357951
-5.62489198 -7.79576505 19.33624655
-6.36221044 -9.10663391 19.30984041
-7.26911126 -10.54900018 19.75866784
-8.32096542 -12.02520530 20.77985449
-9.46665520 -13.36380083 22.44294781
-10.61273100 -14.27484721 24.74256747
-11.61096686 -14.47039336 27.48349226
-12.27681846 -13.69067901 30.27466267
-12.44365422 -12.05177418 32.55454816
-12.04317340 -9.89642341 33.90093912
-11.15677663 -7.52914974 34.20629586
-9.92212143 -5.45025527 33.54907939
-8.54563987 -3.93594924 32.17047095
-7.21685082 -3.03716868 30.45785499
-6.07100949 -2.63752925 28.65095957
-5.16859006 -2.60471545 26.86555196
-4.52753829 -2.81234561 25.17453559
-4.13031655 -3.18950036 23.61002564
-3.95417355 -3.70230029 22.19321515
-3.97304077 -4.34544171 20.94464309
-4.16988818 -5.13166096 19.88926218
-4.54545285 -6.07746322 19.06149010
-5.09606490 -7.20706527 18.51646770
-5.81898314 -8.53870938 18.32880634
-6.72758081 -10.05928237 18.60301880
-7.81409347 -11.69789881 19.45801400
-9.04121607 -13.29685285 21.00594819
-10.32932335 -14.59143788 23.30063680
-11.53573114 -15.19840870 26.23992286
-12.45752863 -14.78867452 29.46041025
-12.88033461 -13.21880846 32.36246464
-12.65550010 -10.85878983 34.31796113
-11.81261503 -8.13692443 35.03199245
-10.50477600 -5.62274791 34.55829292
-8.96935027 -3.73715917 33.17172559
-7.44162968 -2.58229981 31.32544589
-6.09738759 -2.03158788 29.35814150
-5.01848752 -1.91255526 27.40952129
-4.22901764 -2.06306838 25.56339041
-3.70799858 -2.38617296 23.84930280
-3.42441091 -2.83304940 22.28136583
-3.34335961 -3.39093867 20.87018994
-3.44336280 -4.06814142 19.62882629
-3.71590026 -4.88595245 18.57951774
-4.15133459 -5.88285238 17.76006003
-4.75948929 -7.09322948 17.22652726
-5.55671584 -8.54032468 17.06288222
-6.55306695 -10.21766540 17.38617769
-7.74708677 -12.06074110 18.34036826
-9.12057770 -13.90235445 20.10887937
-10.58232547 -15.42247982 22.75480179
-11.96217165 -16.15514822 26.18360766
-13.01052689 -15.64980220 29.94029675
-13.46128973 -13.74837163 33.28177326
-13.14603349 -10.76843775 35.45673316
-12.08766937 -7.51658170 36.09003931
-10.50220130 -4.71082466 35.32808535
-8.70909470 -2.70997195 33.62576857
-6.98233582 -1.56989456 31.50061361
-5.50230794 -1.08053852 29.30518131
-4.33945469 -1.00893059 27.19523720
-3.49566983 -1.18386417 25.22582485
-2.93566304 -1.49595626 23.40867332
-2.61563681 -1.89336050 21.74284869
-2.49088695 -2.36427756 20.22667883
-2.52956346 -2.92156706 18.86195802
-2.72109070 -3.58777101 17.65685075
-3.05466228 -4.40573696 16.63101043
-3.53796215 -5.42189122 15.81816742
-4.19247879 -6.68328692 15.27454372
-5.04080455 -8.22807099 15.08953444
-6.10802505 -10.06662252 15.39640561
-7.42679140 -12.20754910 16.39922961
-8.97684843 -14.47031191 18.29583967
-10.67699986 -16.45813212 21.26704311
-12.35639740 -17.59140577 25.33619518
-13.69424331 -17.18049322 29.97987784
-14.33104548 -14.90521468 34.24037879
-14.00204029 -11.19875290 36.99615973
-12.71947247 -7.20722944 37.75030128
-10.79583415 -3.74696181 36.69804089
-8.62742172 -1.42242994 34.56417769
-6.57207904 -0.18290393 32.05902851
-4.83730552 0.30149996 29.57737796
-3.49245489 0.34624607 27.26261037
-2.51701555 0.18117210 25.14264361
-1.85048175 -0.06636584 23.20549356
-1.42412258 -0.33549284 21.43052020
-1.17939829 -0.60596044 19.80034178
-1.06775291 -0.88297181 18.30186797
-1.06028127 -1.18107668 16.92621065
-1.13676130 -1.52486331 15.66748772
-1.29235442 -1.94128431 14.52329834
-1.52925242 -2.46557086 13.49611135
-1.85979373 -3.13971144 12.59486762
-2.30585581 -4.01553469 11.84048949
-2.89853797 -5.15149938 11.27589757
-3.68000579 -6.62703383 10.96851238
-4.69636357 -8.54087151 11.03247546
-6.00015369 -10.92530463 11.67638217
-7.64606021 -13.73798742 13.20045624
-9.63319504 -16.76059573 15.99626516
-11.86210343 -19.39633163 20.42402247
-14.02684997 -20.59524545 26.41439683
-15.60435325 -19.20805857 33.00302839
-16.01152908 -14.94933655 38.35295592
-14.94737295 -9.04300481 40.80865512
-12.64735784 -3.61313585 40.25508393
-9.74712761 0.17400883 37.68991670
-6.87151655 2.16415402 34.48536043
-4.40596271 2.93116444 31.41572775
-2.47811480 3.05969658 28.70589917
-1.05474057 2.95203400 26.34921495
-0.03470933 2.82719445 24.27958734
0.70054522 2.79547463 22.44130545
1.25454403 2.90223629 20.79753936
1.71389030 3.16858386 19.32911229
2.14714667 3.60909900 18.03166680
2.60743467 4.24403701 16.91437862
3.14395820 5.09929409 16.00035507
3.79532735 6.21440285 15.33534648
4.60716924 7.62229209 14.99294262
5.61885833 9.35493614 15.09044719
6.85842740 11.40029437 15.79826192
8.33557800 13.63975677 17.32681359
10.00588587 15.79423737 19.89771192
11.73965401 17.33724569 23.61567772
13.26729986 17.60414682 28.17468795
14.22668226 16.04853737 32.76453870
14.28255674 12.82631252 36.21185996
13.34676588 8.70090948 37.74116735
11.60648291 4.86666409 37.28361516
9.45218476 2.07492599 35.44113640
7.29728609 0.45868769 33.00558171
5.41223450 -0.25379736 30.47340777
3.91201714 -0.42698100 28.08137434
2.79788454 -0.31790474 25.88504311
2.01939473 -0.09141001 23.88022937
1.50786246 0.16934694 22.04592329
1.19664711 0.43232108 20.36241965
1.03431697 0.69383104 18.81480015
0.98246784 0.96628775 17.39216781
1.01869224 1.26889245 16.08703184
1.13093285 1.62718805 14.89488060
1.31762203 2.07149389 13.81470110
1.58731716 2.63779171 12.85079478
1.95562356 3.37202763 12.01637626
2.44784345 4.33149508 11.33549939
3.09903909 5.58538913 10.85891233
3.95471305 7.20191415 10.67516039
5.07096715 9.26852687 10.92821886
6.50370156 11.85398986 11.84399559
8.28278603 14.83564476 13.76476977
10.39577354 17.87962644 17.11992388
12.67809564 20.20295497 22.20251028
14.74624778 20.63522226 28.69103226
16.00839062 18.15151041 35.24155128
15.90594889 13.06537970 39.78633742
14.33348003 6.95921845 41.12166147
11.69671485 1.88815577 39.59795138
8.68406293 -1.25459055 36.61191337
5.87907617 -2.71697350 33.35771231
3.57597161 -3.16721892 30.38717505
1.82226838 -3.16744242 27.80741279
0.54612047 -3.03541849 25.56713066
-0.36797839 -2.94338552 23.59623962
-1.03570248 -2.97197786 21.84362066
-1.55946573 -3.15454559 20.27954257
-2.01640661 -3.50989878 18.89285106
-2.47397716 -4.05207332 17.68470262
-2.97974556 -4.80656384 16.67312149
-3.58354926 -5.80046100 15.89216634
-4.32545879 -7.07295848 15.40275613
-5.24415902 -8.65434277 15.30289250
-6.37671959 -10.53799370 15.72878294
-7.74376596 -12.67320836 16.88959066
-9.32146116 -14.85412113 18.99278700
-11.01468463 -16.66292700 22.17845208
-12.61818601 -17.48545967 26.34039261
-13.81250294 -16.69740026 30.89982231
-14.24900701 -14.09699607 34.83203444
-13.71933264 -10.36874476 37.14396185
-12.30829815 -6.50623196 37.48233602
-10.34526382 -3.30696596 36.18917454
-8.21746909 -1.25091729 33.97004517
-6.25078863 -0.19480906 31.49489257
-4.61832274 0.17872636 29.06824185
-3.37058361 0.16903341 26.81158253
-2.47674228 -0.02348213 24.74284392
-1.87600389 -0.28870210 22.84973400
-1.50315688 -0.57713853 21.11362624
-1.30429081 -0.87521555 19.51945678
-1.23515797 -1.19310665 18.05624585
-1.27221946 -1.54867749 16.71727808
-1.39932812 -1.97103892 15.49947891
-1.61599645 -2.49249973 14.40437415
-1.93000488 -3.15434066 13.44086517
-2.35874602 -4.00699728 12.62846382
-2.93004306 -5.11160494 12.00329417
-3.68156022 -6.53726090 11.63436121
-4.65891409 -8.34340831 11.63528125
-5.91726872 -10.61653014 12.18518250
-7.49283527 -13.31577785 13.55474801
-9.39169436 -16.21643069 16.10812150
-11.52463361 -18.80232200 20.18096234
-13.63266062 -20.11133065 25.77896409
-15.23952394 -19.07584548 32.09848221
-15.77938161 -15.36494220 37.42613115
-14.94240233 -9.90423502 40.19409146
-12.88347777 -4.51809069 40.00080553
-10.14356424 -0.61184341 37.72856385
-7.34577218 1.55016989 34.69025092
-4.89951638 2.42269815 31.65484860
-2.96554349 2.62084754 28.93558221
-1.52617557 2.53251430 26.54629743
-0.49346445 2.38973431 24.43586393
0.24019601 2.30826842 22.55034331
0.77805269 2.33975787 20.85160270
1.20218019 2.50609851 19.31832406
1.57932169 2.81995390 17.94014482
1.96219924 3.29644543 16.71682231
2.39337531 3.96036267 15.65921103
2.91561351 4.84417387 14.79135278
3.56505174 5.99623056 14.15947878
4.38682113 7.46084154 13.84095966
5.42492091 9.28115499 13.95946350
6.71450663 11.46635764 14.70205474
8.27148729 13.90000287 16.31477518
10.05834159 16.29959366 19.05862133
11.94059223 18.07066378 23.10075803
13.62395108 18.43733856 28.13805798
14.69219065 16.72389726 33.25581470
14.75035398 13.08904762 37.06862237
13.69185260 8.45610452 38.66478478
11.74247798 4.23790260 38.02053958
9.36156485 1.27141120 35.90319440
7.01619693 -0.36862803 33.23141105
4.99425101 -1.04758915 30.54452318
3.40173407 -1.18308612 28.05912377
2.22598776 -1.06493419 25.81092167
1.39812961 -0.86684927 23.77632231
0.83918781 -0.67615133 21.92387271
0.46794078 -0.52655751 20.22717985
0.22510811 -0.42665347 18.66748282
0.06436786 -0.37325100 17.23066417
-0.04640874 -0.36078034 15.90586281
-0.13038443 -0.38418702 14.68392630
-0.20321766 -0.44178311 13.55696767
-0.27695378 -0.53497625 12.51803391
-0.36110938 -0.66949322 11.56113212
-0.46516767 -0.85510164 10.68131599
-0.59876485 -1.10765665 9.87509890
-0.77514444 -1.44856810 9.14120090
-1.00947865 -1.90922533 8.48126616
-1.32297878 -2.53283870 7.90353971
-1.74635846 -3.37401613 7.42770794
-2.31695945 -4.51158264 7.08630290
-3.08395601 -6.04706475 6.94760707
-4.11585956 -8.08863514 7.14518961
-5.48791962 -10.72440694 7.90082889
-7.28997178 -14.05518626 9.57772295
-9.55391305 -17.85667758 12.70122752
-12.20575567 -21.43645226 17.91724833
-14.91317467 -23.34015648 25.41999269
-16.98207954 -21.74554461 34.06617108
-17.52987285 -16.11856721 41.03964066
-16.11469158 -8.38493461 43.86703156
-13.11379293 -1.39667636 42.52066524
-9.42508945 2.94716490 38.93098066
-5.91044012 4.90484953 35.05179925
-3.01223681 5.46850138 31.69550247
-0.80990568 5.44516176 28.96698361
0.79159154 5.29383219 26.74651334
1.94846034 5.23248970 24.90285859
2.80865741 5.35522197 23.35529319
3.51214674 5.69622093 22.06359092
4.14925167 6.26402002 21.02927786
4.79989287 7.05492882 20.27154251
5.51790431 8.06148175 19.83644841
6.33492269 9.26319939 19.79331381
7.27376539 10.60216568 20.21810478
8.32474147 11.97494615 21.20874680
9.44321554 13.20224174 22.82094570
10.54267474 14.02844281 25.01379447
11.48428391 14.17060014 27.59507352
12.09692370 13.43049355 30.18422904
12.24192575 11.83419351 32.32569879
11.85226818 9.68048508 33.59478969
10.98583588 7.46679128 33.86411845
9.79895437 5.54248931 33.21647520
8.49043770 4.12699576 31.92911073
7.23307188 3.28175371 30.29040666
6.14961962 2.90673462 28.54303913
5.29865518 2.87223802 26.81902652
4.69317307 3.08278577 25.18152506
4.32359152 3.46774805 23.66820628
4.16805443 3.99512670 22.30255053
4.21177553 4.65419024 21.10691895
4.43523901 5.45822193 20.11172712
4.82671364 6.42924863 19.35750916
5.39487442 7.58229403 18.89986422
6.14198914 8.91775478 18.81700825
7.05972092 10.41144826 19.20373489
8.13429784 11.97582061 20.17286504
9.33458993 13.43309673 21.84651823
10.56398763 14.51485687 24.20859682
11.66010845 14.86551358 27.09304905
12.42906212 14.20483098 30.10149973
12.67715124 12.53734533 32.63730190
12.32080176 10.12942848 34.23042582
11.39748964 7.53889799 34.63058204
10.08114241 5.28633315 33.95287114
8.60190911 3.66216026 32.53212993
7.17745514 2.69683470 30.74242744
5.94854194 2.27934701 28.83214133
4.98455820 2.22863028 26.96370276
4.29232451 2.42370059 25.19720444
3.85403172 2.78619603 23.56295244
3.63953202 3.27697304 22.07666600
3.62507659 3.88631737 20.75211678
3.79325896 4.62519156 19.60930958
4.12713970 5.52452037 18.67950413
4.63251355 6.61245084 18.00786556
5.31897552 7.91219130 17.66313550
6.19120689 9.42906138 17.73872536
7.25436553 11.12694416 18.36328515
8.50317015 12.90079869 19.69924465
9.87258596 14.50640779 21.83242465
11.23548130 15.56153989 24.75835799
12.39310247 15.63437804 28.21019148
13.09539307 14.43382967 31.59834680
13.13986772 12.04833878 34.21745542
12.45814950 9.05331869 35.51021644
11.17424399 6.19329421 35.41770175
9.55340201 3.90530058 34.19844243
7.87025732 2.42048888 32.34349578
6.34127983 1.65981147 30.25203775
5.08472320 1.40213436 28.17174960
4.13337132 1.47065788 26.19265963
3.47485655 1.73133535 24.35202468
3.07203796 2.11256573 22.65887558
2.88718255 2.58484872 21.11666698
2.88182827 3.15416239 19.73073063
3.04124629 3.83786587 18.51096019
3.36057675 4.66669873 17.47833422
3.83419668 5.68845392 16.67027532
4.48017052 6.94479522 16.14414179
5.32072716 8.46861009 15.98991997
6.37389933 10.26328536 16.33595901
7.64963869 12.27301129 17.35743690
9.13302880 14.32868569 19.26255036
10.72955051 16.06478702 22.15501524
12.25936692 16.94414294 25.97362939
13.43127306 16.39495245 30.19784261
13.93648671 14.21004048 33.97667599
13.56237569 10.78871910 36.35661720
12.34482234 7.16527088 36.97264069
10.55859972 4.07114773 35.99462976
8.56503145 1.94512476 34.03544897
6.67472005 0.79299624 31.69165778
5.07575429 0.32751516 29.34298061
3.83193814 0.28516704 27.12311541
2.93338317 0.46277593 25.07258388
2.33017023 0.74601094 23.18946436
1.96387010 1.08060559 21.46224743
1.78411781 1.45207093 19.87990886
1.75490808 1.86824372 18.43563664
1.84811909 2.35584337 17.12738328
2.05776551 2.94546798 15.95908217
2.38444968 3.68021441 14.94368197
2.84188009 4.61048479 14.10614451
3.45534552 5.79340428 13.49210461
4.25690441 7.28566967 13.18065436
5.28737614 9.13864709 13.29751278
6.58942563 11.39924809 14.03426427
8.17546884 13.95146930 15.64713399
10.02014351 16.49909504 18.44522046
11.98507923 18.45376144 22.61458416
13.77283208 18.94267584 27.90884335
14.93799912 17.18630199 33.37338226
15.03986634 13.41035031 37.46332342
13.95706860 8.57521395 39.18668966
11.92733334 4.08165136 38.53220681
9.43372279 0.93491179 36.26674661
6.97212579 -0.77448744 33.47693757
4.85287748 -1.46291411 30.70270239
3.19066174 -1.59144223 28.16437421
1.96380779 -1.47578118 25.88544723
1.09633268 -1.29617012 23.83506052
0.49817581 -1.14295625 21.97526585
0.08681993 -1.05424758 20.27699976
-0.20545021 -1.04122764 18.72011911
-0.42922590 -1.10646120 17.29083468
-0.62265393 -1.25188234 15.97941184
-0.81552910 -1.48353377 14.77919306
-1.03130016 -1.81547227 13.68675406
-1.29344143 -2.26961771 12.70281969
-1.62595423 -2.87920996 11.83410618
-2.05568534 -3.69177535 11.09811321
-2.62013153 -4.76436612 10.53012900
-3.36107801 -6.17728632 10.18996408
-4.32953499 -8.01585570 10.18982988
-5.58790983 -10.33959904 10.71547218
-7.19217508 -13.16126260 12.05897445
-9.17338608 -16.34278783 14.62641036
-11.44817111 -19.32033927 18.81852310
-13.76838801 -21.08332905 24.79827650
-15.62339095 -20.28491237 31.79422615
-16.36206549 -16.27448671 37.94056485
-15.54690918 -10.31649686 41.23848337
-13.34722225 -4.32874038 41.13475671
-10.37061978 0.04070976 38.65552783
-7.31234922 2.40717895 35.33714788
-4.64140295 3.35032795 32.11786348
-2.53449152 3.54366086 29.29603602
-0.96848400 3.44958698 26.87059108
0.15956562 3.32924609 24.76858510
0.97582565 3.30695961 22.92083674
1.59313871 3.43890755 21.28530236
2.11049921 3.74798091 19.84101091
2.59797064 4.25231965 18.58763703
3.12030884 4.96743672 17.53789192
3.72292895 5.92153037 16.72597233
4.45195477 7.14051530 16.20886721
5.34874728 8.64599142 16.07622778
6.44104498 10.43987912 16.46321711
7.74483866 12.44370088 17.53842717
9.23614206 14.46971226 19.48397973
10.83346071 16.13140014 22.45420226
12.34390764 16.90665613 26.30398230
13.47630190 16.22590861 30.53040029
13.91128001 13.97539715 34.18224088
13.47536016 10.56531455 36.42611361
12.21649107 6.90385281 36.87335102
10.40747609 3.86173738 35.78174365
8.41225842 1.83668623 33.78180105
6.54314974 0.75695287 31.44823916
4.97711661 0.35040807 29.11212852
3.76974304 0.33420472 26.91361297
2.90218675 0.52773558 24.88416246
2.32421171 0.82114907 23.02064117
1.98091905 1.16439781 21.31148627
1.82094057 1.54647344 19.74658630
1.80645198 1.97997481 18.31998707
1.91986547 2.48703889 17.03083484
2.14814563 3.10590779 15.88489314
2.49754872 3.87821761 14.89650831
2.98378092 4.85500603 14.09516755
3.63136200 6.09214279 13.53365768
4.47607446 7.65936761 13.29408710
5.55571237 9.59880843 13.51629895
6.90727581 11.89944611 14.40596077
8.54235091 14.44625170 16.23561991
10.41789699 16.90229355 19.30497336
12.35798144 18.60996878 23.70049326
14.03587043 18.69426291 29.06295111
14.99455413 16.51576018 34.27388552
14.85404207 12.32677371 37.91329810
13.54343731 7.50209795 39.12675828
11.38296640 3.36001349 38.10217405
8.88987691 0.55739924 35.71855855
6.50816027 -0.89850646 32.90991472
4.49832699 -1.45434742 30.18770165
2.93947324 -1.51971476 27.70733610
1.79981365 -1.38214528 25.47862723
1.00028242 -1.20099864 23.46814034
0.45063124 -1.05370120 21.64078912
0.07396292 -0.97105654 19.96982508
-0.19418915 -0.96080096 18.43634282
-0.39962514 -1.02483825 17.02758619
-0.57906738 -1.16370059 15.73391905
-0.75851205 -1.38419733 14.54881754
-0.96157143 -1.69847919 13.46838320
-1.20806911 -2.12928495 12.49258671
-1.52213020 -2.70764033 11.62719968
-1.93003864 -3.47863545 10.88650760
-2.46375147 -4.50319120 10.30136779
-3.16815736 -5.84981003 9.93030905
-4.09525807 -7.61121623 9.87009158
-5.30287696 -9.87638077 10.28915757
-6.85248793 -12.65577064 11.46956270
-8.77821361 -15.82983871 13.79524651
-11.04521361 -18.96293978 17.75115336
-13.42552408 -21.09257852 23.52259610
-15.44928934 -20.86686280 30.58696095
-16.44756766 -17.38845053 37.15517015
-15.90730999 -11.35155899 41.08598924
-13.85651724 -5.10346320 41.55609837
-10.89262123 -0.34801130 39.32668765
-7.75162872 2.34504496 35.99868617
-4.95591779 3.47342620 32.69063049
-2.72238457 3.74272325 29.78115323
-1.05298556 3.67041916 27.29505674
0.15344143 3.54396721 25.15213085
1.02544844 3.51209474 23.28035461
1.68326321 3.63572489 21.63173354
2.22591365 3.94293216 20.18336497
2.73598971 4.44824260 18.93157634
3.27208357 5.17120490 17.89272388
3.89073837 6.13038303 17.09937855
4.63147922 7.35493699 16.61223364
5.53443033 8.85703098 16.52225453
6.63049060 10.61882575 16.95702504
7.92850376 12.56892386 18.09560234
9.39489714 14.48991951 20.09566880
10.93615555 16.01369646 23.04572400
12.35591490 16.59403500 26.79398145
13.37944311 15.77621907 30.80830467
13.71944535 13.43321994 34.21080053
13.21373965 10.20917278 36.20424506
11.95777505 6.79142630 36.51419380
10.21158085 3.93994111 35.40943432
8.30801149 2.04618550 33.43601597
6.53164226 1.03224303 31.18182744
5.04281406 0.65144867 28.91657872
3.89861646 0.65210966 26.77410300
3.08178730 0.85789572 24.78924263
2.54660646 1.17165342 22.96417829
2.23937101 1.54980866 21.29136690
2.11890085 1.98221665 19.76445231
2.15049278 2.48447429 18.38153137
2.31583958 3.08540089 17.14674285
2.61293307 3.82156250 16.07278298
3.04664680 4.74153211 15.18579056
3.63768945 5.89850411 14.52910329
4.41404774 7.34591076 14.17885318
5.40669583 9.12056252 14.25093760
6.65234823 11.24117831 14.92761362
8.16513595 13.62512672 16.44308120
9.90279994 15.97646360 19.04070005
11.74093356 17.78034793 22.87920417
13.40601115 18.24345262 27.72093040
14.50668974 16.73092850 32.73219974
14.65782551 13.29541610 36.60767921
13.71288277 8.99299869 38.38058880
11.89990185 4.81141362 37.97644942
9.61994857 1.76155726 36.03212984
7.31987134 0.00917436 33.44732394
5.30276048 -0.76356239 30.79722703
3.69646307 -0.94800794 28.31589806
2.50202439 -0.85069632 26.05786034
1.65947604 -0.64855501 24.00961036
1.09059958 -0.43403978 22.14238079
0.72204615 -0.24557661 20.43126091
0.49279914 -0.09130600 18.85753642
0.35919496 0.03309852 17.40740247
0.28926897 0.13844239 16.06984959
0.26351824 0.23563995 14.83581922
0.26978428 0.33604057 13.69736567
0.30211400 0.45074546 12.64748601
0.35908742 0.59145132 11.68004048
0.44288893 0.77180746 10.78989396
0.55891994 1.00878013 9.97313762
0.71646726 1.32417198 9.22768980
0.92934884 1.74716742 8.55501878
1.21674957 2.31635348 7.96051045
1.60159726 3.08826666 7.45606007
2.12049572 4.13443210 7.07521364
2.82414681 5.53673635 6.87814591
3.77308840 7.40144780 6.97188181
5.04260544 9.89091435 7.52204574
6.70825472 13.04335688 8.86486221
8.83823698 16.74365218 11.51459888
11.40537841 20.50705427 16.09960886
14.16830753 23.11739984 23.00899743
16.52640831 22.73365695 31.59269156
17.59719431 18.17306032 39.38128171
16.74274748 10.53422123 43.56041701
14.07970469 3.04064816 43.29510544
10.45519382 -2.09560616 40.10703992
6.81032349 -4.62149642 36.14773916
3.70675862 -5.47720786 32.60362178
1.30577257 -5.55507769 29.70846247
-0.45478912 -5.40767486 27.36583881
-1.72102418 -5.30425912 25.43480045
-2.65528327 -5.37217970 23.81826096
-3.39555921 -5.65234219 22.46901490
-4.03969969 -6.15912887 21.37892837
-4.68396614 -6.88744259 20.55516401
-5.37916987 -7.83366111 20.04261648
-6.16573416 -8.97698184 19.90122403
-7.06879726 -10.26955922 20.20573348
-8.08297058 -11.62469258 21.05153875
-9.17459950 -12.87902830 22.49360586
-10.27147740 -13.80483754 24.52122641
-11.24288696 -14.10706998 26.98630918
-11.93435538 -13.58158201 29.57232404
-12.19178669 -12.17803422 31.81265924
-11.93141980 -10.19565063 33.28364577
-11.18138429 -8.05003901 33.78278002
-10.08697595 -6.04932798 33.34764364
-8.82025530 -4.51771942 32.21179993
-7.56204553 -3.54898043 30.64979729
-6.44814518 -3.06764818 28.94970758
-5.55033952 -2.95881077 27.23774585
-4.89440691 -3.11873397 25.59644684
-4.47668080 -3.46440884 24.06963128
-4.27785419 -3.95954165 22.68403350
-4.27987687 -4.58966031 21.46418045
-4.46118746 -5.36446720 20.43919836
-4.81527427 -6.29993578 19.64663425
-5.34858811 -7.40840129 19.13786577
-6.05826672 -8.69366626 18.98754859
-6.93322390 -10.14090717 19.28575257
-7.96973488 -11.67098581 20.14800879
-9.13418408 -13.12733935 21.67657996
-10.33672957 -14.25628829 23.87393567
-11.43802785 -14.72802670 26.62562026
-12.24827091 -14.25842807 29.55290448
-12.58530752 -12.77573691 32.14166966
-12.33754631 -10.50699178 33.87594852
-11.52312698 -7.99345712 34.47655858
-10.28993105 -5.74085663 34.00547258
-8.86396299 -4.03438037 32.73258968
-7.45444935 -2.97278715 31.02363505
-6.21404749 -2.46979607 29.15366323
-5.22165783 -2.35494226 27.30368084
-4.49450027 -2.51059480 25.54043753
-4.02223660 -2.84796779 23.90287367
-3.77658716 -3.32233813 22.40974938
-3.73777500 -3.91683594 21.07604842
-3.88357706 -4.64142915 19.92319482
-4.19521338 -5.52498225 18.98199096
-4.68023748 -6.59104378 18.29575553
-5.34561440 -7.86072271 17.93116050
-6.19321568 -9.34063461 17.97870913
-7.22847484 -10.99600718 18.56177049
-8.44334801 -12.72306326 19.83010107
-9.77518827 -14.28978972 21.86787251
-11.10558376 -15.34211389 24.67637122
-12.24368127 -15.46338743 27.99938656
-12.95523288 -14.36877908 31.30287783
-13.03843445 -12.11785252 33.89932027
-12.42077693 -9.25814255 35.25043870
-11.20967944 -6.47859440 35.25794316
-9.65589255 -4.19818044 34.14710874
-8.01920342 -2.68727664 32.37658005
-6.51568467 -1.88836355 30.34231053
-5.26860903 -1.59857020 28.29860602
-4.31738513 -1.64682091 26.34277311
-3.65544435 -1.89859491 24.51849281
-3.24914385 -2.28111356 22.83891610
-3.06311703 -2.76305046 21.31038173
-3.06021122 -3.34877400 19.94063611
-3.22598298 -4.05465195 18.74167898
-3.55730152 -4.90886910 17.73682319
-4.04734761 -5.95780153 16.96720859
-4.71140164 -7.24028835 16.49452158
-5.57155046 -8.78300219 16.41236789
-6.64248621 -10.57666088 16.85361734
-7.92402201 -12.54587976 17.98125982
-9.39251090 -14.49166084 19.99729517
-10.94208730 -16.04002486 22.96516941
-12.37744301 -16.65930443 26.75269261
-13.41109548 -15.86300066 30.78635931
-13.75948443 -13.54734483 34.22392455
-13.25990787 -10.17831928 36.24238245
-11.98534565 -6.71604124 36.57291663
-10.21016755 -3.87074379 35.46480629
-8.28623694 -1.96414971 33.49915323
-6.49415033 -0.95811542 31.21006492
-4.99710156 -0.57409507 28.93060453
-3.84391811 -0.57351157 26.77575338
-3.02069296 -0.77829737 24.78235265
-2.47972509 -1.08777822 22.94948398
-2.16868678 -1.45656601 21.26920532
-2.03801821 -1.87865496 19.73430656
-2.06204042 -2.36323880 18.34172521
-2.21814894 -2.94050447 17.09446222
-2.49820187 -3.65063073 16.00346861
-2.91357232 -4.53661070 15.09118662
-3.48061898 -5.65141771 14.39988896
-4.22804930 -7.05355007 13.99761090
-5.19030360 -8.79684678 13.99427316
-6.40075027 -10.88728170 14.56154417
-7.87885439 -13.25916310 15.92370264
-9.60781878 -15.68312449 18.37119167
-11.47113640 -17.66308371 22.06151652
-13.22058434 -18.44691347 26.86830370
-14.46064115 -17.28677187 31.99891024
-14.79350993 -14.04951740 36.22681912
-14.00720192 -9.57107914 38.39089212
-12.25272440 -5.27877053 38.31729197
-9.96720239 -1.99224524 36.52225578
-7.60809465 -0.04324124 33.94136989
-5.50823723 0.85191099 31.24356340
-3.81518340 1.10254970 28.70689461
-2.54565273 1.03321116 26.40195964
-1.64244240 0.84440535 24.31542677
-1.02597256 0.64198523 22.41766648
-0.61775264 0.47048511 20.68117340
-0.35418669 0.34347001 19.08560573
-0.18565990 0.25867902 17.61596640
-0.07804470 0.20977626 16.26075877
-0.00678699 0.18916865 15.01034457
0.04383450 0.19174464 13.85640627
0.08480581 0.21436664 12.79145360
0.12371505 0.25650959 11.80870528
0.16625839 0.32021450 10.90201088
0.21779087 0.40981926 10.06583773
0.28344632 0.53291275 9.29532888
0.36979603 0.70036338 8.58647202
0.48507251 0.92757937 7.93630518
0.63961152 1.23692055 7.34354690
0.84896016 1.65818368 6.81008282
1.13381793 2.23207660 6.34242909
1.51986664 3.01771776 5.95356655
2.04610151 4.09230688 5.67758633
2.76513608 5.54405638 5.58049765
3.74388550 7.50916356 5.76589724
5.06429005 10.14191841 6.42511228
6.81399785 13.48801915 7.93868911
9.06826010 17.44616693 10.86701510
11.79734307 21.44926664 15.93338281
14.71176598 24.08787706 23.52423810
17.12653750 23.27020990 32.79200216
18.06861213 17.78394133 40.90456763
16.87457519 9.33345181 44.70422553
13.81687524 1.63172501 43.79094295
9.90846257 -3.38062393 40.06819299
6.10956207 -5.64798365 35.91563112
2.94883125 -6.30778039 32.38097412
0.54553545 -6.28471775 29.58837216
-1.20039900 -6.09998756 27.37998596
-2.45394633 -6.00860761 25.59831176
-3.38679422 -6.10799373 24.14284256
-4.12763112 -6.42677041 22.96983774
-4.79273053 -6.96432662 22.06496557
-5.45251066 -7.70856974 21.45259111
-6.15834160 -8.63385029 21.17192718
-6.94348252 -9.69482590 21.27411072
-7.80907730 -10.82184544 21.82619876
-8.73724397 -11.89347384 22.86604113
-9.67917546 -12.75234277 24.38591090
-10.54059237 -13.16677169 26.29699842
-11.21046862 -12.97094245 28.39589325
-11.56666443 -12.10562739 30.36078973
-11.52251042 -10.65436890 31.83234450
-11.07176782 -8.95719244 32.60234903
-10.28563239 -7.28555220 32.61195349
-9.29963843 -5.82021150 31.95306888
-8.24420806 -4.75942562 30.82307578
-7.24712049 -4.13446649 29.41694411
-6.39864764 -3.87479517 27.93211546
-5.74317569 -3.90321697 26.45866260
-5.29543569 -4.15579418 25.06092744
-5.05322018 -4.58113507 23.78245725
-5.00326537 -5.15810689 22.65693869
-5.13909358 -5.87671618 21.71794569
-5.44835496 -6.73891528 21.00772555
-5.91577351 -7.75135609 20.57637547
-6.54361056 -8.90163566 20.48943441
-7.32545535 -10.15049954 20.82193954
-8.23266881 -11.41158954 21.64213149
-9.21595884 -12.55223514 22.99836280
-10.19761228 -13.35232290 24.86846420
-11.06245347 -13.58228372 27.11009620
-11.66696010 -13.07529685 29.42834322
-11.88239637 -11.81141810 31.42132268
-11.63678689 -10.09305172 32.72879208
-10.96693875 -8.18889525 33.18836867
-9.99113379 -6.37477756 32.84551522
-8.85142905 -4.95923401 31.84484976
-7.70742651 -4.03378308 30.40759932
-6.68352589 -3.56551283 28.83527562
-5.85381355 -3.45008794 27.24489653
-5.24514166 -3.60146012 25.70875372
-4.86140768 -3.94517474 24.27823016
-4.68695357 -4.44550483 22.98577431
-4.70949930 -5.08763542 21.86054118
-4.91348652 -5.87431744 20.93724805
-5.28457219 -6.81759189 20.25845649
-5.82764133 -7.92287884 19.88063539
-6.54133676 -9.17641039 19.87554122
-7.40971819 -10.53578248 20.32949475
-8.40181961 -11.91817248 21.31351342
-9.47722833 -13.12420404 22.91159214
-10.54793978 -13.91467322 25.08994765
-11.46669532 -14.04178130 27.63962637
-12.05683647 -13.27942339 30.19213808
-12.18244667 -11.73659497 32.26271748
-11.78787835 -9.70840742 33.48492308
-10.94505694 -7.51987704 33.73948742
-9.78779650 -5.61272424 33.10650631
-8.50525254 -4.21479440 31.81204881
-7.26881478 -3.37872813 30.20408797
-6.20224060 -3.00594382 28.49314232
-5.36291475 -2.98417486 26.79384110
-4.77079195 -3.19942119 25.18096595
-4.41213385 -3.58768015 23.69044729
-4.26835847 -4.11909331 22.34773806
-4.31755662 -4.78789113 21.17841687
-4.54064020 -5.60669127 20.21383305
-4.94468310 -6.58662494 19.49153406
-5.53013848 -7.73756195 19.07017767
-6.28438963 -9.06818632 19.03234732
-7.20174198 -10.54700777 19.47083806
-8.27788649 -12.07541452 20.50831872
-9.46038599 -13.46987595 22.21458451
-10.64725512 -14.45168251 24.57725129
-11.68681182 -14.69298834 27.41137287
-12.38369422 -13.94164252 30.29520543
-12.57083577 -12.20517874 32.70408195
-12.16223404 -9.81920007 34.13726968
-11.21784581 -7.36758121 34.44450305
-9.91679151 -5.24686992 33.72503290
-8.48295243 -3.71055842 32.30962433
-7.11138319 -2.81330511 30.53195403
-5.93553086 -2.42153081 28.66453256
-5.01388852 -2.38817959 26.83406639
-4.35697655 -2.59868718 25.10411589
-3.94773985 -2.97438814 23.50477846
-3.76081226 -3.48006146 22.05337197
-3.77319715 -4.10741684 20.76714458
-3.96003348 -4.87502902 19.66960951
-4.31808111 -5.80539017 18.79306442
-4.85335917 -6.92205957 18.18682522
-5.56695745 -8.24762253 17.92574512
-6.46366050 -9.77818502 18.10649082
-7.55189789 -11.46832622 18.86789037
-8.80246975 -13.17214774 20.33174036
-10.14227703 -14.62914579 22.58104645
-11.43563923 -15.46076502 25.55396839
-12.47677546 -15.25692217 28.92631779
-13.03194231 -13.81591652 32.10357226
-12.92372887 -11.36042637 34.38576780
-12.12799210 -8.53021692 35.36265560
-10.81330837 -5.82227038 35.01982132
-9.22033318 -3.74255152 33.69143341
-7.60820594 -2.44345755 31.80916249
-6.17064365 -1.79664333 29.77508754
-5.00361777 -1.61724035 27.75371594
-4.13624789 -1.73211056 25.83704788
-3.54936405 -2.02515005 24.05581453
-3.20872070 -2.43789217 22.42122025
-3.07586877 -2.95111146 20.93984698
-3.12364653 -3.57092896 19.61989132
-3.34039978 -4.31735875 18.47708958
-3.71446590 -5.22970745 17.54054939
-4.25400853 -6.34731713 16.85538596
-4.97643023 -7.70493133 16.49238575
-5.89678955 -9.31953092 16.55511977
-7.02780760 -11.16694271 17.18676791
-8.37352179 -13.15425078 18.58212341
-9.87513670 -15.01885680 20.87430601
-11.40474982 -16.32625332 24.10972134
-12.73734175 -16.53545198 28.02136589
-13.57933041 -15.24401777 31.94825407
-13.66799515 -12.50996901 34.99459201
-12.91050479 -9.07761301 36.48774302
-11.45330705 -5.80845910 36.33409577
-9.61808924 -3.23118253 34.90058694
-7.72496926 -1.62878446 32.79200579
-6.02352504 -0.83745449 30.49976505
-4.63656601 -0.59232708 28.25857559
-3.59341903 -0.66900678 26.15840580
-2.86580820 -0.91382500 24.21905260
-2.40426054 -1.24677866 22.43764638
-2.15519800 -1.63727961 20.80632416
-2.08036148 -2.08323870 19.31939740
-2.15128251 -2.60356921 17.97621720
-2.35065158 -3.23218671 16.78275666
-2.68148028 -4.00704971 15.75388561
-3.15260056 -4.97796149 14.91981104
-3.78617762 -6.20042771 14.33057079
-4.61304035 -7.72980241 14.06949689
-5.66737451 -9.60055373 14.27046211
-6.97920961 -11.80216936 15.12369309
-8.55739502 -14.21794254 16.88534265
-10.34398410 -16.51259032 19.79222342
-12.17867756 -18.09705931 23.92770585
-13.75827958 -18.12862214 28.93231032
-14.66970535 -16.10089258 33.82709773
-14.55648487 -12.25844008 37.27018282
-13.36656587 -7.97686748 38.54014449
-11.40729755 -4.03503024 37.72438885
-9.09047852 -1.26255291 35.57263563
-6.83277818 0.25082570 32.92496629
-4.89705718 0.87339667 30.29115901
-3.37904161 0.98072078 27.85039270
-2.26339239 0.85216191 25.63428403
-1.48349106 0.64567793 23.62313980
-0.95981831 0.44003383 21.78796114
-0.62180733 0.26622868 20.10495364
-0.41086225 0.12883784 18.55631359
-0.28629051 0.02274713 17.12893529
-0.21806044 -0.06242265 15.81214095
-0.18799887 -0.13623686 14.59702491
-0.18434129 -0.20829496 13.47566606
-0.20102160 -0.28725491 12.44097256
-0.23581846 -0.38172286 11.48655799
-0.28927158 -0.50141535 10.60676040
-0.36457289 -0.65782874 9.79670770
-0.46762293 -0.86573897 9.05260037
-0.60758430 -1.14468180 8.37244483
-0.79601327 -1.52131290 7.75540619
-1.04968743 -2.03343442 7.20569784
-1.39414239 -2.73008761 6.73547374
-1.86421011 -3.67134319 6.37163822
-2.50114264 -4.95444496 6.15063492
-3.36138969 -6.69584938 6.16074480
-4.52289675 -9.00955225 6.57657325
-6.07241548 -11.98486441 7.67250334
-8.09554076 -15.65824535 9.91395683
-10.60152659 -19.66307294 13.91292233
-13.43133042 -22.98907191 20.29436637
-16.09306231 -23.77859080 28.85895736
-17.72413250 -20.28036293 37.64926681
-17.46129105 -13.09952015 43.36861817
-15.19799912 -4.95500703 44.30867615
-11.63712715 1.24482898 41.54843509
-7.79219197 4.54941189 37.50093196
-4.39319407 5.78247929 33.70637926
-1.71496137 5.99362751 30.60786525
0.26802023 5.85377306 28.14175699
1.69687162 5.71541709 26.14857887
2.73520321 5.72695137 24.50889978
3.53461047 5.94957498 23.15494322
4.21807566 6.39612242 22.06492667
4.86637906 7.06452533 21.25196817
5.55183629 7.93716938 20.74339512
6.31023182 8.99283369 20.59704735
7.16323600 10.17992813 20.87852673
8.11252829 11.40743051 21.64882364
9.12309158 12.52496134 22.97058611
10.12378898 13.33007719 24.81486444
11.00707250 13.58610068 27.03789122
11.63077508 13.12069963 29.33931465
11.86395377 11.92141838 31.33140795
11.64542356 10.15471588 32.67905982
10.99079424 8.18258188 33.16927405
10.01131880 6.37052983 32.82946193
8.86410947 4.95725946 31.83778690
7.71545649 4.02919739 30.45602460
6.68660419 3.55803897 28.88527129
5.85335477 3.44462446 27.28375947
5.24360265 3.58485217 25.74294119
4.85550746 3.92265963 24.30564385
4.67788614 4.41863235 23.00698389
4.69150294 5.05952456 21.87611267
4.88966122 5.84437543 20.94435745
5.26501533 6.77965431 20.25468816
5.80421366 7.87821553 19.86422508
6.50769175 9.13049795 19.84486923
7.37290877 10.49529168 20.28663716
8.37202873 11.87199609 21.27015699
9.45139991 13.09936756 22.85154341
10.51854411 13.91831906 25.00116314
11.43781182 14.06090602 27.53849700
12.04307730 13.33712843 30.10007465
12.19062586 11.79085472 32.20673324
11.81443995 9.77819551 33.47170639
10.98346462 7.60968975 33.75782741
9.83550089 5.68331778 33.16477410
8.55562525 4.26332972 31.89422031
7.31536335 3.40452558 30.26457939
6.24160564 3.01630729 28.55703719
5.39341333 2.97826792 26.85700789
4.79045896 3.18702095 25.24041493
4.42230343 3.56965059 23.74509030
4.26981390 4.09637293 22.39622580
4.31378790 4.75852095 21.21923165
4.53326538 5.56921349 20.24498503
4.92784840 6.54353532 19.51316053
5.50206097 7.69198455 19.08019952
6.25015316 9.01664952 19.02631801
7.16178162 10.49084901 19.44245291
8.23195337 12.01914281 20.45310728
9.41363592 13.42333976 22.13768891
10.60405760 14.42708630 24.47600258
11.65511080 14.70102264 27.30740657
12.36804120 13.99286719 30.19673301
12.57636736 12.29843599 32.62978934
12.19000375 9.92192174 34.10588525
11.26372203 7.43943485 34.44656151
9.96703566 5.29950914 33.76028569
8.53110329 3.74223073 32.36061677
7.15210544 2.82349988 30.59427961
5.96655979 2.42280595 28.72186072
5.03634403 2.37995182 26.88852350
4.37052583 2.58388626 25.15365477
3.95361026 2.95543118 23.54942349
3.75806561 3.45833771 22.09295377
3.76459858 4.08142980 20.80027265
3.94931601 4.84154299 19.69489778
4.30072532 5.76581998 18.81013112
4.82783926 6.87795601 18.19364929
5.53608696 8.19692536 17.91888172
6.42631264 9.72141947 18.07999849
7.50616366 11.40570157 18.81509799
8.75491849 13.11716128 20.25973007
10.09645754 14.59221806 22.48170298
11.39919697 15.45903846 25.44476310
12.45349834 15.30213270 28.80999124
13.03016671 13.91590604 32.00668756
12.94548678 11.45414084 34.32978686
12.17201267 8.57532191 35.35762206
10.85765579 5.88679261 35.06448690
9.26532851 3.77971135 33.76059652
7.64746970 2.45487757 31.89573508
6.20027114 1.79400700 29.85016201
5.02373516 1.59903130 27.82294759
4.14481142 1.70568676 25.89865112
3.54784056 1.99332594 24.10986253
3.19816984 2.40155393 22.46738739
3.05960155 2.90803348 20.97756285
3.09770566 3.52272764 19.64932904
3.30487202 4.26259762 18.49626793
3.67637259 5.16085422 17.54620333
4.20701085 6.26526311 16.84504245
4.91813198 7.61109267 16.46108931
5.82950570 9.21775396 16.49776712
6.95265930 11.06340926 17.09431553
8.28409059 13.04696754 18.42984355
9.78375697 14.92838995 20.68430657
11.32180436 16.28858667 23.87495041
12.68198422 16.58284887 27.78923444
13.56151169 15.39195095 31.73945398
13.70218332 12.74825310 34.87694925
12.99137281 9.27399720 36.45793312
11.56196309 5.92932681 36.38837318
9.72303958 3.31087898 35.00569409
7.81500430 1.65269062 32.92222562
6.09153917 0.83263583 30.61944861
4.68341902 0.56586379 28.36822103
3.61921291 0.63097134 26.25595475
2.87406353 0.86949037 24.30582435
2.39784782 1.19778801 22.51422850
2.13802487 1.58192718 20.87311817
2.05025807 2.02168669 19.37636406
2.11228022 2.53047357 18.02250277
2.30245900 3.14348895 16.81671445
2.61954021 3.90082305 15.77277131
3.07649909 4.84854472 14.91805943
3.69221601 6.04006850 14.30198081
4.49831119 7.53620112 14.00226806
5.52890168 9.38037446 14.14521110
6.81544129 11.56012571 14.91999855
8.36731916 13.97263689 16.56554311
10.14819045 16.31804372 19.36557522
12.00314404 18.01969359 23.40298241
13.64243761 18.28929363 28.40128315
14.64664079 16.50535655 33.37480801
14.65716720 12.79084154 37.06531298
13.56152339 8.24481666 38.54114025
11.60601640 4.19559001 37.88380626
9.26269468 1.31196797 35.77829116
6.96127081 -0.27729158 33.12052350
4.97965820 -0.94312904 30.46173482
3.41855028 -1.07141640 27.99593006
2.26781332 -0.95102898 25.76067275
1.46050890 -0.74887671 23.73446969
0.91558012 -0.54950488 21.88767866
0.55914671 -0.38559423 20.19516038
0.33171732 -0.26425821 18.63841860
0.18940105 -0.18106859 17.20382784
0.10122462 -0.12807281 15.88051877
0.04642742 -0.09756250 14.65933874
0.01133342 -0.08344222 13.53220197
-0.01271572 -0.08169762 12.49179891
-0.03151872 -0.08992309 11.53143645
-0.04883227 -0.10741628 10.64496955
-0.06750963 -0.13473838 9.82674573
-0.08996378 -0.17379151 9.07157693
-0.11869165 -0.22781357 8.37471978
-0.15650973 -0.30185541 7.73188658
-0.20733825 -0.40284505 7.13928019
-0.27586175 -0.54090540 6.59363955
-0.36891159 -0.73023213 6.09257572
-0.49640347 -0.98974070 5.63505265
-0.67061160 -1.34654572 5.22127551
-0.90904958 -1.83946863 4.85554038
-1.23779746 -2.52016728 4.54951864
-1.69227418 -3.45500892 4.32967003
-2.31709455 -4.74776515 4.22975871
-3.17552328 -6.52395741 4.34275835
-4.35288177 -8.92067075 4.84485969
-5.94345159 -12.05538846 6.03174767
-8.05566788 -16.01188830 8.39960896
-10.71020428 -20.39418489 12.66982089
-13.75693510 -24.11413618 19.61833364
-16.65463516 -25.01748563 29.08961995
-18.40817476 -20.99963830 38.80831197
-18.02380464 -12.90739136 44.83256254
-15.43050591 -3.82159551 45.42440944
-11.46057607 2.68912594 42.05829160
-7.29209351 5.92156498 37.62922787
-3.69151507 6.98701695 33.71763249
-0.90009428 7.07124844 30.67501944
1.14054760 6.86671974 28.35499873
2.60142257 6.70287323 26.54903330
3.65844342 6.70974383 25.11874636
4.47722689 6.93187680 23.98852064
5.16696248 7.36486736 23.14088214
5.81586450 7.98707911 22.57885673
6.48291558 8.76344669 22.32735607
7.19098439 9.64731610 22.42911344
7.95207324 10.56184327 22.91255852
8.74631097 11.40178330 23.79839015
9.52566146 12.03051615 25.07008800
10.22136832 12.30578952 26.62617009
10.75018897 12.10457591 28.29269643
11.01746293 11.41232723 29.81457190
10.97114857 10.30451688 30.96587553
10.61374572 8.94136547 31.58720306
9.99075588 7.56749571 31.61678646
9.19603363 6.37253005 31.10720300
8.33553382 5.48167687 30.19742465
7.51555682 4.92824300 29.06028784
6.80721379 4.69114488 27.80882442
6.25614126 4.73010319 26.54085843
5.88801536 4.96868794 25.34024930
5.70023988 5.37105561 24.25126248
5.68705360 5.92365362 23.30981451
5.84037221 6.61277351 22.55647782
6.14595081 7.42994239 22.03197784
6.59937255 8.36219640 21.78761695
7.19519445 9.37804094 21.87873161
7.90832184 10.41737255 22.35318198
8.69533921 11.39246214 23.24863839
9.50492615 12.16861327 24.55814003
10.25849993 12.56947331 26.20665348
10.85835591 12.46754920 28.02475665
11.19855642 11.78545444 29.75123892
11.20745316 10.62196931 31.10101531
10.86626197 9.22220552 31.87473620
10.23121203 7.76133897 32.00554240
9.40198973 6.42152674 31.55387277
8.48346453 5.40223278 30.64012462
7.58904915 4.75452224 29.42692554
6.80662119 4.44796807 28.10736303
6.18698770 4.42246199 26.77016613
5.75185744 4.62649091 25.48495769
5.50795688 5.00928294 24.30365991
5.44575075 5.54539134 23.26516059
5.56042689 6.22314734 22.40649656
5.84303513 7.03461277 21.77030866
6.27740897 7.97644571 21.40489320
6.85489299 9.02807025 21.36533606
7.56977917 10.14419310 21.72094661
8.39179136 11.23810941 22.51812228
9.26465018 12.17930352 23.77550466
10.11463555 12.80077167 25.45132189
10.83645453 12.90803012 27.38970882
11.31828654 12.39615876 29.34587427
11.45839773 11.27109481 30.99697261
11.21195859 9.74459703 32.06614403
10.60704956 8.11719413 32.42880849
9.74636368 6.59904318 32.09755496
8.75726240 5.38945419 31.22575858
7.76696638 4.58855625 29.99096684
6.87930047 4.17575092 28.58700204
6.15967282 4.07408033 27.15762956
5.63404048 4.22233296 25.76887139
5.31038826 4.56563834 24.47694682
5.17973541 5.06783340 23.32041721
5.23376054 5.71624914 22.33364419
5.46577401 6.50372016 21.55524299
5.86120433 7.43279248 21.03313154
6.40768399 8.49767025 20.82089854
7.10628495 9.66910806 20.99162965
7.93841410 10.87955241 21.61170576
8.86003247 12.01154335 22.72783068
9.80577660 12.90186783 24.34397496
10.67607597 13.32115688 26.35911199
11.34753715 13.09551245 28.55152517
11.69005245 12.14869004 30.57832732
11.61714704 10.62802507 32.07595828
11.11922988 8.86224338 32.81993675
10.28513767 7.09667748 32.76224620
9.24579225 5.60129102 32.03028319
8.14840606 4.54592147 30.81432284
7.12329995 3.93960875 29.35065193
6.26010351 3.70312044 27.82386401
5.59871296 3.75792361 26.31568910
5.15378754 4.03097296 24.89175685
4.91761381 4.47160181 23.59177590
4.87830258 5.06093664 22.44732177
5.02437569 5.79213293 21.49273097
5.33960543 6.67315854 20.76886716
5.81951666 7.70788318 20.32718505
6.46761252 8.88728358 20.23431195
7.27145275 10.17039225 20.56567187
8.20181555 11.48241966 21.39974487
9.21574486 12.67469652 22.79007269
10.23697736 13.51557879 24.73217957
11.14277095 13.77844168 27.06974668
11.77843928 13.25636551 29.49559664
12.00573028 11.97129073 31.57556775
11.75015244 10.15391342 32.93696210
11.05282111 8.09602867 33.41057260
10.02167594 6.21107860 33.01831811
8.82674000 4.75263168 31.93706501
7.63307638 3.81903264 30.47100087
6.57346718 3.35095368 28.85396857
5.71667865 3.25191687 27.21078839
5.09424893 3.41414374 25.63202743
4.70166574 3.76149267 24.16401906
4.52310043 4.26297254 22.83588683
4.54103179 4.90515589 21.67623246
4.73602545 5.69480132 20.71703028
5.10780992 6.64162897 19.99776094
5.65661578 7.75138775 19.57389040
6.37234705 9.02412793 19.52133502
7.24516302 10.42697809 19.92398138
8.26643735 11.86588422 20.89411702
9.38561381 13.17085447 22.49089736
10.50489594 14.08795071 24.69131668
11.48616423 14.32524577 27.32910449
12.14900404 13.65889957 30.01298480
12.34434508 12.09242302 32.28068464
11.99010003 9.90127741 33.67332763
11.13601104 7.60569074 34.03195954
9.93439036 5.59737730 33.43347302
8.59391831 4.10316548 32.15010835
7.29505815 3.19919259 30.49389953
6.16884201 2.78960552 28.71304636
5.27939209 2.73243008 26.95483949
4.64048631 2.92709554 25.28251287
4.24257983 3.29844481 23.73434557
4.06183413 3.81112283 22.33260065
4.08263701 4.45267614 21.09747136
4.28520138 5.23533786 20.05699648
4.65507559 6.18411328 19.24925639
5.20104448 7.31658733 18.72665947
5.92737147 8.63956663 18.56477107
6.82915651 10.13738138 18.85873026
7.89707641 11.73715542 19.72432033
9.10776170 13.28080248 21.29752955
10.37362531 14.50591722 23.59149308
11.54122465 15.04764366 26.48251510
12.41474209 14.58215794 29.60712512
12.78341687 13.03582791 32.36123710
12.53335451 10.63639984 34.21609858
11.67529697 7.94571907 34.84209242
10.37164304 5.53993386 34.31671686
8.86006202 3.75430922 32.95562324
7.37388620 2.66015081 31.15947683
6.07221541 2.15575381 29.21089408
5.03615172 2.04904804 27.29492711
4.27874221 2.20841355 25.47763475
3.78416093 2.54239952 23.79216338
3.52034761 3.00396530 22.25281980
3.46217799 3.57777993 20.87084095
3.58686193 4.27396881 19.66293970
3.87573640 5.12265580 18.65524488
4.33459437 6.15233503 17.88619635
4.97122412 7.39262482 17.41744030
5.79212717 8.86122312 17.33519586
6.81297740 10.54892294 17.76731942
8.03108589 12.37557006 18.86362973
9.40050483 14.13258990 20.75208020
10.82487290 15.48977539 23.49892962
12.12149903 15.97032347 26.93417362
13.04589247 15.19753026 30.57641231
13.34779713 13.07486207 33.66038934
12.89063824 10.16360493 35.50369631
11.75263504 7.08302330 35.85003085
10.16639408 4.44595439 34.90889857
8.42067095 2.64240856 33.13115456
6.77235261 1.64111834 31.03335177
5.37682978 1.23765095 28.89089407
4.29487037 1.22233121 26.83680207
3.52260009 1.42797810 24.91999320
3.02354070 1.76606928 23.15237065
2.75378553 2.19415327 21.53566999
2.67507695 2.70547791 20.07034000
2.76507380 3.31240355 18.76185386
3.00405020 4.04917156 17.62439733
3.39366572 4.95431482 16.68310430
3.94596157 6.07168872 15.98204146
4.67720429 7.44368546 15.59168943
5.61572225 9.11005483 15.62063137
6.78257771 11.06326449 16.22267335
8.17830051 13.19429967 17.59321220
9.76344192 15.27020238 19.92934997
11.41902075 16.81430985 23.33860627
12.90906700 17.23183093 27.58022497
13.90554507 15.98782722 31.96693902
14.08291472 13.15178280 35.42162454
13.32852178 9.33855310 37.16917135
11.77728722 5.62190941 37.02571505
9.77139847 2.78040416 35.45546891
7.70141610 1.04771134 33.19482780
5.84802369 0.22267645 30.75139658
4.34785495 -0.02265624 28.39650832
3.22009633 0.05170617 26.21237016
2.42750029 0.27855942 24.20963848
1.90899534 0.56795336 22.37403945
1.60393189 0.88337730 20.69003677
1.46185318 1.22114288 19.14535761
1.45030805 1.59343614 17.73213728
1.54440340 2.02784905 16.44660140
1.73928395 2.55471233 15.29005389
2.03735569 3.21501634 14.27115691
2.45258569 4.05759475 13.40857630
3.01012651 5.13992388 12.73833656
3.74337006 6.52370894 12.32641699
4.69617452 8.27329626 12.28016025
5.91646700 10.46710032 12.76639274
7.43572545 13.05169135 14.03962370
9.26306131 15.82404303 16.43655633
11.31253767 18.30576854 20.26564808
13.34501538 19.62479604 25.53407848
14.92249405 18.78941201 31.53175531
15.51745764 15.44222332 36.70405622
14.82102289 10.35012508 39.57153408
12.94145333 5.16978736 39.64458480
10.36078369 1.27648530 37.64256988
7.66806349 -0.96922197 34.76640307
5.27472080 -1.94971522 31.80808745
3.35636348 -2.21076353 29.10299416
1.91833999 -2.14374309 26.70163038
0.88514931 -1.98888851 24.56681908
0.15918811 -1.86794795 22.65043122
-0.35961028 -1.83611913 20.91514304
-0.75033758 -1.91482394 19.33775162
-1.07638590 -2.11420088 17.90437273
-1.38737200 -2.44440314 16.60880004
-1.72283662 -2.92309722 15.45210725
-2.11933173 -3.57695866 14.44360128
-2.60949078 -4.44754993 13.60612759
-3.23476062 -5.58234440 12.98200881
-4.03552571 -7.04661121 12.64358491
-5.05705927 -8.89641024 12.71470207
-6.34459578 -11.13955835 13.37596148
-7.93314009 -13.73009827 14.91592019
-9.81316057 -16.43445643 17.65536255
-11.84857958 -18.64148965 21.78801573
-13.76038907 -19.42888643 27.23002325
-15.07509515 -17.91602095 32.98212229
-15.32612892 -14.00693802 37.53628268
-14.29799235 -8.86898055 39.59749076
-12.22036179 -4.16368321 39.10729030
-9.63483570 -0.77052804 36.85101726
-7.05609531 1.08450504 33.94961155
-4.82418048 1.85127114 31.08166999
-3.06372479 2.00775324 28.47271454
-1.75996388 1.90580013 26.14905698
-0.83205538 1.74447962 24.07129782
-0.18177151 1.62569328 22.19694239
0.27971704 1.59198771 20.49342647
0.62692121 1.65924063 18.93942153
0.91571486 1.83547418 17.52241142
1.19173928 2.12861226 16.23541966
1.48917115 2.55548639 15.07761985
1.84161476 3.14055553 14.05493768
2.28021263 3.92208190 13.18344756
2.83892849 4.95170312 12.49660262
3.56186592 6.28625065 12.05394188
4.49376206 8.00246159 11.95409269
5.68345630 10.14837689 12.36409234
7.17674805 12.70437177 13.52572986
8.98983094 15.52249599 15.78953022
11.05814958 18.16094951 19.48025155
13.15388551 19.77006164 24.66972105
14.85774557 19.29056585 30.75978601
15.63465236 16.15058792 36.28850587
15.09748235 11.00218547 39.57671474
13.29925351 5.70780025 40.04280476
10.72692312 1.54643998 38.21645911
7.97386207 -0.94377121 35.32584346
5.48573985 -2.07792508 32.30503842
3.46820967 -2.40660005 29.53093142
1.94654768 -2.36671204 27.07656545
0.84789039 -2.21940430 24.90373757
0.07018742 -2.10493690 22.96176347
-0.48860876 -2.08436584 21.21005472
-0.91261126 -2.18404503 19.62318966
-1.27090896 -2.41562827 18.18712047
-1.61522915 -2.79226360 16.89728770
-1.99055766 -3.33194545 15.75698876
-2.43265209 -4.06628079 14.78111590
-2.98292456 -5.03304796 13.99923763
-3.67840898 -6.28741258 13.46481841
-4.56230117 -7.88272551 13.27022143
-5.68100146 -9.84663212 13.55545158
-7.07551443 -12.19189200 14.54449470
-8.74982164 -14.76774465 16.50715483
-10.64529304 -17.18336347 19.72169453
-12.57891970 -18.74740902 24.27348703
-14.20270211 -18.57227654 29.70900210
-15.05620521 -16.07596657 34.85430399
-14.76856784 -11.85439527 38.23321787
-13.34634287 -7.03546159 39.13631286
-11.12795911 -2.95493587 37.86822013
-8.61947774 -0.32166697 35.36920522
-6.26442737 1.01024117 32.56251189
-4.30119530 1.47802825 29.86351376
-2.79333975 1.50692191 27.41461588
-1.69724459 1.35633039 25.21488374
-0.93011324 1.17513512 23.22903868
-0.40569798 1.03352158 21.42260494
-0.04447777 0.95763096 19.76945090
0.21304624 0.95476288 18.25208601
0.41338470 1.02510488 16.85784008
0.58998637 1.17074659 15.57768766
0.76972414 1.39780532 14.40515974
0.97386842 1.72063143 13.33678457
1.22488337 2.16055592 12.37275497
1.54383913 2.75215297 11.51917504
1.95948610 3.53987593 10.79234935
2.50600057 4.58431963 10.22328849
3.22359667 5.96523786 9.87047277
4.16765302 7.76281475 9.84178849
5.39762471 10.03945176 10.31522453
6.98219025 12.87874188 11.56943718
8.94179952 16.10475272 13.99272117
11.22760640 19.21678980 18.06565767
13.60751444 21.21718525 23.99632959
15.58654285 20.74701711 31.13518343
16.49074580 16.98291410 37.63611593
15.82050531 11.01186875 41.31011646
13.69141454 4.70196029 41.48697297
10.68382525 0.04563588 39.05292023
7.53864673 -2.50406177 35.68253759
4.77103996 -3.52773851 32.39552796
2.58006653 -3.74799454 29.52360770
0.94840346 -3.65929959 27.06940864
-0.22866298 -3.53792211 24.95463802
-1.08119055 -3.51676779 23.10511810
-1.72626971 -3.65568263 21.47582455
-2.26715270 -3.97871482 20.04478709
-2.77643766 -4.50399990 18.81269181
-3.32128964 -5.24591383 17.79411105
-3.94820645 -6.23056604 17.02670654
-4.70292941 -7.47979561 16.57182438
-5.62571009 -9.00620295 16.52334891
-6.74039396 -10.79855264 17.02036362
-8.05471901 -12.75579626 18.22733838
-9.53340103 -14.66497440 20.30477973
-11.07609339 -16.11101976 23.35595161
-12.47901071 -16.59169327 27.17195197
-13.45403795 -15.61956916 31.18290853
-13.71322487 -13.21946960 34.46590753
-13.13529445 -9.86724753 36.30494004
-11.81109029 -6.42928641 36.45330010
-10.02180462 -3.66010175 35.21259658
-8.10796418 -1.86563565 33.20319214
-6.34786562 -0.93679391 30.92838056
-4.89173336 -0.62736003 28.66290789
-3.78511306 -0.65682624 26.53612394
-3.00138004 -0.87923131 24.56873614
-2.49323047 -1.20174702 22.76091138
-2.20873640 -1.58518333 21.10433901
-2.10688237 -2.02267878 19.59311511
-2.15201079 -2.53362907 18.22580829
-2.33181294 -3.14489662 17.00712122
-2.64192299 -3.89666200 15.95112427
-3.09015460 -4.83753396 15.08474928
-3.69845403 -6.02023436 14.45436067
-4.49421038 -7.49699924 14.13956326
-5.50985488 -9.30011775 14.26185557
-6.78468398 -11.46576558 15.01056921
-8.32181266 -13.87153669 16.61436282
-10.07966570 -16.20311870 19.33214220
-11.91996669 -17.91688274 23.29580150
-13.55508924 -18.21719416 28.21839903
-14.58315308 -16.48443943 33.19858530
-14.62703067 -12.93278672 36.90588109
-13.58335923 -8.53558958 38.45260424
-11.69212567 -4.41644923 37.85905698
-9.38118868 -1.49070412 35.77277864
-7.08978435 0.13871723 33.14322092
-5.10638198 0.82745731 30.50163560
-3.54119946 0.96870853 28.04276000
-2.38475533 0.85117551 25.80842934
-1.57329363 0.64398323 23.78172766
-1.02785063 0.43202576 21.93334214
-0.67520883 0.24929371 20.23879445
-0.45630415 0.10209076 18.67997625
-0.32831477 -0.01489605 17.24335652
-0.26064332 -0.11228279 15.91816077
-0.23434519 -0.20066831 14.69542154
-0.23775187 -0.29065465 13.56724042
-0.26491224 -0.39253607 12.52660017
-0.31433048 -0.51680517 11.56728430
-0.38756718 -0.67583435 10.68396779
-0.48938447 -0.88456028 9.87235721
-0.62792846 -1.16245010 9.12974532
-0.81596046 -1.53485904 8.45661915
-1.06904028 -2.03694030 7.85478377
-1.40768325 -2.71963185 7.33366103
-1.86549870 -3.64717363 6.91921452
-2.48885933 -4.89409187 6.65777070
-3.33279249 -6.56365912 6.63277042
-4.46611662 -8.81272419 6.97445189
-5.96788585 -11.71907002 7.96498282
-7.92232016 -15.26019322 10.04770006
-10.35112605 -19.15198979 13.82839918
-13.11702928 -22.48045378 19.87925823
-15.76329097 -23.54922802 28.09894078
-17.47169238 -20.59494879 36.69461257
-17.41095347 -13.69293136 42.65278866
-15.35067012 -5.72511686 44.08443642
-11.94227257 0.53064458 41.72460917
-8.17478237 4.04217524 37.80161778
-4.78470868 5.44093414 34.00277192
-2.07959447 5.73323130 30.84516755
-0.06561082 5.62346325 28.30878507
1.38732227 5.47655934 26.24286359
2.44342288 5.47047561 24.53063347
3.25063579 5.66674734 23.10443920
3.92660477 6.08624695 21.93873041
4.57035215 6.72801783 21.03621064
5.24056856 7.58805074 20.43214098
5.98922227 8.64454231 20.17402331
6.84137609 9.86252829 20.33556742
7.79929706 11.16623985 20.99745483
8.84464721 12.42447919 22.21538422
9.91309110 13.42313405 24.00760104
10.90062261 13.89178814 26.28722807
11.66398843 13.62759336 28.78523442
12.04263725 12.49221477 31.07418639
11.94123810 10.74676348 32.72736086
11.35965590 8.79768397 33.49627409
10.41627706 6.83870966 33.36996504
9.25247967 5.18205500 32.50566675
8.03201393 4.04462844 31.12545462
6.90287230 3.41154942 29.51076654
5.95975003 3.17817749 27.84518136
5.24151489 3.24683051 26.21693860
4.75826564 3.52864850 24.68578739
4.49529913 3.97328713 23.28483817
4.43724684 4.55930252 22.04039294
4.56638647 5.28615307 20.98195537
4.86605652 6.16802297 20.14614317
5.34088935 7.21697625 19.58058335
5.99272638 8.43395975 19.35119478
6.81150686 9.80320122 19.54502446
7.77987741 11.26824027 20.24894609
8.87775743 12.68471641 21.58030550
10.03508707 13.83462769 23.56601946
11.12098486 14.42817290 26.09413285
11.96896503 14.16731071 28.89278879
12.39330762 12.96843743 31.45147047
12.28029620 10.97877637 33.30457141
11.61966445 8.59828592 34.12936103
10.52495028 6.34700479 33.89844044
9.18719687 4.57046101 32.83052832
7.81962675 3.40425016 31.27420228
6.58148909 2.79629363 29.49810091
5.56776311 2.61583286 27.69037415
4.81157577 2.71662934 25.95534730
4.30577462 3.01977532 24.33259914
4.03088443 3.47256871 22.84918949
3.96018348 4.05720787 21.52411865
4.08032174 4.77378649 20.37832508
4.37775693 5.64061599 19.44383278
4.84236794 6.68614690 18.76635363
5.48485070 7.92773239 18.40992364
6.31045250 9.36278341 18.46346294
7.31344979 10.95336506 19.03447791
8.47583725 12.58696135 20.25037105
9.74905856 14.04378066 22.21950281
11.01338768 15.00628149 24.89106109
12.08675895 15.08547828 28.03854785
12.74849550 14.05378358 31.12944254
12.81936992 11.98768724 33.55138017
12.24178624 9.29228185 34.83409385
11.10936401 6.62173047 34.84841172
9.63623171 4.45554053 33.82004396
8.08036229 3.00167256 32.16055424
6.64426640 2.21779373 30.22465489
5.45007063 1.93741673 28.24987901
4.54018429 1.98008584 26.35508941
3.90722207 2.23572666 24.58197828
3.52443008 2.63299446 22.95054191
3.35869551 3.14332501 21.47053044
3.38697370 3.76363220 20.15337886
3.58464681 4.51757689 19.01838527
3.94637992 5.43552115 18.09494982
4.48040223 6.54914602 17.42942037
5.19408742 7.88937306 17.09394576
6.10091500 9.46655088 17.19008981
7.21546382 11.25800967 17.86323663
8.51889586 13.13157241 19.26129655
9.95296657 14.83650365 21.51717856
11.38774750 15.95908081 24.63044022
12.60984658 16.01666607 28.32158109
13.34835929 14.67358561 31.95735632
13.37067435 12.12721815 34.70432717
12.61520290 8.99087692 36.00329668
11.24101167 5.89677079 35.80379886
9.51306093 3.50372434 34.42523545
7.73329603 2.00264142 32.39569337
6.13432796 1.25837705 30.22123206
4.83042610 1.03689647 28.07198824
3.85413807 1.12639753 26.04611205
3.17990624 1.39051233 24.16868237
2.76481908 1.75826072 22.44358624
2.56158357 2.20387332 20.86884236
2.53841655 2.72766497 19.44441988
2.67144441 3.35162666 18.17657373
2.94724434 4.11301431 17.08040917
3.37324629 5.05181608 16.18313157
3.96168161 6.21615425 15.53332178
4.73521885 7.65221321 15.20738180
5.72340384 9.39925675 15.32212599
6.94601644 11.43085904 16.04539107
8.40409957 13.63854284 17.58302261
10.05156217 15.73358710 20.16125891
11.75004887 17.21272938 23.83796883
13.23328354 17.41280135 28.31930340
14.14399808 15.85121553 32.76802407
14.17472342 12.64909510 36.10620912
13.23384418 8.61104797 37.55452312
11.51495857 4.89042456 37.09497742
9.40171046 2.17879983 35.29348614
7.29205361 0.59838392 32.89540054
5.44705799 -0.10244396 30.39755349
3.97708921 -0.27294676 28.03114436
2.88656914 -0.16217373 25.85313261
2.12653011 0.07074890 23.86140397
1.63036869 0.34481911 22.03764641
1.33579333 0.62910901 20.36381641
1.19223634 0.92165820 18.82613854
1.16402715 1.23645102 17.41508601
1.23090824 1.59519487 16.12476851
1.38193060 2.02799711 14.95298430
1.62051518 2.56824290 13.90237052
1.95658743 3.25965683 12.98365177
2.41112411 4.15465668 12.21780472
3.01452514 5.31689142 11.64732566
3.80690339 6.81288013 11.34839998
4.83879663 8.71965077 11.44497311
6.16270272 11.10991225 12.13256972
7.81248253 13.90442143 13.71076109
9.78941679 16.85290545 16.56184163
11.97517869 19.32745046 21.01480476
14.06497361 20.30778248 26.94112154
15.53748705 18.71625998 33.34937112
15.82650589 14.47677547 38.36503572
14.70307688 8.74126540 40.56793109
12.41663883 3.47839827 39.83696855
9.56893338 -0.11124187 37.26767393
6.77350058 -1.98068227 34.13523346
4.39145931 -2.68239191 31.12818713
2.53477975 -2.79266152 28.46307228
1.16706358 -2.67866328 26.13186880
0.18832445 -2.54797778 24.07389669
-0.51086475 -2.50187471 22.23653866
-1.03628226 -2.58274833 20.58423369
-1.46368365 -2.81208283 19.09993461
-1.86261076 -3.20132536 17.77578755
-2.28269836 -3.76998103 16.61721463
-2.76859148 -4.54517960 15.64201712
-3.36293828 -5.56359566 14.88501697
-4.10348336 -6.87305888 14.40890521
-5.03593125 -8.50767330 14.31231109
-6.20005992 -10.49182444 14.75044678
-7.61860029 -12.77775046 15.93825818
-9.27780258 -15.15009060 18.12207112
-11.08848318 -17.18517547 21.50103932
-12.83584883 -18.17291912 26.01293172
-14.16508366 -17.38539264 31.04198962
-14.66983788 -14.62132660 35.38067744
-14.10941063 -10.57993583 37.88015368
-12.58929127 -6.22923806 38.21348314
-10.44427627 -2.75570004 36.73002164
-8.12791537 -0.58290541 34.29872094
-6.00783273 0.48186105 31.65983252
-4.26692623 0.83244983 29.12384192
-2.94307893 0.80866712 26.79805606
-1.99362608 0.62539643 24.68664918
-1.34490153 0.40086770 22.76400956
-0.92238254 0.18869201 21.00433059
-0.66007463 0.00396408 19.38724642
-0.51016508 -0.15536854 17.89794542
-0.43811806 -0.30007736 16.52496394
-0.42167558 -0.44377714 15.25903028
-0.44841923 -0.60084432 14.09236882
-0.51244758 -0.78731620 13.01846716
-0.61421838 -1.02067705 12.03216860
-0.75899427 -1.32237490 11.13022502
-0.95674297 -1.71966345 10.31204677
-1.22298780 -2.24792625 9.58110183
-1.58039614 -2.95408732 8.94952071
-2.06310005 -3.89079522 8.44666657
-2.70593740 -5.15552119 8.10391716
-3.55850858 -6.85073083 8.01162301
-4.69200122 -9.06483996 8.33853961
-6.18878420 -11.86066229 9.33510161
-8.10840340 -15.23281567 11.41874825
-10.45224606 -18.85146956 15.11520119
-13.05768737 -21.80150236 20.89584403
-15.48740180 -22.52732288 28.54629617
-17.00507599 -19.58823507 36.42518648
-16.87496798 -13.27983876 41.80253912
-14.94434136 -6.10029661 43.09867545
-11.80437300 -0.24966306 40.96529708
-8.30243664 3.10465605 37.34879759
-5.12159377 4.51464438 33.73113119
-2.56376718 4.86008969 30.62554116
-0.64460009 4.78661277 28.05462932
0.74487087 4.65534958 25.91054734
1.75394487 4.63586479 24.08917086
2.51667492 4.80101544 22.53091878
3.15662553 5.17771177 21.20704408
3.75638725 5.77875665 20.12331905
4.38828521 6.60864989 19.30305894
5.10445761 7.67159642 18.79502351
5.93887045 8.96226767 18.67508481
6.91961858 10.43846564 19.03459647
8.04611213 12.01263502 19.99895486
9.28153767 13.50458615 21.66571678
10.54083462 14.62640406 24.04325916
11.67295299 15.01905673 26.97226570
12.47528264 14.37645499 30.04722537
12.75699409 12.65374894 32.69524234
12.40894381 10.18542782 34.35330382
11.47374579 7.59059480 34.80855557
10.13941179 5.28935926 34.14207447
8.63838006 3.60901020 32.70796094
7.18643307 2.61650381 30.87011442
5.93170449 2.16640746 28.93906580
4.93987978 2.10226812 27.04229554
4.22516543 2.29099587 25.24996540
3.76772258 2.64452396 23.59013350
3.53938489 3.12198933 22.07728798
3.51048760 3.71458844 20.72508497
3.65523763 4.43895622 19.55197192
3.97334884 5.31512574 18.58301864
4.46537973 6.37310566 17.86239533
5.12900881 7.64911372 17.45659173
5.98223913 9.15598265 17.45961924
7.03523987 10.86842184 17.99824944
8.27433195 12.67865168 19.21686026
9.65065711 14.37825370 21.24244304
11.05513844 15.58183614 24.11474057
12.29453194 15.85935838 27.60384531
13.11632432 14.83997527 31.17161649
13.27948540 12.61119144 34.02424072
12.70070141 9.60196369 35.58528392
11.47289878 6.54604819 35.67165307
9.84429174 4.06925617 34.53535579
8.10715432 2.43730051 32.69572544
6.50608670 1.57111749 30.59214328
5.17536503 1.27497388 28.46549955
4.16404155 1.31212092 26.44646791
3.45377928 1.55094901 24.56724999
3.00771682 1.91237468 22.83774318
2.78190925 2.36345256 21.25878222
2.74531297 2.89979749 19.83251775
2.87095288 3.54225426 18.56721496
3.14725442 4.32426071 17.47968803
3.57944837 5.28431346 16.59996633
4.17703131 6.46786936 15.97949186
4.96239315 7.91886052 15.69744721
5.96020945 9.66098417 15.87317290
7.18547285 11.65611553 16.67291905
8.62899426 13.77918885 18.28799790
10.23747879 15.72019008 20.92422962
11.85588879 16.98431168 24.56950855
13.21994114 16.94886073 28.89174957
13.98801783 15.24219800 33.02834399
13.90108194 12.05243090 36.01769788
12.90153915 8.21229619 37.18444258
11.20039846 4.75875865 36.60032106
9.16700321 2.27097815 34.80407675
7.16324044 0.83346687 32.47414244
5.42373601 0.20456827 30.05768538
4.04459859 0.06701582 27.76115047
3.02704039 0.19725323 25.63868988
2.32616875 0.45094070 23.69143189
1.88140283 0.75691747 21.90583344
1.63367631 1.09115676 20.26783799
1.54236511 1.45397517 18.76745163
1.57465501 1.86537724 17.39871343
1.71413439 2.35419005 16.16056338
1.95960829 2.95503271 15.05806048
2.31676404 3.71393098 14.10555093
2.80560497 4.68319888 13.32972226
3.45473588 5.92420593 12.78224189
4.30064492 7.48926813 12.55019921
5.39155639 9.46311123 12.76987758
6.76540485 11.85958844 13.65074400
8.43863015 14.53549544 15.48657302
10.38091057 17.17078303 18.60899309
12.42356035 19.05889525 23.19478082
14.22258015 19.26273699 28.87593842
15.28609512 17.02853657 34.49915945
15.17250833 12.68014102 38.42270606
13.81119057 7.44882174 39.70039207
11.52686672 2.97322925 38.53636575
8.87591395 0.05230281 35.98070841
6.36170883 -1.42397719 33.04636078
4.25741366 -1.95449630 30.24216595
2.63399432 -2.00209822 27.72069282
1.44873990 -1.86488350 25.47732463
0.61136197 -1.70795313 23.46672891
0.02645538 -1.61182974 21.64836394
-0.39589654 -1.60735862 19.99303858
-0.72060061 -1.70793663 18.48309285
-1.00309415 -1.91919007 17.10719704
-1.28271758 -2.25291001 15.86073405
-1.59588246 -2.72613412 14.74438321
-1.97187579 -3.36996838 13.76719546
-2.44556203 -4.22415112 12.95021125
-3.05340855 -5.34404871 12.33251795
-3.83568846 -6.79702483 11.98556473
-4.84360497 -8.63743708 12.02781573
-6.12875246 -10.91328445 12.65014585
-7.73049357 -13.60199754 14.12979592
-9.63437040 -16.43064737 16.80325215
-11.74066093 -18.84720129 20.98104041
-13.76416344 -19.87314153 26.57472476
-15.23148838 -18.52508356 32.69984130
-15.61019984 -14.64885235 37.66147499
-14.64450164 -9.38314335 40.02887210
-12.55653160 -4.24462881 39.62598017
-9.86854457 -0.58574461 37.27995022
-7.16009018 1.40754544 34.27964293
-4.80947611 2.21482195 31.32295709
-2.95786014 2.37984497 28.65854139
-1.58465657 2.28078336 26.30416075
-0.60334683 2.13148476 24.21412011
0.09109682 2.03857498 22.33843460
0.59460541 2.04924433 20.64208528
0.98701587 2.18219163 19.10377583
1.32995794 2.44864849 17.71258408
1.67300295 2.86164901 16.46561850
2.05574864 3.44381800 15.36903093
2.51807370 4.22582223 14.43960997
3.09412740 5.25525722 13.71206677
3.82759970 6.58166898 13.24758522
4.76358382 8.26228601 13.14668622
5.94381317 10.33854462 13.56968886
7.40404212 12.76502777 14.74865851
9.14178572 15.36376694 16.96996423
11.08702803 17.68748504 20.53242072
13.01025973 18.97924916 25.38776006
14.52459199 18.33340388 30.95286795
15.15181589 15.38344827 35.84473436
14.59904342 10.72593888 38.73998746
12.92696487 5.88189856 39.09186525
10.55202330 2.09822618 37.43851521
8.01533369 -0.21339680 34.78898197
5.71437261 -1.29712094 31.94934247
3.83980962 -1.63353143 29.28822400
2.42079151 -1.59893837 26.89135788
1.39937213 -1.43423702 24.74120207
0.68952699 -1.26677181 22.79895329
0.19923188 -1.15421446 21.03111648
-0.14454705 -1.11771402 19.41372301
-0.40127513 -1.16246393 17.93028092
-0.61400218 -1.29132441 16.56983459
-0.81741007 -1.50879515 15.32476536
-1.03727198 -1.82764082 14.19112242
-1.29947958 -2.26714918 13.16886885
-1.62697409 -2.85993074 12.26417274
-2.04896539 -3.64882866 11.49349339
-2.60036351 -4.69099665 10.88863880
-3.32026686 -6.06290528 10.50805555
-4.26210869 -7.84007368 10.45867401
-5.48250280 -10.07722302 10.91410376
-7.04498632 -12.84236808 12.14805811
-8.96496411 -15.95618081 14.52790525
-11.18798071 -18.92686447 18.49368006
-13.48449333 -20.80042087 24.21448021
-15.38128405 -20.31322608 31.05037987
-16.24498357 -16.71357588 37.26497373
-15.60856091 -11.04088343 40.81983973
-13.58124034 -5.00656959 41.06955199
-10.70256462 -0.48258113 38.80223472
-7.66963352 2.05029785 35.55835531
-4.98206186 3.10439028 32.34515209
-2.84197803 3.35174494 29.49713484
-1.24324026 3.27538711 27.03754309
-0.09011569 3.14605245 24.90033556
0.74034642 3.09839695 23.01731081
1.35983025 3.19330664 21.34470852
1.86779754 3.45558793 19.85875271
2.33504390 3.90329684 18.55543394
2.82610026 4.55187545 17.44286561
3.38711707 5.42932084 16.54820708
4.06444377 6.56507459 15.91941822
4.90127101 7.98926244 15.63440517
5.93003304 9.72203584 15.81501821
7.17709755 11.72043923 16.62203094
8.63486504 13.84794936 18.24764033
10.26172163 15.79769683 20.92422505
11.90137068 17.07320002 24.62115337
13.27545535 17.01245047 28.99115563
14.04264492 15.24484943 33.17629862
13.93249625 12.01792710 36.15087347
12.90648190 8.12681924 37.28906662
11.17785714 4.63559549 36.63958330
9.11809637 2.14845630 34.78975399
7.09774029 0.72818659 32.43524746
5.35003463 0.11926612 30.00411288
3.96969040 -0.00604312 27.70115328
2.95370738 0.12917720 25.57584347
2.25437405 0.38249076 23.62771314
1.80968623 0.68333081 21.84167807
1.56040573 1.00802717 20.20293907
1.46514301 1.35707655 18.70091521
1.48936860 1.75104458 17.32891514
1.61859448 2.21627164 16.08500350
1.84904285 2.78776350 14.97291572
2.18653128 3.50960018 14.00444260
2.65023892 4.43243403 13.20341783
3.26718915 5.61471628 12.61670444
4.07583766 7.11493950 12.32340841
5.12085463 9.03267227 12.44244307
6.44141679 11.37797851 13.17626031
8.07035814 14.04789675 14.81753865
9.99143021 16.78249012 17.69859694
12.06820268 18.93730777 22.07770081
13.98486685 19.57820996 27.71010463
15.25668306 17.81272651 33.58616772
15.39432211 13.70209411 38.02599170
14.23539526 8.37629853 39.85292851
12.04117700 3.58558119 39.06257792
9.36649099 0.31768727 36.63277421
6.75765946 -1.40618181 33.66930381
4.53484692 -2.07246688 30.79143955
2.79971403 -2.17854729 28.19952569
1.52229727 -2.06031511 25.90136757
0.61450724 -1.90607085 23.85017230
-0.02193165 -1.81104817 22.00167810
-0.48421459 -1.81286723 20.32391723
-0.84098585 -1.92837543 18.79772543
-1.15265925 -2.16488257 17.41140997
-1.46194852 -2.53577305 16.16140970
-1.80848899 -3.05966771 15.05052445
-2.22475101 -3.76918569 14.09137588
-2.74670100 -4.70707202 13.31123736
-3.41527587 -5.92645100 12.75910215
-4.27085199 -7.49498471 12.51941518
-5.36312367 -9.45883375 12.73238141
-6.73272293 -11.81255859 13.60266485
-8.41559327 -14.49853561 15.44835872
-10.36228155 -17.16002562 18.55544738
-12.41152351 -19.09226342 23.12148019
-14.22045627 -19.32536945 28.80387620
-15.29861804 -17.10754084 34.45326908
-15.20329603 -12.64893553 38.43051476
-13.83767198 -7.52738181 39.78290417
-11.56063750 -3.05106884 38.66279903
-8.91694620 -0.08637336 36.11361169
-6.39698532 1.42553477 33.16761245
-4.27833904 1.97993585 30.35089537
-2.64198258 2.03744729 27.81834622
-1.44508000 1.90399779 25.56451720
-0.59876939 1.74994768 23.54646171
-0.00443266 1.65571127 21.72228062
0.42337705 1.65519598 20.06285041
0.75467545 1.76072109 18.54969621
1.04272687 1.98007218 17.17215168
1.32972940 2.32401502 15.92545211
1.65012799 2.81208446 14.81126930
2.03773648 3.47291678 13.83911563
2.52320193 4.35112456 13.03170519
3.14699384 5.49778968 12.43193990
3.95144396 6.98120405 12.11266775
4.98256084 8.86624786 12.19935881
6.29141545 11.17329081 12.88581478
7.91213612 13.84734328 14.45960223
9.83834985 16.64527807 17.27583429
11.93518525 18.94073923 21.56349240
13.90946284 19.77867084 27.20808579
15.27090939 18.19061065 33.20280191
15.51874405 14.06823276 37.91327580
14.42969263 8.75222963 40.00938974
12.26294570 3.87443980 39.40260953
9.58081504 0.41587178 37.01640029
6.92395356 -1.43707538 34.01863006
4.63779802 -2.17857261 31.09590519
2.84419009 -2.31535915 28.46413731
1.51864883 -2.20805887 26.13516886
0.57359205 -2.05935782 24.06283919
-0.09524782 -1.96974764 22.20007212
-0.57978392 -1.98276953 20.51348090
-0.95908354 -2.11510700 18.98214595
-1.29111819 -2.37819415 17.59589141
-1.62545196 -2.78393604 16.35142336
-1.99901259 -3.35586564 15.25451102
-2.45101995 -4.12446216 14.32122561
-3.01698463 -5.13604522 13.58396996
-3.73613314 -6.44600946 13.10241105
-4.65639269 -8.10281238 12.97380803
-5.82325091 -10.16221608 13.35513300
-7.27004777 -12.59476441 14.47558557
-9.00364906 -15.22617969 16.62731222
-10.95240608 -17.62978443 20.10359960
-12.91195992 -19.04579590 24.94214286
-14.49311101 -18.56039470 30.57160175
-15.21049818 -15.73537272 35.64514560
-14.73908198 -11.12579456 38.75187055
-13.11675707 -6.15996725 39.25865377
-10.74561341 -2.21403822 37.65995837
-8.17242227 0.20848809 35.01333035
-5.82136315 1.35900844 32.14852711
-3.89850205 1.72654266 29.45787367
-2.43824329 1.70407974 27.03691142
-1.38371317 1.54432219 24.86979654
-0.64859878 1.38036705 22.91564262
-0.13964886 1.27525772 21.13936797
0.22190447 1.25068641 19.51603429
0.49516880 1.31434235 18.02909460
0.72650521 1.46963429 16.66758918
0.95160804 1.72340540 15.42474356
1.19883473 2.09017949 14.29784226
1.49492103 2.59342748 13.28938239
1.86777011 3.26757515 12.40923404
2.34628107 4.16286575 11.68016910
2.97062515 5.33751143 11.14626998
3.78562188 6.86987206 10.88190342
4.84173247 8.83951213 11.01817999
6.19750173 11.28152681 11.76925593
7.89406997 14.14660641 13.44691444
9.93488184 17.18785258 16.46793901
12.18081539 19.71601050 21.11977358
14.30839299 20.63486093 27.30210970
15.76463231 18.81159864 33.87450367
15.97652940 14.14018610 38.92730572
14.70624940 8.26296916 40.98843801
12.28344780 3.00073613 40.05549584
9.35215784 -0.55160902 37.31760192
6.50962055 -2.34946894 34.09301013
4.10639202 -3.00184223 31.05917163
2.24630390 -3.08180678 28.39636264
0.87952107 -2.96159624 26.07944955
-0.09910887 -2.84717428 24.04396677
-0.80754337 -2.83400099 22.23408452
-1.34612604 -2.96483581 20.61608036
-1.80257224 -3.25754698 19.17250809
-2.23895146 -3.72951393 17.90232527
-2.71270165 -4.39854566 16.81549360
-3.26609953 -5.29648297 15.93978481
-3.94367084 -6.45761607 15.32435015
-4.78859646 -7.91814301 15.04935680
-5.83528099 -9.70591256 15.24136783
-7.11355993 -11.78390477 16.07418707
-8.62197814 -14.01844866 17.76135098
-10.31405802 -16.09165123 20.54362128
-12.02558131 -17.46144991 24.41411956
-13.47206150 -17.42258374 29.03359723
-14.27923809 -15.55956122 33.44826398
-14.16262998 -12.08809441 36.59129043
-13.06457283 -7.95943355 37.73522446
-11.22606950 -4.31440381 37.00490590
-9.05886208 -1.75363044 35.03036847
-6.94903008 -0.32421060 32.55578501
-5.13729252 0.27443960 30.04643060
-3.71195303 0.38417299 27.69099027
-2.66539975 0.24635808 25.53229625
-1.94176143 0.00864080 23.56027034
-1.47229277 -0.25678827 21.75465638
-1.19341500 -0.52456686 20.09682767
-1.05706127 -0.79418014 18.57291812
-1.02697499 -1.08082669 17.17289531
-1.08444256 -1.40461395 15.89019439
-1.21837452 -1.79391898 14.72137157
-1.43136914 -2.27970446 13.66697662
-1.73272261 -2.90218614 12.73424026
-2.14132371 -3.71043432 11.93923697
-2.68536322 -4.76546543 11.31460016
-3.40339410 -6.13676151 10.92278020
-4.34401579 -7.89311914 10.86950076
-5.56398770 -10.14208859 11.31762885
-7.10786110 -12.86624809 12.53721877
-9.00244543 -15.88932793 14.91022787
-11.18543867 -18.75759994 18.83099794
-13.42920209 -20.52285726 24.44317805
-15.26510006 -19.98953042 31.09278659
-16.07792398 -16.52994976 37.06236647
-15.45218079 -10.89960660 40.51078503
-13.45945935 -5.04789465 40.73403502
-10.63982331 -0.66648387 38.56357914
-7.67988327 1.81275501 35.42316941
-5.05476670 2.85133780 32.25717223
-2.95952946 3.10988042 29.43417136
-1.39228087 3.03796132 26.98199915
-0.26165804 2.90439769 24.83951459
0.54694132 2.84208815 22.94383134
1.14899709 2.91103172 21.25109249
1.63244508 3.13777582 19.73956564
2.07246351 3.53723643 18.40065854
2.52835956 4.12631591 17.23975535
3.04620897 4.93210758 16.27802827
3.67378916 5.98501642 15.55415861
4.44843145 7.32813241 15.13647623
5.41214960 8.98631491 15.13101734
6.59927836 10.95119981 15.69060071
8.02626318 13.15540090 17.03615006
9.65609421 15.34289091 19.37080719
11.37955141 17.05766239 22.82577070
12.95807737 17.61800459 27.21089903
14.05166143 16.45480035 31.83937627
14.31226822 13.48605027 35.58934901
13.57262630 9.60551481 37.53760413
11.99552067 5.69764104 37.47828183
9.92695237 2.67056012 35.89226333
7.77094400 0.82203792 33.53499552
5.83211345 -0.06915840 31.02006368
4.25568337 -0.33504456 28.60081745
3.06937917 -0.27404193 26.36807066
2.22960024 -0.06296958 24.32706456
1.67020876 0.20002806 22.46013460
1.32672445 0.47342165 20.74762611
1.14289210 0.74991676 19.17396929
1.08007337 1.03903071 17.72823886
1.11234476 1.36072729 16.40292535
1.22670708 1.74088185 15.19382708
1.42193539 2.21014861 14.10078054
1.70414930 2.80776762 13.12948744
2.09093839 3.57974877 12.29390856
2.60807133 4.58309468 11.62502848
3.29394061 5.87131867 11.18225106
4.19093801 7.56133128 11.04314407
5.34587697 9.72119211 11.36790490
6.81240067 12.33425172 12.41618725
8.63476275 15.28831601 14.53283028
10.76127370 18.19200531 18.12914014
12.99920066 20.21731184 23.38738442
14.92880166 20.18198827 29.85794984
15.95462465 17.28634688 35.99921124
15.61165088 11.97931200 39.96896629
13.86345367 6.10566707 40.77717371
11.17826130 1.45646885 39.01603462
8.23798223 -1.34554809 36.00337764
5.55618379 -2.61356347 32.82589080
3.37439719 -2.98813250 29.94124566
1.72432258 -2.95809872 27.42440871
0.52796506 -2.82151216 25.22476806
-0.32450331 -2.73252874 23.27880086
-0.95057395 -2.76240478 21.54057851
-1.44040296 -2.94111166 19.98391399
-1.87217702 -3.28372671 18.59648889
-2.30515037 -3.80664095 17.38008720
-2.78801119 -4.53359986 16.34978568
-3.36694782 -5.49540046 15.53660909
-4.07972983 -6.73520012 14.99767501
-4.97136655 -8.28410827 14.82269777
-6.08031062 -10.16385312 15.15196659
-7.42906503 -12.33566943 16.18164613
-9.00934553 -14.61470875 18.13760745
-10.74545768 -16.63072877 21.21238916
-12.45164202 -17.74679513 25.39036441
-13.80813920 -17.28986953 30.16179230
-14.43386186 -14.93821733 34.48130637
-14.06472367 -11.17418842 37.22518834
-12.73691290 -6.97833368 37.88613049
-10.74738613 -3.47633875 36.72095456
-8.52208186 -1.17280339 34.50530439
-6.43383632 0.02691470 31.96144637
