# Mackey-Glass series (a=0.2, b=0.1, c=10.0, tau=23.0); column: x
0.53198307
0.55502348
0.58134672
0.61032527
0.64122044
0.67326087
0.70571449
0.73794101
0.76942076
0.79976238
0.82869561
0.85605555
0.88176354
0.90580783
0.92822593
0.94908916
0.96848952
0.98652880
1.00330962
1.01892819
1.03346879
1.04699979
1.05957117
1.07121343
1.08193785
1.09173792
1.10059193
1.10846650
1.11532104
1.12111276
1.12580192
1.12935680
1.13175800
1.13300167
1.13310156
1.13208997
1.13001785
1.12695440
1.12298664
1.11821906
1.11277382
1.10679148
1.10043235
1.09387829
1.08733458
1.08103138
1.07522380
1.07018946
1.06622232
1.06362163
1.06267568
1.06364086
1.06671752
1.07202477
1.07957594
1.08925642
1.10080584
1.11380872
1.12769981
1.14179087
1.15532177
1.16753070
1.17772992
1.18536932
1.19007439
1.19165378
1.19008164
1.18546465
1.17800433
1.16796206
1.15563073
1.14131419
1.12531346
1.10791854
1.08940398
1.07002708
1.05002752
1.02962799
1.00903505
0.98844017
0.96802076
0.94794112
0.92835325
0.90939761
0.89120373
0.87389078
0.85756781
0.84233379
0.82827713
0.81547466
0.80398992
0.79387054
0.78514471
0.77781680
0.77186213
0.76722134
0.76379476
0.76143763
0.75995697
0.75911113
0.75861303
0.75813775
0.75733525
0.75584854
0.75333709
0.74950469
0.74412878
0.73708661
0.72837187
0.71809646
0.70647579
0.69380147
0.68040905
0.66664870
0.65286423
0.63938175
0.62650667
0.61452618
0.60371484
0.59434077
0.58667096
0.58097420
0.57752054
0.57657594
0.57839144
0.58318626
0.59112583
0.60229704
0.61668489
0.63415604
0.65445428
0.67721113
0.70197092
0.72822615
0.75545667
0.78316564
0.81090765
0.83830659
0.86506360
0.89095690
0.91583596
0.93961234
0.96224904
0.98374947
1.00414699
1.02349530
1.04185985
1.05931043
1.07591507
1.09173520
1.10682216
1.12121510
1.13493977
1.14800794
1.16041687
1.17214830
1.18316724
1.19342122
1.20284133
1.21134642
1.21885066
1.22527368
1.23055098
1.23464266
1.23753897
1.23926262
1.23986835
1.23944092
1.23809242
1.23595955
1.23320122
1.22999661
1.22654336
1.22305559
1.21976123
1.21689796
1.21470720
1.21342534
1.21327190
1.21443427
1.21704921
1.22118160
1.22680138
1.23376090
1.24177625
1.25041837
1.25912126
1.26721338
1.27397350
1.27870371
1.28080436
1.27983315
1.27553553
1.26784368
1.25685071
1.24277132
1.22590000
1.20657396
1.18514456
1.16195735
1.13733970
1.11159410
1.08499530
1.05778999
1.03019793
1.00241407
0.97461104
0.94694191
0.91954290
0.89253570
0.86602939
0.84012173
0.81489990
0.79044095
0.76681208
0.74407083
0.72226533
0.70143441
0.68160760
0.66280487
0.64503599
0.62829951
0.61258128
0.59785268
0.58406868
0.57116604
0.55906213
0.54765490
0.53682457
0.52643765
0.51635347
0.50643307
0.49654994
0.48660117
0.47651743
0.46627018
0.45587445
0.44538712
0.43490119
0.42453791
0.41443894
0.40476041
0.39567003
0.38734743
0.37998746
0.37380565
0.36904486
0.36598204
0.36493345
0.36625612
0.37034233
0.37760333
0.38843833
0.40318695
0.42206777
0.44511283
0.47211561
0.50261169
0.53590517
0.57113861
0.60738836
0.64376015
0.67946347
0.71385485
0.74645127
0.77692181
0.80506690
0.83079309
0.85408820
0.87499953
0.89361601
0.91005404
0.92444666
0.93693525
0.94766312
0.95677055
0.96439087
0.97064729
0.97565050
0.97949691
0.98226775
0.98402904
0.98483256
0.98471791
0.98371549
0.98185017
0.97914528
0.97562654
0.97132547
0.96628199
0.96054621
0.95417955
0.94725532
0.93985923
0.93208999
0.92406035
0.91589861
0.90775062
0.89978237
0.89218267
0.88516562
0.87897192
0.87386808
0.87014204
0.86809386
0.86802081
0.87019703
0.87484962
0.88213377
0.89210980
0.90472371
0.91979216
0.93699310
0.95586586
0.97582636
0.99620273
1.01629102
1.03542232
1.05302650
1.06867795
1.08211500
1.09323393
1.10206489
1.10873928
1.11345652
1.11645520
1.11799075
1.11831977
1.11769002
1.11633492
1.11447122
1.11229871
1.11000117
1.10774776
1.10569436
1.10398448
1.10274940
1.10210766
1.10216361
1.10300550
1.10470309
1.10730525
1.11083776
1.11530165
1.12067240
1.12690013
1.13391111
1.14161034
1.14988547
1.15861141
1.16765556
1.17688284
1.18615986
1.19535749
1.20435064
1.21301450
1.22121647
1.22880347
1.23558556
1.24131842
1.24568961
1.24831631
1.24876399
1.24659263
1.24142824
1.23304242
1.22141192
1.20673352
1.18938977
1.16988253
1.14876043
1.12656015
1.10376897
1.08080684
1.05802211
1.03569495
1.01404424
0.99323529
0.97338711
0.95457856
0.93685349
0.92022481
0.90467772
0.89017239
0.87664629
0.86401632
0.85218110
0.84102349
0.83041351
0.82021186
0.81027393
0.80045437
0.79061209
0.78061536
0.77034694
0.75970851
0.74862441
0.73704402
0.72494261
0.71232070
0.69920181
0.68562911
0.67166138
0.65736865
0.64282827
0.62812169
0.61333237
0.59854495
0.58384595
0.56932583
0.55508231
0.54122470
0.52787890
0.51519240
0.50333890
0.49252185
0.48297656
0.47497022
0.46879922
0.46478262
0.46325011
0.46452339
0.46889043
0.47657452
0.48770243
0.50227821
0.52016941
0.54111039
0.56472306
0.59055075
0.61809793
0.64686811
0.67639456
0.70626089
0.73611177
0.76565536
0.79465998
0.82294708
0.85038261
0.87686791
0.90233099
0.92671865
0.94998972
0.97210954
0.99304566
1.01276492
1.03123188
1.04840852
1.06425510
1.07873208
1.09180249
1.10343467
1.11360482
1.12229900
1.12951460
1.13526103
1.13955975
1.14244388
1.14395753
1.14415510
1.14310078
1.14086837
1.13754157
1.13321473
1.12799411
1.12199948
1.11536599
1.10824612
1.10081143
1.09325389
1.08578634
1.07864159
1.07206941
1.06633117
1.06169159
1.05840793
1.05671736
1.05682353
1.05888348
1.06299555
1.06918838
1.07741039
1.08751902
1.09926999
1.11230778
1.12616104
1.14024794
1.15389667
1.16638428
1.17699208
1.18506954
1.19009440
1.19171611
1.18977443
1.18429226
1.17544825
1.16353823
1.14893419
1.13204728
1.11329820
1.09309593
1.07182396
1.04983276
1.02743677
1.00491452
0.98251075
0.96043964
0.93888849
0.91802157
0.89798365
0.87890319
0.86089492
0.84406182
0.82849626
0.81428018
0.80148437
0.79016654
0.78036827
0.77211083
0.76539011
0.76017097
0.75638162
0.75390874
0.75259422
0.75223434
0.75258178
0.75335088
0.75422590
0.75487213
0.75494968
0.75412984
0.75211393
0.74865398
0.74357349
0.73678522
0.72830227
0.71823904
0.70680111
0.69426583
0.68095823
0.66722771
0.65342974
0.63991477
0.62702429
0.61509227
0.60444986
0.59543071
0.58837471
0.58362753
0.58153390
0.58242267
0.58658289
0.59423208
0.60548105
0.62030230
0.63851094
0.65976540
0.68359057
0.70941975
0.73664623
0.76467410
0.79295953
0.82103811
0.84853807
0.87518172
0.90077898
0.92521608
0.94844250
0.97045745
0.99129729
1.01102403
1.02971522
1.04745525
1.06432805
1.08041131
1.09577222
1.11046482
1.12452889
1.13798997
1.15086015
1.16313888
1.17481324
1.18585731
1.19623088
1.20587842
1.21472954
1.22270235
1.22971005
1.23567018
1.24051472
1.24419910
1.24670881
1.24806283
1.24831461
1.24755111
1.24589103
1.24348284
1.24050290
1.23715362
1.23366137
1.23027335
1.22725258
1.22487012
1.22339356
1.22307141
1.22411330
1.22666675
1.23079148
1.23643346
1.24340141
1.25135114
1.25978419
1.26806859
1.27548566
1.28129969
1.28483765
1.28556041
1.28310882
1.27731681
1.26819507
1.25589554
1.24066912
1.22282564
1.20270147
1.18063610
1.15695693
1.13197054
1.10595837
1.07917541
1.05185046
1.02418746
0.99636724
0.96854976
0.94087639
0.91347234
0.88644907
0.85990634
0.83393385
0.80861243
0.78401471
0.76020544
0.73724156
0.71517227
0.69403889
0.67387463
0.65470426
0.63654328
0.61939685
0.60325815
0.58810635
0.57390428
0.56059616
0.54810590
0.53633655
0.52517178
0.51448003
0.50412161
0.49395857
0.48386640
0.47374608
0.46353429
0.45321003
0.44279630
0.43235688
0.42198941
0.41181704
0.40198081
0.39263463
0.38394342
0.37608462
0.36925217
0.36366252
0.35956137
0.35723016
0.35699061
0.35920487
0.36426796
0.37258872
0.38455553
0.40048558
0.42056180
0.44476885
0.47284629
0.50427780
0.53832668
0.57411213
0.61070617
0.64722620
0.68290373
0.71712173
0.74942360
0.77950207
0.80717733
0.83237168
0.85508512
0.87537428
0.89333524
0.90908999
0.92277619
0.93453920
0.94452603
0.95288055
0.95973966
0.96523016
0.96946623
0.97254768
0.97455891
0.97556894
0.97563246
0.97479206
0.97308137
0.97052893
0.96716230
0.96301189
0.95811418
0.95251413
0.94626671
0.93943778
0.93210468
0.92435668
0.91629577
0.90803780
0.89971415
0.89147400
0.88348695
0.87594572
0.86906851
0.86310001
0.85830993
0.85498778
0.85343251
0.85393648
0.85676441
0.86212922
0.87016769
0.88091840
0.89430354
0.91011514
0.92800731
0.94749859
0.96799035
0.98880585
1.00924834
1.02866827
1.04652426
1.06242415
1.07613937
1.08759501
1.09684356
1.10403183
1.10936832
1.11309556
1.11546903
1.11674263
1.11715946
1.11694701
1.11631511
1.11545595
1.11454506
1.11374259
1.11319452
1.11303329
1.11337764
1.11433177
1.11598376
1.11840351
1.12164061
1.12572226
1.13065182
1.13640802
1.14294537
1.15019553
1.15807013
1.16646449
1.17526245
1.18434160
1.19357864
1.20285419
1.21205637
1.22108223
1.22983636
1.23822555
1.24614897
1.25348364
1.26006600
1.26567214
1.27000175
1.27267384
1.27324410
1.27125184
1.26629454
1.25811264
1.24665444
1.23209480
1.21480187
1.19526951
1.17404270
1.15165660
1.12859748
1.10528370
1.08206078
1.05920453
1.03692793
1.01538905
0.99469856
0.97492639
0.95610731
0.93824553
0.92131853
0.90528032
0.89006432
0.87558616
0.86174645
0.84843391
0.83552880
0.82290679
0.81044326
0.79801791
0.78551941
0.77284981
0.75992851
0.74669514
0.73311139
0.71916135
0.70485048
0.69020338
0.67526049
0.66007437
0.64470578
0.62922009
0.61368431
0.59816503
0.58272740
0.56743532
0.55235279
0.53754644
0.52308903
0.50906367
0.49556856
0.48272156
0.47066439
0.45956587
0.44962416
0.44106759
0.43415387
0.42916687
0.42640950
0.42619149
0.42881067
0.43452824
0.44353993
0.45594759
0.47173700
0.49076742
0.51277654
0.53740009
0.56420234
0.59271121
0.62245145
0.65297173
0.68386300
0.71476849
0.74538641
0.77546745
0.80480902
0.83324778
0.86065181
0.88691317
0.91194150
0.93565889
0.95799630
0.97889146
0.99828814
1.01613657
1.03239463
1.04702939
1.06001874
1.07135258
1.08103354
1.08907702
1.09551073
1.10037369
1.10371498
1.10559246
1.10607145
1.10522385
1.10312749
1.09986602
1.09552928
1.09021420
1.08402606
1.07708022
1.06950395
1.06143842
1.05304068
1.04448534
1.03596573
1.02769426
1.01990121
1.01283177
1.00674056
1.00188378
0.99850921
0.99684475
0.99708662
0.99938823
1.00385006
1.01051072
1.01933800
1.03021933
1.04295057
1.05722427
1.07261975
1.08859998
1.10452183
1.11966516
1.13328290
1.14466687
1.15321754
1.15850179
1.16028582
1.15853771
1.15340353
1.14516675
1.13420206
1.12093261
1.10579546
1.08921701
1.07159748
1.05330278
1.03466165
1.01596626
0.99747489
0.97941557
0.96199011
0.94537784
0.92973904
0.91521755
0.90194263
0.89002983
0.87958078
0.87068181
0.86340152
0.85778714
0.85386011
0.85161114
0.85099532
0.85192793
0.85428160
0.85788546
0.86252655
0.86795331
0.87388068
0.87999605
0.88596525
0.89143863
0.89605745
0.89946234
0.90130551
0.90126861
0.89908661
0.89457575
0.88766040
0.87839192
0.86695256
0.85364200
0.83884909
0.82301661
0.80660760
0.79007972
0.77387003
0.75838919
0.74402203
0.73113099
0.72005935
0.71113159
0.70464933
0.70088178
0.70005090
0.70231289
0.70773895
0.71629956
0.72785664
0.74216680
0.75889648
0.77764699
0.79798496
0.81947310
0.84169678
0.86428354
0.88691463
0.90932920
0.93132264
0.95274061
0.97347071
0.99343284
1.01256956
1.03083728
1.04819897
1.06461920
1.08006207
1.09449227
1.10787956
1.12020604
1.13147543
1.14172287
1.15102364
1.15949879
1.16731596
1.17468352
1.18183685
1.18901638
1.19643881
1.20426546
1.21257429
1.22134353
1.23045289
1.23970358
1.24885206
1.25764849
1.26587095
1.27334973
1.27998018
1.28572585
1.29061481
1.29473197
1.29820925
1.30121464
1.30394013
1.30658840
1.30935763
1.31242440
1.31592452
1.31993266
1.32444215
1.32934724
1.33443126
1.33936460
1.34371682
1.34698518
1.34863847
1.34817033
1.34515217
1.33927500
1.33037271
1.31842436
1.30353910
1.28592995
1.26588351
1.24373078
1.21982237
1.19450898
1.16812705
1.14098882
1.11337551
1.08553309
1.05766959
1.02995377
1.00251486
0.97544340
0.94879355
0.92258727
0.89682083
0.87147351
0.84651787
0.82193014
0.79769861
0.77382847
0.75034246
0.72727788
0.70468134
0.68260302
0.66109145
0.64018951
0.61993173
0.60034261
0.58143578
0.56321369
0.54566777
0.52877901
0.51251903
0.49685187
0.48173642
0.46712970
0.45299061
0.43928401
0.42598456
0.41307992
0.40057281
0.38848193
0.37684178
0.36570200
0.35512662
0.34519404
0.33599803
0.32765013
0.32028344
0.31405764
0.30916489
0.30583589
0.30434489
0.30501189
0.30819920
0.31429929
0.32371030
0.33679738
0.35384126
0.37498086
0.40016218
0.42910875
0.46132467
0.49613273
0.53273845
0.57030422
0.60801752
0.64514298
0.68105458
0.71525000
0.74735103
0.77709463
0.80431856
0.82894453
0.85096116
0.87040818
0.88736267
0.90192759
0.91422264
0.92437707
0.93252424
0.93879744
0.94332694
0.94623778
0.94764839
0.94766978
0.94640540
0.94395139
0.94039746
0.93582797
0.93032334
0.92396155
0.91681965
0.90897509
0.90050706
0.89149765
0.88203302
0.87220470
0.86211111
0.85185938
0.84156762
0.83136761
0.82140791
0.81185711
0.80290699
0.79477476
0.78770364
0.78196051
0.77782964
0.77560156
0.77555742
0.77794996
0.78298346
0.79079509
0.80143941
0.81487597
0.83095915
0.84942929
0.86990663
0.89189309
0.91478865
0.93792786
0.96063513
0.98228920
1.00238167
1.02055583
1.03661925
1.05053261
1.06238267
1.07234879
1.08067016
1.08761809
1.09347461
1.09851728
1.10300910
1.10719212
1.11128374
1.11547451
1.11992696
1.12477476
1.13012226
1.13604398
1.14258450
1.14975855
1.15755178
1.16592234
1.17480334
1.18410645
1.19372643
1.20354651
1.21344442
1.22329859
1.23299443
1.24243012
1.25152173
1.26020753
1.26845090
1.27624194
1.28359704
1.29055612
1.29717694
1.30352577
1.30966404
1.31563046
1.32141881
1.32695216
1.33205614
1.33643677
1.33967294
1.34123669
1.34055228
1.33709117
1.33047875
1.32057337
1.30748679
1.29154361
1.27320444
1.25298454
1.23138946
1.20887444
1.18582457
1.16254930
1.13928534
1.11620349
1.09341713
1.07099088
1.04894900
1.02728322
1.00596024
0.98492874
0.96412615
0.94348495
0.92293864
0.90242704
0.88190077
0.86132463
0.84067980
0.81996456
0.79919369
0.77839675
0.75761536
0.73689997
0.71630640
0.69589252
0.67571530
0.65582830
0.63627973
0.61711108
0.59835629
0.58004128
0.56218413
0.54479559
0.52788019
0.51143789
0.49546632
0.47996362
0.46493178
0.45038029
0.43632989
0.42281595
0.40989107
0.39762672
0.38611383
0.37546268
0.36580273
0.35728263
0.35007051
0.34435405
0.34033967
0.33824992
0.33831834
0.34078123
0.34586624
0.35377829
0.36468375
0.37869440
0.39585313
0.41612290
0.43938030
0.46541449
0.49393142
0.52456288
0.55687969
0.59040805
0.62464821
0.65909427
0.69325403
0.72666724
0.75892106
0.78966134
0.81859926
0.84551320
0.87024639
0.89270147
0.91283298
0.93063889
0.94615209
0.95943246
0.97055975
0.97962765
0.98673879
0.99200083
0.99552344
0.99741601
0.99778616
0.99673878
0.99437571
0.99079589
0.98609600
0.98037146
0.97371779
0.96623211
0.95801467
0.94917044
0.93981054
0.93005371
0.92002762
0.90987026
0.89973117
0.88977249
0.88016966
0.87111140
0.86279890
0.85544384
0.84926513
0.84448432
0.84131984
0.83998018
0.84065644
0.84351438
0.84868628
0.85626229
0.86628083
0.87871713
0.89346904
0.91033980
0.92901976
0.94907189
0.96992954
0.99091649
1.01129491
1.03033785
1.04741065
1.06203959
1.07395018
1.08306937
1.08949851
1.09347049
1.09530381
1.09536247
1.09402521
1.09166433
1.08863270
1.08525654
1.08183215
1.07862491
1.07586940
1.07376981
1.07250020
1.07220427
1.07299463
1.07495160
1.07812185
1.08251727
1.08811441
1.09485510
1.10264863
1.11137555
1.12089334
1.13104351
1.14165967
1.15257583
1.16363423
1.17469179
1.18562451
1.19632938
1.20672330
1.21673888
1.22631702
1.23539630
1.24389917
1.25171562
1.25868517
1.26457964
1.26909116
1.27183240
1.27235811
1.27021515
1.26501931
1.25654204
1.24477702
1.22995861
1.21252488
1.19304343
1.17212945
1.15037955
1.12832989
1.10643652
1.08507051
1.06452125
1.04500288
1.02666149
1.00958165
0.99379245
0.97927283
0.96595691
0.95373931
0.94248088
0.93201479
0.92215302
0.91269337
0.90342675
0.89414497
0.88464861
0.87475511
0.86430634
0.85317534
0.84127139
0.82854283
0.81497716
0.80059847
0.78546231
0.76964904
0.75325628
0.73639158
0.71916587
0.70168829
0.68406255
0.66638493
0.64874367
0.63121975
0.61388864
0.59682317
0.58009696
0.56378865
0.54798650
0.53279321
0.51833065
0.50474418
0.49220590
0.48091646
0.47110485
0.46302545
0.45695145
0.45316344
0.45193263
0.45349874
0.45804471
0.46567215
0.47638271
0.49007021
0.50652625
0.52545841
0.54651720
0.56932626
0.59351037
0.61871777
0.64463521
0.67099582
0.69758109
0.72421829
0.75077482
0.77715041
0.80326805
0.82906423
0.85447895
0.87944655
0.90388789
0.92770521
0.95078037
0.97297677
0.99414502
1.01413113
1.03278592
1.04997406
1.06558144
1.07952005
1.09173019
1.10218036
1.11086540
1.11780353
1.12303298
1.12660867
1.12859935
1.12908529
1.12815683
1.12591354
1.12246427
1.11792771
1.11243353
1.10612386
1.09915487
1.09169828
1.08394244
1.07609256
1.06836982
1.06100865
1.05425200
1.04834458
1.04352419
1.04001220
1.03800396
1.03766038
1.03910123
1.04240042
1.04758284
1.05462195
1.06343722
1.07389066
1.08578198
1.09884270
1.11273018
1.12702352
1.14122432
1.15476561
1.16703272
1.17739775
1.18526665
1.19013298
1.19162845
1.18955875
1.18391599
1.17486587
1.16271434
1.14786356
1.13076713
1.11189194
1.09169013
1.07058146
1.04894444
1.02711376
1.00538186
0.98400284
0.96319723
0.94315705
0.92405029
0.90602478
0.88921102
0.87372391
0.85966334
0.84711340
0.83614032
0.82678914
0.81907938
0.81299996
0.80850412
0.80550500
0.80387269
0.80343354
0.80397208
0.80523556
0.80694080
0.80878248
0.81044258
0.81160048
0.81194380
0.81118057
0.80905251
0.80534963
0.79992462
0.79270536
0.78370307
0.77301387
0.76081307
0.74734257
0.73289413
0.71779127
0.70237335
0.68698369
0.67196283
0.65764664
0.64436797
0.63246033
0.62226145
0.61411463
0.60836554
0.60535256
0.60538900
0.60873753
0.61557885
0.62597998
0.63986953
0.65702738
0.67709406
0.69959927
0.72400440
0.74974979
0.77629811
0.80316729
0.82995083
0.85632591
0.88205207
0.90696352
0.93095784
0.95398330
0.97602620
0.99709926
1.01723144
1.03645984
1.05482371
1.07236078
1.08910581
1.10509100
1.12034766
1.13490833
1.14880814
1.16208463
1.17477500
1.18691070
1.19850985
1.20956894
1.22005619
1.22990875
1.23903569
1.24732682
1.25466596
1.26094592
1.26608215
1.27002298
1.27275579
1.27430910
1.27475210
1.27419231
1.27277279
1.27066899
1.26808563
1.26525312
1.26242279
1.25986029
1.25783606
1.25661241
1.25642695
1.25747266
1.25987543
1.26367063
1.26878039
1.27499491
1.28196191
1.28919008
1.29607186
1.30192812
1.30607074
1.30787257
1.30682965
1.30260276
1.29503163
1.28412388
1.27002633
1.25298831
1.23332500
1.21138552
1.18752801
1.16210160
1.13543438
1.10782612
1.07954463
1.05082478
1.02186960
0.99285275
0.96392217
0.93520420
0.90680789
0.87882893
0.85135286
0.82445729
0.79821312
0.77268499
0.74793114
0.72400309
0.70094527
0.67879472
0.65758083
0.63732503
0.61804027
0.59973032
0.58238860
0.56599677
0.55052306
0.53592073
0.52212686
0.50906237
0.49663339
0.48473495
0.47325671
0.46209083
0.45114086
0.44033066
0.42961174
0.41896783
0.40841595
0.39800426
0.38780764
0.37792245
0.36846217
0.35955497
0.35134379
0.34398895
0.33767306
0.33260751
0.32904000
0.32726158
0.32761177
0.33047853
0.33628952
0.34548963
0.35850075
0.37566242
0.39715901
0.42294780
0.45271028
0.48584789
0.52153149
0.55879426
0.59664216
0.63415282
0.67054365
0.70520369
0.73769546
0.76773734
0.79517677
0.81996182
0.84211515
0.86171234
0.87886475
0.89370640
0.90638427
0.91705098
0.92585940
0.93295851
0.93849018
0.94258663
0.94536853
0.94694367
0.94740630
0.94683731
0.94530521
0.94286799
0.93957565
0.93547318
0.93060376
0.92501171
0.91874501
0.91185729
0.90440932
0.89647002
0.88811747
0.87943986
0.87053682
0.86152119
0.85252135
0.84368408
0.83517792
0.82719659
0.81996186
0.81372497
0.80876516
0.80538365
0.80389192
0.80459348
0.80776046
0.81360759
0.82226732
0.83376905
0.84802382
0.86481453
0.88379208
0.90448071
0.92629743
0.94858961
0.97068914
0.99197413
1.01192463
1.03016012
1.04645300
1.06072009
1.07299919
1.08341896
1.09216890
1.09947335
1.10557127
1.11070176
1.11509446
1.11896391
1.12250653
1.12589952
1.12930066
1.13284865
1.13666332
1.14084568
1.14547753
1.15062066
1.15631598
1.16258262
1.16941747
1.17679524
1.18466952
1.19297474
1.20162919
1.21053902
1.21960297
1.22871765
1.23778305
1.24670785
1.25541426
1.26384190
1.27195020
1.27971882
1.28714518
1.29423829
1.30100815
1.30744987
1.31352274
1.31912518
1.32406888
1.32805803
1.33068373
1.33144569
1.32981012
1.32529926
1.31758887
1.30657787
1.29240338
1.27540050
1.25602993
1.23480214
1.21221759
1.18872901
1.16472318
1.14051605
1.11635569
1.09242896
1.06886948
1.04576555
1.02316748
1.00109419
0.97953900
0.95847483
0.93785900
0.91763760
0.89774976
0.87813167
0.85872049
0.83945797
0.82029370
0.80118774
0.78211257
0.76305408
0.74401163
0.72499721
0.70603384
0.68715329
0.66839363
0.64979650
0.63140466
0.61325974
0.59540041
0.57786102
0.56067077
0.54385341
0.52742762
0.51140794
0.49580658
0.48063572
0.46591069
0.45165346
0.43789648
0.42468627
0.41208657
0.40018066
0.38907285
0.37888943
0.36977952
0.36191597
0.35549621
0.35074246
0.34790014
0.34723339
0.34901639
0.35351986
0.36099261
0.37163926
0.38559658
0.40291176
0.42352654
0.44727046
0.47386472
0.50293637
0.53404015
0.56668451
0.60035792
0.63455259
0.66878373
0.70260368
0.73561139
0.76745772
0.79784770
0.82654039
0.85334705
0.87812802
0.90078866
0.92127468
0.93956704
0.95567673
0.96963959
0.98151146
0.99136364
0.99927892
1.00534813
1.00966724
1.01233497
1.01345097
1.01311448
1.01142346
1.00847421
1.00436150
0.99917904
0.99302044
0.98598048
0.97815657
0.96965038
0.96056953
0.95102931
0.94115435
0.93108041
0.92095603
0.91094418
0.90122344
0.89198868
0.88345061
0.87583393
0.86937374
0.86430992
0.86087972
0.85930879
0.85980128
0.86252985
0.86762594
0.87517051
0.88518467
0.89761928
0.91234234
0.92912383
0.94762003
0.96736196
0.98775648
1.00810864
1.02767076
1.04571395
1.06160731
1.07488435
1.08527991
1.09273185
1.09735396
1.09939283
1.09918159
1.09709899
1.09353809
1.08888472
1.08350426
1.07773458
1.07188312
1.06622637
1.06101062
1.05645307
1.05274272
1.05004084
1.04848064
1.04816638
1.04917184
1.05153848
1.05527383
1.06035030
1.06670521
1.07424238
1.08283547
1.09233331
1.10256685
1.11335722
1.12452416
1.13589381
1.14730500
1.15861302
1.16969036
1.18042366
1.19070702
1.20043135
1.20947050
1.21766497
1.22480511
1.23061718
1.23475765
1.23682309
1.23638312
1.23303930
1.22650229
1.21666606
1.20365122
1.18779905
1.16961951
1.14971540
1.12870899
1.10718768
1.08567270
1.06460626
1.04435022
1.02519029
1.00734190
0.99095579
0.97612281
0.96287791
0.95120381
0.94103497
0.93226194
0.92473653
0.91827765
0.91267761
0.90770885
0.90313082
0.89869702
0.89416211
0.88928947
0.88385887
0.87767444
0.87057227
0.86242710
0.85315713
0.84272628
0.83114319
0.81845716
0.80475158
0.79013560
0.77473555
0.75868683
0.74212730
0.72519255
0.70801320
0.69071417
0.67341579
0.65623628
0.63929560
0.62272007
0.60664774
0.59123393
0.57665666
0.56312117
0.55086291
0.54014797
0.53126979
0.52454086
0.52027796
0.51878035
0.52030151
0.52501769
0.53299897
0.54418985
0.55840533
0.57534479
0.59462071
0.61579591
0.63842110
0.66206665
0.68634513
0.71092420
0.73553142
0.75995347
0.78403194
0.80765760
0.83076403
0.85332133
0.87532962
0.89681239
0.91780897
0.93836626
0.95852934
0.97833163
0.99778534
1.01687339
1.03554438
1.05371149
1.07125609
1.08803559
1.10389423
1.11867516
1.13223177
1.14443700
1.15518969
1.16441800
1.17208024
1.17816386
1.18268341
1.18567813
1.18720966
1.18736030
1.18623196
1.18394575
1.18064232
1.17648241
1.17164765
1.16634092
1.16078578
1.15522446
1.14991360
1.14511753
1.14109883
1.13810691
1.13636550
1.13606045
1.13732909
1.14025174
1.14484560
1.15106056
1.15877647
1.16780163
1.17787301
1.18865886
1.19976515
1.21074674
1.22112386
1.23040311
1.23810151
1.24377089
1.24702031
1.24753434
1.24508613
1.23954515
1.23087984
1.21915542
1.20452699
1.18722805
1.16755477
1.14584725
1.12246976
1.09779180
1.07217222
1.04594730
1.01942322
0.99287244
0.96653325
0.94061147
0.91528343
0.89069949
0.86698767
0.84425690
0.82259963
0.80209376
0.78280358
0.76477968
0.74805784
0.73265677
0.71857492
0.70578655
0.69423766
0.68384246
0.67448118
0.66600027
0.65821548
0.65091824
0.64388514
0.63688977
0.62971590
0.62217093
0.61409806
0.60538602
0.59597518
0.58585939
0.57508323
0.56373558
0.55194052
0.53984738
0.52762153
0.51543724
0.50347324
0.49191140
0.48093821
0.47074870
0.46155233
0.45358014
0.44709237
0.44238522
0.43979489
0.43969616
0.44249186
0.44858931
0.45836103
0.47209069
0.48991122
0.51174970
0.53729684
0.56601580
0.59719244
0.63001512
0.66366219
0.69737684
0.73051690
0.76257775
0.79319336
0.82212334
0.84923300
0.87447161
0.89785171
0.91943102
0.93929699
0.95755420
0.97431385
0.98968546
1.00377023
1.01665608
1.02841430
1.03909773
1.04874048
1.05735904
1.06495467
1.07151687
1.07702770
1.08146645
1.08481439
1.08705915
1.08819828
1.08824185
1.08721408
1.08515398
1.08211543
1.07816680
1.07339064
1.06788352
1.06175631
1.05513505
1.04816249
1.04100014
1.03383084
1.02686125
1.02032383
1.01447700
1.00960256
1.00599868
1.00396753
1.00379731
1.00573967
1.00998459
1.01663517
1.02568434
1.03699481
1.05028393
1.06511733
1.08091736
1.09699257
1.11259033
1.12696635
1.13945713
1.14953851
1.15685823
1.16123979
1.16266315
1.16123226
1.15713919
1.15063142
1.14198576
1.13148959
1.11942847
1.10607885
1.09170431
1.07655403
1.06086262
1.04485063
1.02872524
1.01268100
0.99690054
0.98155501
0.96680443
0.95279786
0.93967332
0.92755749
0.91656496
0.90679709
0.89834031
0.89126371
0.88561608
0.88142232
0.87867926
0.87735141
0.87736664
0.87861244
0.88093311
0.88412821
0.88795270
0.89211869
0.89629914
0.90013346
0.90323607
0.90520927
0.90566256
0.90424005
0.90065532
0.89472898
0.88641938
0.87583611
0.86322949
0.84895826
0.83344579
0.81713705
0.80046583
0.78383523
0.76761011
0.75211768
0.73765247
0.72448275
0.71285639
0.70300487
0.69514458
0.68947516
0.68617446
0.68539047
0.68723095
0.69175197
0.69894739
0.70874144
0.72098636
0.73546654
0.75190907
0.76999958
0.78940099
0.80977252
0.83078659
0.85214175
0.87357111
0.89484611
0.91577644
0.93620699
0.95601295
0.97509407
0.99336894
1.01077039
1.02724248
1.04273991
1.05723017
1.07069832
1.08315413
1.09464036
1.10524057
1.11508449
1.12434826
1.13324731
1.14201985
1.15090080
1.16008866
1.16971171
1.17980234
1.19028806
1.20100315
1.21171759
1.22217504
1.23212956
1.24137396
1.24975695
1.25718967
1.26364469
1.26915015
1.27378183
1.27765448
1.28091334
1.28372583
1.28627330
1.28874238
1.29131560
1.29416072
1.29741882
1.30119114
1.30552508
1.31040030
1.31571637
1.32128410
1.32682328
1.33196966
1.33629341
1.33932925
1.34061556
1.33973688
1.33636232
1.33027315
1.32137540
1.30969705
1.29537295
1.27862188
1.25972078
1.23897959
1.21671912
1.19325293
1.16887314
1.14383996
1.11837445
1.09265415
1.06681154
1.04093580
1.01507800
0.98926010
0.96348712
0.93776075
0.91209171
0.88650839
0.86105990
0.83581390
0.81085072
0.78625606
0.76211410
0.73850209
0.71548680
0.69312247
0.67145002
0.65049693
0.63027761
0.61079397
0.59203621
0.57398368
0.55660615
0.53986540
0.52371734
0.50811467
0.49301006
0.47835968
0.46412667
0.45028445
0.43681917
0.42373134
0.41103631
0.39876391
0.38695754
0.37567316
0.36497863
0.35495391
0.34569218
0.33730212
0.32991102
0.32366883
0.31875240
0.31536946
0.31376147
0.31420395
0.31700286
0.32248515
0.33098195
0.34280347
0.35820618
0.37735500
0.40028497
0.42686927
0.45680049
0.48959149
0.52459940
0.56107150
0.59820641
0.63521914
0.67139798
0.70614396
0.73898987
0.76960095
0.79776277
0.82336209
0.84636588
0.86680134
0.88473870
0.90027720
0.91353420
0.92463686
0.93371607
0.94090203
0.94632120
0.95009432
0.95233531
0.95315084
0.95264056
0.95089780
0.94801053
0.94406271
0.93913559
0.93330908
0.92666299
0.91927817
0.91123749
0.90262682
0.89353601
0.88405996
0.87429990
0.86436499
0.85437416
0.84445828
0.83476251
0.82544877
0.81669790
0.80871115
0.80171045
0.79593678
0.79164592
0.78910120
0.78856300
0.79027519
0.79444943
0.80124817
0.81076752
0.82302066
0.83792209
0.85527320
0.87475103
0.89590464
0.91816593
0.94088101
0.96336276
0.98495669
1.00510523
1.02339508
1.03957835
1.05356781
1.06541327
1.07526877
1.08335879
1.08994867
1.09532128
1.09976019
1.10353829
1.10691044
1.11010914
1.11334187
1.11678953
1.12060534
1.12491395
1.12981073
1.13536111
1.14160028
1.14853338
1.15613645
1.16435832
1.17312355
1.18233644
1.19188609
1.20165212
1.21151095
1.22134212
1.23103439
1.24049115
1.24963497
1.25841086
1.26678799
1.27475961
1.28234074
1.28956326
1.29646789
1.30309244
1.30945606
1.31553909
1.32125917
1.32644577
1.33081822
1.33397640
1.33541695
1.33458623
1.33096949
1.32419536
1.31411779
1.30084275
1.28469341
1.26613576
1.24569654
1.22389664
1.20120817
1.17803305
1.15469659
1.13144978
1.10847590
1.08589870
1.06379077
1.04218155
1.02106485
1.00040596
0.98014839
0.96022048
0.94054181
0.92102938
0.90160346
0.88219288
0.86273945
0.84320127
0.82355474
0.80379506
0.78393535
0.76400456
0.74404447
0.72410608
0.70424599
0.68452285
0.66499431
0.64571445
0.62673190
0.60808860
0.58981904
0.57195017
0.55450178
0.53748740
0.52091580
0.50479302
0.48912496
0.47392056
0.45919531
0.44497499
0.43129924
0.41822458
0.40582654
0.39420086
0.38346389
0.37375276
0.36522544
0.35806086
0.35245856
0.34863693
0.34682934
0.34727707
0.35021881
0.35587674
0.36444027
0.37604886
0.39077649
0.40861961
0.42949060
0.45321743
0.47954913
0.50816594
0.53869251
0.57071237
0.60378279
0.63744917
0.67125876
0.70477371
0.73758311
0.76931370
0.79963856
0.82828326
0.85502896
0.87971251
0.90222375
0.92250071
0.94052337
0.95630688
0.96989462
0.98135179
0.99075966
0.99821069
1.00380441
1.00764430
1.00983526
1.01048188
1.00968727
1.00755254
1.00417675
0.99965735
0.99409103
0.98757502
0.98020842
0.97209388
0.96333914
0.95405865
0.94437506
0.93442073
0.92433914
0.91428619
0.90443109
0.89495691
0.88606012
0.87794919
0.87084180
0.86496064
0.86052795
0.85775889
0.85685426
0.85799301
0.86132472
0.86696226
0.87497413
0.88537584
0.89811900
0.91307743
0.93002987
0.94864181
0.96845151
0.98886944
1.00920066
1.02869595
1.04662690
1.06236872
1.07546819
1.08567948
1.09296264
1.09745293
1.09941484
1.09919444
1.09717842
1.09376342
1.08933553
1.08425809
1.07886538
1.07346033
1.06831426
1.06366772
1.05973154
1.05668751
1.05468852
1.05385799
1.05428860
1.05604072
1.05914062
1.06357921
1.06931158
1.07625797
1.08430661
1.09331828
1.10313284
1.11357703
1.12447285
1.13564587
1.14693222
1.15818364
1.16926977
1.18007728
1.19050549
1.20045855
1.20983437
1.21851061
1.22632887
1.23307865
1.23848450
1.24220144
1.24382611
1.24293073
1.23912276
1.23212221
1.22183499
1.20839455
1.19215365
1.17363024
1.15343057
1.13217572
1.11044812
1.08876115
1.06754725
1.04715722
1.02786485
1.00987306
0.99331985
0.97828329
0.96478592
0.95279886
0.94224606
0.93300909
0.92493254
0.91783007
0.91149095
0.90568694
0.90017943
0.89472683
0.88909219
0.88305111
0.87639984
0.86896308
0.86060112
0.85121530
0.84075115
0.82919854
0.81658868
0.80298850
0.78849300
0.77321693
0.75728657
0.74083269
0.72398514
0.70686936
0.68960469
0.67230447
0.65507768
0.63803168
0.62127616
0.60492773
0.58911520
0.57398505
0.55970679
0.54647751
0.53452499
0.52410822
0.51551433
0.50905054
0.50502976
0.50374919
0.50546259
0.51034925
0.51848518
0.52982348
0.54418972
0.56129468
0.58076195
0.60216408
0.62505959
0.64902461
0.67367559
0.69868274
0.72377525
0.74874094
0.77342214
0.79770983
0.82153684
0.84487070
0.86770625
0.89005770
0.91195008
0.93340999
0.95445601
0.97508946
0.99528652
1.01499306
1.03412320
1.05256213
1.07017299
1.08680671
1.10231316
1.11655183
1.12940071
1.14076245
1.15056768
1.15877580
1.16537401
1.17037510
1.17381494
1.17574992
1.17625495
1.17542211
1.17336000
1.17019388
1.16606634
1.16113838
1.15559053
1.14962351
1.14345805
1.13733316
1.13150224
1.12622669
1.12176693
1.11837135
1.11626429
1.11563422
1.11662352
1.11932038
1.12375300
1.12988555
1.13761536
1.14677080
1.15711008
1.16832166
1.18002743
1.19179011
1.20312589
1.21352264
1.22246304
1.22945084
1.23403806
1.23585032
1.23460816
1.23014230
1.22240138
1.21145138
1.19746647
1.18071212
1.16152259
1.14027568
1.11736809
1.09319400
1.06812869
1.04251771
1.01667110
0.99086166
0.96532615
0.94026825
0.91586238
0.89225776
0.86958221
0.84794546
0.82744168
0.80815114
0.79014081
0.77346394
0.75815832
0.74424359
0.73171733
0.72055068
0.71068367
0.70202140
0.69443168
0.68774519
0.68175884
0.67624237
0.67094817
0.66562350
0.66002426
0.65392924
0.64715356
0.63956015
0.63106785
0.62165529
0.61135978
0.60027162
0.58852486
0.57628615
0.56374379
0.55109848
0.53855700
0.52632930
0.51462886
0.50367597
0.49370318
0.48496212
0.47773070
0.47231907
0.46907253
0.46836841
0.47060361
0.47616947
0.48541216
0.49858074
0.51577071
0.53687707
0.56157266
0.58932311
0.61943805
0.65114605
0.68367414
0.71631418
0.74846646
0.77965948
0.80955052
0.83791380
0.86462237
0.88962832
0.91294366
0.93462340
0.95475093
0.97342581
0.99075362
1.00683772
1.02177263
1.03563913
1.04850079
1.06040207
1.07136775
1.08140376
1.09049914
1.09862919
1.10575949
1.11185070
1.11686378
1.12076501
1.12353071
1.12515089
1.12563180
1.12499743
1.12328989
1.12056927
1.11691314
1.11241618
1.10719010
1.10136412
1.09508605
1.08852391
1.08186798
1.07533266
1.06915763
1.06360718
1.05896653
1.05553381
1.05360701
1.05346552
1.05534762
1.05942550
1.06578011
1.07437743
1.08504778
1.09747094
1.11117175
1.12553322
1.13983281
1.15330203
1.16520067
1.17488957
1.18188507
1.18588481
1.18676426
1.18455177
1.17939278
1.17151260
1.16118404
1.14870234
1.13436759
1.11847358
1.10130134
1.08311608
1.06416610
1.04468296
1.02488220
1.00496434
0.98511583
0.96550999
0.94630779
0.92765861
0.90970076
0.89256202
0.87635992
0.86120179
0.84718440
0.83439316
0.82290061
0.81276415
0.80402289
0.79669364
0.79076606
0.78619724
0.78290610
0.78076829
0.77961220
0.77921718
0.77931460
0.77959285
0.77970666
0.77929156
0.77798377
0.77544550
0.77139433
0.76563340
0.75807644
0.74876102
0.73784481
0.72558510
0.71230712
0.69836999
0.68413823
0.66996295
0.65617294
0.64307367
0.63095108
0.62007750
0.61071783
0.60313411
0.59758759
0.59433691
0.59363174
0.59570105
0.60073617
0.60886989
0.62015433
0.63454159
0.65187209
0.67187457
0.69417964
0.71834542
0.74389080
0.77033058
0.79720667
0.82411180
0.85070397
0.87671241
0.90193652
0.92624012
0.94954274
0.97180971
0.99304199
1.01326643
1.03252692
1.05087662
1.06837150
1.08506533
1.10100623
1.11623470
1.13078291
1.14467469
1.15792533
1.17054046
1.18251335
1.19382107
1.20442075
1.21424830
1.22322136
1.23124741
1.23823538
1.24410834
1.24881414
1.25233246
1.25467782
1.25589943
1.25607896
1.25532746
1.25378215
1.25160347
1.24897249
1.24608848
1.24316616
1.24043227
1.23812067
1.23646541
1.23569116
1.23600068
1.23755915
1.24047542
1.24478106
1.25040828
1.25716928
1.26474123
1.27266287
1.28034928
1.28712964
1.29230652
1.29522762
1.29535444
1.29231195
1.28590966
1.27613394
1.26311921
1.24710879
1.22841520
1.20738584
1.18437683
1.15973494
1.13378623
1.10682995
1.07913579
1.05094358
1.02246456
0.99388356
0.96536201
0.93704121
0.90904557
0.88148553
0.85445975
0.82805652
0.80235450
0.77742301
0.75332209
0.73010257
0.70780621
0.68646575
0.66610494
0.64673839
0.62837105
0.61099749
0.59460071
0.57915082
0.56460360
0.55089925
0.53796180
0.52569961
0.51400735
0.50276999
0.49186886
0.48118945
0.47063043
0.46011260
0.44958655
0.43903759
0.42848719
0.41799087
0.40763344
0.39752305
0.38778578
0.37856216
0.37000636
0.36228806
0.35559690
0.35014858
0.34619212
0.34401673
0.34395677
0.34639200
0.35173941
0.36043212
0.37288133
0.38941984
0.41023232
0.43528570
0.46428078
0.49664592
0.53158243
0.56815286
0.60538778
0.64238284
0.67836666
0.71273367
0.74504737
0.77502407
0.80250729
0.82744014
0.84983988
0.86977655
0.88735594
0.90270654
0.91596967
0.92729211
0.93682053
0.94469724
0.95105693
0.95602408
0.95971112
0.96221720
0.96362761
0.96401416
0.96343621
0.96194274
0.95957500
0.95636970
0.95236242
0.94759074
0.94209705
0.93593064
0.92914926
0.92182011
0.91402069
0.90583962
0.89737765
0.88874925
0.88008459
0.87153216
0.86326181
0.85546791
0.84837198
0.84222401
0.83730097
0.83390108
0.83233254
0.83289599
0.83586176
0.84144429
0.84977715
0.86089154
0.87469969
0.89098352
0.90938949
0.92943326
0.95051959
0.97198141
0.99313609
1.01334956
1.03209369
1.04898458
1.06379575
1.07644866
1.08698804
1.09555059
1.10233422
1.10757154
1.11150962
1.11439559
1.11646744
1.11794872
1.11904603
1.11994827
1.12082701
1.12183705
1.12311707
1.12478979
1.12696159
1.12972160
1.13314024
1.13726764
1.14213201
1.14773844
1.15406835
1.16107991
1.16870948
1.17687434
1.18547640
1.19440695
1.20355202
1.21279805
1.22203726
1.23117235
1.24011976
1.24881072
1.25718932
1.26520664
1.27281020
1.27992823
1.28644940
1.29219987
1.29692211
1.30026310
1.30178233
1.30098988
1.29741733
1.29070829
1.28069940
1.26745982
1.25127506
1.23258706
1.21191768
1.18980055
1.16673340
1.14315206
1.11942061
1.09583188
1.07261306
1.04993324
1.02791129
1.00662297
0.98610731
0.96637193
0.94739772
0.92914298
0.91154706
0.89453403
0.87801622
0.86189795
0.84607943
0.83046087
0.81494670
0.79944967
0.78389456
0.76822138
0.75238756
0.73636907
0.72016029
0.70377278
0.68723301
0.67057935
0.65385873
0.63712326
0.62042707
0.60382373
0.58736425
0.57109603
0.55506253
0.53930408
0.52385945
0.50876845
0.49407531
0.47983258
0.46610536
0.45297543
0.44054480
0.42893859
0.41830706
0.40882692
0.40070204
0.39416330
0.38946674
0.38688883
0.38671738
0.38923704
0.39470908
0.40334685
0.41528976
0.43058029
0.44914895
0.47081085
0.49527520
0.52216609
0.55105028
0.58146691
0.61295449
0.64507215
0.67741392
0.70961630
0.74136049
0.77237081
0.80241094
0.83127934
0.85880476
0.88484252
0.90927179
0.93199379
0.95293081
0.97202569
0.98924142
1.00456052
1.01798411
1.02953056
1.03923370
1.04714076
1.05331018
1.05780940
1.06071279
1.06209983
1.06205371
1.06066025
1.05800738
1.05418509
1.04928581
1.04340534
1.03664413
1.02910880
1.02091394
1.01218394
1.00305493
0.99367660
0.98421393
0.97484854
0.96577935
0.95722224
0.94940802
0.94257853
0.93698060
0.93285782
0.93044092
0.92993735
0.93152102
0.93532287
0.94142251
0.94984020
0.96052829
0.97336082
0.98812070
1.00448551
1.02201531
1.04014874
1.05821544
1.07547152
1.09115913
1.10458180
1.11517913
1.12258167
1.12663357
1.12738118
1.12503675
1.11993020
1.11246111
1.10305848
1.09215122
1.08014904
1.06743182
1.05434513
1.04119974
1.02827342
1.01581384
1.00404174
0.99315385
0.98332517
0.97471040
0.96744430
0.96164110
0.95739273
0.95476624
0.95380046
0.95450252
0.95684458
0.96076155
0.96615028
0.97287075
0.98074946
0.98958474
0.99915331
1.00921718
1.01952940
1.02983772
1.03988514
1.04940727
1.05812710
1.06574881
1.07195323
1.07639883
1.07873235
1.07861258
1.07574822
1.06994507
1.06115157
1.04948798
1.03524740
1.01886689
1.00087797
0.98185241
0.96235661
0.94292140
0.92402693
0.90609835
0.88950733
0.87457508
0.86157424
0.85072838
0.84220888
0.83613009
0.83254402
0.83143633
0.83272528
0.83626460
0.84185071
0.84923356
0.85812985
0.86823675
0.87924445
0.89084629
0.90274580
0.91466050
0.92632313
0.93748109
0.94789517
0.95733900
0.96559998
0.97248259
0.97781428
0.98145327
0.98329732
0.98329167
0.98143487
0.97778140
0.97244094
0.96557489
0.95739145
0.94814049
0.93810944
0.92762067
0.91703045
0.90672860
0.89713742
0.88870732
0.88190610
0.87719861
0.87501471
0.87570654
0.87950099
0.88645854
0.89645161
0.90917240
0.92417098
0.94091444
0.95885161
0.97746858
0.99632628
1.01507799
1.03346999
1.05133039
1.06855124
1.08506799
1.10083902
1.11582742
1.12998623
1.14324827
1.15552138
1.16668940
1.17661879
1.18517012
1.19221286
1.19764151
1.20139083
1.20344797
1.20386023
1.20273771
1.20025100
1.19662472
1.19212784
1.18706195
1.18174827
1.17651410
1.17167915
1.16754185
1.16436599
1.16236798
1.16170540
1.16246802
1.16467253
1.16826239
1.17311375
1.17904715
1.18584393
1.19326448
1.20106525
1.20901073
1.21687774
1.22445027
1.23150561
1.23779505
1.24302584
1.24685302
1.24888945
1.24873719
1.24603509
1.24050943
1.23201168
1.22053309
1.20619458
1.18921948
1.16989922
1.14856094
1.12554192
1.10117233
1.07576527
1.04961224
1.02298193
0.99612087
0.96925468
0.94258946
0.91631298
0.89059561
0.86559101
0.84143668
0.81825408
0.79614848
0.77520804
0.75550230
0.73707980
0.71996500
0.70415486
0.68961550
0.67627978
0.66404650
0.65278215
0.64232552
0.63249549
0.62310140
0.61395510
0.60488320
0.59573789
0.58640484
0.57680722
0.56690563
0.55669451
0.54619645
0.53545559
0.52453181
0.51349651
0.50243049
0.49142403
0.48057843
0.47000855
0.45984552
0.45023932
0.44136119
0.43340642
0.42659760
0.42118860
0.41746866
0.41576511
0.41644252
0.41989490
0.42652711
0.43672172
0.45079029
0.46891275
0.49107651
0.51703287
0.54628905
0.57814523
0.61177005
0.64629446
0.68089925
0.71487861
0.74767307
0.77887580
0.80822040
0.83555908
0.86083767
0.88407168
0.90532513
0.92469289
0.94228639
0.95822236
0.97261427
0.98556618
0.99716872
1.00749711
1.01661091
1.02455524
1.03136319
1.03705891
1.04166099
1.04518565
1.04764960
1.04907218
1.04947697
1.04889282
1.04735460
1.04490371
1.04158874
1.03746617
1.03260135
1.02706960
1.02095757
1.01436467
1.00740477
1.00020815
0.99292375
0.98572156
0.97879508
0.97236327
0.96667125
0.96198848
0.95860337
0.95681267
0.95690537
0.95914119
0.96372567
0.97078417
0.98033745
0.99228030
1.00636535
1.02219495
1.03922692
1.05680026
1.07418379
1.09064258
1.10550946
1.11824484
1.12847253
1.13598744
1.14074006
1.14280696
1.14235677
1.13961843
1.13485526
1.12834569
1.12037020
1.11120296
1.10110700
1.09033168
1.07911159
1.06766626
1.05620039
1.04490431
1.03395448
1.02351402
1.01373316
1.00474933
0.99668709
0.98965749
0.98375703
0.97906595
0.97564613
0.97353842
0.97275981
0.97330052
0.97512132
0.97815147
0.98228741
0.98739237
0.99329708
0.99980099
1.00667397
1.01365752
1.02046532
1.02678273
1.03226625
1.03654514
1.03922875
1.03992437
1.03826899
1.03397401
1.02687470
1.01696929
1.00443221
0.98959454
0.97289851
0.95484184
0.93592816
0.91663231
0.89738204
0.87855233
0.86046755
0.84340728
0.82761277
0.81329242
0.80062556
0.78976396
0.78083147
0.77392188
0.76909562
0.76637616
0.76574673
0.76714833
0.77047962
0.77559912
0.78232962
0.79046451
0.79977522
0.81001912
0.82094693
0.83230910
0.84386083
0.85536562
0.86659773
0.87734385
0.88740464
0.89659676
0.90475585
0.91174069
0.91743867
0.92177200
0.92470422
0.92624614
0.92646067
0.92546625
0.92343877
0.92061228
0.91727867
0.91378583
0.91053311
0.90796207
0.90653947
0.90673015
0.90895892
0.91356458
0.92075346
0.93056381
0.94285231
0.95730908
0.97349906
0.99091947
1.00905940
1.02744940
1.04569462
1.06349079
1.08062611
1.09697369
1.11247871
1.12714341
1.14101192
1.15415580
1.16666089
1.17861548
1.19009997
1.20117811
1.21188993
1.22224683
1.23222903
1.24178576
1.25083855
1.25928751
1.26702047
1.27392429
1.27989722
1.28486119
1.28877238
1.29162887
1.29347458
1.29439879
1.29453157
1.29403562
1.29309534
1.29190416
1.29065134
1.28950907
1.28862094
1.28809250
1.28798455
1.28830965
1.28903151
1.29006694
1.29128898
1.29252945
1.29357944
1.29418680
1.29405245
1.29282941
1.29013143
1.28555695
1.27872966
1.26934845
1.25723246
1.24234654
1.22479954
1.20481880
1.18271116
1.15882245
1.13350335
1.10708545
1.07986712
1.05210736
1.02402520
0.99580260
0.96758910
0.93950732
0.91165847
0.88412734
0.85698665
0.83030054
0.80412703
0.77851976
0.75352882
0.72920098
0.70557952
0.68270365
0.66060784
0.63932102
0.61886577
0.59925753
0.58050386
0.56260374
0.54554714
0.52931476
0.51387822
0.49920082
0.48523884
0.47194348
0.45926335
0.44714719
0.43554681
0.42441964
0.41373105
0.40345616
0.39358133
0.38410554
0.37504205
0.36642043
0.35828924
0.35071925
0.34380698
0.33767859
0.33249390
0.32845069
0.32578907
0.32479545
0.32580460
0.32919756
0.33539178
0.34481949
0.35789050
0.37493854
0.39615551
0.42152604
0.45078061
0.48338638
0.51858511
0.55547188
0.59309405
0.63054512
0.66703441
0.70192501
0.73474309
0.76516696
0.79300508
0.81817049
0.84065604
0.86051292
0.87783318
0.89273606
0.90535762
0.91584306
0.92434102
0.93099941
0.93596239
0.93936818
0.94134757
0.94202296
0.94150787
0.93990686
0.93731587
0.93382281
0.92950843
0.92444736
0.91870928
0.91236015
0.90546361
0.89808238
0.89027991
0.88212218
0.87367972
0.86502988
0.85625941
0.84746722
0.83876743
0.83029271
0.82219770
0.81466233
0.80789442
0.80213088
0.79763608
0.79469622
0.79360845
0.79466420
0.79812760
0.80421125
0.81305234
0.82469192
0.83905851
0.85595628
0.87505842
0.89590902
0.91793880
0.94049975
0.96291847
0.98455992
1.00488739
1.02350513
1.04017582
1.05481408
1.06746298
1.07826261
1.08741799
1.09517110
1.10177882
1.10749688
1.11256903
1.11722016
1.12165236
1.12604288
1.13054334
1.13527965
1.14035240
1.14583742
1.15178653
1.15822841
1.16516964
1.17259600
1.18047405
1.18875314
1.19736781
1.20624062
1.21528552
1.22441152
1.23352673
1.24254260
1.25137809
1.25996369
1.26824494
1.27618518
1.28376704
1.29099227
1.29787901
1.30445590
1.31075196
1.31678174
1.32252531
1.32790390
1.33275365
1.33680263
1.33966041
1.34083278
1.33977244
1.33596531
1.32903230
1.31881037
1.30538106
1.28903958
1.27022459
1.24943922
1.22718575
1.20392280
1.18004339
1.15586795
1.13164634
1.10756430
1.08375187
1.06029191
1.03722840
1.01457408
0.99231738
0.97042882
0.94886682
0.92758296
0.90652675
0.88564975
0.86490912
0.84427032
0.82370912
0.80321268
0.78277977
0.76242033
0.74215421
0.72200950
0.70202050
0.68222553
0.66266480
0.64337842
0.62440462
0.60577831
0.58753003
0.56968517
0.55226359
0.53527973
0.51874307
0.50265924
0.48703157
0.47186349
0.45716128
0.44293755
0.42921476
0.41602881
0.40343207
0.39149564
0.38031073
0.36998943
0.36066529
0.35249400
0.34565432
0.34034879
0.33680332
0.33526473
0.33599507
0.33926195
0.34532433
0.35441409
0.36671482
0.38233973
0.40131195
0.42355023
0.44886267
0.47694976
0.50741678
0.53979360
0.57355953
0.60816992
0.64308194
0.67777734
0.71178067
0.74467243
0.77609707
0.80576621
0.83345790
0.85901281
0.88232818
0.90335067
0.92206855
0.93850415
0.95270670
0.96474595
0.97470674
0.98268432
0.98878060
0.99310110
0.99575259
0.99684134
0.99647183
0.99474607
0.99176322
0.98761982
0.98241028
0.97622789
0.96916606
0.96131977
0.95278722
0.94367146
0.93408204
0.92413665
0.91396279
0.90369937
0.89349837
0.88352625
0.87396491
0.86501198
0.85687999
0.84979407
0.84398803
0.83969848
0.83715736
0.83658307
0.83817072
0.84208213
0.84843584
0.85729703
0.86866692
0.88247039
0.89854141
0.91660669
0.93627112
0.95701158
0.97818850
0.99908259
1.01895715
1.03713541
1.05307399
1.06641304
1.07699283
1.08483858
1.09012431
1.09312856
1.09419241
1.09368510
1.09197913
1.08943383
1.08638562
1.08314296
1.07998425
1.07715738
1.07487990
1.07333938
1.07269346
1.07306936
1.07456308
1.07723813
1.08112432
1.08621691
1.09247648
1.09983012
1.10817418
1.11737874
1.12729379
1.13775662
1.14860012
1.15966098
1.17078717
1.18184390
1.19271727
1.20331523
1.21356539
1.22340933
1.23279356
1.24165686
1.24991442
1.25743945
1.26404406
1.26946272
1.27334444
1.27526239
1.27474987
1.27136669
1.26478631
1.25487817
1.24175297
1.22575175
1.20738583
1.18725453
1.16596905
1.14409830
1.12213897
1.10050418
1.07952336
1.05944747
1.04045594
1.02266367
1.00612733
0.99085100
0.97679161
0.96386422
0.95194760
0.94089010
0.93051597
0.92063202
0.91103470
0.90151762
0.89187920
0.88193065
0.87150375
0.86045792
0.84868622
0.83611929
0.82272686
0.80851652
0.79352983
0.77783640
0.76152671
0.74470451
0.72747984
0.70996306
0.69226037
0.67447101
0.65668587
0.63898768
0.62145232
0.60415118
0.58715447
0.57053509
0.55437316
0.53876071
0.52380640
0.50963994
0.49641564
0.48431476
0.47354629
0.46434554
0.45696993
0.45169097
0.44878135
0.44849677
0.45105332
0.45660294
0.46521141
0.47684389
0.49136182
0.50853288
0.52805179
0.54956780
0.57271338
0.59712958
0.62248524
0.64848921
0.67489598
0.70150600
0.72816202
0.75474265
0.78115407
0.80732065
0.83317495
0.85864805
0.88366096
0.90811808
0.93190386
0.95488308
0.97690508
0.99781112
1.01744365
1.03565583
1.05231997
1.06733350
1.08062240
1.09214193
1.10187526
1.10983077
1.11603863
1.12054723
1.12341996
1.12473255
1.12457112
1.12303108
1.12021668
1.11624134
1.11122850
1.10531286
1.09864191
1.09137746
1.08369687
1.07579384
1.06787824
1.06017455
1.05291853
1.04635194
1.04071520
1.03623871
1.03313350
1.03158237
1.03173232
1.03368887
1.03751214
1.04321431
1.05075738
1.06005059
1.07094652
1.08323572
1.09664020
1.11080680
1.12530283
1.13961694
1.15316931
1.16533480
1.17548088
1.18301850
1.18745856
1.18846258
1.18587542
1.17973206
1.17023816
1.15773166
1.14263608
1.12541572
1.10653925
1.08645433
1.06557252
1.04426250
1.02284901
1.00161539
0.98080791
0.96064076
0.94130095
0.92295262
0.90574056
0.88979259
0.87522083
0.86212164
0.85057435
0.84063856
0.83235037
0.82571772
0.82071532
0.81727991
0.81530659
0.81464695
0.81510970
0.81646382
0.81844415
0.82075867
0.82309694
0.82513909
0.82656537
0.82706655
0.82635559
0.82418092
0.82034106
0.81469921
0.80719580
0.79785643
0.78679298
0.77419707
0.76032674
0.74548887
0.73002067
0.71427349
0.69860096
0.68335247
0.66887134
0.65549664
0.64356654
0.63342130
0.62540358
0.61985389
0.61709936
0.61743477
0.62109656
0.62823268
0.63887400
0.65291420
0.67010508
0.69007040
0.71233698
0.73637676
0.76165123
0.78765061
0.81392248
0.84008844
0.86584977
0.89098482
0.91534076
0.93882244
0.96138017
0.98299766
1.00368126
1.02345073
1.04233229
1.06035390
1.07754306
1.09392679
1.10953336
1.12439500
1.13855065
1.15204732
1.16493923
1.17728377
1.18913410
1.20052916
1.21148288
1.22197510
1.23194730
1.24130499
1.24992742
1.25768272
1.26444527
1.27011188
1.27461406
1.27792535
1.28006408
1.28109273
1.28111531
1.28027382
1.27874438
1.27673320
1.27447207
1.27221250
1.27021803
1.26875358
1.26807154
1.26839442
1.26989453
1.27267164
1.27673017
1.28195811
1.28811090
1.29480510
1.30152716
1.30766189
1.31254130
1.31550831
1.31598339
1.31352025
1.30783927
1.29883463
1.28655866
1.27119143
1.25300452
1.23232588
1.20950994
1.18491441
1.15888368
1.13173775
1.10376576
1.07522287
1.04632988
1.01727471
0.98821555
0.95928496
0.93059469
0.90224053
0.87430674
0.84686959
0.81999961
0.79376275
0.76822037
0.74342875
0.71943828
0.69629268
0.67402843
0.65267426
0.63225078
0.61276994
0.59423437
0.57663638
0.55995679
0.54416361
0.52921082
0.51503776
0.50156949
0.48871871
0.47638952
0.46448310
0.45290498
0.44157309
0.43042524
0.41942517
0.40856581
0.39786962
0.38738628
0.37718878
0.36736923
0.35803577
0.34931130
0.34133462
0.33426376
0.32828135
0.32360140
0.32047667
0.31920546
0.32013574
0.32366359
0.33022201
0.34025512
0.35417423
0.37229543
0.39476606
0.42149589
0.45211562
0.48598196
0.52223547
0.55989740
0.59797903
0.63557571
0.67192886
0.70645277
0.73873299
0.76850711
0.79563765
0.82008384
0.84187622
0.86109563
0.87785664
0.89229495
0.90455805
0.91479826
0.92316759
0.92981381
0.93487749
0.93848970
0.94077034
0.94182704
0.94175477
0.94063617
0.93854263
0.93553615
0.93167172
0.92700009
0.92157056
0.91543360
0.90864304
0.90125780
0.89334323
0.88497218
0.87622601
0.86719575
0.85798364
0.84870511
0.83949139
0.83049251
0.82188084
0.81385452
0.80664015
0.80049384
0.79569897
0.79255924
0.79138571
0.79247767
0.79609869
0.80245085
0.81165080
0.82371046
0.83852320
0.85585526
0.87534321
0.89650050
0.91873838
0.94140473
0.96383852
0.98543069
1.00567771
1.02421645
1.04083528
1.05546406
1.06815010
1.07902820
1.08829125
1.09616488
1.10288792
1.10869828
1.11382371
1.11847609
1.12284845
1.12711355
1.13142349
1.13590971
1.14068299
1.14583330
1.15142933
1.15751797
1.16412372
1.17124838
1.17887132
1.18695047
1.19542422
1.20421439
1.21323000
1.22237188
1.23153787
1.24062816
1.24955075
1.25822644
1.26659320
1.27460942
1.28225577
1.28953486
1.29646815
1.30308920
1.30943243
1.31551676
1.32132413
1.32677374
1.33169505
1.33580517
1.33870054
1.33987550
1.33877767
1.33489748
1.32786911
1.31754660
1.30402578
1.28760906
1.26873477
1.24790042
1.22560054
1.20228652
1.17834624
1.15409776
1.12979143
1.10561616
1.08170731
1.05815473
1.03501037
1.01229519
0.99000533
0.96811782
0.94659564
0.92539256
0.90445753
0.88373889
0.86318814
0.84276326
0.82243138
0.80217074
0.78197173
0.76183700
0.74178075
0.72182717
0.70200845
0.68236237
0.66292984
0.64375256
0.62487086
0.60632199
0.58813873
0.57034845
0.55297267
0.53602699
0.51952170
0.50346285
0.48785411
0.47269917
0.45800484
0.44378456
0.43006213
0.41687519
0.40427817
0.39234430
0.38116684
0.37085969
0.36155792
0.35341872
0.34662244
0.34137355
0.33790043
0.33645298
0.33729696
0.34070390
0.34693641
0.35622876
0.36876449
0.38465314
0.40390973
0.42644031
0.45203660
0.48038106
0.51106179
0.54359507
0.57745221
0.61208717
0.64696205
0.68156845
0.71544377
0.74818225
0.77944118
0.80894296
0.83647374
0.86187953
0.88506057
0.90596457
0.92457958
0.94092685
0.95505412
0.96702954
0.97693634
0.98486832
0.99092609
0.99521403
0.99783794
0.99890317
0.99851342
0.99676993
0.99377124
0.98961330
0.98439012
0.97819472
0.97112043
0.96326235
0.95471901
0.94559391
0.93599722
0.92604734
0.91587257
0.90561278
0.89542103
0.88546507
0.87592835
0.86701032
0.85892557
0.85190153
0.84617425
0.84198234
0.83955912
0.83912326
0.84086878
0.84495465
0.85149473
0.86054771
0.87210651
0.88608614
0.90230918
0.92048977
0.94021969
0.96096340
0.98207141
1.00281897
1.02246998
1.04035462
1.05594169
1.06888652
1.07904513
1.08645703
1.09130783
1.09388474
1.09453465
1.09363035
1.09154617
1.08864207
1.08525435
1.08169099
1.07822974
1.07511786
1.07257252
1.07078112
1.06990143
1.07006115
1.07135698
1.07385340
1.07758127
1.08253691
1.08868189
1.09594402
1.10422003
1.11337996
1.12327321
1.13373595
1.14459941
1.15569810
1.16687738
1.17799942
1.18894693
1.19962404
1.20995404
1.21987352
1.22932302
1.23823409
1.24651309
1.25402280
1.26056346
1.26585733
1.26954285
1.27118747
1.27032746
1.26653731
1.25951702
1.24917043
1.23564329
1.21930516
1.20068528
1.18039021
1.15903022
1.13716856
1.11529425
1.09381256
1.07304579
1.05323877
1.03456580
1.01713733
1.00100606
0.98617236
0.97258947
0.96016867
0.94878478
0.93828197
0.92848005
0.91918112
0.91017659
0.90125466
0.89220799
0.88284164
0.87298094
0.86247879
0.85122189
0.83913501
0.82618289
0.81236929
0.79773335
0.78234373
0.76629132
0.74968158
0.73262721
0.71524195
0.69763591
0.67991247
0.66216692
0.64448646
0.62695159
0.60963855
0.59262263
0.57598227
0.55980358
0.54418524
0.52924324
0.51511532
0.50196452
0.48998136
0.47938436
0.47041812
0.46334825
0.45845209
0.45600421
0.45625651
0.45941416
0.46561052
0.47488589
0.48717527
0.50230862
0.52002440
0.53999350
0.56184857
0.58521316
0.60972639
0.63506087
0.66093327
0.68710863
0.71339963
0.73966224
0.76578901
0.79170069
0.81733683
0.84264582
0.86757503
0.89206176
0.91602609
0.93936654
0.96195948
0.98366241
1.00432080
1.02377732
1.04188174
1.05850004
1.07352143
1.08686268
1.09846968
1.10831677
1.11640445
1.12275616
1.12741488
1.13043983
1.13190380
1.13189114
1.13049654
1.12782456
1.12398986
1.11911806
1.11334691
1.10682780
1.09972717
1.09222769
1.08452879
1.07684621
1.06940993
1.06246030
1.05624206
1.05099636
1.04695158
1.04431368
1.04325737
1.04391866
1.04638959
1.05071450
1.05688766
1.06485107
1.07449172
1.08563779
1.09805366
1.11143443
1.12540123
1.13949972
1.15320459
1.16593360
1.17707359
1.18601944
1.19222284
1.19524391
1.19479504
1.19076693
1.18323047
1.17241546
1.15867267
1.14242939
1.12414735
1.10428877
1.08329281
1.06156173
1.03945481
1.01728778
0.99533539
0.97383589
0.95299596
0.93299559
0.91399239
0.89612500
0.87951552
0.86427077
0.85048227
0.83822493
0.82755446
0.81850357
0.81107729
0.80524790
0.80095006
0.79807705
0.79647879
0.79596241
0.79629546
0.79721166
0.79841873
0.79960748
0.80046197
0.80067035
0.79993668
0.79799371
0.79461677
0.78963761
0.78295706
0.77455400
0.76448895
0.75290089
0.73999740
0.72604006
0.71132764
0.69618020
0.68092637
0.66589529
0.65141321
0.63780411
0.62539294
0.61450972
0.60549251
0.59868701
0.59444067
0.59308916
0.59493437
0.60021461
0.60907073
0.62151468
0.63740883
0.65646322
0.67825418
0.70226142
0.72791582
0.75464810
0.78192962
0.80930083
0.83638606
0.86289696
0.88862740
0.91344336
0.93727029
0.96007984
0.98187725
1.00269005
1.02255852
1.04152822
1.05964468
1.07695031
1.09348320
1.10927753
1.12436480
1.13877500
1.15253683
1.16567626
1.17821288
1.19015443
1.20149058
1.21218756
1.22218572
1.23140167
1.23973532
1.24708098
1.25334027
1.25843444
1.26231405
1.26496507
1.26641153
1.26671549
1.26597549
1.26432413
1.26192571
1.25897373
1.25568833
1.25231291
1.24910921
1.24634996
1.24430826
1.24324321
1.24338184
1.24489793
1.24788881
1.25235169
1.25816178
1.26505548
1.27262373
1.28032132
1.28749739
1.29344762
1.29748201
1.29899517
1.29752383
1.29277984
1.28465522
1.27320366
1.25860751
1.24113992
1.22112903
1.19892821
1.17489353
1.14936791
1.12267107
1.09509375
1.06689515
1.03830296
1.00951493
0.98070175
0.95201070
0.92356948
0.89548996
0.86787134
0.84080255
0.81436383
0.78862752
0.76365841
0.73951374
0.71624317
0.69388875
0.67248477
0.65205766
0.63262562
0.61419785
0.59677354
0.58034028
0.56487221
0.55032796
0.53664888
0.52375801
0.51156048
0.49994602
0.48879391
0.47798051
0.46738869
0.45691811
0.44649473
0.43607802
0.42566451
0.41528734
0.40501235
0.39493213
0.38515992
0.37582496
0.36707025
0.35905329
0.35194931
0.34595691
0.34130493
0.33825999
0.33713302
0.33828262
0.34211214
0.34905616
0.35955161
0.37399032
0.39265405
0.41564067
0.44279974
0.47370003
0.50764673
0.54375026
0.58102886
0.61851657
0.65535032
0.69082267
0.72440006
0.75571543
0.78454594
0.81078508
0.83441520
0.85548334
0.87408171
0.89033236
0.90437564
0.91636158
0.92644338
0.93477248
0.94149470
0.94674718
0.95065594
0.95333399
0.95488019
0.95537886
0.95490028
0.95350218
0.95123215
0.94813066
0.94423458
0.93958061
0.93420838
0.92816305
0.92149707
0.91427159
0.90655725
0.89843511
0.88999751
0.88134944
0.87261037
0.86391664
0.85542440
0.84731290
0.83978765
0.83308271
0.82746106
0.82321143
0.82064009
0.82005659
0.82175334
0.82598078
0.83292139
0.84266581
0.85519379
0.87036029
0.88788735
0.90736334
0.92825415
0.94993158
0.97172055
0.99295983
1.01306409
1.03157306
1.04817800
1.06272376
1.07519128
1.08566927
1.09432270
1.10136398
1.10702944
1.11156185
1.11519869
1.11816475
1.12066834
1.12289959
1.12503036
1.12721476
1.12958977
1.13227573
1.13537625
1.13897763
1.14314782
1.14793501
1.15336633
1.15944681
1.16615897
1.17346328
1.18129962
1.18958994
1.19824188
1.20715329
1.21621749
1.22532870
1.23438747
1.24330557
1.25200966
1.26044342
1.26856705
1.27635355
1.28378070
1.29081815
1.29740925
1.30344855
1.30875725
1.31306204
1.31598573
1.31706125
1.31577874
1.31166549
1.30438064
1.29379175
1.28000287
1.26332633
1.24421584
1.22318960
1.20076600
1.17742090
1.15356567
1.12954005
1.10561398
1.08199393
1.05883069
1.03622731
1.01424641
0.99291659
0.97223800
0.95218727
0.93272186
0.91378402
0.89530469
0.87720724
0.85941133
0.84183669
0.82440701
0.80705345
0.78971788
0.77235543
0.75493615
0.73744574
0.71988517
0.70226940
0.68462525
0.66698877
0.64940229
0.63191156
0.61456303
0.59740169
0.58046930
0.56380339
0.54743692
0.53139869
0.51571460
0.50040971
0.48551104
0.47105106
0.45707157
0.44362765
0.43079133
0.41865462
0.40733173
0.39696058
0.38770393
0.37975021
0.37331394
0.36863494
0.36597528
0.36561258
0.36782838
0.37289121
0.38103472
0.39243307
0.40717684
0.42525395
0.44653960
0.47079773
0.49769396
0.52681775
0.55770946
0.58988790
0.62287470
0.65621326
0.68948163
0.72229987
0.75433300
0.78529108
0.81492750
0.84303650
0.86945061
0.89403805
0.91670036
0.93737005
0.95600809
0.97260133
0.98715959
0.99971269
1.01030726
1.01900375
1.02587337
1.03099547
1.03445514
1.03634116
1.03674442
1.03575679
1.03347037
1.02997736
1.02537023
1.01974248
1.01318970
1.00581100
0.99771062
0.98899965
0.97979792
0.97023573
0.96045577
0.95061479
0.94088514
0.93145579
0.92253244
0.91433640
0.90710173
0.90107034
0.89648508
0.89358108
0.89257586
0.89365919
0.89698328
0.90265373
0.91072107
0.92117198
0.93391895
0.94878751
0.96550121
0.98366713
1.00276752
1.02216618
1.04113760
1.05892206
1.07480046
1.08817250
1.09861823
1.10592773
1.11009572
1.11128899
1.10979987
1.10599858
1.10029242
1.09309533
1.08480763
1.07580429
1.06642935
1.05699429
1.04777884
1.03903285
1.03097850
1.02381215
1.01770567
1.01280692
1.00923920
1.00710001
1.00645884
1.00735469
1.00979349
1.01374598
1.01914676
1.02589487
1.03385642
1.04286921
1.05274926
1.06329848
1.07431261
1.08558827
1.09692790
1.10814173
1.11904588
1.12945659
1.13918088
1.14800457
1.15567984
1.16191517
1.16637261
1.16867767
1.16844749
1.16533907
1.15911149
1.14968681
1.13718805
1.12193873
1.10442312
1.08522274
1.06495050
1.04419877
1.02350721
1.00334808
0.98412312
0.96616615
0.94974736
0.93507684
0.92230672
0.91153204
0.90279090
0.89606515
0.89128209
0.88831804
0.88700372
0.88713131
0.88846244
0.89073656
0.89367874
0.89700671
0.90043673
0.90368875
0.90649117
0.90858575
0.90973341
0.90972093
0.90836845
0.90553697
0.90113471
0.89512110
0.88750746
0.87835399
0.86776365
0.85587400
0.84284834
0.82886766
0.81412425
0.79881776
0.78315377
0.76734480
0.75161342
0.73619690
0.72135290
0.70736509
0.69454756
0.68324636
0.67383582
0.66670734
0.66224853
0.66081207
0.66267631
0.66800369
0.67680649
0.68893026
0.70406198
0.72176247
0.74151526
0.76277967
0.78503688
0.80782203
0.83074091
0.85347342
0.87576810
0.89743180
0.91831827
0.93831773
0.95734904
0.97535485
0.99229981
1.00817107
1.02298040
1.03676694
1.04959943
1.06157707
1.07282821
1.08350625
1.09378244
1.10383568
1.11383980
1.12394921
1.13428446
1.14491945
1.15587229
1.16710156
1.17850883
1.18994746
1.20123643
1.21217723
1.22257139
1.23223643
1.24101896
1.24880412
1.25552148
1.26114814
1.26570944
1.26927832
1.27197332
1.27395541
1.27542309
1.27660499
1.27774922
1.27910869
1.28092246
1.28339406
1.28666829
1.29080916
1.29578153
1.30143911
1.30752157
1.31366295
1.31941305
1.32427120
1.32772954
1.32931968
1.32865529
1.32546339
1.31959973
1.31104761
1.29990254
1.28634787
1.27062648
1.25301307
1.23378996
1.21322803
1.19157309
1.16903737
1.14579567
1.12198542
1.09771004
1.07304499
1.04804581
1.02275713
0.99722159
0.97148744
0.94561393
0.91967358
0.89375172
0.86794346
0.84234941
0.81707075
0.79220491
0.76784189
0.74406179
0.72093319
0.69851226
0.67684230
0.65595347
0.63586249
0.61657234
0.59807190
0.58033582
0.56332501
0.54698793
0.53126327
0.51608394
0.50138240
0.48709658
0.47317572
0.45958520
0.44630967
0.43335404
0.42074264
0.40851702
0.39673315
0.38545889
0.37477225
0.36476076
0.35552203
0.34716541
0.33981443
0.33360981
0.32871276
0.32530797
0.32360609
0.32384483
0.32628789
0.33122065
0.33894107
0.34974426
0.36389918
0.38161675
0.40301069
0.42805570
0.45655136
0.48810311
0.52213042
0.55790597
0.59461995
0.63145507
0.66765523
0.70257504
0.73570533
0.76667691
0.79524918
0.82129040
0.84475541
0.86566432
0.88408414
0.90011356
0.91387116
0.92548626
0.93509206
0.94282057
0.94879901
0.95314746
0.95597758
0.95739228
0.95748625
0.95634715
0.95405717
0.95069494
0.94633727
0.94106080
0.93494337
0.92806505
0.92050903
0.91236227
0.90371622
0.89466754
0.88531906
0.87578084
0.86617159
0.85662021
0.84726761
0.83826850
0.82979322
0.82202918
0.81518168
0.80947353
0.80514305
0.80243946
0.80161535
0.80291543
0.80656177
0.81273622
0.82156104
0.83307948
0.84723722
0.86386568
0.88266908
0.90321909
0.92496352
0.94725538
0.96940389
0.99074051
1.01068568
1.02879986
1.04480887
1.05860212
1.07021068
1.07977472
1.08750932
1.09367394
1.09854844
1.10241561
1.10554949
1.10820800
1.11062859
1.11302569
1.11558924
1.11848361
1.12184659
1.12578848
1.13039107
1.13570691
1.14175898
1.14854089
1.15601817
1.16413042
1.17279469
1.18190990
1.19136216
1.20103071
1.21079414
1.22053648
1.23015275
1.23955364
1.24866906
1.25745009
1.26586934
1.27391913
1.28160728
1.28894991
1.29596068
1.30263602
1.30893592
1.31476113
1.31992880
1.32415200
1.32703204
1.32807618
1.32675084
1.32256931
1.31519263
1.30450705
1.29064684
1.27395730
1.25492006
1.23407203
1.21194031
1.18900092
1.16565854
1.14224099
1.11900200
1.09612799
1.07374614
1.05193244
1.03071931
1.01010251
0.99004775
0.97049680
0.95137365
0.93259049
0.91405372
0.89566989
0.87735122
0.85902067
0.84061609
0.82209321
0.80342732
0.78461338
0.76566480
0.74661103
0.72749428
0.70836582
0.68928221
0.67030180
0.65148173
0.63287550
0.61453123
0.59649066
0.57878858
0.56145308
0.54450622
0.52796533
0.51184497
0.49615937
0.48092557
0.46616690
0.45191680
0.43822250
0.42514834
0.41277823
0.40121729
0.39059271
0.38105413
0.37277393
0.36594704
0.36078991
0.35753760
0.35643786
0.35774157
0.36168903
0.36849295
0.37831953
0.39127027
0.40736727
0.42654475
0.44864804
0.47344026
0.50061498
0.52981239
0.56063659
0.59267165
0.62549537
0.65869048
0.69185345
0.72460187
0.75658065
0.78746776
0.81697916
0.84487282
0.87095128
0.89506254
0.91709906
0.93699497
0.95472206
0.97028470
0.98371449
0.99506488
1.00440610
1.01182072
1.01739974
1.02123951
1.02343920
1.02409896
1.02331869
1.02119735
1.01783282
1.01332226
1.00776289
1.00125315
0.99389415
0.98579122
0.97705565
0.96780633
0.95817137
0.94828975
0.93831275
0.92840523
0.91874640
0.90952995
0.90096304
0.89326397
0.88665834
0.88137361
0.87763239
0.87564485
0.87560083
0.87766213
0.88195534
0.88856489
0.89752598
0.90881591
0.92234299
0.93793186
0.95530620
0.97407183
0.99370704
1.01356972
1.03293002
1.05103117
1.06716984
1.08077673
1.09147525
1.09910436
1.10370497
1.10548091
1.10474945
1.10189362
1.09732355
1.09144883
1.08466100
1.07732390
1.06976952
1.06229710
1.05517409
1.04863785
1.04289721
1.03813367
1.03450172
1.03212846
1.03111226
1.03152092
1.03338946
1.03671811
1.04147102
1.04757623
1.05492736
1.06338736
1.07279419
1.08296819
1.09372035
1.10486060
1.11620506
1.12758116
1.13882994
1.14980475
1.16036635
1.17037437
1.17967566
1.18809059
1.19539898
1.20132845
1.20554992
1.20768592
1.20733803
1.20413658
1.19780749
1.18824012
1.17553265
1.15999586
1.14211308
1.12247255
1.10169627
1.08038348
1.05907562
1.03824033
1.01826797
0.99947460
0.98210701
0.96634746
0.95231742
0.94008033
0.92964399
0.92096315
0.91394308
0.90844414
0.90428755
0.90126210
0.89913125
0.89764046
0.89652430
0.89551321
0.89434032
0.89274818
0.89049596
0.88736704
0.88317676
0.87777972
0.87107567
0.86301291
0.85358864
0.84284577
0.83086678
0.81776556
0.80367840
0.78875547
0.77315368
0.75703153
0.74054623
0.72385294
0.70710602
0.69046198
0.67408375
0.65814597
0.64284102
0.62838498
0.61502297
0.60303261
0.59272408
0.58443495
0.57851789
0.57531960
0.57515110
0.57825151
0.58475124
0.59464306
0.60776943
0.62383149
0.64241846
0.66305041
0.68522419
0.70845354
0.73229775
0.75637785
0.78038197
0.80406339
0.82723442
0.84975883
0.87154476
0.89253864
0.91272068
0.93210135
0.95071842
0.96863374
0.98592907
1.00270032
1.01904986
1.03507693
1.05086676
1.06647938
1.08193977
1.09723091
1.11229135
1.12701789
1.14127338
1.15489828
1.16772421
1.17958744
1.19034047
1.19986092
1.20805710
1.21487086
1.22027817
1.22428834
1.22694263
1.22831277
1.22849984
1.22763353
1.22587181
1.22340059
1.22043277
1.21720608
1.21397872
1.21102219
1.20861084
1.20700834
1.20645208
1.20713686
1.20919956
1.21270607
1.21764116
1.22390179
1.23129405
1.23953475
1.24825868
1.25703303
1.26537950
1.27280318
1.27882547
1.28301628
1.28502081
1.28457653
1.28151888
1.27577625
1.26735722
1.25633391
1.24282501
1.22698143
1.20897588
1.18899668
1.16724487
1.14393320
1.11928539
1.09353433
1.06691857
1.03967730
1.01204444
0.98424288
0.95647959
0.92894236
0.90179798
0.87519197
0.84924935
0.82407609
0.79976084
0.77637665
0.75398234
0.73262337
0.71233208
0.69312715
0.67501236
0.65797468
0.64198196
0.62698075
0.61289481
0.59962500
0.58705146
0.57503816
0.56344023
0.55211310
0.54092277
0.52975571
0.51852710
0.50718626
0.49571871
0.48414468
0.47251490
0.46090457
0.44940673
0.43812645
0.42717643
0.41667448
0.40674319
0.39751144
0.38911755
0.38171405
0.37547351
0.37059541
0.36731328
0.36590132
0.36667866
0.37000859
0.37628861
0.38592690
0.39930095
0.41669826
0.43824585
0.46384481
0.49313203
0.52548832
0.56009736
0.59604077
0.63240188
0.66835197
0.70320443
0.73643556
0.76767999
0.79671098
0.82341457
0.84776345
0.86979359
0.88958474
0.90724483
0.92289770
0.93667352
0.94870153
0.95910437
0.96799418
0.97546999
0.98161661
0.98650475
0.99019240
0.99272713
0.99414911
0.99449437
0.99379812
0.99209761
0.98943449
0.98585646
0.98141828
0.97618235
0.97021878
0.96360556
0.95642855
0.94878186
0.94076850
0.93250146
0.92410539
0.91571878
0.90749672
0.89961398
0.89226821
0.88568246
0.88010615
0.87581297
0.87309433
0.87224688
0.87355385
0.87726147
0.88355311
0.89252445
0.90416213
0.91832721
0.93474402
0.95299698
0.97254020
0.99272538
1.01285004
1.03222067
1.05021828
1.06635138
1.08028556
1.09184741
1.10100762
1.10785214
1.11254991
1.11532320
1.11642356
1.11611430
1.11465859
1.11231232
1.10932006
1.10591316
1.10230897
1.09871057
1.09530649
1.09227019
1.08975923
1.08791399
1.08685614
1.08668677
1.08748452
1.08930368
1.09217270
1.09609305
1.10103899
1.10695810
1.11377301
1.12138421
1.12967383
1.13851028
1.14775335
1.15725920
1.16688470
1.17649029
1.18594059
1.19510178
1.20383503
1.21198549
1.21936735
1.22574687
1.23082767
1.23424498
1.23557793
1.23438753
1.23028119
1.22299098
1.21244020
1.19877167
1.18232659
1.16358560
1.14309648
1.12141092
1.09904129
1.07643781
1.05398091
1.03198283
1.01069345
0.99030739
0.97097075
0.95278673
0.93581992
0.92009966
0.90562250
0.89235423
0.88023181
0.86916554
0.85904152
0.84972483
0.84106318
0.83289135
0.82503612
0.81732174
0.80957577
0.80163505
0.79335162
0.78459815
0.77527254
0.76530132
0.75464136
0.74327984
0.73123243
0.71853996
0.70526395
0.69148169
0.67728141
0.66275807
0.64801027
0.63313856
0.61824533
0.60343625
0.58882328
0.57452877
0.56069049
0.54746686
0.53504190
0.52362917
0.51347412
0.50485423
0.49807607
0.49346814
0.49136799
0.49210223
0.49595937
0.50315742
0.51381124
0.52790661
0.54528819
0.56566605
0.58864025
0.61373829
0.64045735
0.66830305
0.69681952
0.72560835
0.75433722
0.78274026
0.81061301
0.83780420
0.86420640
0.88974651
0.91437699
0.93806797
0.96080034
0.98255993
1.00333254
1.02310010
1.04183789
1.05951300
1.07608421
1.09150322
1.10571710
1.11867170
1.13031554
1.14060356
1.14950048
1.15698332
1.16304295
1.16768484
1.17092900
1.17280967
1.17337468
1.17268515
1.17081532
1.16785299
1.16390030
1.15907503
1.15351218
1.14736561
1.14080963
1.13404010
1.12727457
1.12075100
1.11472436
1.10946054
1.10522739
1.10228301
1.10086221
1.10116218
1.10332857
1.10744268
1.11350981
1.12144853
1.13108040
1.14212102
1.15417445
1.16673453
1.17919784
1.19089172
1.20111795
1.20920787
1.21458012
1.21678982
1.21555975
1.21078894
1.20254014
1.19101202
1.17650385
1.15937950
1.14003554
1.11887574
1.09629244
1.07265430
1.04829909
1.02353052
0.99861781
0.97379711
0.94927417
0.92522756
0.90181217
0.87916261
0.85739643
0.83661688
0.81691514
0.79837201
0.78105874
0.76503711
0.75035844
0.73706166
0.72517015
0.71468763
0.70559310
0.69783547
0.69132825
0.68594544
0.68151937
0.67784158
0.67466727
0.67172366
0.66872208
0.66537324
0.66140481
0.65658007
0.65071597
0.64369832
0.63549178
0.62614242
0.61577234
0.60456705
0.59275870
0.58060873
0.56839319
0.55639298
0.54488968
0.53416623
0.52451122
0.51622518
0.50962681
0.50505720
0.50287947
0.50347091
0.50720476
0.51441967
0.52537760
0.54021503
0.55889775
0.58119244
0.60666673
0.63472210
0.66465318
0.69571916
0.72721083
0.75850113
0.78907455
0.81853705
0.84661142
0.87312408
0.89798800
0.92118504
0.94274956
0.96275397
0.98129634
0.99848997
1.01445449
1.02930828
1.04316207
1.05611359
1.06824331
1.07961142
1.09025595
1.10019227
1.10941378
1.11789382
1.12558896
1.13244331
1.13839414
1.14337830
1.14733896
1.15023211
1.15203188
1.15273446
1.15236016
1.15095404
1.14858563
1.14534800
1.14135710
1.13675127
1.13169145
1.12636168
1.12096988
1.11574812
1.11095170
1.10685585
1.10374901
1.10192157
1.10164967
1.10317428
1.10667683
1.11225274
1.11988496
1.12941961
1.14054751
1.15279762
1.16555034
1.17807696
1.18960496
1.19939872
1.20683697
1.21146817
1.21303308
1.21145535
1.20680985
1.19928134
1.18912368
1.17662585
1.16208693
1.14579977
1.12804168
1.10907027
1.08912257
1.06841620
1.04715136
1.02551318
1.00367385
0.98179453
0.96002664
0.93851287
0.91738768
0.89677753
0.87680082
0.85756773
0.83917988
0.82172996
0.80530107
0.78996575
0.77578462
0.76280431
0.75105467
0.74054518
0.73126055
0.72315582
0.71615120
0.71012759
0.70492344
0.70033424
0.69611572
0.69199188
0.68766837
0.68285131
0.67727053
0.67070509
0.66300723
0.65412014
0.64408497
0.63303466
0.62117616
0.60876580
0.59608451
0.58341792
0.57104402
0.55922810
0.54822336
0.53827490
0.52962529
0.52252010
0.51721210
0.51396310
0.51304219
0.51471905
0.51925131
0.52686542
0.53773148
0.55193480
0.56944866
0.59011461
0.61363655
0.63959260
0.66746426
0.69667781
0.72665003
0.75682970
0.78672926
0.81594390
0.84415888
0.87114755
0.89676314
0.92092740
0.94361792
0.96485575
0.98469382
1.00320667
1.02048126
1.03660902
1.05167883
1.06577104
1.07895253
1.09127279
1.10276120
1.11342572
1.12325300
1.13221022
1.14024883
1.14731014
1.15333253
1.15825961
1.16204806
1.16467407
1.16613758
1.16646413
1.16570470
1.16393422
1.16124962
1.15776774
1.15362378
1.14897012
1.14397570
1.13882568
1.13372120
1.12887863
1.12452802
1.12090995
1.11827021
1.11685161
1.11688262
1.11856258
1.12204362
1.12740980
1.13465410
1.14365474
1.15415374
1.16574297
1.17786536
1.18983945
1.20091093
1.21032651
1.21741499
1.22165587
1.22271928
1.22047166
1.21495286
1.20633655
1.19488638
1.18091632
1.16475983
1.14674839
1.12719841
1.10640443
1.08463677
1.06214180
1.03914379
1.01584727
0.99243945
0.96909241
0.94596470
0.92320257
0.90094066
0.87930237
0.85840008
0.83833525
0.81919847
0.80106940
0.78401645
0.76809620
0.75335226
0.73981366
0.72749250
0.71638113
0.70644876
0.69763792
0.68986098
0.68299743
0.67689246
0.67135762
0.66617435
0.66110097
0.65588365
0.65027132
0.64403390
0.63698238
0.62898795
0.61999700
0.61003826
0.59921999
0.58771779
0.57575588
0.56358701
0.55147530
0.53968484
0.52847464
0.51809881
0.50881030
0.50086643
0.49453440
0.49009549
0.48784615
0.48809452
0.49115031
0.49730669
0.50681349
0.51984319
0.53645427
0.55655922
0.57990642
0.60608348
0.63454448
0.66465689
0.69575792
0.72720882
0.75843761
0.78896589
0.81841982
0.84652880
0.87311577
0.89808344
0.92139915
0.94308024
0.96318080
0.98178023
0.99897337
1.01486225
1.02954898
1.04312985
1.05569033
1.06730106
1.07801480
1.08786447
1.09686249
1.10500147
1.11225651
1.11858916
1.12395293
1.12830003
1.13158853
1.13378913
1.13489057
1.13490316
1.13386038
1.13181882
1.12885717
1.12507483
1.12059057
1.11554169
1.11008356
1.10438979
1.09865247
1.09308245
1.08790880
1.08337715
1.07974564
1.07727819
1.07623395
1.07685309
1.07933878
1.08383628
1.09040978
1.09901848
1.10949334
1.12151842
1.13462269
1.14819053
1.16149778
1.17377414
1.18428232
1.19239615
1.19765832
1.19980584
1.19876289
1.19461025
1.18754364
1.17783185
1.16578130
1.15170954
1.13592773
1.11873036
1.10039043
1.08115834
1.06126291
1.04091362
1.02030321
0.99961016
0.97900087
0.95863121
0.93864756
0.91918733
0.90037900
0.88234204
0.86518641
0.84901207
0.83390811
0.81995169
0.80720639
0.79572012
0.78552229
0.77662046
0.76899628
0.76260127
0.75735257
0.75312913
0.74976923
0.74706966
0.74478763
0.74264590
0.74034198
0.73756179
0.73399821
0.72937386
0.72346656
0.71613385
0.70733182
0.69712275
0.68566881
0.67321261
0.66005008
0.64650257
0.63289449
0.61953907
0.60673248
0.59475407
0.58387039
0.57434076
0.56642246
0.56037435
0.55645766
0.55493283
0.55605153
0.56004312
0.56709580
0.57733379
0.59079347
0.60740318
0.62697170
0.64918991
0.67364709
0.69986028
0.72731120
0.75548434
0.78389986
0.81213763
0.83985100
0.86677123
0.89270484
0.91752613
0.94116725
0.96360722
0.98486109
1.00496991
1.02399153
1.04199273
1.05904237
1.07520579
1.09054034
1.10509190
1.11889247
1.13195839
1.14428913
1.15586653
1.16665462
1.17660050
1.18563717
1.19368871
1.20067799
1.20653578
1.21120986
1.21467221
1.21692350
1.21799468
1.21794632
1.21686649
1.21486825
1.21208713
1.20867904
1.20481854
1.20069753
1.19652379
1.19251910
1.18891643
1.18595538
1.18387555
1.18290710
1.18325825
1.18509969
1.18854596
1.19363437
1.20030250
1.20836643
1.21750363
1.22724655
1.23699454
1.24604963
1.25367642
1.25917701
1.26196492
1.26162019
1.25791445
1.25080492
1.24040531
1.22694513
1.21072797
1.19209557
1.17140037
1.14898687
1.12518018
1.10028013
1.07455908
1.04826207
1.02160849
0.99479431
0.96799476
0.94136682
0.91505153
0.88917576
0.86385355
0.83918704
0.81526701
0.79217339
0.76997561
0.74873293
0.72849463
0.70929999
0.69117797
0.67414642
0.65821083
0.64336253
0.62957655
0.61680911
0.60499526
0.59404697
0.58385229
0.57427628
0.56516427
0.55634800
0.54765470
0.53891877
0.52999502
0.52077190
0.51118265
0.50121225
0.49089885
0.48032946
0.46963115
0.45896021
0.44849206
0.43841392
0.42892138
0.42021872
0.41252253
0.40606723
0.40111168
0.39794520
0.39689138
0.39830731
0.40257515
0.41008263
0.42118968
0.43618073
0.45520742
0.47823239
0.50499057
0.53498359
0.56751524
0.60176188
0.63685998
0.67198896
0.70643274
0.73961368
0.77110127
0.80060281
0.82794428
0.85304761
0.87590854
0.89657713
0.91514152
0.93171504
0.94642588
0.95940915
0.97080041
0.98073060
0.98932181
0.99668396
1.00291216
1.00808505
1.01226397
1.01549341
1.01780259
1.01920831
1.01971886
1.01933864
1.01807303
1.01593296
1.01293872
1.00912266
1.00453086
0.99922385
0.99327683
0.98677978
0.97983764
0.97257098
0.96511718
0.95763210
0.95029219
0.94329660
0.93686883
0.93125704
0.92673191
0.92358082
0.92209731
0.92256526
0.92523840
0.93031689
0.93792302
0.94807840
0.96068371
0.97550252
0.99215231
1.01010804
1.02872538
1.04728715
1.06506931
1.08141350
1.09578908
1.10783065
1.11734634
1.12430120
1.12878570
1.13097919
1.13111594
1.12945754
1.12627286
1.12182489
1.11636323
1.11012074
1.10331299
1.09613944
1.08878554
1.08142494
1.07422151
1.06733074
1.06090034
1.05506986
1.04996962
1.04571877
1.04242283
1.04017082
1.03903222
1.03905400
1.04025776
1.04263750
1.04615805
1.05075450
1.05633267
1.06277083
1.06992233
1.07761885
1.08567363
1.09388385
1.10203125
1.10988022
1.11717308
1.12362316
1.12890809
1.13266719
1.13450923
1.13403651
1.13088853
1.12480042
1.11566092
1.10354887
1.08873222
1.07162938
1.05274845
1.03262527
1.01177526
0.99066432
0.96969625
0.94921143
0.92949156
0.91076663
0.89322199
0.87700447
0.86222706
0.84897213
0.83729345
0.82721716
0.81874210
0.81183967
0.80645376
0.80250083
0.79987069
0.79842783
0.79801376
0.79845006
0.79954217
0.80108373
0.80286128
0.80465928
0.80626532
0.80747553
0.80810026
0.80796991
0.80694059
0.80489948
0.80176915
0.79751061
0.79212443
0.78565021
0.77816437
0.76977704
0.76062885
0.75088837
0.74075099
0.73043956
0.72020669
0.71033819
0.70115637
0.69302165
0.68632985
0.68150311
0.67897182
0.67914642
0.68237979
0.68892411
0.69888990
0.71221759
0.72867102
0.74785745
0.76927053
0.79234607
0.81651777
0.84126275
0.86613134
0.89076120
0.91487860
0.93829108
0.96087555
0.98256451
1.00333262
1.02318443
1.04214398
1.06024647
1.07753179
1.09404012
1.10980917
1.12487296
1.13926193
1.15300378
1.16612488
1.17865160
1.19061122
1.20203192
1.21294181
1.22336675
1.23332744
1.24283610
1.25189351
1.26048704
1.26859027
1.27616453
1.28316226
1.28953206
1.29522469
1.30019970
1.30443186
1.30791726
1.31067860
1.31276949
1.31427743
1.31532509
1.31606910
1.31669572
1.31741221
1.31843304
1.31996054
1.32216002
1.32513094
1.32887670
1.33327740
1.33807132
1.34285191
1.34708653
1.35015963
1.35143659
1.35033637
1.34639693
1.33931854
1.32897807
1.31541637
1.29880746
1.27942009
1.25758016
1.23363929
1.20795111
1.18085519
1.15266715
1.12367342
1.09412910
1.06425799
1.03425381
1.00428222
0.97448324
0.94497394
0.91585123
0.88719467
0.85906918
0.83152769
0.80461347
0.77836215
0.75280335
0.72796201
0.70385916
0.68051247
0.65793647
0.63614253
0.61513865
0.59492912
0.57551401
0.55688848
0.53904203
0.52195764
0.50561090
0.48996943
0.47499275
0.46063296
0.44683659
0.43354769
0.42071217
0.40828285
0.39622461
0.38451867
0.37316537
0.36218512
0.35161773
0.34152098
0.33196915
0.32305263
0.31487907
0.30757629
0.30129719
0.29622610
0.29258635
0.29064810
0.29073482
0.29322597
0.29855197
0.30717632
0.31955956
0.33610181
0.35706686
0.38250067
0.41216725
0.44552761
0.48177720
0.51993605
0.55896564
0.59787959
0.63582389
0.67211801
0.70626208
0.73792141
0.76689975
0.79310980
0.81654586
0.83726077
0.85534769
0.87092618
0.88413190
0.89510919
0.90400559
0.91096801
0.91613986
0.91965898
0.92165608
0.92225363
0.92156511
0.91969472
0.91673751
0.91278003
0.90790146
0.90217515
0.89567045
0.88845459
0.88059460
0.87215892
0.86321892
0.85385017
0.84413377
0.83415775
0.82401877
0.81382427
0.80369515
0.79376904
0.78420401
0.77518268
0.76691596
0.75964565
0.75364457
0.74921238
0.74666561
0.74632069
0.74847089
0.75335964
0.76115460
0.77192647
0.78563452
0.80211865
0.82109652
0.84216609
0.86481671
0.88845354
0.91243764
0.93613844
0.95898915
0.98053294
1.00045063
1.01856673
1.03483717
1.04932549
1.06217449
1.07357878
1.08376127
1.09295474
1.10138828
1.10927793
1.11682056
1.12419005
1.13153517
1.13897841
1.14661554
1.15451555
1.16272094
1.17124833
1.18008950
1.18921299
1.19856643
1.20807954
1.21766795
1.22723760
1.23668964
1.24592555
1.25485221
1.26338686
1.27146150
1.27902696
1.28605617
1.29254682
1.29852292
1.30403519
1.30915951
1.31399288
1.31864590
1.32323105
1.32784604
1.33255209
1.33734756
1.34213849
1.34671026
1.35070835
1.35364084
1.35491606
1.35392090
1.35012625
1.34318605
1.33299336
1.31967604
1.30354352
1.28501220
1.26453537
1.24255143
1.21945277
1.19557137
1.17117575
1.14647452
1.12162326
1.09673262
1.07187678
1.04710141
1.02243106
0.99787590
0.97343754
0.94911414
0.92490452
0.90081143
0.87684377
0.85301781
0.82935757
0.80589422
0.78266495
0.75971132
0.73707739
0.71480784
0.69294611
0.67153292
0.65060491
0.63019366
0.61032490
0.59101803
0.57228570
0.55413368
0.53656087
0.51955963
0.50311644
0.48721316
0.47182881
0.45694218
0.44253493
0.42859529
0.41512188
0.40212720
0.38964034
0.37770850
0.36639729
0.35579021
0.34598809
0.33710898
0.32928917
0.32268494
0.31747486
0.31386185
0.31207418
0.31236451
0.31500585
0.32028331
0.32848067
0.33986107
0.35464188
0.37296539
0.39486819
0.42025423
0.44887737
0.48033885
0.51410280
0.54952907
0.58591861
0.62256350
0.65879342
0.69401201
0.72771992
0.75952433
0.78913755
0.81636783
0.84110597
0.86331039
0.88299260
0.90020421
0.91502584
0.92755815
0.93791470
0.94621641
0.95258741
0.95715188
0.96003170
0.96134490
0.96120451
0.95971809
0.95698757
0.95310968
0.94817668
0.94227752
0.93549927
0.92792869
0.91965385
0.91076566
0.90135930
0.89153555
0.88140215
0.87107512
0.86068036
0.85035524
0.84025036
0.83053121
0.82137952
0.81299399
0.80559012
0.79939841
0.79466073
0.79162432
0.79053325
0.79161744
0.79507973
0.80108174
0.80972941
0.82105850
0.83502023
0.85146662
0.87013630
0.89064377
0.91247826
0.93502016
0.95758071
0.97946297
1.00003272
1.01878201
1.03536972
1.04963264
1.06157036
1.07131355
1.07908634
1.08517061
1.08987652
1.09352048
1.09640993
1.09883356
1.10105543
1.10331164
1.10580851
1.10872164
1.11219521
1.11634144
1.12124005
1.12693789
1.13344886
1.14075455
1.14880572
1.15752506
1.16681120
1.17654403
1.18659105
1.19681439
1.20707812
1.21725521
1.22723380
1.23692229
1.24625295
1.25518378
1.26369840
1.27180376
1.27952535
1.28689966
1.29396334
1.30073881
1.30721590
1.31332984
1.31893699
1.32379201
1.32753384
1.32969210
1.32972628
1.32710324
1.32140027
1.31240043
1.30014187
1.28490271
1.26713459
1.24737682
1.22618003
1.20405335
1.18143578
1.15868548
1.13608014
1.11382290
1.09205055
1.07084223
1.05022787
1.03019618
1.01070226
0.99167491
0.97302388
0.95464693
0.93643691
0.91828859
0.90010510
0.88180365
0.86332016
0.84461243
0.82566162
0.80647199
0.78706887
0.76749531
0.74780790
0.72807207
0.70835765
0.68873473
0.66927036
0.65002595
0.63105555
0.61240486
0.59411095
0.57620258
0.55870110
0.54162193
0.52497660
0.50877524
0.49302976
0.47775727
0.46298386
0.44874831
0.43510544
0.42212868
0.40991169
0.39856908
0.38823638
0.37906982
0.37124576
0.36495954
0.36042299
0.35785976
0.35749781
0.35955868
0.36424416
0.37172139
0.38210834
0.39546173
0.41176930
0.43094736
0.45284379
0.47724520
0.50388669
0.53246226
0.56263459
0.59404345
0.62631279
0.65905727
0.69188895
0.72442503
0.75629682
0.78715948
0.81670174
0.84465421
0.87079535
0.89495440
0.91701104
0.93689246
0.95456823
0.97004415
0.98335558
0.99456100
1.00373616
1.01096896
1.01635527
1.01999557
1.02199247
1.02244890
1.02146707
1.01914799
1.01559157
1.01089724
1.00516494
0.99849642
0.99099679
0.98277607
0.97395082
0.96464560
0.95499445
0.94514218
0.93524547
0.92547362
0.91600869
0.90704487
0.89878673
0.89144629
0.88523888
0.88037791
0.87706894
0.87550343
0.87585259
0.87826157
0.88284394
0.88967603
0.89879049
0.91016772
0.92372415
0.93929658
0.95662327
0.97532504
0.99489335
1.01469525
1.03400482
1.05206447
1.06816728
1.08174046
1.09240635
1.10000601
1.10458508
1.10635332
1.10563379
1.10281424
1.09830813
1.09252697
1.08586311
1.07868036
1.07131005
1.06405038
1.05716746
1.05089694
1.04544554
1.04099206
1.03768754
1.03565456
1.03498587
1.03574231
1.03795075
1.04160225
1.04665127
1.05301624
1.06058203
1.06920449
1.07871685
1.08893752
1.09967853
1.11075350
1.12198434
1.13320545
1.14426505
1.15502302
1.16534537
1.17509538
1.18412210
1.19224709
1.19925104
1.20486305
1.20875679
1.21055924
1.20987805
1.20635039
1.19970870
1.18984740
1.17686780
1.16108199
1.14297326
1.12312887
1.10216905
1.08069051
1.05923148
1.03825572
1.01814919
0.99922310
0.98171905
0.96581395
0.95162381
0.93920676
0.92856551
0.91965025
0.91236222
0.90655843
0.90205755
0.89864649
0.89608766
0.89412626
0.89249751
0.89093372
0.88917135
0.88695820
0.88406092
0.88027280
0.87542143
0.86937547
0.86204964
0.85340699
0.84345788
0.83225580
0.81989045
0.80647940
0.79215931
0.77707794
0.76138776
0.74524155
0.72879008
0.71218188
0.69556475
0.67908887
0.66291110
0.64720037
0.63214364
0.61795200
0.60486618
0.59316015
0.58314144
0.57514613
0.56952650
0.56662998
0.56676893
0.57018415
0.57700749
0.58723250
0.60070159
0.61711500
0.63606046
0.65705634
0.67959799
0.70319813
0.72741576
0.75187240
0.77625752
0.80032653
0.82389457
0.84682884
0.86904118
0.89048178
0.91113414
0.93101105
0.95015098
0.96861414
0.98647751
1.00382848
1.02075659
1.03734394
1.05365473
1.06972531
1.08555616
1.10110746
1.11629914
1.13101586
1.14511619
1.15844451
1.17084376
1.18216732
1.19228852
1.20110738
1.20855443
1.21459212
1.21921456
1.22244634
1.22434100
1.22497977
1.22447070
1.22294835
1.22057386
1.21753499
1.21404564
1.21034399
1.20668843
1.20335064
1.20060531
1.19871676
1.19792344
1.19842178
1.20035094
1.20377986
1.20869714
1.21500408
1.22251122
1.23093897
1.23992360
1.24903026
1.25777364
1.26564599
1.27214993
1.27683166
1.27930958
1.27929388
1.27659487
1.27112036
1.26286471
1.25189330
1.23832608
1.22232311
1.20407339
1.18378741
1.16169233
1.13802865
1.11304689
1.08700348
1.06015551
1.03275484
1.00504223
0.97724226
0.94955973
0.92217756
0.89525626
0.86893457
0.84333091
0.81854532
0.79466136
0.77174791
0.74986047
0.72904192
0.70932256
0.69071927
0.67323402
0.65685153
0.64153672
0.62723207
0.61385594
0.60130225
0.58944263
0.57813127
0.56721246
0.55653046
0.54594034
0.53531871
0.52457269
0.51364596
0.50252121
0.49121891
0.47979280
0.46832348
0.45691131
0.44566983
0.43472094
0.42419203
0.41421545
0.40493006
0.39648469
0.38904316
0.38279058
0.37794048
0.37474222
0.37348728
0.37451260
0.37819763
0.38495103
0.39518210
0.40925396
0.42741977
0.44975171
0.47608109
0.50597213
0.53874515
0.57354788
0.60945569
0.64557214
0.68110660
0.71541843
0.74802978
0.77861596
0.80698357
0.83304443
0.85679027
0.87827054
0.89757416
0.91481491
0.93011995
0.94362088
0.95544672
0.96571862
0.97454595
0.98202391
0.98823241
0.99323635
0.99708708
0.99982492
1.00148241
1.00208784
1.00166882
1.00025546
0.99788295
0.99459337
0.99043686
0.98547216
0.97976681
0.97339719
0.96644854
0.95901533
0.95120187
0.94312350
0.93490830
0.92669940
0.91865779
0.91096549
0.90382861
0.89747951
0.89217706
0.88820338
0.88585561
0.88543156
0.88720938
0.89142284
0.89823531
0.90771546
0.91981694
0.93436287
0.95103628
0.96937993
0.98881075
1.00865423
1.02819855
1.04676080
1.06375102
1.07871941
1.09137839
1.10159921
1.10939017
1.11486548
1.11821286
1.11966511
1.11947790
1.11791405
1.11523334
1.11168668
1.10751310
1.10293861
1.09817598
1.09342483
1.08887162
1.08468932
1.08103668
1.07805708
1.07587690
1.07460373
1.07432425
1.07510221
1.07697648
1.07995953
1.08403648
1.08916498
1.09527614
1.10227654
1.11005126
1.11846801
1.12738165
1.13663897
1.14608284
1.15555490
1.16489610
1.17394385
1.18252523
1.19044622
1.19747761
1.20334078
1.20769821
1.21015653
1.21029025
1.20769098
1.20203698
1.19316483
1.18111672
1.16614374
1.14866507
1.12920132
1.10830651
1.08651518
1.06431030
1.04210901
1.02026042
0.99904985
0.97870569
0.95940640
0.94128663
0.92444203
0.90893263
0.89478531
0.88199536
0.87052779
0.86031852
0.85127593
0.84328288
0.83619940
0.82986608
0.82410820
0.81874038
0.81357191
0.80841237
0.80307760
0.79739579
0.79121343
0.78440078
0.77685644
0.76851061
0.75932660
0.74930055
0.73845917
0.72685611
0.71456715
0.70168526
0.68831587
0.67457328
0.66057837
0.64645818
0.63234725
0.61839065
0.60474836
0.59160050
0.57915265
0.56764050
0.55733277
0.54853165
0.54156939
0.53679994
0.53458394
0.53526595
0.53914401
0.54643421
0.55723594
0.57150597
0.58904917
0.60953006
0.63250386
0.65745995
0.68386837
0.71122049
0.73905855
0.76699279
0.79470733
0.82195791
0.84856449
0.87440137
0.89938678
0.92347291
0.94663722
0.96887497
0.99019309
1.01060503
1.03012643
1.04877140
1.06654922
1.08346151
1.09950001
1.11464518
1.12886592
1.14212051
1.15435890
1.16552613
1.17556643
1.18442763
1.19206524
1.19844595
1.20355023
1.20737405
1.20993001
1.21124786
1.21137494
1.21037671
1.20833748
1.20536147
1.20157413
1.19712355
1.19218180
1.18694556
1.18163585
1.17649592
1.17178683
1.16777989
1.16474588
1.16294115
1.16259153
1.16387519
1.16690571
1.17171608
1.17824414
1.18631997
1.19565641
1.20584548
1.21636454
1.22659629
1.23586491
1.24348655
1.24882752
1.25135964
1.25070210
1.24664235
1.23913471
1.22828059
1.21429749
1.19748424
1.17818826
1.15677824
1.13362349
1.10907968
1.08347989
1.05712976
1.03030545
1.00325355
0.97619215
0.94931262
0.92278183
0.89674455
0.87132591
0.84663384
0.82276140
0.79978888
0.77778556
0.75681121
0.73691697
0.71814574
0.70053190
0.68410013
0.66886352
0.65482072
0.64195236
0.63021694
0.61954675
0.60984450
0.60098155
0.59279885
0.58511118
0.57771522
0.57040114
0.56296688
0.55523361
0.54706052
0.53835676
0.52908878
0.51928178
0.50901537
0.49841460
0.48763865
0.47686966
0.46630397
0.45614703
0.44661221
0.43792322
0.43031921
0.42406160
0.41944105
0.41678324
0.41645075
0.41883811
0.42435608
0.43340144
0.44631063
0.46330034
0.48440504
0.50942848
0.53792765
0.56924037
0.60255316
0.63699178
0.67171036
0.70596022
0.73912970
0.77075680
0.80052202
0.82822981
0.85378590
0.87717459
0.89843868
0.91766262
0.93495887
0.95045708
0.96429535
0.97661313
0.98754534
0.99721740
1.00574112
1.01321141
1.01970415
1.02527508
1.02996026
1.03377780
1.03673106
1.03881300
1.04001129
1.04031370
1.03971325
1.03821250
1.03582682
1.03258649
1.02853768
1.02374283
1.01828065
1.01224618
1.00575112
0.99892480
0.99191560
0.98489303
0.97804993
0.97160460
0.96580180
0.96091163
0.95722491
0.95504373
0.95466633
0.95636659
0.96036966
0.96682613
0.97578723
0.98718275
1.00080331
1.01628952
1.03313364
1.05070018
1.06827035
1.08510724
1.10052994
1.11397917
1.12505937
1.13355080
1.13939547
1.14266618
1.14352946
1.14221044
1.13896399
1.13405359
1.12773761
1.12026144
1.11185416
1.10272813
1.09308043
1.08309518
1.07294610
1.06279876
1.05281219
1.04313989
1.03392985
1.02532396
1.01745662
1.01045295
1.00442633
0.99947581
0.99568302
0.99310905
0.99179116
0.99173960
0.99293472
0.99532469
0.99882388
1.00331234
1.00863621
1.01460899
1.02101321
1.02760205
1.03410019
1.04020357
1.04557870
1.04986318
1.05267076
1.05360570
1.05229061
1.04840843
1.04175268
1.03227190
1.02009163
1.00550359
0.98892493
0.97084244
0.95175888
0.93215312
0.91245714
0.89304723
0.87424454
0.85632039
0.83950323
0.82398525
0.80992792
0.79746577
0.78670868
0.77774252
0.77062857
0.76540190
0.76206926
0.76060675
0.76095808
0.76303371
0.76671134
0.77183801
0.77823372
0.78569632
0.79400714
0.80293689
0.81225129
0.82171611
0.83110147
0.84018565
0.84875845
0.85662485
0.86360903
0.86955917
0.87435294
0.87790342
0.88016488
0.88113797
0.88087363
0.87947573
0.87710246
0.87396686
0.87033673
0.86653392
0.86293198
0.85995032
0.85804221
0.85767351
0.85929032
0.86327642
0.86990558
0.87929852
0.89139641
0.90596043
0.92260014
0.94082428
0.96010125
0.97991558
0.99981050
1.01941318
1.03844376
1.05671261
1.07411012
1.09059312
1.10617026
1.12088807
1.13481823
1.14804628
1.16066186
1.17275024
1.18438529
1.19562387
1.20650171
1.21703125
1.22720128
1.23697898
1.24631402
1.25514479
1.26340621
1.27103847
1.27799579
1.28425412
1.28981675
1.29471712
1.29901828
1.30280896
1.30619673
1.30929903
1.31223308
1.31510594
1.31800578
1.32099546
1.32410890
1.32735066
1.33069816
1.33410572
1.33750890
1.34082698
1.34396146
1.34678900
1.34914842
1.35082418
1.35153205
1.35091541
1.34856104
1.34403858
1.33695823
1.32703179
1.31411755
1.29823598
1.27955460
1.25835158
1.23497144
1.20978423
1.18315418
1.15541925
1.12688033
1.09779737
1.06839035
1.03884284
1.00930689
0.97990840
0.95075213
0.92192632
0.89350643
0.86555808
0.83813919
0.81130127
0.78509014
0.75954610
0.73470373
0.71059155
0.68723151
0.66463862
0.64282057
0.62177764
0.60150286
0.58198238
0.56319627
0.54511958
0.52772366
0.51097769
0.49485023
0.47931069
0.46433053
0.44988416
0.43594952
0.42250841
0.40954666
0.39705448
0.38502710
0.37346601
0.36238073
0.35179120
0.34173048
0.33224766
0.32341070
0.31530940
0.30805872
0.30180282
0.29672009
0.29302899
0.29099427
0.29093202
0.29321137
0.29824934
0.30649441
0.31839398
0.33434275
0.35461402
0.37928409
0.40816893
0.44079638
0.47643016
0.51414497
0.55293288
0.59181173
0.62991006
0.66651674
0.70109640
0.73328014
0.76284214
0.78967135
0.81374386
0.83509882
0.85381898
0.87001555
0.88381696
0.89536065
0.90478726
0.91223659
0.91784498
0.92174361
0.92405759
0.92490557
0.92439966
0.92264567
0.91974346
0.91578734
0.91086663
0.90506615
0.89846693
0.89114691
0.88318192
0.87464681
0.86561676
0.85616884
0.84638378
0.83634784
0.82615506
0.81590973
0.80572926
0.79574748
0.78611831
0.77701958
0.76865654
0.76126432
0.75510806
0.75047922
0.74768661
0.74704113
0.74883455
0.75331449
0.76065931
0.77095643
0.78418669
0.80021457
0.81878334
0.83951536
0.86192022
0.88541576
0.90936503
0.93312743
0.95611518
0.97784309
0.99796106
1.01626473
1.03268651
1.04727344
1.06015908
1.07153542
1.08162832
1.09067777
1.09892321
1.10659304
1.11389738
1.12102341
1.12813223
1.13535706
1.14280221
1.15054278
1.15862487
1.16706650
1.17585903
1.18496930
1.19434243
1.20390523
1.21357028
1.22324050
1.23281406
1.24218948
1.25127066
1.25997177
1.26822164
1.27596779
1.28317968
1.28985133
1.29600292
1.30168118
1.30695803
1.31192680
1.31669524
1.32137454
1.32606363
1.33082855
1.33567692
1.34052903
1.34518904
1.34932368
1.35246043
1.35401911
1.35338454
1.35001001
1.34352046
1.33377705
1.32088163
1.30512843
1.28692982
1.26674364
1.24501779
1.22215600
1.19850122
1.17433129
1.14986173
1.12525242
1.10061566
1.07602485
1.05152276
1.02712945
1.00284942
0.97867809
0.95460742
0.93063051
0.90674525
0.88295676
0.85927875
0.83573388
0.81235310
0.78917430
0.76624057
0.74359804
0.72129387
0.69937422
0.67788262
0.65685849
0.63633612
0.61634382
0.59690337
0.57802966
0.55973052
0.54200675
0.52485245
0.50825564
0.49219948
0.47666399
0.46162850
0.44707473
0.43299041
0.41937304
0.40623352
0.39359901
0.38151465
0.37004406
0.35926891
0.34928825
0.34021834
0.33219326
0.32536653
0.31991307
0.31603112
0.31394312
0.31389469
0.31615087
0.32098848
0.32868370
0.33949444
0.35363742
0.37126118
0.39241764
0.41703606
0.44490466
0.47566490
0.50882185
0.54377122
0.57983961
0.61633153
0.65257554
0.68796260
0.72197249
0.75418721
0.78429283
0.81207285
0.83739623
0.86020315
0.88049058
0.89829892
0.91370052
0.92679016
0.93767743
0.94648079
0.95332300
0.95832773
0.96161700
0.96330941
0.96351890
0.96235411
0.95991817
0.95630902
0.95162004
0.94594121
0.93936042
0.93196505
0.92384362
0.91508729
0.90579132
0.89605644
0.88599014
0.87570799
0.86533517
0.85500802
0.84487565
0.83510156
0.82586490
0.81736118
0.80980211
0.80341400
0.79843444
0.79510683
0.79367256
0.79436088
0.79737688
0.80288805
0.81101032
0.82179388
0.83520868
0.85112963
0.86932156
0.88942672
0.91096035
0.93332232
0.95583168
0.97778417
0.99852322
1.01750743
1.03435765
1.04887462
1.06102841
1.07092893
1.07878809
1.08488281
1.08952366
1.09303118
1.09571924
1.09788429
1.09979885
1.10170786
1.10382669
1.10634011
1.10940160
1.11313280
1.11762297
1.12292844
1.12907240
1.13604523
1.14380568
1.15228321
1.16138169
1.17098435
1.18095997
1.19116981
1.20147501
1.21174373
1.22185777
1.23171794
1.24124813
1.25039752
1.25914086
1.26747656
1.27542228
1.28300789
1.29026519
1.29721416
1.30384543
1.31009904
1.31584072
1.32083895
1.32474952
1.32711846
1.32741584
1.32510756
1.31975563
1.31111640
1.29919796
1.28425399
1.26672280
1.24714199
1.22606935
1.20402635
1.18146638
1.15876201
1.13620426
1.11400803
1.09232015
1.07122797
1.05076778
1.03093282
1.01168079
0.99294111
0.97462212
0.95661812
0.93881652
0.92110475
0.90337704
0.88554042
0.86751998
0.84926257
0.83073905
0.81194451
0.79289686
0.77363376
0.75420851
0.73468533
0.71513462
0.69562855
0.67623731
0.65702621
0.63805365
0.61936985
0.60101636
0.58302628
0.56542501
0.54823166
0.53146098
0.51512583
0.49924024
0.48382278
0.46890038
0.45451207
0.44071244
0.42757450
0.41519149
0.40367785
0.39316939
0.38382304
0.37581625
0.36934570
0.36462467
0.36187819
0.36133515
0.36321735
0.36772563
0.37502470
0.38522838
0.39838766
0.41448346
0.43342515
0.45505470
0.47915525
0.50546205
0.53367377
0.56346269
0.59448279
0.62637599
0.65877706
0.69131840
0.72363560
0.75537435
0.78619879
0.81580047
0.84390684
0.87028814
0.89476171
0.91719321
0.93749513
0.95562284
0.97156921
0.98535843
0.99703967
1.00668124
1.01436534
1.02018360
1.02423355
1.02661583
1.02743225
1.02678451
1.02477356
1.02149954
1.01706231
1.01156232
1.00510185
0.99778656
0.98972698
0.98104018
0.97185133
0.96229508
0.95251699
0.94267457
0.93293805
0.92349050
0.91452710
0.90625337
0.89888208
0.89262896
0.88770735
0.88432219
0.88266366
0.88290119
0.88517772
0.88960455
0.89625611
0.90516397
0.91630892
0.92960991
0.94490903
0.96195298
0.98037396
0.99967643
1.01923933
1.03834378
1.05623075
1.07218185
1.08560438
1.09609671
1.10347725
1.10777430
1.10918754
1.10803680
1.10471194
1.09963194
1.09321556
1.08586286
1.07794517
1.06980080
1.06173430
1.05401767
1.04689222
1.04057038
1.03523705
1.03105002
1.02813955
1.02660710
1.02652329
1.02792567
1.03081657
1.03516163
1.04088980
1.04789492
1.05603951
1.06516050
1.07507663
1.08559671
1.09652779
1.10768220
1.11888240
1.12996288
1.14076876
1.15115078
1.16095716
1.17002270
1.17815636
1.18512886
1.19066321
1.19443230
1.19606881
1.19519289
1.19145995
1.18462333
1.17459700
1.16149666
1.14564196
1.12751765
1.10770876
1.08683215
1.06548202
1.04419594
1.02343935
1.00360218
0.98500175
0.96788749
0.95244526
0.93880060
0.92702085
0.91711696
0.90904563
0.90271244
0.89797640
0.89465571
0.89253473
0.89137147
0.89090524
0.89086401
0.89097141
0.89095336
0.89054472
0.88949615
0.88758147
0.88460523
0.88041014
0.87488331
0.86796037
0.85962651
0.84991421
0.83889781
0.82668582
0.81341216
0.79922769
0.78429283
0.76877218
0.75283121
0.73663524
0.72035036
0.70414614
0.68819984
0.67270171
0.65786110
0.64391268
0.63112189
0.61978814
0.61024406
0.60284836
0.59797012
0.59596324
0.59713151
0.60168841
0.60971923
0.62115529
0.63576914
0.65319375
0.67296177
0.69455480
0.71745157
0.74116596
0.76527125
0.78941095
0.81329933
0.83671552
0.85949484
0.88151979
0.90271230
0.92302799
0.94245221
0.96099776
0.97870317
0.99563102
1.01186525
1.02750689
1.04266759
1.05746101
1.07199230
1.08634675
1.10057883
1.11470341
1.12869075
1.14246637
1.15591620
1.16889620
1.18124502
1.19279772
1.20339869
1.21291230
1.22123066
1.22827836
1.23401473
1.23843430
1.24156610
1.24347274
1.24424941
1.24402316
1.24295237
1.24122605
1.23906221
1.23670460
1.23441679
1.23247286
1.23114442
1.23068446
1.23130918
1.23317963
1.23638485
1.24092793
1.24671612
1.25355564
1.26115269
1.26912189
1.27700387
1.28429227
1.29046870
1.29504173
1.29758415
1.29776224
1.29535272
1.29024541
1.28243337
1.27199424
1.25906749
1.24383187
1.22648623
1.20723545
1.18628177
1.16382121
1.14004361
1.11513500
1.08928049
1.06266634
1.03548043
1.00791076
0.98014250
0.95235417
0.92471392
0.89737639
0.87048064
0.84414920
0.81848799
0.79358699
0.76952124
0.74635188
0.72412709
0.70288261
0.68264175
0.66341480
0.64519785
0.62797121
0.61169757
0.59632055
0.58176417
0.56793390
0.55471985
0.54200229
0.52965932
0.51757570
0.50565187
0.49381180
0.48200844
0.47022619
0.45848023
0.44681314
0.43528995
0.42399265
0.41301532
0.40246054
0.39243764
0.38306271
0.37446029
0.36676656
0.36013376
0.35473556
0.35077312
0.34848132
0.34813406
0.35004729
0.35457676
0.36210715
0.37302793
0.38769253
0.40636045
0.42912932
0.45587217
0.48620161
0.51947930
0.55487520
0.59146218
0.62831913
0.66461646
0.69966956
0.73295877
0.76412405
0.79294454
0.81931218
0.84320519
0.86466465
0.88377507
0.90064901
0.91541520
0.92820938
0.93916732
0.94841960
0.95608776
0.96228177
0.96709877
0.97062293
0.97292644
0.97407136
0.97411218
0.97309873
0.97107901
0.96810189
0.96421916
0.95948722
0.95396804
0.94772985
0.94084748
0.93340259
0.92548410
0.91718864
0.90862151
0.89989791
0.89114468
0.88250257
0.87412885
0.86620023
0.85891574
0.85249884
0.84719792
0.84328381
0.84104287
0.84076440
0.84272221
0.84715145
0.85422340
0.86402145
0.87652059
0.89157163
0.90889092
0.92805819
0.94852721
0.96965485
0.99074991
1.01113596
1.03021535
1.04751970
1.06273689
1.07571280
1.08643321
1.09499468
1.10157259
1.10639205
1.10970453
1.11177070
1.11284896
1.11318829
1.11302432
1.11257727
1.11205098
1.11163240
1.11149099
1.11177790
1.11262484
1.11414260
1.11641947
1.11951959
1.12348157
1.12831760
1.13401326
1.14052822
1.14779805
1.15573709
1.16424239
1.17319857
1.18248315
1.19197224
1.20154585
1.21109263
1.22051315
1.22972150
1.23864412
1.24721544
1.25536929
1.26302573
1.27007323
1.27634771
1.28161163
1.28553963
1.28771989
1.28768203
1.28495693
1.27916156
1.27008440
1.25773913
1.24236519
1.22437901
1.20429971
1.18267644
1.16003393
1.13684023
1.11349279
1.09031644
1.06756776
1.04544204
1.02408072
1.00357813
0.98398742
0.96532546
0.94757711
0.93069900
0.91462319
0.89926079
0.88450598
0.87024024
0.85633711
0.84266722
0.82910357
0.81552688
0.80183056
0.78792514
0.77374167
0.75923391
0.74437900
0.72917663
0.71364688
0.69782698
0.68176739
0.66552766
0.64917247
0.63276809
0.61637973
0.60006960
0.58389613
0.56791412
0.55217602
0.53673413
0.52164383
0.50696747
0.49277875
0.47916719
0.46624228
0.45413693
0.44301002
0.43304799
0.42446547
0.41750456
0.41243212
0.40953357
0.40910203
0.41142154
0.41674465
0.42526606
0.43709636
0.45224068
0.47058772
0.49191211
0.51589029
0.54212677
0.57018516
0.59961870
0.62999554
0.66091670
0.69202628
0.72301496
0.75361840
0.78361249
0.81280693
0.84103856
0.86816520
0.89406084
0.91861233
0.94171767
0.96328589
0.98323790
1.00150806
1.01804586
1.03281725
1.04580538
1.05701055
1.06644938
1.07415344
1.08016732
1.08454668
1.08735619
1.08866772
1.08855888
1.08711200
1.08441362
1.08055450
1.07563017
1.06974198
1.06299845
1.05551700
1.04742575
1.03886546
1.02999134
1.02097474
1.01200429
1.00328630
0.99504392
0.98751449
0.98094481
0.97558415
0.97167526
0.96944407
0.96908907
0.97077120
0.97460504
0.98065103
0.98890824
0.99930649
1.01169667
1.02583906
1.04139083
1.05789619
1.07478487
1.09138613
1.10696380
1.12077320
1.13213247
1.14049360
1.14549595
1.14698983
1.14502762
1.13982960
1.13173675
1.12116219
1.10854967
1.09434240
1.07896259
1.06280000
1.04620706
1.02949848
1.01295345
0.99681918
0.98131487
0.96663554
0.95295535
0.94043005
0.92919863
0.91938371
0.91109090
0.90440698
0.89939687
0.89609992
0.89452544
0.89464842
0.89640571
0.89969356
0.90436704
0.91024162
0.91709693
0.92468203
0.93272134
0.94092015
0.94896873
0.95654483
0.96331508
0.96893683
0.97306286
0.97535172
0.97548621
0.97320035
0.96831248
0.96075770
0.95061071
0.93809071
0.92354497
0.90741546
0.89019770
0.87240248
0.85452728
0.83703979
0.82037158
0.80491819
0.79104185
0.77907349
0.76931183
0.76201841
0.75740844
0.75563850
0.75679316
0.76087345
0.76779043
0.77736613
0.78934316
0.80340171
0.81918174
0.83630651
0.85440418
0.87312505
0.89215288
0.91121048
0.93006011
0.94849993
0.96635794
0.98348466
0.99974593
1.01501691
1.02917837
1.04211599
1.05372327
1.06390775
1.07260005
1.07976452
1.08540990
1.08959868
1.09245390
1.09416278
1.09497671
1.09520739
1.09521829
1.09541046
1.09620111
1.09799367
1.10113999
1.10589828
1.11239504
1.12060173
1.13033555
1.14128709
1.15306877
1.16527125
1.17751434
1.18948364
1.20095009
1.21177446
1.22190114
1.23134523
1.24017613
1.24849941
1.25643775
1.26411146
1.27161889
1.27901742
1.28630611
1.29341178
1.30018078
1.30637886
1.31170117
1.31579336
1.31828233
1.31881283
1.31708406
1.31287998
1.30608850
1.29670748
1.28483859
1.27067225
1.25446753
1.23653077
1.21719537
1.19680434
1.17569601
1.15419276
1.13259232
1.11116090
1.09012745
1.06967843
1.04995257
1.03103563
1.01295525
0.99567699
0.97910299
0.96307508
0.94738459
0.93178978
0.91604087
0.89990912
0.88321490
0.86584791
0.84777500
0.82903453
0.80972065
0.78996296
0.76990653
0.74969583
0.72946357
0.70932416
0.68937101
0.66967634
0.65029288
0.63125680
0.61259133
0.59431094
0.57642567
0.55894530
0.54188312
0.52525889
0.50910091
0.49344715
0.47834558
0.46385409
0.45004040
0.43698224
0.42476814
0.41349891
0.40328969
0.39427229
0.38659746
0.38043629
0.37598007
0.37343743
0.37302787
0.37497084
0.37947029
0.38669574
0.39676217
0.40971245
0.42550631
0.44401892
0.46505029
0.48834369
0.51360892
0.54054547
0.56886055
0.59827863
0.62854130
0.65939867
0.69059578
0.72185962
0.75289203
0.78337238
0.81297008
0.84136351
0.86826018
0.89341300
0.91663007
0.93777730
0.95677540
0.97359301
0.98823820
1.00074962
1.01118856
1.01963223
1.02616841
1.03089163
1.03390051
1.03529613
1.03518114
1.03365950
1.03083647
1.02681892
1.02171564
1.01563790
1.00870000
1.00102001
0.99272069
0.98393055
0.97478516
0.96542858
0.95601473
0.94670870
0.93768748
0.92913994
0.92126560
0.91427188
0.90836971
0.90376751
0.90066416
0.89924144
0.89965710
0.90203897
0.90648068
0.91303850
0.92172845
0.93252232
0.94534055
0.96004057
0.97639977
0.99409470
1.01268182
1.03158921
1.05013149
1.06755698
1.08312525
1.09619853
1.10632037
1.11325876
1.11700556
1.11774100
1.11578047
1.11151999
1.10539066
1.09782589
1.08924058
1.08001996
1.07051478
1.06104059
1.05187907
1.04328008
1.03546381
1.02862227
1.02292007
1.01849435
1.01545381
1.01387727
1.01381168
1.01527033
1.01823146
1.02263779
1.02839754
1.03538697
1.04345478
1.05242798
1.06211877
1.07233172
1.08287027
1.09354160
1.10415913
1.11454204
1.12451173
1.13388530
1.14246694
1.15003829
1.15634971
1.16111496
1.16401295
1.16470051
1.16283974
1.15814070
1.15041438
1.13962375
1.12591580
1.10962108
1.09121860
1.07127815
1.05039874
1.02915873
1.00808430
0.98763489
0.96819990
0.95010132
0.93359776
0.91888790
0.90611233
0.89535425
0.88663954
0.87993741
0.87516225
0.87217752
0.87080142
0.87081443
0.87196770
0.87399180
0.87660500
0.87952073
0.88245413
0.88512783
0.88727758
0.88865790
0.88904838
0.88826026
0.88614305
0.88259021
0.87754301
0.87099161
0.86297319
0.85356713
0.84288825
0.83107898
0.81830185
0.80473312
0.79055817
0.77596912
0.76116455
0.74635122
0.73174763
0.71758900
0.70413317
0.69166662
0.68050923
0.67101568
0.66357068
0.65857484
0.65641883
0.65744555
0.66190442
0.66990636
0.68139170
0.69612213
0.71370171
0.73362237
0.75532212
0.77824145
0.80186713
0.82575878
0.84955875
0.87298956
0.89584380
0.91797074
0.93926315
0.95964598
0.97906823
0.99749805
1.01492089
1.03133994
1.04677810
1.06128022
1.07491485
1.08777429
1.09997240
1.11163968
1.12291555
1.13393817
1.14483276
1.15569953
1.16660293
1.17756380
1.18855574
1.19950657
1.21030483
1.22081035
1.23086745
1.24031891
1.24901899
1.25684436
1.26370231
1.26953630
1.27432914
1.27810455
1.28092748
1.28290375
1.28417873
1.28493490
1.28538731
1.28577578
1.28635292
1.28736732
1.28904210
1.29155042
1.29498999
1.29936001
1.30454348
1.31029845
1.31626142
1.32196542
1.32687338
1.33042426
1.33208577
1.33140478
1.32804654
1.32181648
1.31266281
1.30066240
1.28599548
1.26891505
1.24971650
1.22871081
1.20620332
1.18247851
1.15779036
1.13235765
1.10636322
1.07995630
1.05325721
1.02636355
0.99935703
0.97231021
0.94529218
0.91837279
0.89162490
0.86512476
0.83895091
0.81318213
0.78789493
0.76316128
0.73904662
0.71560847
0.69289559
0.67094734
0.64979342
0.62945350
0.60993679
0.59124148
0.57335402
0.55624848
0.53988629
0.52421669
0.50917849
0.49470322
0.48071989
0.46716083
0.45396798
0.44109849
0.42852894
0.41625731
0.40430294
0.39270468
0.38151826
0.37081361
0.36067314
0.35119115
0.34247480
0.33464645
0.32784708
0.32224068
0.31801889
0.31540550
0.31465978
0.31607740
0.31998718
0.32674138
0.33669706
0.35018632
0.36747517
0.38871346
0.41388362
0.44275998
0.47489279
0.50962698
0.54615618
0.58360115
0.62109375
0.65784813
0.69320760
0.72666486
0.75786035
0.78656652
0.81266525
0.83612407
0.85697432
0.87529272
0.89118656
0.90478229
0.91621686
0.92563117
0.93316527
0.93895468
0.94312787
0.94580449
0.94709444
0.94709779
0.94590538
0.94360004
0.94025839
0.93595278
0.93075336
0.92472995
0.91795365
0.91049812
0.90244067
0.89386311
0.88485270
0.87550307
0.86591549
0.85620039
0.84647920
0.83688654
0.82757271
0.81870623
0.81047613
0.80309372
0.79679280
0.79182789
0.78846916
0.78699343
0.78767079
0.79074715
0.79642410
0.80483811
0.81604107
0.82998332
0.84649982
0.86530017
0.88596547
0.90795740
0.93064548
0.95335445
0.97542600
0.99628219
1.01547535
1.03271452
1.04786643
1.06093670
1.07203993
1.08136717
1.08915625
1.09566776
1.10116731
1.10591327
1.11014898
1.11409804
1.11796162
1.12191702
1.12611674
1.13068779
1.13573097
1.14132022
1.14750203
1.15429525
1.16169145
1.16965613
1.17813077
1.18703608
1.19627612
1.20574331
1.21532407
1.22490472
1.23437734
1.24364527
1.25262789
1.26126443
1.26951655
1.27736939
1.28483063
1.29192729
1.29869946
1.30519055
1.31143308
1.31742999
1.32313138
1.32840842
1.33302832
1.33663823
1.33876984
1.33887745
1.33641458
1.33093609
1.32219271
1.31018106
1.29513188
1.27744882
1.25762788
1.23618463
1.21360283
1.19030545
1.16664314
1.14289350
1.11926628
1.09591102
1.07292536
1.05036321
1.02824224
1.00655095
0.98525518
0.96430432
0.94363719
0.92318771
0.90289018
0.88268414
0.86251851
0.84235486
0.82216955
0.80195472
0.78171795
0.76148090
0.74127701
0.72114870
0.70114419
0.68131447
0.66171049
0.64238077
0.62336953
0.60471530
0.58645010
0.56859904
0.55118045
0.53420648
0.51768421
0.50161736
0.48600862
0.47086247
0.45618860
0.44200557
0.42834445
0.41525199
0.40279312
0.39105234
0.38013443
0.37016470
0.36128927
0.35367567
0.34751328
0.34301309
0.34040575
0.33993701
0.34185956
0.34642104
0.35384834
0.36432919
0.37799297
0.39489316
0.41499388
0.43816285
0.46417162
0.49270316
0.52336548
0.55570956
0.58924937
0.62348242
0.65790927
0.69205117
0.72546499
0.75775505
0.78858140
0.81766452
0.84478648
0.86978896
0.89256876
0.91307170
0.93128542
0.94723202
0.96096097
0.97254259
0.98206238
