# Rossler trajectory (a=0.2, b=0.2, c=5.7); columns: x y z; sample interval 0.1
-5.31725260 -4.44634852 0.01761875
-4.84393782 -5.04993275 0.01827640
-4.31221194 -5.61492947 0.01908495
-3.72627612 -6.13486514 0.02006924
-3.09096595 -6.60359218 0.02126145
-2.41171629 -7.01535767 0.02270334
-1.69451961 -7.36486982 0.02444959
-0.94587809 -7.64736135 0.02657223
-0.17275029 -7.85864885 0.02916721
0.61750728 -7.99518783 0.03236370
1.41720252 -8.05412267 0.03633787
2.21837336 -8.03333117 0.04133312
3.01285489 -7.93146326 0.04769045
3.79234638 -7.74797372 0.05589429
4.54847557 -7.48314883 0.06664243
5.27285659 -7.13812747 0.08095325
5.95713633 -6.71491723 0.10033059
6.59302172 -6.21640707 0.12701640
7.17227674 -5.64637891 0.16437376
7.68667369 -5.00952188 0.21745457
8.12787788 -4.31145498 0.29380646
8.48724164 -3.55876614 0.40453609
8.75548812 -2.75907839 0.56551310
8.92229269 -1.92115470 0.79826872
8.97584463 -1.05504940 1.12948296
8.90263237 -0.17229877 1.58692190
8.68795918 0.71389409 2.18873096
8.31798596 1.58859203 2.92375856
7.78408706 2.43537339 3.72622981
7.08938027 3.23714462 4.46039375
6.25507340 3.97765118 4.94171627
5.32194653 4.64345884 5.00863825
4.34307050 5.22569905 4.61216280
3.36949446 5.72071458 3.85285602
2.43672482 6.12923483 2.92887980
1.55944264 6.45454378 2.03832378
0.73534108 6.70055941 1.30830430
-0.04662171 6.87053356 0.78095640
-0.79867419 6.96655687 0.43814914
-1.52978733 6.98966768 0.23490145
-2.24423548 6.94025329 0.12391719
-2.94201835 6.81850032 0.06757761
-3.62002107 6.62476661 0.04064580
-4.27320499 6.35983781 0.02824846
-4.89552925 6.02508117 0.02252633
-5.48056134 5.62252545 0.01970600
-6.02184677 5.15489358 0.01812164
-6.51312730 4.62560696 0.01708700
-6.94847656 4.03877244 0.01633201
-7.32239463 3.39915768 0.01575092
-7.62988304 2.71215753 0.01529968
-7.86650945 1.98375267 0.01495744
-8.02846530 1.22046143 0.01471278
-8.11261760 0.42928487 0.01455899
-8.11655459 -0.38235397 0.01449243
-8.03862497 -1.20667654 0.01451189
-7.87797008 -2.03561996 0.01461848
-7.63454885 -2.86091274 0.01481558
-7.30915499 -3.67415405 0.01510908
-6.90342605 -4.46689593 0.01550773
-6.41984425 -5.23072776 0.01602365
-5.86172884 -5.95736198 0.01667314
-5.23322007 -6.63872003 0.01747782
-4.53925434 -7.26701930 0.01846624
-3.78553137 -7.83485685 0.01967613
-2.97847310 -8.33529275 0.02115777
-2.12517476 -8.76192985 0.02297871
-1.23334893 -9.10899005 0.02523090
-0.31126282 -9.37138597 0.02804133
0.63232984 -9.54478762 0.03158828
1.58826135 -9.62568316 0.03612670
2.54702509 -9.61143353 0.04202849
3.49885063 -9.50032046 0.04984777
4.43377471 -9.29158814 0.06042869
5.34170207 -8.98547896 0.07508714
6.21244554 -8.58326468 0.09592202
7.03572754 -8.08727610 0.12635704
7.80111199 -7.50093619 0.17209375
8.49781155 -6.82880651 0.24279672
9.11427421 -6.07666405 0.35505797
9.63738515 -5.25163908 0.53750669
10.05102228 -4.36246617 0.83919999
10.33360603 -3.41993362 1.34202369
10.45433943 -2.43765412 2.17475064
10.36851594 -1.43328702 3.51593222
10.01464632 -0.43020829 5.54860234
9.32139271 0.54089345 8.30125824
8.23768922 1.44214147 11.35574007
6.78985387 2.23309467 13.67126806
5.12689025 2.88120169 14.06129987
3.48204952 3.37332560 12.23439710
2.05347313 3.71892546 9.12099721
0.91814479 3.94185888 5.98600317
0.04670663 4.06842866 3.56120663
-0.63332553 4.11980952 1.96818421
-1.19072210 4.11021363 1.02979736
-1.67376116 4.04818063 0.51866377
-2.11073887 3.93859155 0.25663601
-2.51573993 3.78433519 0.12884605
-2.89418729 3.58741230 0.06906921
-3.24674467 3.34958158 0.04200453
-3.57169472 3.07270494 0.02997807
-3.86626809 2.75891634 0.02460722
-4.12734509 2.41069432 0.02210365
-4.35181472 2.03088424 0.02082764
-4.53675918 1.62269459 0.02009547
-4.67955389 1.18967923 0.01963047
-4.77792779 0.73571156 0.01932283
-4.83000471 0.26495301 0.01912935
-4.83433474 -0.21818263 0.01903314
-4.78991927 -0.70906846 0.01902803
-4.69623096 -1.20290686 0.01911275
-4.55322889 -1.69477438 0.01928880
-4.36136910 -2.17966891 0.01955979
-4.12161020 -2.65255860 0.01993134
-3.83541405 -3.10843220 0.02041117
-3.50474136 -3.54235001 0.02100936
-3.13204222 -3.94949530 0.02173882
-2.72024166 -4.32522560 0.02261574
-2.27271981 -4.66512316 0.02366030
-1.79328759 -4.96504435 0.02489763
-1.28615739 -5.22116720 0.02635882
-0.75590928 -5.43003685 0.02808256
-0.20745301 -5.58860818 0.03011695
0.35401396 -5.69428532 0.03252193
0.92305180 -5.74495755 0.03537244
1.49402683 -5.73903112 0.03876239
2.06116248 -5.67545678 0.04280959
2.61859219 -5.55375254 0.04766203
3.16041371 -5.37402147 0.05350538
3.68074412 -5.13696439 0.06057185
4.17377481 -4.84388721 0.06914995
4.63382606 -4.49670294 0.07959428
5.05540059 -4.09792815 0.09233323
5.43323594 -3.65067413 0.10787083
5.76235612 -3.15863258 0.12677650
6.03812354 -2.62605578 0.14965333
6.25629337 -2.05773108 0.17707191
6.41307413 -1.45894902 0.20945482
6.50519921 -0.83546419 0.24689943
6.53001499 -0.19344741 0.28893788
6.48559001 0.46057321 0.33425815
6.37084484 1.11978425 0.38045170
6.18569342 1.77717449 0.42390013
5.93117328 2.42563795 0.45994595
5.60952797 3.05809020 0.48346874
5.22419870 3.66759121 0.48987461
4.77969091 4.24746355 0.47631155
4.28131268 4.79139305 0.44272172
3.73482682 5.29350015 0.39227035
3.14609951 5.74837646 0.33085496
2.52084068 6.15109063 0.26576744
1.86450310 6.49717555 0.20396944
1.18234809 6.78261387 0.15061571
0.47962579 7.00383617 0.10831400
-0.23821497 7.15773955 0.07724264
-0.96536530 7.24172592 0.05588207
-1.69558591 7.25375294 0.04194323
-2.42222918 7.19238828 0.03313352
-3.13832696 7.05685917 0.02759217
-3.83671024 6.84709226 0.02401459
-4.51013378 6.56374167 0.02158326
-5.15139169 6.20820553 0.01982758
-5.75341997 5.78263168 0.01849128
-6.30938773 5.28991388 0.01743731
-6.81278003 4.73367907 0.01659056
-7.25747464 4.11826638 0.01590723
-7.63781417 3.44869818 0.01535966
-7.94867390 2.73064345 0.01492927
-8.18552496 1.97037387 0.01460315
-8.34449264 1.17471276 0.01437238
-8.42240891 0.35097766 0.01423112
-8.41685934 -0.49308391 0.01417616
-8.32622253 -1.34936348 0.01420663
-8.14970294 -2.20946635 0.01432394
-7.88735581 -3.06479057 0.01453184
-7.54010400 -3.90660954 0.01483666
-7.10974647 -4.72615766 0.01524770
-6.59895818 -5.51471806 0.01577779
-6.01128106 -6.26371183 0.01644423
-5.35110644 -6.96478703 0.01726995
-4.62364824 -7.60990891 0.01828541
-3.83490799 -8.19144656 0.01953100
-2.99163120 -8.70225907 0.02106094
-2.10125583 -9.13577791 0.02294856
-1.17185341 -9.48608561 0.02529459
-0.21206348 -9.74798956 0.02823950
0.76897747 -9.91709056 0.03198275
1.76171123 -9.98984525 0.03681332
2.75623507 -9.96362213 0.04315890
3.74237790 -9.83675092 0.05166730
4.70977029 -9.60856546 0.06334384
5.64790028 -9.27944110 0.07978815
6.54614096 -8.85082836 0.10361067
7.39372500 -8.32528701 0.13917745
8.17962114 -7.70652775 0.19396028
8.89223080 -6.99947540 0.28099878
9.51875590 -6.21037888 0.42337410
10.04397524 -5.34701422 0.66216348
10.44799787 -4.41906233 1.06984776
10.70239534 -3.43879748 1.77029030
10.76426699 -2.42228371 2.95987517
10.56929003 -1.39126827 4.90177132
10.02989889 -0.37564517 7.81526217
9.05495718 0.58474350 11.54609195
7.61192471 1.44227641 15.10306777
5.81459693 2.15181735 16.76778122
3.93572286 2.68735669 15.44883856
2.26864078 3.05255932 11.89989463
0.96416561 3.27451544 7.90155187
0.00950692 3.38739143 4.69480126
-0.68645433 3.41999837 2.57713490
-1.21727282 3.39196946 1.33824859
-1.64979348 3.31514379 0.66957803
-2.02365285 3.19627090 0.32900878
-2.35933201 3.03927021 0.16319793
-2.66585043 2.84670340 0.08537581
-2.94601820 2.62061953 0.04989819
-3.19954434 2.36300043 0.03403548
-3.42473260 2.07597817 0.02697243
-3.61935930 1.76193091 0.02376368
-3.78111371 1.42351635 0.02222643
-3.90781758 1.06367390 0.02142671
-3.99753778 0.68561072 0.02097529
-4.04864861 0.29277893 0.02071337
-4.05987025 -0.11115255 0.02057731
-4.03029519 -0.52232998 0.02054227
-3.95940749 -0.93674964 0.02059939
-3.84709704 -1.35029518 0.02074678
-3.69366938 -1.75877681 0.02098606
-3.49985131 -2.15797215 0.02132118
-3.26679222 -2.54366821 0.02175799
-2.99606121 -2.91170414 0.02230424
-2.68964002 -3.25801426 0.02296984
-2.34991141 -3.57867152 0.02376703
-1.97964356 -3.86992953 0.02471086
-1.58197016 -4.12826445 0.02581961
-1.16036655 -4.35041525 0.02711542
-0.71862174 -4.53342202 0.02862501
-0.26080716 -4.67466231 0.03038053
0.20875827 -4.77188468 0.03242059
0.68554609 -4.82323935 0.03479151
1.16485905 -4.82730541 0.03754861
1.64187417 -4.78311441 0.04075772
2.11168794 -4.69016990 0.04449672
2.56936299 -4.54846284 0.04885687
3.00997606 -4.35848238 0.05394372
3.42866674 -4.12122210 0.05987712
3.82068660 -3.83818134 0.06678940
4.18144866 -3.51136167 0.07482081
4.50657678 -3.14325820 0.08411046
4.79195521 -2.73684577 0.09478105
5.03377841 -2.29555987 0.10691522
5.22860149 -1.82327201 0.12052175
5.37339192 -1.32425959 0.13549133
5.46558272 -0.80316973 0.15154411
5.50312713 -0.26497698 0.16817640
5.48455360 0.28506536 0.18461946
5.40901827 0.84148041 0.19983031
5.27635002 1.39862894 0.21253757
5.08708090 1.95077575 0.22136137
4.84245387 2.49215934 0.22501102
4.54440062 3.01706238 0.22253643
4.19548689 3.51987965 0.21357836
3.79882942 3.99518038 0.19853903
3.35799721 4.43776252 0.17859998
2.87691526 4.84269808 0.15555267
2.35978963 5.20537064 0.13147179
1.81106581 5.52150760 0.10832332
1.23542156 5.78721070 0.08762598
0.63778356 5.99898774 0.07026238
0.02335051 6.15378714 0.05647292
-0.60239473 6.24903505 0.04599708
-1.23369499 6.28267343 0.03828437
-1.86455366 6.25319661 0.03269512
-2.48879030 6.15968401 0.02864118
-3.10010972 6.00182711 0.02565423
-3.69217713 5.77994963 0.02339724
-4.25869441 5.49502051 0.02164417
-4.79347451 5.14865941 0.02024977
-5.29051322 4.74313506 0.01912201
-5.74405786 4.28135637 0.01820195
-6.14867326 3.76685663 0.01745061
-6.49930461 3.20377089 0.01684125
-6.79133723 2.59680663 0.01635500
-7.02065276 1.95120803 0.01597829
-7.18368117 1.27271400 0.01570148
-7.27744839 0.56751036 0.01551797
-7.29961850 -0.15782353 0.01542378
-7.24853048 -0.89637307 0.01541712
-7.12322887 -1.64095156 0.01549845
-6.92348785 -2.38416708 0.01567033
-6.64982851 -3.11849315 0.01593764
-6.30352887 -3.83634185 0.01630784
-5.88662659 -4.53013932 0.01679135
-5.40191399 -5.19240263 0.01740218
-4.85292562 -5.81581700 0.01815885
-4.24391788 -6.39331383 0.01908554
-3.57984138 -6.91814658 0.02021381
-2.86630576 -7.38396601 0.02158505
-2.10953741 -7.78489268 0.02325378
-1.31633063 -8.11558631 0.02529260
-0.49399244 -8.37131130 0.02779918
0.34971791 -8.54799772 0.03090666
1.20665414 -8.64229723 0.03479920
2.06835139 -8.65163329 0.03973541
2.92609661 -8.57424540 0.04608451
3.77099842 -8.40922715 0.05438273
4.59405334 -8.15655805 0.06542246
5.38620358 -7.81712980 0.08039478
6.13837889 -7.39276790 0.10111962
6.84151089 -6.88625073 0.13041870
7.48650134 -6.30132976 0.17271960
8.06411546 -5.64275678 0.23502361
8.56475635 -4.91632802 0.32842001
8.97805798 -4.12896048 0.47034544
9.29222088 -3.28882323 0.68765982
9.49303199 -2.40555406 1.02006924
9.56262317 -1.49059415 1.52195110
9.47835901 -0.55765394 2.25755161
9.21296662 0.37674811 3.28003205
8.73810001 1.29289893 4.58330226
8.03408790 2.16814760 6.03009634
7.10621135 2.97850154 7.30469171
6.00028154 3.70196688 7.98537648
4.80237527 4.32286737 7.77254597
3.61353778 4.83495916 6.71050334
2.51292167 5.24126086 5.16764986
1.53592140 5.55071516 3.59100035
0.67827730 5.77390096 2.28241081
-0.08526822 5.91995267 1.34407793
-0.78345231 5.99534610 0.74234227
-1.43889481 6.00404643 0.38997985
-2.06546673 5.94825291 0.19908425
-2.66937207 5.82921101 0.10249469
-3.25139499 5.64785703 0.05641775
-3.80900830 5.40524923 0.03540890
-4.33791320 5.10282205 0.02602759
-4.83301546 4.74251943 0.02174352
-5.28899058 4.32685417 0.01961239
-5.70059636 3.85892540 0.01839104
-6.06284790 3.34241255 0.01758172
-6.37112427 2.78155526 0.01699153
-6.62124285 2.18112406 0.01654550
-6.80951821 1.54638374 0.01621282
-6.93281223 0.88305054 0.01597941
-6.98857796 0.19724377 0.01583822
-6.97489783 -0.50456778 0.01578586
-6.89051601 -1.21562399 0.01582150
-6.73486471 -1.92893586 0.01594652
-6.50808399 -2.63735126 0.01616450
-6.21103490 -3.33362396 0.01648139
-5.84530556 -4.01048488 0.01690578
-5.41321013 -4.66071511 0.01744942
-4.91778041 -5.27721986 0.01812788
-4.36275022 -5.85310275 0.01896153
-3.75253232 -6.38173964 0.01997684
-3.09218826 -6.85685121 0.02120820
-2.38739128 -7.27257369 0.02270056
-1.64438252 -7.62352688 0.02451302
-0.86992109 -7.90487876 0.02672398
-0.07122843 -8.11240621 0.02943863
0.74407218 -8.24255098 0.03279989
1.56802023 -8.29247042 0.03700451
2.39238526 -8.26008274 0.04232729
3.20873551 -8.14410610 0.04915789
4.00850547 -7.94409175 0.05805726
4.78305944 -7.66045105 0.06984533
5.52374638 -7.29447715 0.08573806
6.22193947 -6.84836215 0.10756256
6.86905000 -6.32521186 0.13809420
7.45650038 -5.72906133 0.18158018
7.97563376 -5.06489640 0.24453560
8.41752918 -4.33868929 0.33690678
8.77268423 -3.55745988 0.47364971
9.03053195 -2.72937844 0.67657575
9.17879733 -1.86392768 0.97578844
9.20281852 -0.97213678 1.40891964
9.08522245 -0.06687573 2.01456511
8.80679404 0.83686241 2.81466054
8.34985269 1.72187530 3.78235867
7.70529891 2.56918381 4.80349466
6.88255250 3.35935202 5.66285236
5.91752349 4.07479837 6.09989264
4.87075168 4.70252762 5.93796967
3.81196570 5.23603585 5.20125717
2.79836709 5.67527184 4.10895397
1.86031354 6.02467087 2.94807275
1.00141089 6.29042136 1.93863917
0.20863068 6.47826039 1.17973871
-0.53613402 6.59238407 0.67115769
-1.24835331 6.63533290 0.36163946
-1.93773447 6.60841577 0.18848657
-2.60818540 6.51228717 0.09861472
-3.25914818 6.34745831 0.05490548
-3.88716491 6.11466543 0.03468379
-4.48715521 5.81509961 0.02553954
-5.05328630 5.45053271 0.02129976
-5.57950340 5.02337610 0.01914372
-6.05983525 4.53669910 0.01787405
-6.48857149 3.99422422 0.01701125
-6.86037493 3.40030793 0.01636939
-7.17036249 2.75991154 0.01587540
-7.41417111 2.07856415 0.01549819
-7.58801496 1.36231868 0.01522263
-7.68873657 0.61770146 0.01504045
-7.71385176 -0.14834390 0.01494708
-7.66158878 -0.92851821 0.01494063
-7.53092072 -1.71523310 0.01502148
-7.32159118 -2.50068177 0.01519228
-7.03413269 -3.27691341 0.01545803
-6.66987743 -4.03591057 0.01582639
-6.23096029 -4.76966883 0.01630810
-5.72031381 -5.47027789 0.01691768
-5.14165519 -6.13000338 0.01767436
-4.49946497 -6.74136913 0.01860341
-3.79895800 -7.29723745 0.01973801
-3.04604647 -7.79088873 0.02112199
-2.24729546 -8.21609805 0.02281354
-1.40987156 -8.56720860 0.02489091
-0.54148479 -8.83920103 0.02746054
0.34967488 -9.02775806 0.03066933
1.25500589 -9.12932376 0.03472338
2.16556672 -9.14115690 0.03991689
3.07214879 -9.06137808 0.04667770
3.96534805 -8.88901051 0.05564037
4.83563089 -8.62401456 0.06776498
5.67338779 -8.26731694 0.08453384
6.46896400 -7.82083613 0.10828044
7.21264947 -7.28750703 0.14274523
7.89459819 -6.67131033 0.19401693
8.50462753 -5.97731624 0.27211850
9.03181654 -5.21175855 0.39362946
9.46377961 -4.38216590 0.58584599
9.78544722 -3.49759230 0.89284844
9.97719315 -2.56900745 1.38283429
10.01235678 -1.60991688 2.15273172
9.85496346 -0.63724725 3.31817385
9.46024507 0.32762821 4.96441974
8.78332319 1.25825117 7.03122736
7.80209642 2.12398420 9.15789062
6.55103682 2.89390500 10.65660000
5.14049989 3.54377036 10.84053749
3.72809601 4.06284574 9.56418359
2.45008756 4.45562920 7.37271945
1.37000780 4.73702651 5.05487288
0.48070201 4.92488766 3.14708792
-0.26116238 5.03455963 1.81278793
-0.90336226 5.07689798 0.98132298
-1.48266596 5.05864018 0.50673051
-2.02191356 4.98365503 0.25447733
-2.53263907 4.85418284 0.12830102
-3.01882612 4.67175439 0.06839156
-3.48002037 4.43777430 0.04110543
-3.91343339 4.15385271 0.02897801
-4.31520686 3.82197565 0.02355489
-4.68111549 3.44458169 0.02099185
-5.00694089 3.02458733 0.01963597
-5.28867049 2.56538493 0.01880971
-5.52260980 2.07082540 0.01824509
-5.70545390 1.54519148 0.01783789
-5.83433963 0.99316441 0.01754705
-5.90688759 0.41978518 0.01735567
-5.92123751 -0.16958894 0.01725652
-5.87607821 -0.76933191 0.01724686
-5.77067232 -1.37360031 0.01732669
-5.60487553 -1.97638793 0.01749817
-5.37915023 -2.57158311 0.01776554
-5.09457330 -3.15302829 0.01813530
-4.75283791 -3.71458135 0.01861644
-4.35624911 -4.25017794 0.01922091
-3.90771324 -4.75389443 0.01996422
-3.41072108 -5.22001068 0.02086626
-2.86932499 -5.64307204 0.02195239
-2.28810981 -6.01795010 0.02325495
-1.67215812 -6.33990128 0.02481529
-1.02700995 -6.60462295 0.02668649
-0.35861742 -6.80830631 0.02893714
0.32670543 -6.94768544 0.03165652
1.02233672 -7.02008220 0.03496176
1.72140434 -7.02344629 0.03900788
2.41684605 -6.95639019 0.04400184
3.10147118 -6.81821869 0.05022223
3.76802260 -6.60895270 0.05804717
4.40923750 -6.32934734 0.06799324
5.01790506 -5.98090445 0.08076990
5.58691872 -5.56587972 0.09735394
6.10932021 -5.08728506 0.11908894
6.57833234 -4.54888717 0.14781224
6.98737756 -3.95520344 0.18600456
7.33008074 -3.31149664 0.23694142
7.60025819 -2.62377004 0.30479238
7.79190322 -1.89876377 0.39456020
7.89919279 -1.14395185 0.51167398
7.91656253 -0.36753553 0.66097215
7.83892465 0.42157754 0.84479775
7.66212260 1.21382766 1.06011165
7.38369989 1.99911989 1.29507598
7.00396731 2.76703663 1.52650240
6.52715974 3.50716967 1.72049627
5.96223188 4.20956225 1.83851922
5.32271530 4.86519782 1.84883050
4.62526831 5.46641954 1.73924808
3.88713663 6.00715207 1.52434130
3.12339725 6.48285117 1.24199825
2.34507548 6.89020960 0.94052702
1.55878827 7.22674137 0.66314162
0.76778830 7.49039626 0.43727449
-0.02629313 7.67931419 0.27203719
-0.82179246 7.79175199 0.16231479
-1.61594082 7.82614887 0.09559797
-2.40447000 7.78126687 0.05806564
-3.18172563 7.65634631 0.03822223
-3.94103171 7.45123820 0.02809601
-4.67510002 7.16649898 0.02288626
-5.37637559 6.80344840 0.02002321
-6.03729068 6.36419843 0.01826094
-6.65044255 5.85166102 0.01704016
-7.20872160 5.26954084 0.01612067
-7.70541136 4.62231653 0.01539848
-8.13427360 3.91521216 0.01482486
-8.48962460 3.15416020 0.01437371
-8.76640546 2.34575614 0.01402913
-8.96024652 1.49720551 0.01378071
-9.06752579 0.61626361 0.01362168
-9.08542101 -0.28883150 0.01354813
-9.01195463 -1.20943259 0.01355862
-8.84603093 -2.13656206 0.01365405
-8.58746522 -3.06099592 0.01383768
-8.23700434 -3.97335190 0.01411538
-7.79633817 -4.86418110 0.01449594
-7.26810196 -5.72406199 0.01499173
-6.65586922 -6.54369623 0.01561952
-5.96413506 -7.31400518 0.01640177
-5.19829004 -8.02622618 0.01736849
-4.36458470 -8.67200762 0.01855983
-3.47008501 -9.24350195 0.02003003
-2.52261906 -9.73345570 0.02185320
-1.53071585 -10.13529527 0.02413212
-0.50353639 -10.44320842 0.02701191
0.54920071 -10.65221934 0.03070144
1.61729856 -10.75825817 0.03550825
2.69016328 -10.75822342 0.04189625
3.75688351 -10.65003765 0.05058380
4.80630220 -10.43269648 0.06271500
5.82706968 -10.10631221 0.08016602
6.80765894 -9.67215461 0.10610765
7.73630686 -9.13269435 0.14606162
8.60081162 -8.49165963 0.20992396
9.38805050 -7.75412700 0.31589304
10.08295127 -6.92668712 0.49812301
10.66640478 -6.01776526 0.82142952
11.11118923 -5.03824926 1.40825140
11.37445902 -4.00270080 2.48244461
11.38548553 -2.93158408 4.41877452
11.03119320 -1.85494864 7.71987662
10.15716518 -0.81712871 12.68290818
8.63108543 0.12120163 18.47870223
6.50523508 0.89242867 22.38401251
4.14471206 1.44849213 21.57459999
2.05079191 1.78703182 16.58343293
0.50731947 1.94766872 10.62215501
-0.50601796 1.98338498 5.99963483
-1.14593941 1.93768408 3.13099729
-1.56119774 1.83877863 1.55865044
-1.84967199 1.70292792 0.75676275
-2.06572741 1.53916038 0.36566032
-2.23664127 1.35268663 0.18054842
-2.37498625 1.14688843 0.09480501
-2.48594889 0.92436217 0.05571267
-2.57122261 0.68743141 0.03808275
-2.63096554 0.43838410 0.03018121
-2.66475284 0.17957316 0.02665093
-2.67203071 -0.08654902 0.02508640
-2.65233106 -0.35742769 0.02442233
-2.60537332 -0.63041806 0.02419247
-2.53111351 -0.90280520 0.02419511
-2.42976810 -1.17182788 0.02434446
-2.30182519 -1.43470456 0.02460532
-2.14804867 -1.68866067 0.02496486
-1.96947766 -1.93095664 0.02542035
-1.76742231 -2.15891619 0.02597397
-1.54345643 -2.36995468 0.02663060
-1.29940709 -2.56160704 0.02739693
-1.03734153 -2.73155518 0.02828107
-0.75955120 -2.87765442 0.02929243
-0.46853329 -2.99795870 0.03044163
-0.16696978 -3.09074439 0.03174051
0.14229574 -3.15453230 0.03320199
0.45628355 -3.18810761 0.03483991
0.77190497 -3.19053768 0.03666878
1.08599134 -3.16118727 0.03870335
1.39532443 -3.09973113 0.04095787
1.69666803 -3.00616367 0.04344522
1.98680049 -2.88080561 0.04617551
2.26254790 -2.72430745 0.04915436
2.52081765 -2.53764959 0.05238057
2.75863214 -2.32213912 0.05584336
2.97316223 -2.07940309 0.05951898
3.16176026 -1.81137832 0.06336705
3.32199220 -1.52029770 0.06732684
3.45166865 -1.20867304 0.07131397
3.54887421 -0.87927447 0.07521827
3.61199475 -0.53510659 0.07890378
3.63974196 -0.17938156 0.08221193
3.63117464 0.18451078 0.08496870
3.58571578 0.55303523 0.08699656
3.50316502 0.92254577 0.08813060
3.38370571 1.28932179 0.08823786
3.22790628 1.64960540 0.08723691
3.03671611 1.99963946 0.08511445
2.81145614 2.33570562 0.08193477
2.55380532 2.65416200 0.07783900
2.26578395 2.95148006 0.07303278
1.94973511 3.22428044 0.06776370
1.60830526 3.46936762 0.06229246
1.24442433 3.68376328 0.05686334
0.86128533 3.86473830 0.05167985
0.46232281 4.00984328 0.04688971
0.05118928 4.11693743 0.04258081
-0.36827121 4.18421552 0.03878671
-0.79205304 4.21023254 0.03549855
-1.21602261 4.19392561 0.03267943
-1.63595541 4.13463280 0.03027774
-2.04757600 4.03210844 0.02823770
-2.44660019 3.88653453 0.02650617
-2.82877866 3.69852811 0.02503626
-3.18994140 3.46914426 0.02378855
-3.52604218 3.19987473 0.02273092
-3.83320268 2.89264199 0.02183765
-4.10775563 2.54978888 0.02108836
-4.34628666 2.17406354 0.02046704
-4.54567429 1.76860013 0.01996116
-4.70312765 1.33689507 0.01956113
-4.81622164 0.88277915 0.01925973
-4.88292914 0.41038586 0.01905180
-4.90164944 -0.07588458 0.01893411
-4.87123349 -0.57140362 0.01890500
-4.79100461 -1.07135693 0.01896454
-4.66077509 -1.57078902 0.01911442
-4.48085816 -2.06465047 0.01935795
-4.25207501 -2.54784702 0.01970035
-3.97575707 -3.01529013 0.02014883
-3.65374300 -3.46194856 0.02071290
-3.28837062 -3.88290032 0.02140477
-2.88246373 -4.27338471 0.02223984
-2.43931370 -4.62885382 0.02323740
-1.96265613 -4.94502280 0.02442144
-1.45664256 -5.21791892 0.02582183
-0.92580755 -5.44392805 0.02747568
-0.37503151 -5.61983877 0.02942928
0.19050074 -5.74288345 0.03174040
0.76534486 -5.81077569 0.03448147
1.34384523 -5.82174389 0.03774345
1.92018581 -5.77456044 0.04164092
2.48844318 -5.66856619 0.04631836
3.04264097 -5.50369018 0.05195807
3.57680524 -5.28046396 0.05878955
4.08501998 -5.00003082 0.06710048
4.56148210 -4.66414946 0.07724831
5.00055544 -4.27519229 0.08967109
5.39682330 -3.83613835 0.10489409
5.74513996 -3.35056077 0.12352649
6.04068167 -2.82260883 0.14623903
6.27899940 -2.25698447 0.17370920
6.45607678 -1.65891274 0.20651714
6.56839822 -1.03410535 0.24497528
6.61303389 -0.38871581 0.28888255
6.58774762 0.27071602 0.33721670
6.49113036 0.93733272 0.38781840
6.32275378 1.60404403 0.43717694
6.08332426 2.26362910 0.48047741
5.77480102 2.90885490 0.51207242
5.40042982 3.53260515 0.52645048
4.96464617 4.12800897 0.51957216
4.47282927 4.68855488 0.49019487
3.93093606 5.20817566 0.44065323
3.34509735 5.68129525 0.37665703
2.72128523 6.10283842 0.30603932
2.06514346 6.46821471 0.23686268
1.38201224 6.77329474 0.17559119
0.67710634 7.01439687 0.12597434
-0.04424368 7.18829561 0.08891432
-0.77638246 7.29225369 0.06314017
-1.51321441 7.32407138 0.04623989
-2.24819536 7.28214315 0.03560124
-2.97440779 7.16551171 0.02900575
-3.68468109 6.97391300 0.02484937
-4.37172381 6.70780909 0.02210558
-5.02824805 6.36840865 0.02017666
-5.64707959 5.95767608 0.01873691
-6.22125429 5.47833027 0.01761446
-6.74410453 4.93383424 0.01671755
-7.20933851 4.32837615 0.01599446
-7.61111430 3.66684227 0.01541363
-7.94410955 2.95478205 0.01495428
-8.20358657 2.19836573 0.01460212
-8.38545244 1.40433481 0.01434722
-8.48631385 0.57994559 0.01418298
-8.50352573 -0.26709356 0.01410550
-8.43523340 -1.12869091 0.01411330
-8.28040738 -1.99644514 0.01420719
-8.03887076 -2.86172398 0.01439029
-7.71131842 -3.71574662 0.01466825
-7.29932788 -4.54966946 0.01504954
-6.80536151 -5.35467415 0.01554606
-6.23275994 -6.12205717 0.01617388
-5.58572648 -6.84332025 0.01695443
-4.86930274 -7.51026039 0.01791612
-4.08933544 -8.11505901 0.01909670
-3.25243467 -8.65036892 0.02054671
-2.36592404 -9.10939853 0.02233445
-1.43778319 -9.48599236 0.02455348
-0.47658338 -9.77470688 0.02733395
0.50858279 -9.97088125 0.03086020
1.50817624 -10.07070196 0.03539845
2.51228892 -10.07126124 0.04134157
3.51072089 -9.97060868 0.04928285
4.49305276 -9.76779633 0.06014042
5.44870562 -9.46291800 0.07537166
6.36697609 -9.05714434 0.09735038
7.23702351 -8.55275724 0.13004302
8.04776843 -7.95319035 0.18023864
8.78762666 -7.26308791 0.25980776
9.44394019 -6.48840552 0.38984922
10.00185483 -5.63659543 0.60818751
10.44221924 -4.71695376 0.98235835
10.73787222 -3.74126206 1.62996690
10.84769219 -2.72492600 2.74334969
10.70891581 -1.68884080 4.59560922
10.23276274 -0.66198068 7.45482041
9.31893641 0.31627929 11.27556730
7.91368491 1.19726500 15.17727868
6.10636039 1.93230023 17.36532521
4.16684209 2.49016618 16.42781370
2.41691178 2.87058447 12.89531620
1.04152489 3.10007199 8.65646956
0.04305215 3.21479631 5.16920223
-0.67184855 3.24617438 2.84235939
-1.20474106 3.21589630 1.47631080
-1.62952088 3.13710949 0.73834130
-1.99041904 3.01730970 0.36229662
-2.31056517 2.86081828 0.17901417
-2.60044299 2.67040471 0.09281722
-2.86368394 2.44821798 0.05341472
-3.10048892 2.19627739 0.03575368
-3.30948927 1.91671280 0.02788843
-3.48870724 1.61187158 0.02433502
-3.63603598 1.28435754 0.02265891
-3.74947721 0.93703581 0.02181077
-3.82726140 0.57302044 0.02134958
-3.86791276 0.19565275 0.02109385
-3.87028790 -0.19152586 0.02097028
-3.83360154 -0.58480481 0.02095003
-3.75744468 -0.98033802 0.02102269
-3.64179762 -1.37417993 0.02118583
-3.48703860 -1.76232328 0.02144090
-3.29394831 -2.14073827 0.02179179
-3.06371038 -2.50541284 0.02224430
-2.79790770 -2.85239359 0.02280614
-2.49851474 -3.17782695 0.02348700
-2.16788568 -3.47800013 0.02429884
-1.80873866 -3.74938163 0.02525623
-1.42413576 -3.98866063 0.02637677
-1.01745947 -4.19278507 0.02768159
-0.59238538 -4.35899788 0.02919597
-0.15285135 -4.48487105 0.03095007
0.29697644 -4.56833704 0.03297972
0.75274036 -4.60771731 0.03532737
1.20993084 -4.60174758 0.03804303
1.66392810 -4.54959940 0.04118525
2.11004572 -4.45089797 0.04482199
2.54357580 -4.30573572 0.04903109
2.95983516 -4.11468165 0.05390015
3.35421238 -3.87878605 0.05952522
3.72221525 -3.59958063 0.06600763
4.05951845 -3.27907379 0.07344806
4.36201131 -2.91974097 0.08193652
4.62584564 -2.52451003 0.09153716
4.84748358 -2.09674143 0.10226643
5.02374585 -1.64020326 0.11406437
5.15186036 -1.15904074 0.12675982
5.22951116 -0.65774029 0.14003311
5.25488708 -0.14108790 0.15338357
5.22672849 0.38587822 0.16611305
5.14436928 0.91792038 0.17734018
5.00776975 1.44965912 0.18605968
4.81753494 1.97563467 0.19125496
4.57491291 2.49037057 0.19205820
4.28176932 2.98843716 0.18793221
3.94053823 3.46451268 0.17882943
3.55415446 3.91343955 0.16527466
3.12597811 4.33027446 0.14832980
2.65972428 4.71033205 0.12943189
2.15941000 5.04922309 0.11013951
1.62932459 5.34288930 0.09185814
1.07402181 5.58763698 0.07562355
0.49832488 5.78017125 0.06199873
-0.09266802 5.91763167 0.05109521
-0.69358893 5.99762869 0.04268615
-1.29882265 6.01827937 0.03635704
-1.90254744 5.97824073 0.03164197
-2.49879039 5.87673879 0.02811632
-3.08149226 5.71359221 0.02544056
-3.64457673 5.48922940 0.02336668
-4.18202053 5.20469914 0.02172434
-4.68792244 4.86167420 0.02040047
-5.15657041 4.46244822 0.01932074
-5.58250635 4.00992589 0.01843565
-5.96058835 3.50760652 0.01771135
-6.28605041 2.95956100 0.01712404
-6.55455898 2.37040258 0.01665661
-6.76226599 1.74525144 0.01629669
-6.90585814 1.08969327 0.01603545
-6.98260118 0.40973254 0.01586698
-6.99037969 -0.28825966 0.01578774
-6.92773104 -0.99760246 0.01579641
-6.79387368 -1.71136637 0.01589378
-6.58872888 -2.42243818 0.01608277
-6.31293603 -3.12358911 0.01636856
-5.96786087 -3.80754543 0.01675891
-5.55559667 -4.46706103 0.01726455
-5.07895809 -5.09499130 0.01789980
-4.54146777 -5.68436719 0.01868342
-3.94733550 -6.22846981 0.01963989
-3.30143019 -6.72090299 0.02080093
-2.60924492 -7.15566490 0.02220796
-1.87685505 -7.52721702 0.02391531
-1.11087020 -7.83054989 0.02599486
-0.31838017 -8.06124516 0.02854271
0.49310416 -8.21553300 0.03168894
1.31571428 -8.29034466 0.03561186
2.14129073 -8.28335937 0.04055950
2.96145155 -8.19304543 0.04688194
3.76766044 -8.01869516 0.05508091
4.55129198 -7.76045383 0.06588661
5.30368970 -7.41934285 0.08037753
6.01621114 -6.99727827 0.10016846
6.68025081 -6.49708595 0.12770566
7.28722741 -5.92251657 0.16672725
7.82851518 -5.27826469 0.22296913
8.29529072 -4.56999915 0.30521278
8.67825868 -3.80441541 0.42674812
8.96721871 -2.98932421 0.60718940
9.15046133 -2.13379464 0.87417718
9.21406883 -1.24836716 1.26358502
9.14141234 -0.34533539 1.81521542
8.91353491 0.56095204 2.55904060
8.51162313 1.45391561 3.48723050
7.92291980 2.31497898 4.51516358
7.15014711 3.12459273 5.45518595
6.22091941 3.86427952 6.04777455
5.18964214 4.51936361 6.07425140
4.12586672 5.08128513 5.49175707
3.09292766 5.54821161 4.47153242
2.13002499 5.92355663 3.29826594
1.24799477 6.21330759 2.22336609
0.43739272 6.42354827 1.38293361
-0.31952177 6.55901824 0.80160229
-1.03962611 6.62274753 0.43813364
-1.73452936 6.61636888 0.22989084
-2.40981237 6.54068281 0.11948640
-3.06611129 6.39620397 0.06481443
-3.70070073 6.18357549 0.03919870
-4.30888834 5.90383791 0.02758372
-4.88500731 5.55858244 0.02227438
-5.42303794 5.15002655 0.01966833
-5.91696933 4.68104234 0.01820446
-6.36100727 4.15515749 0.01724792
-6.74970123 3.57653977 0.01655108
-7.07803245 2.94997059 0.01601764
-7.34148323 2.28081016 0.01560789
-7.53609633 1.57495560 0.01530335
-7.65852774 0.83879240 0.01509417
-7.70609343 0.07913997 0.01497487
-7.67681009 -0.69680834 0.01494281
-7.56942968 -1.48155038 0.01499773
-7.38346700 -2.26734449 0.01514159
-7.11922022 -3.04628294 0.01537867
-6.77778401 -3.81036837 0.01571581
-6.36105478 -4.55159280 0.01616278
-5.87172805 -5.26201836 0.01673288
-5.31328784 -5.93385847 0.01744383
-4.68998776 -6.55956083 0.01831893
-4.00682434 -7.13188737 0.01938876
-3.26950236 -7.64399457 0.02069361
-2.48439263 -8.08951081 0.02228690
-1.65848262 -8.46261072 0.02424014
-0.79932042 -8.75808575 0.02665023
0.08504728 -8.97141019 0.02965029
0.98614210 -9.09880197 0.03342610
1.89512477 -9.13727778 0.03824137
2.80286783 -9.08470198 0.04447736
3.70002795 -8.93982919 0.05269598
4.57711406 -8.70234060 0.06374199
5.42454557 -8.37287452 0.07891130
6.23269149 -7.95305266 0.10023128
6.99187532 -7.44550439 0.13093309
7.69232022 -6.85389382 0.17625069
8.32399236 -6.18295767 0.24476955
8.87627296 -5.43856752 0.35067081
9.33735010 -4.62783951 0.51734254
9.69317601 -3.75932810 0.78280875
9.92581820 -2.84335822 1.20678743
10.01115603 -1.89256460 1.87678636
9.91641009 -0.92269134 2.90440356
9.59941117 0.04640513 4.39158707
9.01406393 0.98992104 6.33804371
8.12835698 1.87838713 8.49052191
6.95599503 2.68051092 10.25168194
5.58374308 3.36931058 10.88524807
4.15969223 3.92944351 10.03647178
2.83299039 4.36088797 8.05878766
1.69142974 4.67596283 5.72144399
0.74695865 4.89217708 3.66553104
-0.03606863 5.02588614 2.16089025
-0.70602295 5.08928977 1.19154289
-1.30353913 5.09023591 0.62364229
-1.85547927 5.03331126 0.31520453
-2.37640096 4.92112858 0.15804579
-2.87220826 4.75535013 0.08225309
-3.34352364 4.53736583 0.04732648
-3.78808991 4.26869176 0.03172279
-4.20226190 3.95118191 0.02478829
-4.58185418 3.58712823 0.02158602
-4.92259684 3.17929873 0.01995778
-5.22037667 2.73094217 0.01900688
-5.47137005 2.24577469 0.01837545
-5.67212418 1.72795558 0.01792398
-5.81961399 1.18205583 0.01759793
-5.91128704 0.61302081 0.01737518
-5.94510089 0.02612828 0.01724632
-5.91955494 -0.57305809 0.01720747
-5.83371695 -1.17873910 0.01725784
-5.68724422 -1.78493377 0.01739891
-5.48039913 -2.38553602 0.01763425
-5.21405891 -2.97437383 0.01796961
-4.88971946 -3.54527020 0.01841314
-4.50949299 -4.09210553 0.01897579
-4.07609942 -4.60888065 0.01967189
-3.59285158 -5.08977988 0.02051983
-3.06363417 -5.52923369 0.02154315
-2.49287661 -5.92198010 0.02277182
-1.88552011 -6.26312428 0.02424418
-1.24697885 -6.54819577 0.02600938
-0.58309624 -6.77320266 0.02813080
0.09990393 -6.93468221 0.03069087
0.79547059 -7.02974731 0.03379747
1.49678205 -7.05612832 0.03759315
2.19680560 -7.01220996 0.04226785
2.88835894 -6.89706267 0.04807693
3.56417240 -6.71046855 0.05536655
4.21695036 -6.45294136 0.06460941
4.83943017 -6.12574097 0.07645491
5.42443631 -5.73088234 0.09179847
5.96492703 -5.27113953 0.11187542
6.45403049 -4.75004557 0.13838351
6.88506685 -4.17188947 0.17363317
7.25155434 -3.54171155 0.22071093
7.54719912 -2.86529909 0.28361530
7.76587627 -2.14918333 0.36727481
7.90162100 -1.40063810 0.47728363
7.94867054 -0.62767721 0.61910177
7.90162489 0.16095771 0.79641432
7.75582109 0.95583581 1.00844357
7.50801613 1.74692895 1.24643584
7.15740800 2.52379192 1.49042027
6.70685607 3.27586149 1.70843065
6.16390837 3.99287954 1.86080202
5.54104184 4.66539417 1.91058542
4.85460442 5.28523252 1.83723633
4.12245703 5.84580797 1.64684029
3.36104030 6.34215749 1.37225919
2.58301758 6.77070280 1.06212264
1.79638795 7.12883795 0.76448926
1.00518911 7.41450153 0.51351026
0.21118660 7.62586792 0.32418876
-0.58430384 7.76121640 0.19496675
-1.37909052 7.81896029 0.11443907
-2.16949410 7.79777484 0.06818745
-2.95033317 7.69675751 0.04337424
-3.71524817 7.51557363 0.03065963
-4.45712507 7.25456562 0.02419788
-5.16847576 6.91482307 0.02075688
-5.84172554 6.49822029 0.01872741
-6.46941476 6.00743017 0.01737348
-7.04434093 5.44592113 0.01637701
-7.55966617 4.81794164 0.01560213
-8.00900615 4.12849452 0.01498748
-8.38650872 3.38330234 0.01450180
-8.68692577 2.58876459 0.01412675
-8.90567949 1.75190691 0.01385054
-9.03892251 0.88032300 0.01366542
-9.08359204 -0.01789053 0.01356669
-9.03745674 -0.93420564 0.01355221
-8.89915637 -1.85974014 0.01362215
-8.66823331 -2.78534024 0.01377908
-8.34515569 -3.70166743 0.01402806
-7.93133161 -4.59928911 0.01437696
-7.42911419 -5.46877187 0.01483700
-6.84179729 -6.30077695 0.01542353
-6.17360176 -7.08615602 0.01615714
-5.42965198 -7.81604868 0.01706536
-4.61594333 -8.48197688 0.01818494
-3.73930020 -9.07593899 0.01956544
-2.80732523 -9.59050087 0.02127424
-1.82834050 -10.01888266 0.02340437
-0.81132096 -10.35504164 0.02608641
0.23417862 -10.59374937 0.02950716
1.29810168 -10.73066285 0.03393977
2.36997071 -10.76238899 0.03979303
3.43896797 -10.68654227 0.04769489
4.49401021 -10.50179555 0.05863663
5.52380904 -10.20792512 0.07422906
6.51690033 -9.80585186 0.09716925
7.46161320 -9.29768297 0.13211072
8.34592152 -8.68676296 0.18732068
9.15706715 -7.97775086 0.27788533
9.88073788 -7.17675704 0.43195321
10.49937942 -6.29160454 0.70280444
10.98886054 -5.33234057 1.19138941
11.31219885 -4.31223009 2.08474744
11.40882702 -3.24961717 3.70701891
11.18003554 -2.17113060 6.53406844
10.48188214 -1.11622950 10.99121331
9.16315062 -0.14074356 16.71713673
7.19957129 0.68793536 21.55008601
4.86099920 1.31251349 22.31985934
2.64382219 1.71535748 18.33215391
0.92417923 1.92559239 12.34832900
-0.23710464 1.99511017 7.21213388
-0.97441439 1.97150144 3.84281743
-1.44691284 1.88745508 1.93660800
-1.76819263 1.76233079 0.94584851
-2.00407088 1.60692051 0.45670565
-2.18851077 1.42732790 0.22322860
-2.33758954 1.22734442 0.11441896
-2.45820661 1.00973003 0.06459310
-2.55283787 0.77685430 0.04205998
-2.62196253 0.53099905 0.03194704
-2.66525444 0.27449112 0.02742441
-2.68215308 0.00975227 0.02541084
-2.67213402 -0.26069049 0.02453662
-2.63483708 -0.53421368 0.02420040
-2.57012767 -0.80811545 0.02414121
-2.47812679 -1.07963846 0.02424736
-2.35922539 -1.34599541 0.02447240
-2.21409054 -1.60439603 0.02479847
-2.04366623 -1.85207504 0.02522053
-1.84917041 -2.08632046 0.02573958
-1.63208863 -2.30450208 0.02635981
-1.39416474 -2.50409971 0.02708742
-1.13738862 -2.68273088 0.02793009
-0.86398125 -2.83817776 0.02889687
-0.57637704 -2.96841293 0.02999803
-0.27720365 -3.07162383 0.03124511
0.03074039 -3.14623553 0.03265077
0.34451060 -3.19093145 0.03422870
0.66104310 -3.20467211 0.03599342
0.97718312 -3.18671131 0.03795985
1.28971502 -3.13660976 0.04014277
1.59539362 -3.05424586 0.04255596
1.89097649 -2.93982346 0.04521103
2.17325711 -2.79387651 0.04811577
2.43909840 -2.61727043 0.05127205
2.68546657 -2.41120005 0.05467319
2.90946476 -2.17718420 0.05830076
3.10836646 -1.91705665 0.06212091
3.27964806 -1.63295371 0.06608057
3.42102050 -1.32729817 0.07010385
3.53045934 -1.00277993 0.07408929
3.60623308 -0.66233318 0.07790893
3.64692880 -0.30911045 0.08141013
3.65147485 0.05354634 0.08442129
3.61915963 0.42213750 0.08676209
3.54964587 0.79303948 0.08825844
3.44297968 1.16254074 0.08876113
3.29959402 1.52687888 0.08816610
3.12030640 1.88227860 0.08643289
2.90631122 2.22499000 0.08359741
2.65916742 2.55132652 0.07977524
2.38078262 2.85770229 0.07515341
2.07339498 3.14066846 0.06997086
1.73955385 3.39694845 0.06449076
1.38209997 3.62347179 0.05897005
1.00414524 3.81740674 0.05363200
0.60905168 3.97619148 0.04864738
0.20040868 4.09756363 0.04412625
-0.21799230 4.17958809 0.04012056
-0.64218642 4.22068259 0.03663438
-1.06806784 4.21964078 0.03363817
-1.49142568 4.17565225 0.03108308
-1.90798321 4.08831920 0.02891277
-2.31343942 3.95766936 0.02707169
-2.70351246 3.78416486 0.02550979
-3.07398398 3.56870682 0.02418442
-3.42074381 3.31263561 0.02306058
-3.73983452 3.01772648 0.02211015
-4.02749504 2.68618079 0.02131077
-4.28020324 2.32061254 0.02064488
-4.49471673 1.92403060 0.02009872
-4.66811159 1.49981635 0.01966164
-4.79781877 1.05169739 0.01932558
-4.88165718 0.58371663 0.01908470
-4.91786399 0.10019832 0.01893502
-4.90512094 -0.39429011 0.01887433
-4.84257685 -0.89497917 0.01890220
-4.72986580 -1.39694129 0.01901953
-4.56712078 -1.89513743 0.01922918
-4.35498261 -2.38446574 0.01953568
-4.09460390 -2.85981170 0.01994550
-3.78764794 -3.31609970 0.02046732
-3.43628249 -3.74834501 0.02111237
-3.04316830 -4.15170610 0.02189491
-2.61144263 -4.52153644 0.02283283
-2.14469737 -4.85343590 0.02394843
-1.64695264 -5.14329983 0.02526948
-1.12262533 -5.38736701 0.02683050
-0.57649324 -5.58226490 0.02867454
-0.01365503 -5.72505188 0.03085535
0.56051366 -5.81325625 0.03344022
1.14040739 -5.84491135 0.03651373
1.72024113 -5.81858643 0.04018239
2.29410270 -5.73341302 0.04458065
2.85600693 -5.58910640 0.04987835
3.39995098 -5.38598202 0.05628983
3.91996990 -5.12496656 0.06408476
4.41019206 -4.80760373 0.07360003
4.86489348 -4.43605450 0.08525179
5.27855100 -4.01309198 0.09954471
5.64589392 -3.54209092 0.11707401
5.96195487 -3.02701175 0.13851179
6.22212147 -2.47237923 0.16456605
6.42219161 -1.88325527 0.19589556
6.55843730 -1.26520517 0.23296248
6.62768316 -0.62425616 0.27580838
6.62740660 0.03315394 0.32375600
6.55586440 0.70024054 0.37507402
6.41224407 1.36995137 0.42669593
6.19682572 2.03506332 0.47414235
5.91112356 2.68829678 0.51182506
5.55795993 3.32244365 0.53385824
5.14142055 3.93049990 0.53533300
4.66665768 4.50578868 0.51375569
4.13955113 5.04205862 0.47013085
3.56629354 5.53354525 0.40915993
2.95300769 5.97499239 0.33831836
2.30550333 6.36164162 0.26606118
1.62923249 6.68920675 0.19981832
0.92942660 6.95385284 0.14451921
0.21133551 7.15219466 0.10209133
-0.51953392 7.28132005 0.07190511
-1.25725868 7.33883428 0.05176809
-1.99545168 7.32291595 0.03897280
-2.72731127 7.23237361 0.03105016
-3.44573156 7.06669513 0.02612349
-4.14343547 6.82608553 0.02294532
-4.81310502 6.51149212 0.02076853
-5.44749794 6.12461762 0.01917905
-6.03954944 5.66792251 0.01795762
-6.58246223 5.14461786 0.01698877
-7.06978839 4.55864921 0.01620920
-7.49550545 3.91467233 0.01558148
-7.85408765 3.21802091 0.01508164
-8.14057290 2.47466673 0.01469342
-8.35062490 1.69117238 0.01440549
-8.48058995 0.87463719 0.01421015
-8.52754810 0.03263628 0.01410263
-8.48935749 -0.82684596 0.01408060
-8.36469208 -1.69548833 0.01414408
-8.15307173 -2.56470993 0.01429535
-7.85488433 -3.42575159 0.01453918
-7.47139969 -4.26976066 0.01488297
-7.00477483 -5.08787856 0.01533739
-6.45805043 -5.87133018 0.01591693
-5.83513842 -6.61151435 0.01664103
-5.14080076 -7.30009385 0.01753545
-4.38061894 -7.92908629 0.01863444
-3.56095542 -8.49095098 0.01998364
-2.68890630 -8.97867500 0.02164462
-1.77224639 -9.38585521 0.02370124
-0.81936696 -9.70677598 0.02626966
0.16079279 -9.93648198 0.02951332
1.15881928 -10.07084521 0.03366681
2.16490155 -10.10662577 0.03907387
3.16890904 -10.04152603 0.04624977
4.16046634 -9.87423812 0.05598573
5.12901855 -9.60448524 0.06952783
6.06387660 -9.23305816 0.08888985
6.95422372 -8.76184952 0.11741164
7.78904929 -8.19389151 0.16077183
8.55694777 -7.53340710 0.22884661
9.24566786 -6.78589389 0.33913439
9.84120263 -5.95827593 0.52300895
10.32605416 -5.05918824 0.83678686
10.67609137 -4.09950724 1.37991110
10.85529127 -3.09331041 2.31989753
10.80823880 -2.05950526 3.91022299
10.45337132 -1.02426210 6.44731014
9.68866542 -0.02370554 10.04519676
8.43384331 0.89552085 14.14119945
6.72193023 1.68253309 17.13858461
4.77362675 2.29803164 17.25089314
2.92204252 2.73129663 14.32197348
1.41333125 3.00227679 10.04275853
0.30183796 3.14659954 6.18449010
-0.48893487 3.19861146 3.47231877
-1.06598144 3.18340488 1.82894080
-1.51420197 3.11666646 0.92272328
-1.88691450 3.00743840 0.45409393
-2.21309069 2.86086709 0.22301519
-2.50653883 2.68010885 0.11328204
-2.77264610 2.46745756 0.06272561
-3.01248946 2.22495181 0.03994837
-3.22511319 1.95467857 0.02980011
-3.40871806 1.65891286 0.02524892
-3.56125936 1.34017322 0.02314078
-3.68074241 1.00123477 0.02210305
-3.76537028 0.64512110 0.02155379
-3.81362129 0.27508496 0.02125162
-3.82429349 -0.10541724 0.02109830
-3.79653310 -0.49275523 0.02105475
-3.72985420 -0.88315752 0.02110626
-3.62415274 -1.27274649 0.02124853
-3.47971606 -1.65757529 0.02148206
-3.29722822 -2.03366634 0.02181013
-3.07777138 -2.39705080 0.02223800
-2.82282309 -2.74380895 0.02277281
-2.53424953 -3.07011072 0.02342364
-2.21429474 -3.37225633 0.02420172
-1.86556574 -3.64671629 0.02512074
-1.49101400 -3.89017071 0.02619723
-1.09391254 -4.09954709 0.02745103
-0.67783002 -4.27205659 0.02890586
-0.24660093 -4.40522815 0.03058994
0.19570725 -4.49694010 0.03253675
0.64482992 -4.54544898 0.03478587
1.09634384 -4.54941522 0.03738381
1.54570788 -4.50792522 0.04038493
1.98830581 -4.42050976 0.04385212
2.41949055 -4.28715835 0.04785728
2.83462972 -4.10832933 0.05248118
3.22915199 -3.88495549 0.05781221
3.59859398 -3.61844520 0.06394359
3.93864746 -3.31067868 0.07096799
4.24520655 -2.96399950 0.07896867
4.51441510 -2.58120114 0.08800589
4.74271390 -2.16550845 0.09809753
4.92688826 -1.72055400 0.10919340
5.06411561 -1.25034910 0.12114411
5.15201337 -0.75924946 0.13366707
5.18868634 -0.25191530 0.14631632
5.17277225 0.26673407 0.15846522
5.10348312 0.79157091 0.16931552
4.98063842 1.31731467 0.17794551
4.80468543 1.83859138 0.18340595
4.57670153 2.34999548 0.18486076
4.29837468 2.84615202 0.18175211
3.97196168 3.32177703 0.17395209
3.60022793 3.77173393 0.16185330
3.18637769 4.19108437 0.14635738
2.73398649 4.57513312 0.12874717
2.24694716 4.91946758 0.11046691
1.72943624 5.21999369 0.09286912
1.18590091 5.47297022 0.07700064
0.62105942 5.67504313 0.06348418
0.03990415 5.82328105 0.05251411
-0.55230346 5.91521124 0.04394492
-1.15005309 5.94885526 0.03742519
-1.74762284 5.92276228 0.03252831
-2.33913109 5.83603868 0.02884786
-2.91859838 5.68837231 0.02604819
-3.48001460 5.48005082 0.02387783
-4.01740760 5.21197337 0.02216050
-4.52491140 4.88565578 0.02077745
-4.99683263 4.50322883 0.01964983
-5.42771500 4.06743001 0.01872495
-5.81240127 3.58158869 0.01796673
-6.14609284 3.04960488 0.01734983
-6.42440640 2.47592160 0.01685605
-6.64342714 1.86549123 0.01647219
-6.79975811 1.22373604 0.01618877
-6.89056569 0.55650273 0.01599930
-6.91361934 -0.12998752 0.01589976
-6.86732686 -0.82919446 0.01588835
-6.75076346 -1.53431830 0.01596538
-6.56369484 -2.23836305 0.01613327
-6.30659370 -2.93420320 0.01639663
-5.98064944 -3.61465307 0.01676255
-5.58777093 -4.27253804 0.01724097
-5.13058210 -4.90076770 0.01784521
-4.61241018 -5.49240877 0.01859280
-4.03726681 -6.04075867 0.01950651
-3.40982193 -6.53941800 0.02061595
-2.73537069 -6.98236156 0.02195956
-2.01979356 -7.36400712 0.02358765
-1.26951014 -7.67928117 0.02556649
-0.49142700 -7.92368113 0.02798428
0.30711977 -8.09333318 0.03095972
1.11842644 -8.18504531 0.03465459
1.93448711 -8.19635488 0.03929241
2.74706132 -8.12557058 0.04518640
3.54774204 -7.97180819 0.05278200
4.32802169 -7.73502043 0.06272217
5.07935266 -7.41602086 0.07594825
5.79319725 -7.01650269 0.09385714
6.46105950 -6.53905378 0.11854568
7.07448781 -5.98717004 0.15318907
7.62503175 -5.36527101 0.20261764
8.10412997 -4.67872332 0.27416981
8.50289923 -3.93388069 0.37888556
8.81179276 -3.13815240 0.53300994
9.02011297 -2.30011490 0.75948955
9.11542527 -1.42968092 1.08848451
9.08307468 -0.53832852 1.55470753
8.90630283 0.36064059 2.18783235
8.56787693 1.25191620 2.99175415
8.05438661 2.11828068 3.91299240
7.36369203 2.94130785 4.81259090
6.51355903 3.70291975 5.47482082
5.54598879 4.38768804 5.68277433
4.52107795 4.98512938 5.33667374
3.50040108 5.49085809 4.52427796
2.52900752 5.90591203 3.47437458
1.62680599 6.23465248 2.43384706
0.79203947 6.48238066 1.56854874
0.01123811 6.65364728 0.93847646
-0.73125772 6.75155811 0.52673697
-1.44758875 6.77784670 0.28151887
-2.14444853 6.73332556 0.14700432
-2.82349022 6.61841038 0.07841972
-3.48266066 6.43355718 0.04554663
-4.11759038 6.17956580 0.03045295
-4.72267324 5.85776335 0.02358179
-5.29178127 5.47010091 0.02029827
-5.81869461 5.01919527 0.01853430
-6.29735043 4.50833803 0.01742999
-6.72199226 3.94148520 0.01664569
-7.08726958 3.32323447 0.01604960
-7.38831384 2.65879313 0.01558855
-7.62080243 1.95393848 0.01523862
-7.78101533 1.21497123 0.01498740
-7.86588563 0.44866268 0.01482782
-7.87304411 -0.33780406 0.01475607
-7.80085761 -1.13689830 0.01477082
-7.64846049 -1.94081057 0.01487302
-7.41577918 -2.74152595 0.01506590
-7.10354915 -3.53090077 0.01535514
-6.71332405 -4.30074229 0.01574917
-6.24747684 -5.04289051 0.01625974
-5.70919285 -5.74930086 0.01690261
-5.10245428 -6.41212893 0.01769865
-4.43201681 -7.02381284 0.01867529
-3.70337785 -7.57715599 0.01986875
-2.92273706 -8.06540740 0.02132695
-2.09694918 -8.48233933 0.02311402
-1.23346999 -8.82232135 0.02531667
-0.34029565 -9.08039009 0.02805377
0.57410329 -9.25231405 0.03149091
1.50085250 -9.33465275 0.03586259
2.43074704 -9.32480985 0.04150730
3.35432531 -9.22107984 0.04892332
4.26193998 -9.02268840 0.05885949
5.14382097 -8.72982662 0.07246538
5.99012192 -8.34368047 0.09154364
6.79093612 -7.86645739 0.11897957
7.53625820 -7.30141439 0.15947943
8.21585081 -6.65289489 0.22084241
8.81894737 -5.92638727 0.31613909
9.33367665 -5.12862748 0.46736141
9.74603314 -4.26778286 0.71125462
10.03815865 -3.35377628 1.10774797
10.18573775 -2.39883422 1.74954372
10.15471223 -1.41834845 2.76545869
9.89887071 -0.43206593 4.29657726
9.36288101 0.53467215 6.40637351
8.49907899 1.45058640 8.89850031
7.30384199 2.28079343 11.14060588
5.85834843 2.99335349 12.20556691
4.32863570 3.56844846 11.50519688
2.89778910 4.00426807 9.34252125
1.68106873 4.31459168 6.64618498
0.69879739 4.52025304 4.24171170
-0.09051133 4.64104477 2.48485172
-0.74531846 4.69179748 1.36140145
-1.31482641 4.68207439 0.70865150
-1.83160332 4.61749114 0.35645137
-2.31362236 4.50125663 0.17765438
-2.76878091 4.33537457 0.09147808
-3.19891418 4.12142530 0.05169700
-3.60257644 3.86101923 0.03388910
-3.97673374 3.55603584 0.02599182
-4.31771163 3.20873699 0.02239272
-4.62169819 2.82181125 0.02061692
-4.88500596 2.39838187 0.01962345
-5.10421245 1.94199516 0.01899117
-5.27624256 1.45659784 0.01855415
-5.39842393 0.94650708 0.01824747
-5.46852875 0.41637513 0.01804536
-5.48480784 -0.12885060 0.01793736
-5.44601904 -0.68397134 0.01791953
-5.35145045 -1.24358437 0.01799131
-5.20093860 -1.80213335 0.01815446
-4.99488148 -2.35396147 0.01841280
-4.73424593 -2.89336636 0.01877226
-4.42056966 -3.41465684 0.01924109
-4.05595752 -3.91221073 0.01983023
-3.64307191 -4.38053302 0.02055381
-3.18511758 -4.81431405 0.02142982
-2.68582059 -5.20848708 0.02248102
-2.14940176 -5.55828449 0.02373618
-1.58054466 -5.85929229 0.02523163
-0.98435852 -6.10750212 0.02701340
-0.36633626 -6.29936044 0.02914014
0.26769191 -6.43181408 0.03168683
0.91160866 -6.50235202 0.03475002
1.55906321 -6.50904259 0.03845477
2.20352767 -6.45056598 0.04296405
2.83835522 -6.32624155 0.04849142
3.45683929 -6.13604981 0.05531809
4.05227269 -5.88064880 0.06381557
4.61800555 -5.56138492 0.07447528
5.14750060 -5.18029825 0.08794611
5.63438467 -4.74012251 0.10508011
6.07249498 -4.24428018 0.12698330
6.45591968 -3.69687304 0.15506407
6.77903325 -3.10266873 0.19106149
7.03652974 -2.46708364 0.23702123
7.22346132 -1.79616184 0.29516549
7.33529581 -1.09654900 0.36758219
7.36801492 -0.37545797 0.45564825
7.31828204 0.35937930 0.55913167
7.18370854 1.09978266 0.67502402
6.96323178 1.83722856 0.79636713
6.65757636 2.56299986 0.91162329
6.26970238 3.26838572 1.00534471
5.80507227 3.94492332 1.06074606
5.27154089 4.58465400 1.06404850
4.67874741 5.18034876 1.00929712
4.03707241 5.72565349 0.90147791
3.35644248 6.21512103 0.75606385
2.64537930 6.64413211 0.59477138
1.91060646 7.00874494 0.43931874
1.15728143 7.30553416 0.30592968
0.38966232 7.53147430 0.20263551
-0.38811062 7.68389668 0.12975978
-1.17139933 7.76051801 0.08250415
-1.95475400 7.75951684 0.05403111
-2.73188709 7.67962837 0.03782361
-3.49583470 7.52023317 0.02887315
-4.23919232 7.28142693 0.02388371
-4.95434603 6.96406753 0.02093990
-5.63366474 6.56980154 0.01903608
-6.26964991 6.10107400 0.01768334
-6.85505306 5.56112507 0.01665397
-7.38297304 4.95397576 0.01584116
-7.84694122 4.28440431 0.01519131
-8.24099933 3.55791377 0.01467432
-8.55977156 2.78069149 0.01427133
-8.79853155 1.95956064 0.01396972
-8.95326366 1.10192437 0.01376098
-9.02071837 0.21570279 0.01363972
-8.99846068 -0.69073633 0.01360316
-8.88491150 -1.60865300 0.01365088
-8.67938107 -2.52901572 0.01378482
-8.38209414 -3.44258669 0.01400934
-7.99420642 -4.34001102 0.01433151
-7.51781200 -5.21190858 0.01476160
-6.95594154 -6.04896875 0.01531374
-6.31255097 -6.84204549 0.01600694
-5.59250079 -7.58225335 0.01686662
-4.80152600 -8.26106263 0.01792668
-3.94619682 -8.87039294 0.01923263
-3.03387055 -9.40270441 0.02084618
-2.07263499 -9.85108534 0.02285204
-1.07124430 -10.20933534 0.02536843
-0.03904797 -10.47204361 0.02856335
1.01408564 -10.63466118 0.03268054
2.07784931 -10.69356675 0.03808183
3.14157769 -10.64612565 0.04531781
4.19432422 -10.49074202 0.05524911
5.22492679 -10.22690478 0.06925932
6.22204863 -9.85522893 0.08963898
7.17417056 -9.37749582 0.12029412
8.06948850 -8.79669919 0.16808232
8.89562850 -8.11711070 0.24537395
9.63900755 -7.34439142 0.37500902
10.28350829 -6.48580096 0.59985805
10.80784579 -5.55060351 1.00079830
11.18055964 -4.55085661 1.72821502
11.35119359 -3.50290160 3.04799921
11.23723411 -2.42999888 5.37487759
10.71307732 -1.36634465 9.17214656
9.62722679 -0.36120730 14.44247539
7.89766066 0.52210620 19.74283350
5.68003153 1.22134442 22.09136374
3.40644718 1.70363317 19.66426726
1.51672685 1.98257320 14.17895463
0.17684912 2.10385212 8.70373524
-0.69525223 2.11704071 4.79563775
-1.25655512 2.05933008 2.46953611
-1.63526916 1.95381496 1.22145541
-1.91088779 1.81359427 0.59221218
-2.12619259 1.64598584 0.28749619
-2.30210835 1.45534222 0.14405451
-2.44793617 1.24464078 0.07793350
-2.56721660 1.01630481 0.04791990
-2.66080887 0.77260187 0.03443098
-2.72843065 0.51582476 0.02839402
-2.76940531 0.24836523 0.02569184
-2.78301853 -0.02726447 0.02448826
-2.76868785 -0.30843482 0.02397635
-2.72604423 -0.59241465 0.02380603
-2.65497232 -0.87639285 0.02382747
-2.55563081 -1.15750359 0.02397787
-2.42846245 -1.43285338 0.02423230
-2.27419801 -1.69954949 0.02458248
-2.09385586 -1.95472907 0.02502778
-1.88873811 -2.19558863 0.02557143
-1.66042344 -2.41941354 0.02621895
-1.41075699 -2.62360733 0.02697756
-1.14183722 -2.80572030 0.02785590
-0.85600002 -2.96347732 0.02886404
-0.55579997 -3.09480441 0.03001343
-0.24398925 -3.19785390 0.03131696
0.07650622 -3.27102769 0.03278888
0.40261255 -3.31299862 0.03444473
0.73113589 -3.32272950 0.03630116
1.05879216 -3.29948957 0.03837549
1.38223837 -3.24286826 0.04068520
1.69810520 -3.15278599 0.04324702
2.00303071 -3.02950180 0.04607559
2.29369468 -2.87361773 0.04918177
2.56685349 -2.68607979 0.05257021
2.81937521 -2.46817540 0.05623634
3.04827455 -2.22152726 0.06016266
3.25074744 -1.94808352 0.06431448
3.42420486 -1.65010441 0.06863525
3.56630567 -1.33014510 0.07304216
3.67498788 -0.99103505 0.07742261
3.74849800 -0.63585388 0.08163272
3.78541778 -0.26790386 0.08549912
3.78468762 0.10932064 0.08882540
3.74562592 0.49216652 0.09140402
3.66794343 0.87685769 0.09303412
3.55175194 1.25953269 0.09354388
3.39756672 1.63628367 0.09281481
3.20630275 2.00319606 0.09080398
2.97926500 2.35638836 0.08755898
2.71813380 2.69205149 0.08322114
2.42494674 3.00648731 0.07801454
2.10207857 3.29614593 0.07222130
1.75222036 3.55766170 0.06614749
1.37835886 3.78788785 0.06008626
0.98375584 3.98392975 0.05428607
0.57192692 4.14317671 0.04892982
0.14661865 4.26333223 0.04412769
-0.28821722 4.34244241 0.03992255
-0.72845328 4.37892214 0.03630423
-1.16982012 4.37157861 0.03322734
-1.60794395 4.31963178 0.03062832
-2.03838763 4.22273114 0.02843874
-2.45669429 4.08096869 0.02659399
-2.85843272 3.89488753 0.02503774
-3.23924359 3.66548608 0.02372326
-3.59488599 3.39421771 0.02261304
-3.92128355 3.08298558 0.02167744
-4.21456969 2.73413288 0.02089329
-4.47113153 2.35042828 0.02024256
-4.68765192 1.93504675 0.01971126
-4.86114937 1.49154590 0.01928869
-4.98901517 1.02383790 0.01896681
-5.06904758 0.53615724 0.01873980
-5.09948239 0.03302450 0.01860387
-5.07901984 -0.48079333 0.01855700
-5.00684732 -1.00032604 0.01859882
-4.88265751 -1.52044623 0.01873078
-4.70666194 -2.03591790 0.01895592
-4.47959942 -2.54144716 0.01927921
-4.20273951 -3.03173447 0.01970769
-3.87788056 -3.50152816 0.02025073
-3.50734254 -3.94567844 0.02092042
-3.09395441 -4.35919153 0.02173216
-2.64103619 -4.73728344 0.02270529
-2.15237586 -5.07543250 0.02386403
-1.63220086 -5.36943104 0.02523867
-1.08514516 -5.61543389 0.02686712
-0.51621139 -5.81000520 0.02879691
0.06927117 -5.95016185 0.03108789
0.66569252 -6.03341326 0.03381566
1.26721118 -6.05779728 0.03707610
1.86780640 -6.02191162 0.04099133
2.46133248 -5.92494054 0.04571730
3.04157470 -5.76667654 0.05145368
3.60230606 -5.54753675 0.05845615
4.13734400 -5.26857394 0.06705159
4.64060628 -4.93148204 0.07765576
5.10616534 -4.53859620 0.09079252
5.52830044 -4.09288751 0.10711162
5.90154755 -3.59795238 0.12739929
6.22074765 -3.05799685 0.15257125
6.48109544 -2.47781560 0.18363130
6.67819251 -1.86276559 0.22157141
6.80811167 -1.21873313 0.26718408
6.86748197 -0.55209294 0.32076017
6.85360539 0.13034369 0.38166633
6.76461448 0.82139568 0.44784581
6.59967116 1.51359824 0.51536923
6.35918935 2.19931227 0.57825851
6.04503763 2.87085792 0.62886437
5.66065261 3.52066752 0.65900703
5.21098476 4.14144515 0.66182833
4.70222549 4.72631328 0.63389539
4.14133102 5.26892392 0.57675057
3.53544495 5.76351781 0.49710902
2.89138149 6.20492795 0.40539654
2.21532370 6.58854083 0.31308959
1.51281021 6.91024073 0.22989999
0.78897052 7.16636494 0.16186912
0.04888302 7.35368914 0.11091177
-0.70208988 7.46944875 0.07564094
-1.45809079 7.51138877 0.05283167
-2.21271082 7.47782816 0.03882772
-2.95905820 7.36772453 0.03046662
-3.68989700 7.18072920 0.02544839
-4.39780583 6.91722797 0.02230644
-5.07532631 6.57836708 0.02019800
-5.71509045 6.16606570 0.01867515
-6.30992832 5.68301685 0.01751042
-6.85296116 5.13267826 0.01658857
-7.33768500 4.51925410 0.01584835
-7.75804787 3.84766829 0.01525426
-8.10852190 3.12352974 0.01478378
-8.38417076 2.35308979 0.01442167
-8.58071207 1.54319223 0.01415746
-8.69457418 0.70121642 0.01398411
-8.72294711 -0.16498655 0.01389741
-8.66382631 -1.04716324 0.01389559
-8.51604952 -1.93673314 0.01397921
-8.27932574 -2.82486867 0.01415114
-7.95425603 -3.70257929 0.01441677
-7.54234567 -4.56079902 0.01478433
-7.04600757 -5.39047641 0.01526541
-6.46855656 -6.18266650 0.01587576
-5.81419473 -6.92862285 0.01663643
-5.08798730 -7.61989109 0.01757543
-4.29582987 -8.24839941 0.01873001
-3.44440664 -8.80654857 0.02015023
-2.54114034 -9.28729861 0.02190383
-1.59413419 -9.68425188 0.02408394
-0.61210682 -9.99173151 0.02682051
0.39567903 -10.20485460 0.03029827
1.41949249 -10.31959943 0.03478525
2.44921337 -10.33286619 0.04067908
3.47441056 -10.24253095 0.04858406
4.48441548 -10.04749301 0.05944232
5.46838230 -9.74771640 0.07476262
6.41532129 -9.34426726 0.09702803
7.31408006 -8.83935102 0.13043804
8.15322633 -8.23635663 0.18228262
8.92074497 -7.53992190 0.26551640
9.60338487 -6.75604650 0.40359530
10.18535063 -5.89230287 0.63945406
10.64580156 -4.95823772 1.05153330
10.95431984 -3.96612838 1.77980518
11.06344588 -2.93235412 3.05872144
10.89878975 -1.87969035 5.22702733
10.35343290 -0.84053708 8.61185858
9.30831250 0.14026559 13.10094146
7.71209706 1.00738465 17.45102438
5.70440335 1.70787754 19.36555759
3.63453899 2.21318404 17.46731771
1.86238319 2.53225435 12.97436815
0.54414586 2.70132304 8.25997498
-0.36671044 2.76207279 4.71434872
-0.99356428 2.74740706 2.50087126
-1.44713943 2.67862785 1.26484584
-1.80049723 2.56815189 0.62184498
-2.09467437 2.42297387 0.30326755
-2.35019396 2.24720833 0.15107309
-2.57607703 2.04361930 0.08041091
-2.77540978 1.81444881 0.04831237
-2.94842705 1.56183444 0.03393381
-3.09411601 1.28800533 0.02751109
-3.21101796 0.99536501 0.02460494
-3.29762026 0.68651785 0.02324905
-3.35254730 0.36426781 0.02259199
-3.37465599 0.03160331 0.02227224
-3.36308625 -0.30832536 0.02213897
-3.31729004 -0.65223288 0.02213056
-3.23704932 -0.99672872 0.02222292
-3.12248759 -1.33834893 0.02240793
-2.97407658 -1.67358958 0.02268461
-2.79263910 -1.99894123 0.02305563
-2.57934810 -2.31092432 0.02352594
-2.33572207 -2.60612492 0.02410229
-2.06361690 -2.88123059 0.02479321
-1.76521410 -3.13306590 0.02560907
-1.44300555 -3.35862741 0.02656227
-1.09977480 -3.55511757 0.02766748
-0.73857518 -3.71997723 0.02894194
-0.36270444 -3.85091648 0.03040572
0.02432312 -3.94594339 0.03208208
0.41880750 -4.00339038 0.03399774
0.81689632 -4.02193787 0.03618315
1.21462025 -4.00063494 0.03867261
1.60793047 -3.93891669 0.04150418
1.99273754 -3.83661816 0.04471931
2.36495170 -3.69398449 0.04836182
2.72052407 -3.51167713 0.05247622
3.05548843 -3.29077608 0.05710487
3.36600350 -3.03277781 0.06228365
3.64839519 -2.73958897 0.06803577
3.89919883 -2.41351566 0.07436335
4.11520097 -2.05724821 0.08123659
4.29348072 -1.67384150 0.08858089
4.43145023 -1.26669073 0.09626273
4.52689383 -0.83950267 0.10407634
4.57800538 -0.39626244 0.11173438
4.58342250 0.05880394 0.11886687
4.54225645 0.52127109 0.12503338
4.45411557 0.98655934 0.12975263
4.31912004 1.44998261 0.13255181
4.13790613 1.90679826 0.13303127
3.91161838 2.35225786 0.13093677
3.64188979 2.78165742 0.12622280
3.33081191 3.19038626 0.11908936
2.98089851 3.57397338 0.10997700
2.59504753 3.92813102 0.09951434
2.17650627 4.24879536 0.08842635
1.72884289 4.53216487 0.07742435
1.25592491 4.77473682 0.06710529
0.76190268 4.97334276 0.05788470
0.25119389 5.12518303 0.04997524
-0.27153556 5.22786031 0.04340818
-0.80139753 5.27941156 0.03808287
-1.33331631 5.27833763 0.03382493
-1.86207163 5.22362941 0.03043708
-2.38234839 5.11478991 0.02773395
-2.88879103 4.95185146 0.02555985
-3.37606032 4.73538765 0.02379339
-3.83889123 4.46651973 0.02234429
-4.27215056 4.14691723 0.02114709
-4.67089368 3.77879289 0.02015469
-5.03041998 3.36489176 0.01933305
-5.34632638 2.90847459 0.01865727
-5.61455861 2.41329563 0.01810895
-5.83145975 1.88357484 0.01767444
-5.99381564 1.32396494 0.01734371
-6.09889657 0.73951324 0.01710965
-6.14449499 0.13561874 0.01696752
-6.12895854 -0.48201528 0.01691478
-6.05121809 -1.10743251 0.01695082
-5.91081055 -1.73447864 0.01707701
-5.70789598 -2.35685955 0.01729670
-5.44326877 -2.96820196 0.01761543
-5.11836266 -3.56211627 0.01804110
-4.73524947 -4.13226076 0.01858448
-4.29663122 -4.67240671 0.01925969
-3.80582612 -5.17650361 0.02008495
-3.26674788 -5.63874410 0.02108366
-2.68387877 -6.05362766 0.02228582
-2.06223656 -6.41602266 0.02372982
-1.40733566 -6.72122597 0.02546520
-0.72514261 -6.96501962 0.02755617
-0.02202663 -7.14372378 0.03008660
0.69529438 -7.25424564 0.03316707
1.41981167 -7.29412362 0.03694469
2.14428645 -7.26156643 0.04161713
2.86131261 -7.15548671 0.04745273
3.56338021 -6.97552899 0.05481928
4.24293786 -6.72209174 0.06422548
4.89245212 -6.39634383 0.07638053
5.50446109 -6.00023547 0.09227905
6.07161870 -5.53650446 0.11332034
6.58672539 -5.00867874 0.14147146
7.04274017 -4.42107674 0.17948039
7.43276898 -3.77880770 0.23113291
7.75002672 -3.08777452 0.30151643
7.98777673 -2.35468170 0.39719183
8.13926697 -1.58704991 0.52606597
8.19770990 -0.79323577 0.69660383
8.15639701 0.01755179 0.91587094
8.00908976 0.83525897 1.18591423
7.75085619 1.64905518 1.49848000
7.37946062 2.44751461 1.82936539
6.89718192 3.21896604 2.13568419
6.31252197 3.95203426 2.36065402
5.64086356 4.63632106 2.44862010
4.90316641 5.26307310 2.36656134
4.12257694 5.82562264 2.12094744
3.32006835 6.31943166 1.75840564
2.51097208 6.74172572 1.34839052
1.70379928 7.09087863 0.95809099
0.90143713 7.36579011 0.63325540
0.10368339 7.56545051 0.39206072
-0.69018143 7.68876425 0.23025128
-1.47963445 7.73459310 0.13124647
-2.26217184 7.70192603 0.07548980
-3.03335680 7.59008446 0.04623127
-3.78727435 7.39890326 0.03163043
-4.51707911 7.12886268 0.02445057
-5.21546366 6.78117076 0.02077365
-5.87499785 6.35780656 0.01868745
-6.48835649 5.86153587 0.01733545
-7.04847265 5.29590834 0.01635643
-7.54864896 4.66524133 0.01560092
-7.98264706 3.97459351 0.01500408
-8.34476550 3.22972941 0.01453425
-8.62991039 2.43707595 0.01417345
-8.83366012 1.60367104 0.01391039
-8.95232407 0.73710508 0.01373778
-8.98299510 -0.15454448 0.01365130
-8.92359482 -1.06278471 0.01364916
-8.77291168 -1.97878452 0.01373190
-8.53063092 -2.89345702 0.01390242
-8.19735604 -3.79754597 0.01416613
-7.77462162 -4.68171592 0.01453135
-7.26489684 -5.53664496 0.01500979
-6.67157991 -6.35311876 0.01561740
-5.99898291 -7.12212686 0.01637557
-5.25230731 -7.83495691 0.01731279
-4.43761030 -8.48328948 0.01846716
-3.56176188 -9.05929018 0.01988996
-2.63239354 -9.55569906 0.02165100
-1.65783872 -9.96591615 0.02384666
-0.64706591 -10.28408250 0.02661229
0.39039449 -10.50515560 0.03014161
1.44452802 -10.62497873 0.03471790
2.50491672 -10.64034378 0.04076534
3.56081871 -10.54904703 0.04893530
4.60124169 -10.34993842 0.06025566
5.61500092 -10.04296503 0.07639523
6.59074529 -9.62921100 0.10014379
7.51692099 -9.11093842 0.13630348
8.38161509 -8.49163811 0.19337646
9.17216764 -7.77610760 0.28680467
9.87433600 -6.97058992 0.44521835
10.47059893 -6.08303831 0.72235692
10.93685073 -5.12363042 1.21892535
11.23628858 -4.10575633 2.11879931
11.30921630 -3.04784202 3.73427964
11.05985413 -1.97642456 6.50980099
10.35166109 -0.93037087 10.81292995
9.04644085 0.03613655 16.24053026
7.13073381 0.85871695 20.73709113
4.86442140 1.48334314 21.40666270
2.71172765 1.89343351 17.64919822
1.02524453 2.11608326 11.99313809
-0.13254673 2.20003224 7.07882084
-0.88352722 2.19053125 3.80937516
-1.37718944 2.11906166 1.93536301
-1.72246543 2.00446456 0.95068584
-1.98344064 1.85730718 0.46046875
-2.19351196 1.68356970 0.22512119
-2.36852581 1.48695386 0.11507657
-2.51519664 1.27014790 0.06463211
-2.63579015 1.03546803 0.04183470
-2.73054730 0.78516435 0.03161570
-2.79888691 0.52155631 0.02704196
-2.83998698 0.24708432 0.02498852
-2.85306208 -0.03567916 0.02407128
-2.83749616 -0.32403815 0.02368625
-2.79290733 -0.61519137 0.02357340
-2.71918069 -0.90625564 0.02362248
-2.61648529 -1.19429213 0.02378806
-2.48528276 -1.47633437 0.02405281
-2.32633052 -1.74941750 0.02441187
-2.14068098 -2.01060813 0.02486622
-1.92967733 -2.25703459 0.02541999
-1.69494610 -2.48591720 0.02607928
-1.43838663 -2.69459829 0.02685183
-1.16215753 -2.88057147 0.02774684
-0.86866032 -3.04151017 0.02877501
-0.56052019 -3.17529480 0.02994853
-0.24056413 -3.28003849 0.03128119
0.08820335 -3.35411091 0.03278832
0.42262684 -3.39616013 0.03448676
0.75942873 -3.40513202 0.03639467
1.09523971 -3.38028709 0.03853117
1.42663093 -3.32121451 0.04091581
1.75014744 -3.22784310 0.04356766
2.06234262 -3.10044907 0.04650394
2.35981352 -2.93966046 0.04973827
2.63923653 -2.74645801 0.05327808
2.89740337 -2.52217250 0.05712135
3.13125692 -2.26847832 0.06125260
3.33792668 -1.98738339 0.06563812
3.51476359 -1.68121527 0.07022071
3.65937369 -1.35260357 0.07491453
3.76965043 -1.00445858 0.07960085
3.84380491 -0.63994647 0.08412595
3.88039355 -0.26246086 0.08830244
3.87834238 0.12440866 0.09191591
3.83696707 0.51691099 0.09473778
3.75598770 0.91117037 0.09654486
3.63553758 1.30322521 0.09714450
3.47616538 1.68906832 0.09640219
3.27883053 2.06468768 0.09426708
3.04489233 2.42610738 0.09078940
2.77609383 2.76942798 0.08612465
2.47454225 3.09086580 0.08052129
2.14268735 3.38679103 0.07429265
1.78329972 3.65376427 0.06777799
1.39944940 3.88857177 0.06130057
0.99448515 4.08825913 0.05513169
0.57201334 4.25016369 0.04946763
0.13587521 4.37194527 0.04442244
-0.30987886 4.45161517 0.04003524
-0.76101918 4.48756293 0.03628714
-1.21317100 4.47858041 0.03312196
-1.66185310 4.42388261 0.03046549
-2.10251996 4.32312493 0.02824016
-2.53060666 4.17641631 0.02637426
-2.94157558 3.98432798 0.02480633
-3.33096392 3.74789769 0.02348619
-3.69443151 3.46862916 0.02237405
-4.02780811 3.14848668 0.02143883
-4.32713980 2.78988497 0.02065646
-4.58873393 2.39567415 0.02000835
-4.80920216 1.96911989 0.01948017
-4.98550128 1.51387906 0.01906098
-5.11497115 1.03397081 0.01874261
-5.19536965 0.53374341 0.01851921
-5.22490387 0.01783709 0.01838692
-5.20225759 -0.50885689 0.01834376
-5.12661429 -1.04124048 0.01838944
-4.99767569 -1.57405613 0.01852545
-4.81567543 -2.10193661 0.01875498
-4.58138760 -2.61945704 0.01908322
-4.29613007 -3.12118848 0.01951740
-3.96176236 -3.60175275 0.02006721
-3.58067806 -4.05587785 0.02074519
-3.15579176 -4.47845334 0.02156728
-2.69052053 -4.86458547 0.02255360
-2.18875999 -5.20965101 0.02372938
-1.65485519 -5.50934974 0.02512630
-1.09356659 -5.75975457 0.02678414
-0.51003096 -5.95735952 0.02875304
0.09028141 -6.09912351 0.03109640
0.70161396 -6.18251147 0.03389482
1.31797437 -6.20553088 0.03725115
1.93318786 -6.16676385 0.04129735
2.54095274 -6.06539443 0.04620331
3.13489742 -5.90123070 0.05218846
3.70863800 -5.67472153 0.05953669
4.25583563 -5.38696790 0.06861501
4.77025266 -5.03972865 0.07989616
5.24580661 -4.63542086 0.09398436
5.67662136 -4.17711481 0.11164127
6.05707513 -3.66852395 0.13380618
6.38184605 -3.11398982 0.16159827
6.64595729 -2.51846228 0.19628088
6.84482686 -1.88747443 0.23915704
6.97432999 -1.22711156 0.29135687
7.03088643 -0.54397201 0.35347625
7.01158786 0.15488352 0.42504881
6.91437916 0.86199911 0.50389310
6.73829770 1.56961336 0.58548547
6.48375230 2.26977751 0.66264753
6.15278840 2.95450392 0.72593076
5.74924980 3.61594009 0.76500957
5.27873168 4.24655279 0.77105265
4.74825188 4.83929739 0.73948025
4.16565628 5.38774333 0.67202425
3.53889069 5.88613380 0.57700583
2.87535296 6.32937521 0.46742444
2.18152662 6.71297385 0.35750596
1.46298706 7.03295280 0.25911707
0.72472072 7.28578473 0.17942914
-0.02841032 7.46836444 0.12046956
-0.79124395 7.57802721 0.08026838
-1.55805657 7.61260281 0.05473517
-2.32249457 7.57048712 0.03938963
-3.07765617 7.45071414 0.03044916
-3.81625289 7.25301644 0.02522202
-4.53078965 6.97786924 0.02202869
-5.21372860 6.62651787 0.01992589
-5.85762599 6.20099047 0.01842454
-6.45524491 5.70409847 0.01728288
-6.99965109 5.13942661 0.01638177
-7.48429796 4.51131361 0.01565949
-7.90310471 3.82482429 0.01508094
-8.25052903 3.08571345 0.01462409
-8.52163503 2.30038202 0.01427415
-8.71215585 1.47582558 0.01402099
-8.81855065 0.61957598 0.01385787
-8.83805546 -0.26036388 0.01378085
-8.76872687 -1.15559121 0.01378841
-8.60947855 -2.05738003 0.01388136
-8.36010974 -2.95676273 0.01406286
-8.02132542 -3.84461574 0.01433863
-7.59474775 -4.71174847 0.01471726
-7.08291849 -5.54899482 0.01521084
-6.48929235 -6.34730641 0.01583575
-5.81822103 -7.09784595 0.01661388
-5.07492792 -7.79208188 0.01757441
-4.26547391 -8.42188004 0.01875621
-3.39671412 -8.97959456 0.02021164
-2.47624632 -9.45815537 0.02201186
-1.51235136 -9.85115196 0.02425503
-0.51392654 -10.15291232 0.02707881
0.50958718 -10.35857657 0.03067993
1.54828240 -10.46416436 0.03534557
2.59186498 -10.46663583 0.04150469
3.62973269 -10.36394563 0.04981416
4.65104766 -10.15509039 0.06130694
5.64479322 -9.84015057 0.07765268
6.59979943 -9.42032874 0.10162770
7.50470774 -8.89798884 0.13797980
8.34781976 -8.27670494 0.19504886
9.11672522 -7.56133630 0.28783948
9.79750891 -6.75816036 0.44386108
10.37316163 -5.87512441 0.71407464
10.82053119 -4.92232925 1.19253430
11.10479036 -3.91294576 2.04802316
11.17042005 -2.86487910 3.56180408
10.92989742 -1.80352506 6.12650984
10.26019296 -0.76548397 10.06272854
9.03667252 0.19883674 15.03339169
7.24067612 1.02954184 19.28991448
5.09086570 1.67485891 20.25721026
3.00081367 2.11542342 17.14819663
1.31258643 2.37212726 11.99908003
0.11509703 2.48845956 7.27542575
-0.68661020 2.50726462 4.00264157
-1.22957778 2.45956974 2.06793158
-1.62023579 2.36444612 1.02745525
-1.92369628 2.23273035 0.50048123
-2.17477584 2.07053971 0.24439808
-2.39023697 1.88159533 0.12373037
-2.57717171 1.66854093 0.06820676
-2.73785306 1.43362930 0.04310088
-2.87231547 1.17905696 0.03186201
-2.97966051 0.90711580 0.02683146
-3.05869727 0.62025311 0.02455330
-3.10825160 0.32108682 0.02350157
-3.12731591 0.01239881 0.02301500
-3.11512372 -0.30288276 0.02281171
-3.07118888 -0.62170704 0.02277350
-2.99532749 -0.94092749 0.02285207
-2.88767074 -1.25733124 0.02302893
-2.74867205 -1.56766993 0.02329854
-2.57910988 -1.86869174 0.02366138
-2.38008692 -2.15717412 0.02412111
-2.15302573 -2.42995696 0.02468346
-1.89966106 -2.68397578 0.02535590
-1.62202875 -2.91629470 0.02614753
-1.32245145 -3.12413870 0.02706922
-1.00352120 -3.30492507 0.02813365
-0.66807873 -3.45629341 0.02935558
-0.31919008 -3.57613412 0.03075195
0.03987955 -3.66261495 0.03234205
0.40569459 -3.71420525 0.03414764
0.77468011 -3.72969776 0.03619293
1.14315486 -3.70822757 0.03850451
1.50736616 -3.64928801 0.04111091
1.86352618 -3.55274330 0.04404197
2.20784944 -3.41883773 0.04732756
2.53659126 -3.24820115 0.05099580
2.84608665 -3.04185068 0.05507019
3.13278969 -2.80118853 0.05956584
3.39331280 -2.52799575 0.06448420
3.62446584 -2.22442192 0.06980650
3.82329470 -1.89297073 0.07548589
3.98711901 -1.53648136 0.08143865
4.11356877 -1.15810574 0.08753556
4.20061919 -0.76128181 0.09359514
4.24662321 -0.34970269 0.09938065
4.25034074 0.07271776 0.10460412
4.21096338 0.50188293 0.10893985
4.12813331 0.93355433 0.11204937
4.00195486 1.36339489 0.11361764
3.83299766 1.78701392 0.11339716
3.62229064 2.20001277 0.11125295
3.37130742 2.59803039 0.10719872
3.08194435 2.97678798 0.10141357
2.75649390 3.33213200 0.09423165
2.39761621 3.66007532 0.08610312
2.00831191 3.95683632 0.07753306
1.59189758 4.21887614 0.06901159
1.15198447 4.44293444 0.06095129
0.69245898 4.62606381 0.05364588
0.21746244 4.76566284 0.04725668
-0.26863223 4.85950774 0.04182489
-0.76124914 4.90578200 0.03730130
-1.25564435 4.90310336 0.03358208
-1.74694664 4.85054760 0.03054133
-2.23020347 4.74766833 0.02805458
-2.70043043 4.59451246 0.02601235
-3.15266299 4.39163069 0.02432523
-3.58200916 4.14008314 0.02292359
-3.98370240 3.84143956 0.02175470
-4.35315387 3.49777438 0.02077907
-4.68600355 3.11165634 0.01996718
-4.97816983 2.68613285 0.01929685
-5.22589699 2.22470916 0.01875136
-5.42580019 1.73132236 0.01831816
-5.57490758 1.21031053 0.01798790
-5.67069887 0.66637713 0.01775394
-5.71114022 0.10455104 0.01761184
-5.69471474 -0.46985769 0.01755921
-5.62044855 -1.05130559 0.01759553
-5.48793163 -1.63406712 0.01772211
-5.29733363 -2.21228870 0.01794219
-5.04941404 -2.78004528 0.01826099
-4.74552663 -3.33139871 0.01868610
-4.38761806 -3.86045752 0.01922764
-3.97822043 -4.36143739 0.01989889
-3.52043788 -4.82872188 0.02071687
-3.01792724 -5.25692258 0.02170328
-2.47487274 -5.64093842 0.02288564
-1.89595507 -5.97601315 0.02429892
-1.28631496 -6.25779068 0.02598764
-0.65151161 -6.48236762 0.02800878
0.00252379 -6.64634247 0.03043568
0.66953841 -6.74686068 0.03336343
1.34301220 -6.78165550 0.03691612
2.01621503 -6.74908405 0.04125701
2.68226618 -6.64815816 0.04660241
3.33419485 -6.47856969 0.05324089
3.96500075 -6.24071041 0.06155966
4.56771328 -5.93568606 0.07208043
5.13544762 -5.56532492 0.08550753
5.66145600 -5.13218115 0.10279050
6.13917187 -4.63953326 0.12520201
6.56224546 -4.09137862 0.15442738
6.92456938 -3.49242472 0.19265230
7.22029594 -2.84807805 0.24261750
7.44385169 -2.16443132 0.30757935
7.58996337 -1.44824850 0.39107486
7.65372126 -0.70694533 0.49634672
7.63072136 0.05144054 0.62527123
7.51733964 0.81830048 0.77671039
7.31118759 1.58454343 0.94445898
7.01175774 2.34074199 1.11542112
6.62117433 3.07735325 1.26919702
6.14482997 3.78501654 1.38046467
5.59157847 4.45490219 1.42479977
4.97318095 5.07905101 1.38668239
4.30294658 5.65062317 1.26631601
3.59390030 6.16398649 1.08138150
2.85711167 6.61462377 0.86210478
2.10079311 6.99890418 0.64177787
1.33041111 7.31380992 0.44730285
0.54959234 7.55671201 0.29372460
-0.23866923 7.72525284 0.18397239
-1.03098098 7.81734259 0.11236174
-1.82295607 7.83123896 0.06930132
-2.60906788 7.76566530 0.04512678
-3.38281456 7.61992866 0.03218538
-4.13701974 7.39401550 0.02534673
-4.86414076 7.08865773 0.02159836
-5.55652305 6.70537138 0.01935605
-6.20659056 6.24647370 0.01785769
-6.80698629 5.71508395 0.01675848
-7.35068127 5.11511187 0.01590535
-7.83106551 4.45123575 0.01522735
-8.24202895 3.72887151 0.01468797
-8.57803551 2.95413340 0.01426575
-8.83419184 2.13378653 0.01394685
-9.00631020 1.27519196 0.01372202
-9.09096550 0.38624446 0.01358529
-9.08554549 -0.52469625 0.01353343
-8.98829383 -1.44888048 0.01356559
-8.79834536 -2.37724896 0.01368326
-8.51575305 -3.30051807 0.01389038
-8.14150630 -4.20926899 0.01419350
-7.67754009 -5.09404017 0.01460229
-7.12673490 -5.94542195 0.01513014
-6.49290714 -6.75415285 0.01579517
-5.78079013 -7.51121576 0.01662159
-4.99600531 -8.20793511 0.01764175
-4.14502453 -8.83607064 0.01889902
-3.23512307 -9.38791026 0.02045218
-2.27432417 -9.85635913 0.02238181
-1.27133569 -10.23502448 0.02480020
-0.23547974 -10.51829551 0.02786667
0.82338348 -10.70141739 0.03181190
1.89493569 -10.78055893 0.03697771
2.96848193 -10.75287344 0.04388328
4.03302881 -10.61655258 0.05333868
5.07735267 -10.37087403 0.06664427
6.09004520 -10.01624404 0.08595022
7.05951347 -9.55423843 0.11492102
7.97389164 -8.98764822 0.15999134
8.82078078 -8.32054296 0.23278366
9.58665330 -7.55837647 0.35481631
10.25560243 -6.70818427 0.56667217
10.80682716 -5.77896816 0.94549476
11.20977494 -4.78244896 1.63641902
11.41538379 -3.73450767 2.90086085
11.34252648 -2.65778564 5.15987867
10.86473959 -1.58578976 8.91980226
9.82209857 -0.56749649 14.29246328
8.11176378 0.33261532 19.94762766
5.86706884 1.04871866 22.78197307
3.52563406 1.54321199 20.59552289
1.56299758 1.82716291 14.97118751
0.17379126 1.94724557 9.20677012
-0.72017026 1.95565918 5.06384712
-1.28423295 1.89191179 2.59970457
-1.65502056 1.78055481 1.28198370
-1.91726858 1.63548066 0.62004470
-2.11651638 1.46442247 0.30039971
-2.27507708 1.27195476 0.15016281
-2.40298240 1.06117845 0.08092165
-2.50420577 0.83458609 0.04946132
-2.57990678 0.59447973 0.03530183
-2.63004361 0.34316042 0.02896180
-2.65415126 0.08300564 0.02613354
-2.65171113 -0.18350742 0.02489001
-2.62232550 -0.45380420 0.02438022
-2.56580048 -0.72522779 0.02423259
-2.48218597 -0.99506002 0.02428680
-2.37179495 -1.26054604 0.02447506
-2.23521216 -1.51892055 0.02477009
-2.07329653 -1.76743528 0.02516255
-1.88717935 -2.00338693 0.02565140
-1.67825893 -2.22414534 0.02623969
-1.44819220 -2.42718158 0.02693287
-1.19888340 -2.61009555 0.02773803
-0.93246999 -2.77064285 0.02866362
-0.65130593 -2.90676071 0.02971935
-0.35794233 -3.01659253 0.03091611
-0.05510592 -3.09851096 0.03226593
0.25432504 -3.15113899 0.03378184
0.56734649 -3.17336907 0.03547767
0.88085643 -3.16437991 0.03736773
1.19168419 -3.12365063 0.03946626
1.49662114 -3.05097228 0.04178670
1.79245245 -2.94645636 0.04434059
2.07598972 -2.81054028 0.04713610
2.34410411 -2.64398964 0.05017611
2.59375981 -2.44789713 0.05345576
2.82204743 -2.22367805 0.05695954
3.02621718 -1.97306243 0.06065782
3.20371134 -1.69808359 0.06450328
3.35219587 -1.40106325 0.06842735
3.46959060 -1.08459331 0.07233740
3.55409771 -0.75151410 0.07611540
3.60422785 -0.40488963 0.07961901
3.61882339 -0.04797975 0.08268616
3.59707805 0.31579050 0.08514377
3.53855228 0.68286375 0.08682106
3.44318370 1.04958532 0.08756657
3.31129213 1.41223959 0.08726744
3.14357902 1.76708746 0.08586772
2.94112147 2.11040408 0.08338227
2.70536148 2.43851667 0.07990251
2.43809135 2.74784164 0.07559149
2.14143650 3.03492097 0.07066797
1.81783673 3.29645745 0.06538178
1.47002679 3.52934873 0.05998486
1.10101640 3.73072000 0.05470387
0.71406956 3.89795537 0.04971953
0.31268241 4.02872767 0.04515572
-0.09944132 4.12102651 0.04107916
-0.51841790 4.17318431 0.03750726
-0.94021478 4.18389985 0.03442093
-1.36068530 4.15225898 0.03177839
-1.77560673 4.07775211 0.02952733
-2.18072080 3.96028798 0.02761390
-2.57177626 3.80020365 0.02598821
-2.94457255 3.59827020 0.02460695
-3.29500405 3.35569414 0.02343407
-3.61910418 3.07411447 0.02244034
-3.91308898 2.75559508 0.02160239
-4.17339955 2.40261279 0.02090175
-4.39674300 2.01804088 0.02032387
-4.58013149 1.60512829 0.01985746
-4.72091880 1.16747441 0.01949391
-4.81683424 0.70900002 0.01922681
-4.86601337 0.23391428 0.01905171
-4.86702521 -0.25332192 0.01896604
-4.81889564 -0.74803584 0.01896875
-4.72112662 -1.24538579 0.01906047
-4.57371095 -1.74040655 0.01924347
-4.37714251 -2.22805705 0.01952173
-4.13242148 -2.70326970 0.01990110
-3.84105472 -3.16100109 0.02038955
-3.50505099 -3.59628349 0.02099744
-3.12691111 -4.00427635 0.02173798
-2.70961283 -4.38031854 0.02262776
-2.25659085 -4.71997841 0.02368750
-1.77171180 -5.01910376 0.02494294
-1.25924443 -5.27386959 0.02642605
-0.72382525 -5.48082359 0.02817660
-0.17042006 -5.63692896 0.03024411
0.39571857 -5.73960396 0.03269045
0.96909720 -5.78675774 0.03559306
1.54403053 -5.77682216 0.03904919
2.11469279 -5.70877920 0.04318118
2.67517113 -5.58218353 0.04814301
3.21952024 -5.39718016 0.05412842
3.74181762 -5.15451686 0.06138037
4.23621881 -4.85555130 0.07020165
4.69701196 -4.50225263 0.08096559
5.11867139 -4.09719784 0.09412474
5.49590974 -3.64356249 0.11021342
5.82372938 -3.14510625 0.12983770
6.09747412 -2.60615275 0.15364225
6.31288357 -2.03156385 0.18224047
6.46615425 -1.42670751 0.21609132
6.55401258 -0.79741829 0.25530930
6.57380611 -0.14994892 0.29940595
6.52361763 0.50908965 0.34698924
6.40240205 1.17280189 0.39549165
6.21013591 1.83409760 0.44105041
5.94795501 2.48579831 0.47869774
5.61824014 3.12075754 0.50299123
5.22460455 3.73198759 0.50908860
4.77174695 4.31278107 0.49405434
4.26516812 4.85681288 0.45797036
3.71079874 5.35821075 0.40435374
3.11462898 5.81158860 0.33957733
2.48244180 6.21204775 0.27139757
1.81971883 6.55515953 0.20710699
1.13172276 6.83694713 0.15199574
0.42369695 7.05388207 0.10862619
-0.29890984 7.20290280 0.07701865
-1.03027494 7.28145405 0.05546389
-1.76413182 7.28753927 0.04151100
-2.49379674 7.21977610 0.03275859
-3.21226245 7.07744660 0.02728773
-3.91232264 6.86053722 0.02377059
-4.58669972 6.56976668 0.02138490
-5.22816205 6.20660188 0.01966243
-5.82962731 5.77326313 0.01835063
-6.38425403 5.27271954 0.01731546
-6.88552456 4.70867562 0.01648381
-7.32732199 4.08554949 0.01581305
-7.70400227 3.40844315 0.01527628
-8.01046202 2.68310512 0.01485542
-8.24220171 1.91588560 0.01453789
-8.39538371 1.11368475 0.01431504
-8.46688473 0.28389425 0.01418127
-8.45434227 -0.56566749 0.01413355
-8.35619383 -1.42682537 0.01417120
-8.17170919 -2.29112299 0.01429583
-7.90101482 -3.14990230 0.01451141
-7.54511014 -3.99438700 0.01482451
-7.10587532 -4.81576875 0.01524471
-6.58607044 -5.60529526 0.01578522
-5.98932582 -6.35436056 0.01646381
-5.32012335 -7.05459435 0.01730404
-4.58376919 -7.69795169 0.01833719
-3.78635762 -8.27680118 0.01960487
-2.93472666 -8.78401055 0.02116290
-2.03640566 -9.21302946 0.02308701
-1.09955559 -9.55796797 0.02548139
-0.13290251 -9.81367073 0.02849178
0.85433405 -9.97578497 0.03232563
1.85251692 -10.04082288 0.03728449
2.85166883 -10.00621742 0.04381621
3.84154843 -9.87037135 0.05260179
4.81171935 -9.63269998 0.06470244
5.75160390 -9.29366840 0.08181450
6.65050577 -8.85482551 0.10671950
7.49757522 -8.31883895 0.14409345
8.28166724 -7.68953919 0.20197995
8.99100281 -6.97198768 0.29448941
9.61246884 -6.17259697 0.44671978
10.13026690 -5.29935359 0.70352199
10.52343521 -4.36223383 1.14424011
10.76159866 -3.37396168 1.90439064
10.79852806 -2.35132183 3.19724882
10.56493338 -1.31721680 5.30142621
9.96793104 -0.30326193 8.42391047
8.91593454 0.64858656 12.32072914
7.38987823 1.48913183 15.82580500
5.53270898 2.17384883 17.12667762
3.64175662 2.68031675 15.32491284
2.00643647 3.01700742 11.47794996
0.75260392 3.21426072 7.44337151
-0.15385223 3.30704995 4.34178996
-0.81209958 3.32352540 2.35060734
-1.31509091 3.28232769 1.20849572
-1.72642686 3.19451516 0.60087164
-2.08277385 3.06636744 0.29473969
-2.40263570 2.90157555 0.14692463
-2.69392355 2.70262182 0.07796986
-2.95891656 2.47155483 0.04665703
-3.19712938 2.21039098 0.03267623
-3.40685220 1.92130714 0.02644142
-3.58593957 1.60672337 0.02359544
-3.73220362 1.26932973 0.02222296
-3.84360973 0.91208503 0.02150629
-3.91837746 0.53820117 0.02110487
-3.95503668 0.15111953 0.02087970
-3.95246261 -0.24551765 0.02077510
-3.90989978 -0.64789937 0.02076948
-3.82697947 -1.05208064 0.02085545
-3.70373225 -1.45401960 0.02103188
-3.54059614 -1.84961624 0.02130094
-3.33842078 -2.23475268 0.02166698
-3.09846727 -2.60533442 0.02213627
-2.82240398 -2.95733215 0.02271699
-2.51229811 -3.28682386 0.02341941
-2.17060315 -3.59003668 0.02425621
-1.80014201 -3.86338809 0.02524286
-1.40408644 -4.10352608 0.02639804
-0.98593225 -4.30736783 0.02774428
-0.54947103 -4.47213648 0.02930861
-0.09875827 -4.59539563 0.03112339
0.36192172 -4.67508111 0.03322724
0.82809383 -4.70952972 0.03566613
1.29513270 -4.69750461 0.03849453
1.75830564 -4.63821689 0.04177660
2.21281726 -4.53134333 0.04558730
2.65385563 -4.37703975 0.05001318
3.07663951 -4.17594998 0.05515247
3.47646628 -3.92921030 0.06111402
3.84876026 -3.63844896 0.06801416
4.18912126 -3.30578081 0.07597039
4.49337307 -2.93379701 0.08509066
4.75761220 -2.52554960 0.09545637
4.97825670 -2.08453076 0.10709780
5.15209569 -1.61464676 0.11996109
5.27633955 -1.12018636 0.13386763
5.34867110 -0.60578334 0.14846997
5.36729686 -0.07637323 0.16321237
5.33099698 0.46285604 0.17730981
5.23917026 1.00651936 0.18976264
5.09186953 1.54909474 0.19942479
4.88982067 2.08498780 0.20513529
4.63441905 2.60859831 0.20590663
4.32769870 3.11438636 0.20113823
3.97227474 3.59693542 0.19080122
3.57126528 4.05100972 0.17553006
3.12820567 4.47160436 0.15657249
2.64697073 4.85398813 0.13559027
2.13171866 5.19374022 0.11435675
1.58686340 5.48678352 0.09443808
1.01707239 5.72941708 0.07695157
0.42727862 5.91834990 0.06246280
-0.17730802 6.05073661 0.05102756
-0.79120274 6.12421455 0.04233502
-1.40866816 6.13694032 0.03588535
-2.02375711 6.08762380 0.03114311
-2.63037136 5.97555764 0.02763582
-3.22232996 5.80064094 0.02499567
-3.79344150 5.56339622 0.02296046
-4.33757675 5.26497940 0.02135402
-4.84873954 4.90718274 0.02006168
-5.32113530 4.49243079 0.01900923
-5.74923706 4.02376941 0.01814784
-6.12784879 3.50484814 0.01744435
-6.45216577 2.93989588 0.01687554
-6.71783193 2.33369016 0.01642480
-6.92099346 1.69152014 0.01608012
-7.05834820 1.01914381 0.01583306
-7.12719068 0.32273920 0.01567794
-7.12545148 -0.39114921 0.01561156
-7.05173132 -1.11566918 0.01563288
-6.90532894 -1.84372363 0.01574301
-6.68626248 -2.56803737 0.01594518
-6.39528403 -3.28122690 0.01624504
-6.03388718 -3.97587282 0.01665077
-5.60430708 -4.64459409 0.01717374
-5.10951327 -5.28012335 0.01782906
-4.55319493 -5.87538276 0.01863655
-3.93973865 -6.42355944 0.01962200
-3.27419897 -6.91817983 0.02081909
-2.56226153 -7.35318241 0.02227179
-1.81019978 -7.72298730 0.02403811
-1.02482493 -8.02256315 0.02619513
-0.21343022 -8.24748968 0.02884652
0.61626992 -8.39401571 0.03213348
1.45620496 -8.45911199 0.03625102
2.29801640 -8.44051833 0.04147252
3.13312712 -8.33678473 0.04818734
3.95280997 -8.14730636 0.05695900
4.74825212 -7.87235252 0.06861648
5.51061049 -7.51309001 0.08439847
6.23105089 -7.07160221 0.10618316
6.90075972 -6.55090582 0.13685405
7.51091083 -5.95496881 0.18087985
8.05256133 -5.28873540 0.24521777
8.51643859 -4.55816724 0.34067540
8.89256851 -3.77031435 0.48384018
9.16969371 -2.93343534 0.69949692
9.33446436 -2.05719042 1.02287290
9.37051264 -1.15292778 1.49968952
9.25783848 -0.23405920 2.17955489
8.97352291 0.68354977 3.09546154
8.49550372 1.58139116 4.22327049
7.81116695 2.43873590 5.42941185
6.93010510 3.23416648 6.44800515
5.89473095 3.94840201 6.95174911
4.77791379 4.56768803 6.72512275
3.66256143 5.08608936 5.81659751
2.61381656 5.50524325 4.51621166
1.66252143 5.83173020 3.17690940
0.80772913 6.07369047 2.04732011
0.03061936 6.23830175 1.22214539
-0.69155562 6.33069116 0.68336582
-1.37716996 6.35396830 0.36286832
-2.03747974 6.30980246 0.18702074
-2.67716336 6.19910300 0.09719900
-3.29608531 6.02258357 0.05406491
-3.89109696 5.78115130 0.03429979
-4.45741279 5.47614152 0.02542344
-4.98950978 5.10944283 0.02132819
-5.48165991 4.68355349 0.01925410
-5.92823046 4.20159787 0.01803767
-6.32385587 3.66732003 0.01721467
-6.66354516 3.08506354 0.01660553
-6.94275888 2.45974165 0.01613996
-7.15747120 1.79680001 0.01578843
-7.30422359 1.10217281 0.01553684
-7.38017226 0.38223289 0.01537775
-7.38312984 -0.35626365 0.01530730
-7.31160096 -1.10623787 0.01532422
-7.16481161 -1.86035286 0.01542946
-6.94273170 -2.61108260 0.01562623
-6.64609065 -3.35078413 0.01592009
-6.27638560 -4.07177234 0.01631929
-5.83588210 -4.76639685 0.01683525
-5.32760707 -5.42711994 0.01748321
-4.75533406 -6.04659511 0.01828326
-4.12356076 -6.61774528 0.01926164
-3.43747886 -7.13383991 0.02045271
-2.70293662 -7.58857029 0.02190158
-1.92639421 -7.97612220 0.02366803
-1.11487255 -8.29124512 0.02583195
-0.27589600 -8.52931753 0.02850155
0.58257020 -8.68640726 0.03182525
1.45218681 -8.75932666 0.03600988
2.32431042 -8.74568190 0.04134820
3.19006448 -8.64391621 0.04826193
4.04040890 -8.45334670 0.05736927
4.86620436 -8.17419536 0.06959299
5.65826568 -7.80761444 0.08633486
6.40739495 -7.35570806 0.10976021
7.10438003 -6.82155240 0.14326353
7.73993494 -6.20921914 0.19222914
8.30454550 -5.52380984 0.26525826
8.78816381 -4.77151355 0.37609460
9.17967284 -3.95970738 0.54648523
9.46602848 -3.09712855 0.80999485
9.63102312 -2.19415564 1.21594453
9.65379676 -1.26323565 1.83042024
9.50773164 -0.31945953 2.72686690
9.16139808 0.61882242 3.95318938
8.58455620 1.52969314 5.46379224
7.76221122 2.38835157 7.03378229
6.71481030 3.16959396 8.23872262
5.51180424 3.85220638 8.61419701
4.26012997 4.42367923 7.95918181
3.06596133 4.88239160 6.50486401
1.99614740 5.23566954 4.74960619
1.06679096 5.49514537 3.14324758
0.25842718 5.67233232 1.91329461
-0.46141268 5.77618259 1.08552610
-1.12248467 5.81259625 0.58155924
-1.74547584 5.78502193 0.29910036
-2.34171295 5.69537198 0.15170952
-2.91534208 5.54483663 0.07945958
-3.46584812 5.33446565 0.04584265
-3.99005866 5.06552979 0.03074639
-4.48348060 4.73972105 0.02400287
-4.94109851 4.35925074 0.02084999
-5.35782015 3.92688797 0.01920470
-5.72871957 3.44596530 0.01820785
-6.04917570 2.92036568 0.01752057
-6.31496042 2.35449812 0.01701198
-6.52230301 1.75326522 0.01663056
-6.66794268 1.12202423 0.01635456
-6.74917374 0.46654238 0.01617381
-6.76388492 -0.20705288 0.01608337
-6.71059315 -0.89232844 0.01608133
-6.58847142 -1.58260421 0.01616811
-6.39737069 -2.27101566 0.01634629
-6.13783520 -2.95057930 0.01662068
-5.81111125 -3.61426082 0.01699857
-5.41914913 -4.25504514 0.01749008
-4.96459784 -4.86600769 0.01810874
-4.45079291 -5.44038628 0.01887228
-3.88173697 -5.97165282 0.01980369
-3.26207343 -6.45358411 0.02093276
-2.59705329 -6.88033116 0.02229811
-1.89249535 -7.24648614 0.02395013
-1.15474025 -7.54714639 0.02595506
-0.39059876 -7.77797481 0.02840071
0.39270509 -7.93525588 0.03140491
1.18759519 -8.01594695 0.03512756
1.98620793 -8.01772419 0.03978855
2.78045890 -7.93902277 0.04569433
3.56211006 -7.77907114 0.05327796
4.32283501 -7.53791922 0.06315989
5.05427926 -7.21646087 0.07624082
5.74811090 -6.81645109 0.09384413
6.39605499 -6.34051926 0.11793378
6.98990209 -5.79218030 0.15144500
7.52147727 -5.17584718 0.19877645
7.98255107 -4.49684939 0.26649675
8.36467002 -3.76146481 0.36429535
8.65888618 -2.97697412 0.50611182
8.85538331 -2.15174910 0.71112715
8.94305379 -1.29538372 1.00377332
8.90920640 -0.41886636 1.41103434
8.73980815 0.46523725 1.95431537
8.42094533 1.34267647 2.63319901
7.94230434 2.19764924 3.40209035
7.30291137 3.01340696 4.15062766
6.51761903 3.77351206 4.71093062
5.62043180 4.46365765 4.91189134
4.66027844 5.07350719 4.66525157
3.68885799 5.59772063 4.02321538
2.74653397 6.03560506 3.15526777
1.85426843 6.38958249 2.26172712
1.01472388 6.66327735 1.49191127
0.21936159 6.86002208 0.91270170
-0.54368473 6.98212798 0.52277674
-1.28423191 7.03082605 0.28431980
-2.00776201 7.00659071 0.15044998
-2.71534306 6.90957977 0.08082682
-3.40460364 6.74002959 0.04690126
-4.07092802 6.49854336 0.03112091
-4.70845657 6.18627246 0.02387169
-5.31078053 5.80501563 0.02039119
-5.87137406 5.35726395 0.01852008
-6.38385035 4.84621259 0.01734991
-6.84211749 4.27575261 0.01651889
-7.24048313 3.65044960 0.01588574
-7.57373475 2.97551283 0.01539311
-7.83720741 2.25675626 0.01501497
-8.02684399 1.50055239 0.01473757
-8.13924933 0.71377938 0.01455288
-8.17173827 -0.09623809 0.01445630
-8.12237751 -0.92179373 0.01444580
-7.99002045 -1.75486959 0.01452170
-7.77433489 -2.58721072 0.01468658
-7.47582313 -3.41040372 0.01494543
-7.09583395 -4.21595855 0.01530597
-6.63656639 -4.99539268 0.01577911
-6.10106509 -5.74031676 0.01637963
-5.49320706 -6.44252196 0.01712721
-4.81767981 -7.09406595 0.01804786
-4.07995120 -7.68735909 0.01917599
-3.28623086 -8.21524837 0.02055730
-2.44342386 -8.67109883 0.02225302
-1.55907668 -9.04887184 0.02434626
-0.64131648 -9.34319880 0.02695125
0.30121547 -9.54944996 0.03022765
1.25943547 -9.66379777 0.03440266
2.22389207 -9.68327401 0.03980588
3.18484184 -9.60582050 0.04692572
4.13232241 -9.43033325 0.05650215
5.05621769 -9.15670047 0.06968228
5.94630586 -8.78583551 0.08828668
6.79227510 -8.31970712 0.11527198
7.58368021 -7.76137139 0.15554579
8.30979279 -7.11501353 0.21741296
8.95926124 -6.38601433 0.31514116
9.51943535 -5.58106758 0.47344945
9.97511457 -4.70839460 0.73508099
10.30636395 -3.77813303 1.17259382
10.48500615 -2.80301798 1.90358232
10.46980785 -1.79950150 3.10067624
10.20216708 -0.78938479 4.96665232
9.60874587 0.19834742 7.61091742
8.62429018 1.12680536 10.77101172
7.24529828 1.95430951 13.53108444
5.58965326 2.64375088 14.57927382
3.88690625 3.17536345 13.25234046
2.36621949 3.55333189 10.24012584
1.14291894 3.79992558 6.90019438
0.20808491 3.94290535 4.18155688
-0.50902493 4.00598557 2.34105866
-1.08381879 4.00563757 1.23608815
-1.57203863 3.95195329 0.62607848
-2.00756073 3.85072997 0.30996171
-2.40799345 3.70533449 0.15430497
-2.78079207 3.51797977 0.08085724
-3.12773302 3.29048615 0.04736743
-3.44769332 3.02469477 0.03243564
-3.73822216 2.72267371 0.02579514
-3.99637627 2.38681012 0.02275172
-4.21914791 2.01984238 0.02124949
-4.40368281 1.62486157 0.02042136
-4.54739542 1.20529670 0.01991290
-4.64803578 0.76489074 0.01958243
-4.70373348 0.30767075 0.01937401
-4.71302998 -0.16208641 0.01926578
-4.67490392 -0.63989200 0.01924956
-4.58879127 -1.12108629 0.01932322
-4.45460066 -1.60088213 0.01948779
-4.27272412 -2.07441072 0.01974650
-4.04404310 -2.53676907 0.02010458
-3.76992967 -2.98306890 0.02056930
-3.45224271 -3.40848633 0.02115021
-3.09331934 -3.80831193 0.02185948
-2.69596113 -4.17800075 0.02271241
-2.26341557 -4.51322160 0.02372802
-1.79935271 -4.80990530 0.02492990
-1.30783711 -5.06429129 0.02634717
-0.79329529 -5.27297210 0.02801587
-0.26047917 -5.43293522 0.02998059
0.28557452 -5.54160198 0.03229659
0.83958818 -5.59686284 0.03503252
1.39609036 -5.59710891 0.03827374
1.94946539 -5.54125911 0.04212658
2.49400493 -5.42878285 0.04672334
3.02396111 -5.25971786 0.05222845
3.53360044 -5.03468295 0.05884531
4.01725814 -4.75488553 0.06682365
4.46939212 -4.42212388 0.07646627
4.88463644 -4.03878396 0.08813343
5.25785389 -3.60783086 0.10224151
5.58418821 -3.13279472 0.11925075
5.85911655 -2.61775123 0.13963467
6.07850415 -2.06729616 0.16382105
6.23866398 -1.48651376 0.19209391
6.33642489 -0.88093807 0.22444837
6.36921241 -0.25650595 0.26040028
6.33514492 0.38049981 0.29877225
6.23314397 1.02351886 0.33750890
6.06305077 1.66579471 0.37360796
5.82573043 2.30046916 0.40327519
5.52313565 2.92068728 0.42238934
5.15829707 3.51970764 0.42727835
4.73521473 4.09100888 0.41566293
4.25864858 4.62838234 0.38747623
3.73383951 5.12600140 0.34521351
3.16622411 5.57846318 0.29357966
2.56121664 5.98080505 0.23847197
1.92411235 6.32850523 0.18562984
1.26012257 6.61748048 0.13943369
0.57450488 6.84409241 0.10225001
-0.12727658 7.00516932 0.07445075
-0.83942373 7.09804332 0.05494844
-1.55574780 7.12059782 0.04193107
-2.26968818 7.07131773 0.03350237
-2.97438838 6.94933570 0.02807207
-3.66280196 6.75446995 0.02449183
-4.32780604 6.48725153 0.02202083
-4.96230919 6.14894098 0.02022003
-5.55934937 5.74153486 0.01884318
-6.11218240 5.26776300 0.01775495
-6.61436306 4.73107723 0.01687940
-7.05982077 4.13563182 0.01617150
-7.44293077 3.48625634 0.01560261
-7.75858123 2.78842075 0.01515337
-8.00223603 2.04819338 0.01481030
-8.16999254 1.27219198 0.01456399
-8.25863451 0.46752791 0.01440821
-8.26567834 -0.35825538 0.01433940
-8.18941339 -1.19724979 0.01435630
-8.02893504 -2.04125500 0.01445999
-7.78417036 -2.88185540 0.01465379
-7.45589584 -3.71050051 0.01494356
-7.04574704 -4.51858893 0.01533803
-6.55621964 -5.29755389 0.01584931
-5.99066208 -6.03895069 0.01649375
-5.35325937 -6.73454453 0.01729302
-4.64900841 -7.37639803 0.01827583
-3.88368458 -7.95695787 0.01948020
-3.06380036 -8.46913882 0.02095686
-2.19655579 -8.90640539 0.02277420
-1.28978176 -9.26284964 0.02502552
-0.35187651 -9.53326433 0.02784015
0.60826351 -9.71321098 0.03140032
1.58131710 -9.79908209 0.03596780
2.55761439 -9.78815697 0.04192638
3.52721265 -9.67865103 0.04985121
4.47996768 -9.46975867 0.06062448
5.40559392 -9.16169015 0.07563194
6.29370192 -8.75570432 0.09710352
7.13379320 -8.25414004 0.12871312
7.91517724 -7.66045235 0.17664826
8.62674749 -6.97926410 0.25152963
9.25650345 -6.21645285 0.37184516
9.79062247 -5.37930829 0.56997759
10.21176000 -4.47682213 0.90230026
10.49612490 -3.52021306 1.46440522
10.60892634 -2.52383782 2.40868580
10.49865025 -1.50665143 3.94769641
10.09375320 -0.49420671 6.29393375
9.31235393 0.47949910 9.44924990
8.10210334 1.37249910 12.83335712
6.51146407 2.14113038 15.13061410
4.73421612 2.75306890 15.04048805
3.04023420 3.19985944 12.54316859
1.62709117 3.49765981 8.94996458
0.54416654 3.67551269 5.64296718
-0.26460625 3.76207281 3.24516146
-0.88513114 3.77886575 1.74533182
-1.38920420 3.73968153 0.89470653
-1.82368596 3.65258981 0.44483405
-2.21465082 3.52219506 0.21939822
-2.57451488 3.35130557 0.11129976
-2.90779721 3.14196932 0.06131010
-3.21485154 2.89605275 0.03881078
-3.49402526 2.61553843 0.02881516
-3.74282331 2.30266519 0.02432743
-3.95850767 1.95998486 0.02221704
-4.13839955 1.59037614 0.02113474
-4.28003394 1.19703662 0.02051748
-4.38124354 0.78346301 0.02013629
-4.44020961 0.35342438 0.01989973
-4.45549663 -0.08906939 0.01977179
-4.42607838 -0.53980285 0.01973872
-4.35135802 -0.99439318 0.01979606
-4.23118345 -1.44833102 0.01994374
-4.06585820 -1.89702343 0.02018427
-3.85614777 -2.33583856 0.02052222
-3.60328143 -2.76015163 0.02096410
-3.30894936 -3.16539183 0.02151849
-2.97529519 -3.54708966 0.02219639
-2.60490361 -3.90092424 0.02301154
-2.20078362 -4.22276991 0.02398095
-1.76634696 -4.50874210 0.02512559
-1.30538232 -4.75524159 0.02647113
-0.82202500 -4.95899683 0.02804908
-0.32072296 -5.11710392 0.02989795
0.19380112 -5.22706374 0.03206498
0.71659110 -5.28681583 0.03460800
1.24250156 -5.29476860 0.03759788
1.76624466 -5.24982561 0.04112139
2.28243896 -5.15140752 0.04528448
2.78565999 -4.99946942 0.05021608
3.27049186 -4.79451343 0.05607190
3.73157952 -4.53759623 0.06303805
4.16368118 -4.23033147 0.07133329
4.56172067 -3.87488698 0.08120861
4.92083951 -3.47397656 0.09294152
5.23644882 -3.03084647 0.10682163
5.50428171 -2.54925627 0.12312273
5.72044718 -2.03345402 0.14205584
5.88148711 -1.48814529 0.16369833
5.98443812 -0.91845569 0.18789685
6.02690031 -0.32988591 0.21414955
6.00711314 0.27174135 0.24148532
5.92403639 0.88034347 0.26837521
5.77742970 1.48964956 0.29272733
5.56791822 2.09328084 0.31202319
5.29702756 2.68483805 0.32363443
4.96716913 3.25799170 0.32530775
4.58156324 3.80656967 0.31572618
4.14410062 4.32463552 0.29497983
3.65916224 4.80655219 0.26475513
3.13143472 5.24702807 0.22811590
2.56576411 5.64114703 0.18889517
1.96708054 5.98438764 0.15087916
1.34040186 6.27263919 0.11705652
0.69089696 6.50222168 0.08917169
0.02397130 6.66991407 0.06767996
-0.65466412 6.77299116 0.05203477
-1.33896594 6.80926631 0.04113149
-2.02258042 6.77713508 0.03372572
-2.69890517 6.67561558 0.02871456
-3.36117465 6.50438194 0.02525916
-4.00255444 6.26378935 0.02278894
-4.61623454 5.95489004 0.02094629
-5.19551740 5.57944039 0.01951866
-5.73389987 5.13989965 0.01838224
-6.22514993 4.63942060 0.01746389
-6.66337904 4.08183246 0.01671848
-7.04311074 3.47161645 0.01611654
-7.35934558 2.81387396 0.01563792
-7.60762193 2.11428789 0.01526839
-7.78407249 1.37907709 0.01499797
-7.88547572 0.61494456 0.01481987
-7.90930161 -0.17098032 0.01473001
-7.85375151 -0.97120510 0.01472665
-7.71779130 -1.77794254 0.01481029
-7.50117746 -2.58318323 0.01498368
-7.20447574 -3.37877201 0.01525198
-6.82907205 -4.15648737 0.01562303
-6.37717533 -4.90812276 0.01610783
-5.85181221 -5.62557086 0.01672129
-5.25681336 -6.30090644 0.01748311
-4.59679162 -6.92647082 0.01841933
-3.87711189 -7.49495468 0.01956417
-3.10385310 -7.99947922 0.02096300
-2.28376252 -8.43367470 0.02267637
-1.42420296 -8.79175558 0.02478600
-0.53309289 -9.06859198 0.02740371
0.38115833 -9.25977520 0.03068481
1.30972062 -9.36167877 0.03484875
2.24341626 -9.37151292 0.04021132
3.17279397 -9.28737297 0.04723610
4.08820101 -9.10828111 0.05661776
4.97984824 -8.83422216 0.06941984
5.83786054 -8.46617405 0.08730599
6.65229957 -8.00613511 0.11293378
7.41313691 -7.45715193 0.15063237
8.11014018 -6.82335437 0.20757403
8.73260760 -6.11000974 0.29579220
9.26884366 -5.32361688 0.43559693
9.70520571 -4.47207479 0.66112600
10.02448366 -3.56498248 1.02863103
10.20337659 -2.61415243 1.62664997
10.20913446 -1.63443488 2.58209767
9.99659145 -0.64489734 4.04369710
9.50963723 0.32984461 6.10458442
8.69531050 1.25897060 8.62723058
7.53830799 2.10720952 11.03829189
6.10552807 2.84084796 12.39141024
4.55693337 3.43712822 11.96381061
3.08493444 3.89139816 9.91903970
1.82252415 4.21601261 7.17177474
0.80347222 4.43201272 4.63195327
-0.00932738 4.56030189 2.73698937
-0.67603040 4.61694189 1.50915997
-1.24945284 4.61245610 0.78919366
-1.76543708 4.55308115 0.39790161
-2.24426359 4.44237639 0.19798503
-2.69526369 4.28251597 0.10105819
-3.12110113 4.07514206 0.05608207
-3.52079001 3.82186466 0.03587950
-3.89154892 3.52452790 0.02692454
-4.22984540 3.18533820 0.02287491
-4.53195178 2.80691651 0.02091177
-4.79423395 2.39231022 0.01984032
-5.01330442 1.94498389 0.01917384
-5.18611041 1.46879796 0.01871964
-5.30999128 0.96797987 0.01840227
-5.38272117 0.44708964 0.01819194
-5.40254329 -0.08901913 0.01807665
-5.36819832 -0.63524214 0.01805182
-5.27894775 -1.18627082 0.01811658
-5.13459211 -1.73664172 0.01827248
-4.93548414 -2.28078870 0.01852314
-4.68253656 -2.81309687 0.01887423
-4.37722434 -3.32795840 0.01933372
-4.02158146 -3.81982939 0.01991218
-3.61819192 -4.28328713 0.02062327
-3.17017505 -4.71308748 0.02148436
-2.68116531 -5.10422156 0.02251744
-2.15528642 -5.45197127 0.02375020
-1.59712024 -5.75196307 0.02521754
-1.01167051 -6.00021943 0.02696359
-0.40432194 -6.19320743 0.02904434
0.21920539 -6.32788394 0.03153117
0.85290511 -6.40173694 0.03451560
1.49053742 -6.41282260 0.03811561
2.12568438 -6.35979748 0.04248422
2.75180741 -6.24194585 0.04782080
3.36230581 -6.05920158 0.05438632
3.95057544 -5.81216458 0.06252322
4.51006660 -5.50211168 0.07268121
5.03433971 -5.13100200 0.08544938
5.51711776 -4.70147688 0.10159455
5.95233453 -4.21685486 0.12210272
6.33417795 -3.68112178 0.14821646
6.65712934 -3.09891661 0.18145232
6.91600146 -2.47551308 0.22357023
7.10598171 -1.81679700 0.27644998
7.22269230 -1.12923789 0.34181304
7.26228564 -0.41985249 0.42072268
7.22159838 0.30384493 0.51282312
7.09838724 1.03391268 0.61536802
6.89165564 1.76208176 0.72226134
6.60204600 2.47989450 0.82355958
6.23221748 3.17888601 0.90604325
5.78707120 3.85080103 0.95534313
5.27366278 4.48782342 0.95952811
4.70069947 5.08278098 0.91313674
4.07766602 5.62928367 0.81990783
3.41380292 6.12176645 0.69263548
2.71726379 6.55543603 0.54983174
1.99472536 6.92615247 0.41052641
1.25153073 7.23029627 0.28944341
0.49222686 7.46466889 0.19438519
-0.27876724 7.62645457 0.12633959
-1.05660994 7.71324465 0.08153463
-1.83573839 7.72310574 0.05409976
-2.60982541 7.65466633 0.03822005
-3.37191239 7.50719964 0.02930332
-4.11461937 7.28069016 0.02425709
-4.83035915 6.97587960 0.02124592
-5.51152020 6.59429364 0.01928660
-6.15061223 6.13825256 0.01789176
-6.74038222 5.61086905 0.01683026
-7.27391131 5.01603518 0.01599200
-7.74469996 4.35840011 0.01532116
-8.14674594 3.64333899 0.01478627
-8.47461673 2.87691375 0.01436755
-8.72351680 2.06582597 0.01405177
-8.88934934 1.21736237 0.01382995
-8.96877235 0.33933304 0.01369631
-8.95924766 -0.55999662 0.01364771
-8.85908314 -1.47198013 0.01368342
-8.66746713 -2.38766948 0.01380502
-8.38449463 -3.29789939 0.01401653
-8.01118492 -4.19337541 0.01432459
-7.54949018 -5.06476524 0.01473894
-7.00229499 -5.90279217 0.01527310
-6.37340642 -6.69833013 0.01594525
-5.66753487 -7.44249845 0.01677970
-4.89026523 -8.12675784 0.01780889
-4.04801923 -8.74300266 0.01907622
-3.14800870 -9.28365242 0.02064048
-2.19818053 -9.74173948 0.02258205
-1.20715369 -10.11099249 0.02501282
-0.18414956 -10.38591494 0.02809110
0.86108354 -10.56185787 0.03204557
1.91834963 -10.63508628 0.03721404
2.97708569 -10.60283871 0.04410778
4.02643935 -10.46338005 0.05352115
5.05533692 -10.21604796 0.06672305
6.05252988 -9.86129428 0.08579967
7.00659831 -9.40072454 0.11428287
7.90587117 -8.83714165 0.15832705
8.73818655 -8.17460570 0.22895138
9.49034303 -7.41853304 0.34635596
10.14695501 -6.57587947 0.54821941
10.68817329 -5.65549396 0.90531085
11.08533400 -4.66880411 1.54912539
11.29320677 -3.63111441 2.71378335
11.23809419 -2.56392595 4.77376706
10.80598595 -1.49858243 8.18492763
9.85115753 -0.48043745 13.09248884
8.27017173 0.43062384 18.44218678
6.15732153 1.17159296 21.54719029
3.88825601 1.70222598 20.14024650
1.91661389 2.02616335 15.18310743
0.46958676 2.18329367 9.64683503
-0.49202436 2.22292204 5.44562484
-1.11577208 2.18452330 2.85015869
-1.53617763 2.09352151 1.42420970
-1.84105904 1.96458388 0.69389902
-2.07915683 1.80589488 0.33637249
-2.27485082 1.62222106 0.16678396
-2.43921265 1.41670506 0.08820985
-2.57658870 1.19181342 0.05243796
-2.68813555 0.94980485 0.03634328
-2.77361370 0.69294747 0.02913994
-2.83226670 0.42361040 0.02591146
-2.86324332 0.14429417 0.02445983
-2.86579896 -0.14236842 0.02381844
-2.83939282 -0.43362587 0.02356823
-2.78373606 -0.72662887 0.02353001
-2.69881661 -1.01845519 0.02362860
-2.58491223 -1.30613681 0.02383376
-2.44259663 -1.58668871 0.02413484
-2.27274108 -1.85713850 0.02453002
-2.07651229 -2.11455663 0.02502187
-1.85536685 -2.35608687 0.02561545
-1.61104269 -2.57897667 0.02631759
-1.34554729 -2.78060710 0.02713668
-1.06114305 -2.95852205 0.02808258
-0.76032971 -3.11045642 0.02916667
-0.44582408 -3.23436295 0.03040190
-0.12053711 -3.32843742 0.03180284
0.21245141 -3.39114191 0.03338563
0.54992043 -3.42122586 0.03516791
0.88853714 -3.41774470 0.03716861
1.22488833 -3.38007567 0.03940752
1.55551318 -3.30793091 0.04190461
1.87693725 -3.20136728 0.04467901
2.18570751 -3.06079296 0.04774749
2.47842800 -2.88697058 0.05112239
2.75179583 -2.68101678 0.05480875
3.00263734 -2.44439823 0.05880075
3.22794401 -2.17892373 0.06307729
3.42490797 -1.88673271 0.06759688
3.59095656 -1.57027989 0.07229221
3.72378582 -1.23231618 0.07706506
3.82139230 -0.87586590 0.08178246
3.88210267 -0.50420048 0.08627550
3.90460045 -0.12080866 0.09034242
3.88794903 0.27063627 0.09375743
3.83161003 0.66631216 0.09628633
3.73545611 1.06228585 0.09770882
3.59977734 1.45455287 0.09784563
3.42528082 1.83907814 0.09658685
3.21308345 2.21183725 0.09391586
2.96469870 2.56885737 0.08992301
2.68201868 2.90625752 0.08480402
2.36729324 3.22028761 0.07884117
2.02310791 3.50736615 0.07236953
1.65236206 3.76411641 0.06573478
1.25824768 3.98740124 0.05925126
0.84422867 4.17435634 0.05316932
0.41401936 4.32242226 0.04765755
-0.02843916 4.42937463 0.04280141
-0.47900614 4.49335252 0.03861523
-0.93337267 4.51288438 0.03506188
-1.38709776 4.48691117 0.03207406
-1.83564852 4.41480596 0.02957259
-2.27444367 4.29638987 0.02747936
-2.69889956 4.13194361 0.02572465
-3.10447746 3.92221474 0.02425012
-3.48673163 3.66842002 0.02300888
-3.84135720 3.37224322 0.02196407
-4.16423750 3.03582780 0.02108713
-4.45149019 2.66176496 0.02035595
-4.69951180 2.25307673 0.01975351
-4.90502024 1.81319430 0.01926676
-5.06509478 1.34593186 0.01888578
-5.17721312 0.85545590 0.01860326
-5.23928520 0.34625032 0.01841409
-5.24968322 -0.17692225 0.01831511
-5.20726755 -0.70906298 0.01830498
-5.11140835 -1.24498243 0.01838406
-4.96200236 -1.77934909 0.01855448
-4.75948475 -2.30674034 0.01882012
-4.50483583 -2.82169537 0.01918700
-4.19958232 -3.31876960 0.01966322
-3.84579322 -3.79259001 0.02025953
-3.44607016 -4.23791099 0.02098974
-3.00353221 -4.64966985 0.02187134
-2.52179522 -5.02304192 0.02292636
-2.00494585 -5.35349422 0.02418246
-1.45751046 -5.63683731 0.02567438
-0.88441888 -5.86927514 0.02744583
-0.29096392 -6.04745145 0.02955203
0.31724357 -6.16849318 0.03206302
0.93432334 -6.23004995 0.03506804
1.55417760 -6.23032924 0.03868141
2.17054550 -6.16812694 0.04305020
2.77705951 -6.04285282 0.04836436
3.36730299 -5.85455086 0.05486991
3.93486795 -5.60391414 0.06288588
4.47341214 -5.29229409 0.07282534
4.97671454 -4.92170447 0.08522067
5.43872822 -4.49481973 0.10075154
5.85362994 -4.01496824 0.12027203
6.21586662 -3.48612062 0.14482840
6.52019955 -2.91287313 0.17565287
6.76174954 -2.30042633 0.21410800
6.93604924 -1.65455841 0.26154578
7.03911259 -0.98159203 0.31903698
7.06753586 -0.28835187 0.38693147
7.01864661 0.41789099 0.46424441
6.89071367 1.12949404 0.54794659
6.68321600 1.83854395 0.63236633
6.39713989 2.53698831 0.70905819
6.03523383 3.21679866 0.76754939
5.60211573 3.87015610 0.79720730
5.10412504 4.48963939 0.79000164
4.54886948 5.06838658 0.74331094
3.94452677 5.60020071 0.66153382
3.29908176 6.07958202 0.55553098
2.61973445 6.50169034 0.43986777
1.91265903 6.86226364 0.32892319
1.18315079 7.15753057 0.23346173
0.43604533 7.38415113 0.15890155
-0.32378637 7.53920410 0.10556449
-1.09104523 7.62022025 0.07029822
-1.85980594 7.62524643 0.04848344
-2.62351087 7.55292099 0.03562560
-3.37509384 7.40254409 0.02819926
-4.10715983 7.17413365 0.02383237
-4.81216631 6.86846375 0.02111120
-5.48258057 6.48708666 0.01927079
-6.11100877 6.03234085 0.01792512
-6.69030253 5.50734735 0.01688580
-7.21365070 4.91599599 0.01605945
-7.67466175 4.26292272 0.01539641
-8.06744001 3.55347839 0.01486749
-8.38665661 2.79368948 0.01445385
-8.62761570 1.99021113 0.01414269
-8.78631496 1.15027292 0.01392530
-8.85950069 0.28161730 0.01379604
-8.84471576 -0.60756780 0.01375199
-8.74034089 -1.50872276 0.01379249
-8.54562815 -2.41299510 0.01391928
-8.26072632 -3.31132292 0.01413649
-7.88669776 -4.19452216 0.01445089
-7.42552642 -5.05337690 0.01487238
-6.88011678 -5.87873179 0.01541460
-6.25428347 -6.66158592 0.01609593
-5.55273181 -7.39318661 0.01694089
-4.78102876 -8.06512377 0.01798215
-3.94556521 -8.66942119 0.01926339
-3.05350928 -9.19862671 0.02084366
-2.11275141 -9.64589847 0.02280369
-1.13184186 -10.00508721 0.02525559
-0.11992123 -10.27081335 0.02835776
0.91335424 -10.43853853 0.03233857
1.95789148 -10.50463069 0.03753454
3.00324042 -10.46642255 0.04445356
4.03867112 -10.32226314 0.05388211
5.05324140 -10.07156314 0.06707153
6.03584359 -9.71483516 0.08606944
6.97520993 -9.25373194 0.11432334
7.85983834 -8.69108843 0.15780184
8.67776659 -8.03097896 0.22711153
9.41605668 -7.27881141 0.34152912
10.05972622 -6.44150026 0.53666074
10.58964066 -5.52779798 0.87865786
10.97853617 -4.54893147 1.48899834
11.18402352 -3.51979506 2.58141840
11.13797732 -2.46105976 4.49449691
10.73600503 -1.40246234 7.64075031
9.84438474 -0.38658279 12.17309350
8.36291718 0.53044273 17.21824175
6.36125361 1.28848812 20.42104130
4.16673967 1.84632671 19.56397429
2.20617466 2.20237744 15.18156955
0.72388578 2.39079153 9.91398002
-0.28863550 2.45776626 5.72552600
-0.96126918 2.44214495 3.04969436
-1.42415065 2.36976281 1.54315369
-1.76634526 2.25580913 0.75761113
-2.03878484 2.10880425 0.36803388
-2.26745063 1.93366091 0.18159183
-2.46426915 1.73354781 0.09474336
-2.63390369 1.51090089 0.05511339
-2.77750745 1.26793328 0.03728445
-2.89466617 1.00687654 0.02931245
-2.98436404 0.73008493 0.02573304
-3.04545257 0.44007220 0.02410307
-3.07687621 0.13951550 0.02335160
-3.07778231 -0.16875690 0.02301710
-3.04757680 -0.48178616 0.02290381
-2.98595386 -0.79650799 0.02293017
-2.89291289 -1.10978056 0.02306344
-2.76876801 -1.41841428 0.02329184
-2.61415275 -1.71920295 0.02361292
-2.43002077 -2.00895566 0.02402875
-2.21764304 -2.28452942 0.02454397
-1.97860163 -2.54286184 0.02516512
-1.71478021 -2.78100372 0.02590038
-1.42835125 -2.99615121 0.02675956
-1.12176012 -3.18567716 0.02775423
-0.79770605 -3.34716128 0.02889783
-0.45912017 -3.47841889 0.03020582
-0.10914083 -3.57752790 0.03169583
0.24891370 -3.64285368 0.03338773
0.61157491 -3.67307157 0.03530372
0.97525584 -3.66718673 0.03746814
1.33628470 -3.62455109 0.03990727
1.69094014 -3.54487715 0.04264868
2.03548776 -3.42824846 0.04572027
2.36621763 -3.27512657 0.04914865
2.67948248 -3.08635421 0.05295687
2.97173644 -2.86315479 0.05716105
3.23957370 -2.60712783 0.06176597
3.47976722 -2.32024055 0.06675934
3.68930692 -2.00481521 0.07210486
3.86543718 -1.66351256 0.07773436
4.00569330 -1.29931108 0.08353973
4.10793637 -0.91548226 0.08936599
4.17038616 -0.51556193 0.09500731
4.19165098 -0.10331786 0.10020841
4.17075369 0.31728619 0.10467393
4.10715249 0.74212942 0.10808784
4.00075522 1.16697562 0.11014336
3.85192595 1.58751665 0.11058160
3.66148300 1.99941700 0.10923342
3.43068862 2.39835873 0.10605689
3.16123088 2.78008577 0.10116017
2.85520013 3.14044703 0.09480204
2.51506240 3.47543784 0.08736589
2.14363262 3.78123953 0.07931047
1.74404966 4.05425708 0.07110720
1.31975406 4.29115528 0.06317823
0.87446773 4.48889338 0.05584919
0.41217390 4.64475847 0.04932571
-0.06290519 4.75639740 0.04369500
-0.54633485 4.82184691 0.03894720
-1.03350018 4.83956137 0.03500676
-1.51964418 4.80843756 0.03176439
-1.99991100 4.72783582 0.02910273
-2.46939334 4.59759705 0.02691290
-2.92318247 4.41805511 0.02510268
-3.35641970 4.19004433 0.02359832
-3.76434844 3.91490195 0.02234298
-4.14236590 3.59446537 0.02129360
-4.48607397 3.23106415 0.02041779
-4.79132878 2.82750673 0.01969114
-5.05428835 2.38706210 0.01909521
-5.27145806 1.91343617 0.01861605
-5.43973337 1.41074346 0.01824320
-5.55643932 0.88347385 0.01796904
-5.61936655 0.33645499 0.01778831
-5.62680321 -0.22518959 0.01769781
-5.57756246 -0.79608616 0.01769625
-5.47100528 -1.37065997 0.01778417
-5.30705821 -1.94318740 0.01796395
-5.08622556 -2.50785086 0.01823990
-4.80959631 -3.05879554 0.01861854
-4.47884515 -3.59018784 0.01910867
-4.09622761 -4.09627478 0.01972208
-3.66456931 -4.57144377 0.02047391
-3.18724936 -5.01028231 0.02138342
-2.66817783 -5.40763681 0.02247509
-2.11176754 -5.75867006 0.02377990
-1.52290044 -6.05891676 0.02533720
-0.90688862 -6.30433653 0.02719708
-0.26943059 -6.49136371 0.02942370
0.38343706 -6.61695378 0.03209970
1.04539161 -6.67862520 0.03533224
1.70987967 -6.67449706 0.03926129
2.37017504 -6.60332156 0.04407089
3.01943836 -6.46451132 0.05000467
3.65077726 -6.25816107 0.05738692
4.25730605 -5.98506379 0.06665117
4.83220333 -5.64672122 0.07837824
5.36876612 -5.24534893 0.09334574
5.86045857 -4.78387625 0.11258985
6.30095374 -4.26594165 0.13747705
6.68416746 -3.69588422 0.16977694
7.00428451 -3.07873188 0.21171462
7.25578106 -2.42018704 0.26595985
7.43345266 -1.72660946 0.33547986
7.53246616 -1.00499500 0.42314861
7.54846576 -0.26294621 0.53098536
7.47777432 0.49137277 0.65893122
7.31773280 1.24930914 0.80322412
7.06719914 2.00183829 0.95474676
6.72716714 2.73973998 1.09815636
6.30136607 3.45384143 1.21291096
5.79659679 4.13531489 1.27704171
5.22252878 4.77599015 1.27333912
4.59080913 5.36861848 1.19585960
3.91361766 5.90702148 1.05353333
3.20210727 6.38608655 0.86849337
2.46528289 6.80162258 0.66945689
1.70968770 7.15013838 0.48322478
0.93989342 7.42862712 0.32811509
0.15946463 7.63442339 0.21158768
-0.62804117 7.76516007 0.13187874
-1.41836363 7.81881268 0.08179331
-2.20623453 7.79379591 0.05255843
-2.98541275 7.68907491 0.03642945
-3.74891314 7.50426409 0.02777617
-4.48929249 7.23970107 0.02306278
-5.19890948 6.89649404 0.02031933
-5.87012946 6.47654654 0.01855113
-6.49547818 5.98256479 0.01729163
-7.06775973 5.41805148 0.01633019
-7.58015302 4.78728877 0.01557023
-8.02629624 4.09531189 0.01496378
-8.40036369 3.34787398 0.01448389
-8.69713698 2.55140287 0.01411362
-8.91207077 1.71294994 0.01384168
-9.04135258 0.84013187 0.01366054
-9.08195679 -0.05893513 0.01356563
-9.03169093 -0.97570669 0.01355492
-8.88923511 -1.90128806 0.01362873
-8.65417317 -2.82651673 0.01378969
-8.32701536 -3.74204955 0.01404299
-7.90921216 -4.63845340 0.01439664
-7.40315892 -5.50629866 0.01486203
-6.81219122 -6.33625450 0.01545471
-6.14057051 -7.11918549 0.01619556
-5.39346048 -7.84624756 0.01711243
-4.57689385 -8.50898371 0.01824262
-3.69773014 -9.09941734 0.01963629
-2.76360457 -9.61014320 0.02136180
-1.78286878 -10.03441411 0.02351357
-0.76452404 -10.36622348 0.02622420
0.28185217 -10.60038231 0.02968361
1.34618417 -10.73258984 0.03416967
2.41797919 -10.75949786 0.04009882
3.48640776 -10.67876797 0.04811137
4.54037817 -10.48912215 0.05921940
5.56859574 -10.19038751 0.07506960
6.55959045 -9.78353737 0.09842251
7.50168215 -9.27073316 0.13404718
8.38282501 -8.65537611 0.19042588
9.19021693 -7.94218615 0.28305261
9.90945080 -7.13734248 0.44085745
10.52277494 -6.24875254 0.71861294
11.00566319 -5.28657846 1.22004007
11.32038111 -4.26425867 2.13693613
11.40505014 -3.20041678 3.80010840
11.15907214 -2.12213036 6.68955535
10.43699807 -1.06950375 11.21582637
9.08973085 -0.09903303 16.95789921
7.10289716 0.72179586 21.67281250
4.75995653 1.33687663 22.22181224
2.55947472 1.73070934 18.08092200
0.86509457 1.93399765 12.09225386
-0.27458309 1.99886372 7.02932239
-0.99772411 1.97231911 3.73466658
-1.46212564 1.88638327 1.87897897
-1.77905089 1.75994289 0.91695859
-2.01258114 1.60351744 0.44276720
-2.19565677 1.42307061 0.21667667
-2.34381440 1.22232801 0.11139590
-2.46368523 1.00402188 0.06321595
-2.55761840 0.77051268 0.04143670
-2.62603659 0.52408183 0.03166444
-2.66859091 0.26705947 0.02729457
-2.68471428 0.00187219 0.02534953
-2.67388337 -0.26894789 0.02450656
-2.63574279 -0.54277236 0.02418527
-2.57016470 -0.81689497 0.02413393
-2.47727785 -1.08855459 0.02424493
-2.35748158 -1.35496090 0.02447359
-2.21145171 -1.61332142 0.02480283
-2.04014124 -1.86086947 0.02522799
-1.84477723 -2.09489261 0.02575023
-1.62685438 -2.31276106 0.02637385
-1.38812556 -2.51195598 0.02710511
-1.13058957 -2.69009720 0.02795178
-0.85647597 -2.84497010 0.02892293
-0.56822741 -2.97455141 0.03002893
-0.26847937 -3.07703362 0.03128136
0.03996241 -3.15084765 0.03269294
0.35414679 -3.19468368 0.03427745
0.67100397 -3.20750970 0.03604946
0.98737404 -3.18858771 0.03802395
1.30003707 -3.13748727 0.04021577
1.60574447 -3.05409618 0.04263871
1.90125141 -2.93862818 0.04530437
2.18334994 -2.79162752 0.04822048
2.44890264 -2.61397019 0.05138880
2.69487643 -2.40686182 0.05480244
2.91837631 -2.17183208 0.05844260
3.11667872 -1.91072562 0.06227497
3.28726415 -1.62568943 0.06624584
3.42784878 -1.31915678 0.07027852
3.53641453 -0.99382763 0.07427059
3.61123730 -0.65264576 0.07809302
3.65091267 -0.29877268 0.08159213
3.65437842 0.06444143 0.08459537
3.62093324 0.43348946 0.08692174
3.55025092 0.80474137 0.08839694
3.44238918 1.17448014 0.08887216
3.29779305 1.53893897 0.08824448
3.11729232 1.89433933 0.08647523
2.90209373 2.23692922 0.08360267
2.65376848 2.56302123 0.07974499
2.37423619 2.86902982 0.07509172
2.06574671 3.15150770 0.06988379
1.73086069 3.40718101 0.06438559
1.37242979 3.63298320 0.05885430
0.99357636 3.82608760 0.05351263
0.59767243 3.98393860 0.04853012
0.18831687 4.10428114 0.04401527
-0.23069003 4.18518852 0.04001841
-0.65537532 4.22508788 0.03654226
-1.08162594 4.22278326 0.03355621
-1.50522479 4.17747551 0.03101075
-1.92188999 4.08877893 0.02884919
-2.32731667 3.95673402 0.02701586
-2.71722037 3.78181626 0.02546073
-3.08738152 3.56494063 0.02414127
-3.43369016 3.30746162 0.02302260
-3.75219045 3.01116886 0.02207671
-4.03912444 2.67827810 0.02128139
-4.29097451 2.31141767 0.02061915
-4.50450422 1.91361050 0.02007631
-4.67679705 1.48825167 0.01964231
-4.80529259 1.03908190 0.01930915
-4.88781980 0.57015662 0.01907104
-4.92262700 0.08581167 0.01892405
-4.90840830 -0.40937480 0.01886603
-4.84432586 -0.91062367 0.01889646
-4.73002801 -1.41299896 0.01901655
-4.56566279 -1.91145454 0.01922906
-4.35188670 -2.40088283 0.01953858
-4.08986853 -2.87616516 0.01995167
-3.78128812 -3.33222324 0.02047707
-3.42832995 -3.76407138 0.02112612
-3.03367152 -4.16686871 0.02191319
-2.60046671 -4.53597106 0.02285629
-2.13232372 -4.86698237 0.02397793
-1.63327851 -5.15580379 0.02530607
-1.10776315 -5.39868158 0.02687554
-0.56056985 -5.59225231 0.02872971
0.00318930 -5.73358509 0.03092280
0.57812628 -5.82022045 0.03352271
1.15862456 -5.85020539 0.03661478
1.73888933 -5.82212416 0.04030653
2.31300007 -5.73512452 0.04473372
2.87496481 -5.58893905 0.05006793
3.41877549 -5.38390148 0.05652575
3.93846356 -5.12095758 0.06437972
4.42815538 -4.80167078 0.07397044
4.88212659 -4.42822235 0.08571864
5.29485515 -4.00340605 0.10013460
5.66107297 -3.53061749 0.11781992
5.97581673 -3.01383805 0.13945355
6.23447949 -2.45761342 0.16574977
6.43286618 -1.86702618 0.19737129
6.56725769 -1.24766197 0.23477915
6.63449007 -0.60556771 0.27800496
6.63205568 0.05280000 0.32634844
6.55823121 0.72063913 0.37803886
6.41223045 1.39088198 0.42995377
6.19436747 2.05629271 0.47754725
5.90619817 2.70958254 0.51516776
5.55059258 3.34353858 0.53688976
5.13168631 3.95115685 0.53780918
4.65467796 4.52576548 0.51549308
4.12548432 5.06112244 0.47105511
3.55032167 5.55147585 0.40932651
2.93532266 5.99158409 0.33789449
2.28629654 6.37670400 0.26527552
1.60869030 6.70256463 0.19889865
0.90773159 6.96534611 0.14364223
0.18867148 7.16167842 0.10135961
-0.54297611 7.28866535 0.07135176
-1.28127687 7.34392940 0.05137872
-2.01983069 7.32566797 0.03871090
-2.75182374 7.23271010 0.03087650
-3.47014039 7.06456568 0.02600620
-4.16749697 6.82146302 0.02286247
-4.83657224 6.50437368 0.02070669
-5.47012386 6.11502530 0.01913053
-6.06108992 5.65590365 0.01791820
-6.60267883 5.13024512 0.01695606
-7.08845101 4.54202044 0.01618179
-7.51239488 3.89591004 0.01555848
-7.86899807 3.19727160 0.01506245
-8.15331425 2.45209985 0.01467759
-8.36102514 1.66697914 0.01439273
-8.48849715 0.84902901 0.01420027
-8.53283238 0.00584313 0.01409549
-8.49191284 -0.85457754 0.01407616
-8.36443786 -1.72389738 0.01414237
-8.14995403 -2.59352342 0.01429646
-7.84887705 -3.45468689 0.01454331
-7.46250541 -4.29852825 0.01489040
-6.99302532 -5.11618480 0.01534850
-6.44350697 -5.89888019 0.01593226
-5.81789177 -6.63801497 0.01666129
-5.12097087 -7.32525664 0.01756160
-4.35835436 -7.95263052 0.01866777
-3.53643240 -8.51260669 0.02002589
-2.66232765 -8.99818591 0.02169816
-1.74384000 -9.40298162 0.02376936
-0.78938415 -9.72129757 0.02635697
0.19207920 -9.94820046 0.02962645
1.19111705 -10.07958684 0.03381543
2.19790119 -10.11224370 0.03927243
3.20228602 -10.04390248 0.04652040
4.19388311 -9.87328637 0.05636315
5.16212606 -9.60015154 0.07006798
6.09631490 -9.22532343 0.08968531
6.98562058 -8.75073128 0.11861964
7.81901518 -8.17944602 0.16266624
8.58506384 -7.51573244 0.23191521
9.27146081 -6.76513488 0.34426125
9.86409490 -5.93463280 0.53181218
10.34526947 -5.03293254 0.85222056
10.69048395 -4.07101116 1.40724521
10.86306384 -3.06309930 2.36798633
10.80656061 -2.02834529 3.99206050
10.43811655 -0.99328574 6.57640179
9.65500679 0.00546795 10.22121408
8.37890921 0.92081713 14.32508389
6.64927337 1.70183304 17.24968681
4.69474296 2.30995008 17.22957764
2.85029788 2.73575194 14.19570185
1.35605614 3.00027656 9.89014573
0.25912235 3.13952707 6.06053913
-0.52046858 3.18767694 3.39055852
-1.08989946 3.16947397 1.78134468
-1.53303942 3.10031047 0.89719563
-1.90215305 2.98903929 0.44118624
-2.22547906 2.84070466 0.21678277
-2.51639600 2.65841671 0.11038523
-2.78006665 2.44445444 0.06142158
-3.01746429 2.20085727 0.03937686
-3.22759482 1.92971983 0.02955562
-3.40865415 1.63332698 0.02514786
-3.55860920 1.31420684 0.02310284
-3.67548501 0.97514268 0.02209417
-3.75750817 0.61916417 0.02155984
-3.80318235 0.24952784 0.02126687
-3.81133179 -0.13030870 0.02112044
-3.78112908 -0.51671658 0.02108287
-3.71211452 -0.90592844 0.02114006
-3.60420975 -1.29407346 0.02128797
-3.45772701 -1.67721431 0.02152726
-3.27337419 -2.05138555 0.02186129
-3.05225597 -2.41263313 0.02229544
-2.79587076 -2.75705456 0.02283693
-2.50610383 -3.08083941 0.02349492
-2.18521624 -3.38030956 0.02428074
-1.83582974 -3.65195962 0.02520819
-1.46090796 -3.89249533 0.02629389
-1.06373362 -4.09887155 0.02755782
-0.64788221 -4.26832819 0.02902379
-0.21719209 -4.39842403 0.03072017
0.22426840 -4.48706811 0.03268053
0.67223687 -4.53254824 0.03494452
1.12229541 -4.53355633 0.03755873
1.56991142 -4.48921024 0.04057745
2.01048029 -4.39907182 0.04406342
2.43936967 -4.26316093 0.04808820
2.85196495 -4.08196523 0.05273189
3.24371553 -3.85644552 0.05808183
3.61018162 -3.58803646 0.06422956
3.94708127 -3.27864257 0.07126528
4.25033757 -2.93062947 0.07926874
4.51612576 -2.54681004 0.08829538
4.74092043 -2.13042564 0.09835682
4.92154283 -1.68512216 0.10939521
5.05520836 -1.21492079 0.12125218
5.13957413 -0.72418334 0.13363611
5.17278588 -0.21757223 0.14609303
5.15352296 0.29999517 0.15799178
5.08103877 0.82339733 0.16853574
4.95519275 1.34736412 0.17681379
4.77646929 1.86653615 0.18189815
4.54597853 2.37552622 0.18298475
4.26543560 2.86898119 0.17955518
3.93711806 3.34164176 0.17152179
3.56380580 3.78839827 0.15930966
3.14871226 4.20434104 0.14383695
2.69541861 4.58480481 0.12638185
2.20782177 4.92540805 0.10836327
1.69010258 5.22208879 0.09109379
1.14671355 5.47113903 0.07557554
0.58237917 5.66923922 0.06239170
0.00209793 5.81349380 0.05170941
-0.58886427 5.90146714 0.04337048
-1.18499583 5.93121893 0.03702332
-1.78057780 5.90133720 0.03224922
-2.36973645 5.81096738 0.02865306
-2.94650525 5.65983614 0.02591034
-3.50489186 5.44826919 0.02377864
-4.03894645 5.17720249 0.02208823
-4.54282949 4.84818690 0.02072469
-5.01087780 4.46338614 0.01961188
-5.43766864 4.02556804 0.01869872
-5.81808142 3.53808941 0.01795017
-6.14735678 3.00487439 0.01734151
-6.42115296 2.43038654 0.01685495
-6.63559858 1.81959492 0.01647759
-6.78734170 1.17793427 0.01620020
-6.87359456 0.51125960 0.01601643
-6.89217330 -0.17420431 0.01592245
-6.84153246 -0.87191817 0.01591658
-6.72079368 -1.57508786 0.01599928
-6.52976831 -2.27672786 0.01617305
-6.26897341 -2.96972789 0.01644271
-5.93964103 -3.64692217 0.01681546
-5.54372046 -4.30116078 0.01730142
-5.08387334 -4.92538212 0.01791414
-4.56346160 -5.51268617 0.01867139
-3.98652801 -6.05640763 0.01959626
-3.35776992 -6.55018780 0.02071876
-2.68250545 -6.98804609 0.02207787
-1.96663368 -7.36444746 0.02372455
-1.21658798 -7.67436834 0.02572600
-0.43928366 -7.91335818 0.02817160
0.35793954 -8.07759690 0.03118169
1.16737954 -8.16394739 0.03492030
1.98103733 -8.17000264 0.03961402
2.79068454 -8.09412708 0.04558040
3.58793129 -7.93549193 0.05327097
4.36429192 -7.69410443 0.06333724
5.11124514 -7.37083137 0.07673261
5.82028331 -6.96741741 0.09487082
6.48294365 -6.48649969 0.11987169
7.09080987 -5.93162093 0.15494045
7.63546808 -5.30724478 0.20494355
8.10839407 -4.61877917 0.27725485
8.50074291 -3.87261614 0.38292953
8.80301112 -3.07619999 0.53816094
9.00455991 -2.23813792 0.76568153
9.09305250 -1.36836633 1.09510570
9.05401454 -0.47837392 1.56002685
8.87101862 0.41855195 2.18820772
8.52738816 1.30715992 2.98095483
8.01051642 2.17036132 3.88251048
7.31917482 2.98995033 4.75413796
6.47176292 3.74815603 5.38517947
5.51012784 4.42989161 5.56830532
4.49318737 5.02495464 5.21290088
3.48068994 5.52908859 4.40931332
2.51600702 5.94327929 3.38107091
1.61812570 6.27170056 2.36642764
0.78519503 6.51941241 1.52439450
0.00417350 6.69073953 0.91187743
-0.74000075 6.78861142 0.51183670
-1.45892241 6.81464075 0.27369790
-2.15887239 6.76956543 0.14313473
-2.84122383 6.65375981 0.07660179
-3.50374413 6.46766066 0.04472414
-4.14195032 6.21206275 0.03008302
-4.75016174 5.88829729 0.02340520
-5.32219739 5.49832591 0.02019969
-5.85179583 5.04478088 0.01846580
-6.33285901 4.53097340 0.01737289
-6.75959932 3.96088288 0.01659312
-7.12663841 3.33913382 0.01599913
-7.42908297 2.67096353 0.01553934
-7.66258890 1.96218226 0.01519034
-7.82341815 1.21912637 0.01493988
-7.90848948 0.44860511 0.01478096
-7.91542324 -0.34215837 0.01470976
-7.84257991 -1.14559174 0.01472498
-7.68909177 -1.95384261 0.01482760
-7.45488747 -2.75885224 0.01502085
-7.14070912 -3.55243275 0.01531043
-6.74812143 -4.32634716 0.01570483
-6.27951285 -5.07239169 0.01621584
-5.73808852 -5.78247887 0.01685930
-5.12785472 -6.44872280 0.01765618
-4.45359525 -7.06352181 0.01863409
-3.72083955 -7.61964182 0.01982945
-2.93582294 -8.11029702 0.02129054
-2.10543922 -8.52922789 0.02308200
-1.23718626 -8.87077570 0.02529132
-0.33910512 -9.12995259 0.02803861
0.58028645 -9.30250675 0.03149136
1.51206475 -9.38498182 0.03588720
2.44697381 -9.37477038 0.04156970
3.37549942 -9.27016081 0.04904565
4.28794020 -9.07037796 0.05907842
5.17447026 -8.77561764 0.07284289
6.02518477 -8.38707635 0.09218669
6.83011378 -7.90697841 0.12007660
7.57917951 -7.33860488 0.16136889
8.26205422 -6.68633179 0.22414253
8.86784576 -5.95569153 0.32199335
9.38448938 -5.15348063 0.47789779
9.79765717 -4.28795364 0.73041860
10.08893243 -3.36916571 1.14271902
10.23303451 -2.40955339 1.81283952
10.19431721 -1.42484987 2.87714248
9.92424699 -0.43534815 4.48388305
9.36487931 0.53279632 6.69429531
8.46738959 1.44726096 9.28434262
7.23152038 2.27218175 11.56277384
5.74794212 2.97527324 12.55128419
4.19398137 3.53747853 11.68481314
2.75763547 3.95864256 9.35733446
1.55014291 4.25426067 6.56660483
0.58414527 4.44626835 4.13995089
-0.18763668 4.55487157 2.40015880
-0.82616697 4.59490653 1.30394495
-1.38098250 4.57581114 0.67444819
-1.88414380 4.50309072 0.33796908
-2.35302463 4.37990143 0.16842258
-2.79509955 4.20824576 0.08716952
-3.21198661 3.98973489 0.04980758
-3.60217808 3.72602429 0.03311397
-3.96267515 3.41904037 0.02570643
-4.28989284 3.07108627 0.02231884
-4.58013676 2.68488211 0.02063778
-4.82985054 2.26357064 0.01969218
-5.03574867 1.81070450 0.01908932
-5.19489489 1.33022290 0.01867431
-5.30475487 0.82642137 0.01838648
-5.36323627 0.30391623 0.01820177
-5.36872118 -0.23239522 0.01811051
-5.32009304 -0.77737835 0.01810924
-5.21675850 -1.32570818 0.01819776
-5.05866429 -1.87191933 0.01837816
-4.84630882 -2.41045832 0.01865458
-4.58074851 -2.93573788 0.01903323
-4.26359862 -3.44219270 0.01952269
-3.89702847 -3.92433616 0.02013424
-3.48375101 -4.37681740 0.02088235
-3.02700677 -4.79447820 0.02178543
-2.53054216 -5.17240911 0.02286667
-1.99858249 -5.50600432 0.02415529
-1.43579947 -5.79101445 0.02568810
-0.84727396 -6.02359715 0.02751165
-0.23845400 -6.20036445 0.02968496
0.38489148 -6.31842681 0.03228336
1.01672263 -6.37543311 0.03540338
1.65078196 -6.36960618 0.03916955
2.28065003 -6.29977364 0.04374320
2.89980302 -6.16539358 0.04933451
3.50167127 -5.96657488 0.05621815
4.07969761 -5.70409211 0.06475385
4.62739475 -5.37939469 0.07541256
5.13840030 -4.99461080 0.08880854
5.60652848 -4.55254578 0.10573647
6.02581751 -4.05667551 0.12720956
6.39057272 -3.51113521 0.15448966
6.69540635 -2.92070370 0.18909105
6.93527769 -2.29078343 0.23272743
7.10554108 -1.62737572 0.28715447
7.20201456 -0.93704973 0.35384819
7.22108786 -0.22690209 0.43346066
7.15989234 0.49549812 0.52503627
7.01655154 1.22218663 0.62507731
6.79051336 1.94491235 0.72672732
6.48292615 2.65528415 0.81954641
6.09696715 3.34495732 0.89044353
5.63798340 4.00584870 0.92610509
5.11330245 4.63035489 0.91660611
4.53164834 5.21153579 0.85902530
3.90225101 5.74322598 0.75938446
3.23389513 6.22005276 0.63167571
2.53421657 6.63736857 0.49409212
1.80946441 6.99113326 0.36401919
1.06474905 7.27779513 0.25389710
0.30460510 7.49421259 0.16940708
-0.46638751 7.63763603 0.11013161
-1.24313702 7.70574578 0.07175778
-2.01982308 7.69672548 0.04855499
-2.78990871 7.60934694 0.03520491
-3.54629589 7.44304731 0.02767992
-4.28153470 7.19798884 0.02335202
-4.98802517 6.87509866 0.02069968
-5.65818621 6.47609062 0.01892254
-6.28459029 6.00347219 0.01762782
-6.86007239 5.46053938 0.01662886
-7.37782272 4.85136132 0.01583517
-7.83146946 4.18075580 0.01519941
-8.21515502 3.45425628 0.01469393
-8.52360702 2.67807077 0.01430095
-8.75220422 1.85903299 0.01400843
-8.89703661 1.00454619 0.01380825
-8.95495978 0.12252004 0.01369529
-8.92364236 -0.77869900 0.01366702
-8.80160624 -1.69040305 0.01372328
-8.58825889 -2.60360333 0.01386622
-8.28391754 -3.50911523 0.01410044
-7.88982455 -4.39764712 0.01443330
-7.40815392 -5.25989206 0.01487537
-6.84200842 -6.08662147 0.01544116
-6.19540751 -6.86878004 0.01615020
-5.47326582 -7.59758081 0.01702848
-4.68136230 -8.26459952 0.01811074
-3.82630052 -8.86186710 0.01944356
-2.91545960 -9.38196047 0.02109011
-1.95693768 -9.81808826 0.02313712
-0.95948720 -10.16417349 0.02570569
0.06755614 -10.41493045 0.02896789
1.11434980 -10.56593580 0.03317348
2.17062421 -10.61369315 0.03869323
3.22576296 -10.55569093 0.04609132
4.26887890 -10.39045338 0.05624938
5.28887847 -10.11758546 0.07058394
6.27450069 -9.73781328 0.09143780
7.21430628 -9.25302361 0.12280013
8.09657083 -8.66630966 0.17165928
8.90899336 -7.98203678 0.25058397
9.63804933 -7.20595493 0.38268708
10.26765962 -6.34540949 0.61112182
10.77656867 -5.40974902 1.01673554
11.13341180 -4.41111193 1.74849348
11.28815709 -3.36589943 3.06656076
11.15974591 -2.29734693 5.36954325
10.62645165 -1.23937049 9.08764748
9.54439146 -0.24037648 14.18692070
7.84017711 0.63808457 19.25453179
5.66825258 1.33604336 21.46856919
3.44247359 1.82194941 19.13518364
1.58264447 2.10861848 13.87106047
0.25071940 2.23966264 8.57610103
-0.62792693 2.26281152 4.75935089
-1.20260176 2.21420756 2.46590112
-1.59732839 2.11647744 1.22527201
-1.88993390 1.98252496 0.59574815
-2.12265361 1.81957165 0.28947313
-2.31622600 1.63190495 0.14487589
-2.47983448 1.42244987 0.07813565
-2.61688875 1.19358862 0.04784289
-2.72809400 0.94756123 0.03423982
-2.81299819 0.68664886 0.02815350
-2.87074759 0.41324892 0.02542087
-2.90044929 0.12989750 0.02418862
-2.90134454 -0.16073366 0.02364517
-2.87289294 -0.45585271 0.02344020
-2.81481484 -0.75256970 0.02342465
-2.72711344 -1.04792214 0.02353648
-2.61008664 -1.33890281 0.02375115
-2.46433252 -1.62248889 0.02406055
-2.29075062 -1.89567209 0.02446405
-2.09053943 -2.15548929 0.02496482
-1.86519065 -2.39905339 0.02556830
-1.61648024 -2.62358404 0.02628166
-1.34645639 -2.82643791 0.02711360
-1.05742449 -3.00513824 0.02807436
-0.75192916 -3.15740331 0.02917573
-0.43273361 -3.28117352 0.03043117
-0.10279624 -3.37463680 0.03185582
0.23475509 -3.43625202 0.03346650
0.57665110 -3.46477026 0.03528170
0.91951107 -3.45925344 0.03732124
1.25987471 -3.41909026 0.03960600
1.59423533 -3.34400923 0.04215714
1.91907444 -3.23408846 0.04499510
2.23089716 -3.08976214 0.04813800
2.52626838 -2.91182354 0.05159951
2.80184922 -2.70142440 0.05538590
3.05443366 -2.46007056 0.05949223
3.28098486 -2.18961393 0.06389769
3.47867111 -1.89224054 0.06856020
3.64490088 -1.57045481 0.07341061
3.77735670 -1.22705997 0.07834716
3.87402739 -0.86513484 0.08323133
3.93323813 -0.48800688 0.08788643
3.95367744 -0.09922186 0.09210076
3.93442055 0.29748966 0.09563690
3.87494785 0.69824858 0.09824832
3.77515759 1.09906591 0.09970319
3.63537202 1.49588314 0.09981339
3.45633631 1.88461363 0.09846477
3.23921061 2.26118445 0.09564259
2.98555578 2.62157787 0.09144583
2.69731442 2.96187205 0.08608490
2.37678906 3.27828045 0.07986090
2.02661935 3.56718976 0.07312894
1.64975978 3.82519635 0.06625282
1.24945831 4.04914117 0.05956038
0.82923567 4.23614336 0.05330951
0.39286396 4.38363229 0.04767025
-0.05565700 4.48937810 0.04272471
-0.51212698 4.55152023 0.03848080
-0.97217722 4.56859355 0.03489388
-1.43130706 4.53955156 0.03188948
-1.88492488 4.46378619 0.02938252
-2.32839235 4.34114357 0.02729046
-2.75707117 4.17193566 0.02554061
-3.16637120 3.95694717 0.02407276
-3.55179912 3.69743786 0.02283891
-3.90900697 3.39513987 0.02180164
-4.23384005 3.05225017 0.02093208
-4.52238357 2.67141809 0.02020799
-4.77100762 2.25572793 0.01961233
-4.97641005 1.80867681 0.01913203
-5.13565687 1.33414781 0.01875721
-5.24621953 0.83637872 0.01848064
-5.30600890 0.31992646 0.01829725
-5.31340549 -0.21037236 0.01820398
-5.26728546 -0.74944460 0.01819956
-5.16704214 -1.29202697 0.01828448
-5.01260278 -1.83271536 0.01846097
-4.80444029 -2.36601650 0.01873315
-4.54357959 -2.88640171 0.01910713
-4.23159874 -3.38836196 0.01959129
-3.87062427 -3.86646402 0.02019672
-3.46332123 -4.31540691 0.02093757
-3.01287736 -4.73007821 0.02183189
-2.52298194 -5.10560964 0.02290232
-1.99779914 -5.43743140 0.02417743
-1.44193622 -5.72132454 0.02569310
-0.86040671 -5.95347105 0.02749463
-0.25858904 -6.13050091 0.02963936
0.35781911 -6.24953576 0.03220023
0.98285021 -6.30822860 0.03527052
1.61031952 -6.30479917 0.03897013
2.23388021 -6.23806458 0.04345392
2.84708046 -6.10746489 0.04892283
3.44342146 -5.91308339 0.05563837
4.01641562 -5.65566138 0.06394147
4.55964373 -5.33660747 0.07427616
5.06681026 -4.95800135 0.08721840
5.53179563 -4.52259216 0.10350866
5.94870471 -4.03379181 0.12408462
6.31191157 -3.49566337 0.15010494
6.61610144 -2.91290496 0.18294770
6.85631348 -2.29082898 0.22415525
7.02799108 -1.63533636 0.27528360
7.12705116 -0.95288438 0.33760431
7.14998932 -0.25044510 0.41160996
7.09404003 0.46455012 0.49631337
6.95740774 1.18428705 0.58842474
6.73956818 1.90067345 0.68164664
6.44160542 2.60547879 0.76650204
6.06650297 3.29050945 0.83118225
5.61926649 3.94780944 0.86370327
5.10675313 4.56986376 0.85509726
4.53715056 5.14977099 0.80262236
3.91918068 5.68135153 0.71153180
3.26124142 6.15917237 0.59430032
2.57075882 6.57849402 0.46735054
1.85394842 6.93517043 0.34659417
1.11601449 7.22554548 0.24364342
0.36164298 7.44638396 0.16403884
-0.40443878 7.59485633 0.10771106
-1.17703168 7.66857436 0.07090278
-1.95025760 7.66566015 0.04841879
-2.71756296 7.58482631 0.03534005
-3.47185933 7.42544987 0.02788453
-4.20571848 7.18763004 0.02355135
-4.91156439 6.87222728 0.02087401
-5.58183653 6.48088513 0.01907144
-6.20912183 6.01603756 0.01775549
-6.78626243 5.48090449 0.01673944
-7.30644788 4.87947708 0.01593181
-7.76329779 4.21649405 0.01528438
-8.15093796 3.49740947 0.01476884
-8.46407147 2.72835243 0.01436699
-8.69804460 1.91607900 0.01406646
-8.84890723 1.06791688 0.01385886
-8.91346735 0.19170315 0.01373889
-8.88933894 -0.70428475 0.01370380
-8.77498250 -1.61140336 0.01375326
-8.56973791 -2.52072315 0.01388921
-8.27384915 -3.42311284 0.01411607
-7.88848033 -4.30932760 0.01444092
-7.41572279 -5.17010004 0.01487405
-6.85859305 -5.99623349 0.01542959
-6.22102159 -6.77869587 0.01612654
-5.50783196 -7.50871560 0.01699030
-4.72471099 -8.17787434 0.01805461
-3.87816970 -8.77820005 0.01936486
-2.97549549 -9.30225689 0.02098234
-2.02469620 -9.74323151 0.02299113
-1.03443633 -10.09501545 0.02550832
-0.01396684 -10.35228211 0.02869991
1.02695089 -10.51055821 0.03280611
2.07812406 -10.56628835 0.03818233
3.12900870 -10.51689318 0.04536752
4.16878626 -10.36082073 0.05520044
5.18642943 -10.09759138 0.06902305
6.17074468 -9.72783826 0.08904442
7.11036886 -9.25334612 0.11900753
7.99367731 -8.67709536 0.16543565
8.80852252 -8.00332385 0.23999960
9.54164762 -7.23763093 0.36405132
10.17747638 -6.38717082 0.57727039
10.69572881 -5.46102518 0.95372978
11.06692911 -4.47092046 1.62973434
11.24456148 -3.43257192 2.84420734
11.15347738 -2.36804405 4.96902005
10.67969038 -1.30935092 8.42968827
9.68320356 -0.30228753 13.28582132
8.07685247 0.59389927 18.37512870
5.97576389 1.31886248 21.06274206
3.75745908 1.83643923 19.37817154
1.84922573 2.15310231 14.46578600
0.45066800 2.30862058 9.15401150
-0.48548287 2.35033330 5.16593748
-1.10167481 2.31566785 2.70762614
-1.52524607 2.22864504 1.35547406
-1.83898370 2.10312873 0.66153572
-2.08879925 1.94687474 0.32121956
-2.29759932 1.76442298 0.15964662
-2.47568298 1.55879421 0.08479209
-2.62695960 1.33238969 0.05074545
-2.75230454 1.08743681 0.03544687
-2.85126948 0.82619603 0.02860375
-2.92292386 0.55104781 0.02552990
-2.96626045 0.26452084 0.02413572
-2.98038995 -0.03070821 0.02350600
-2.96463559 -0.33182891 0.02324602
-2.91858089 -0.63591852 0.02318808
-2.84209504 -0.93996742 0.02326235
-2.73534678 -1.24090696 0.02344098
-2.59881169 -1.53563897 0.02371437
-2.43327489 -1.82106628 0.02408115
-2.23982993 -2.09412402 0.02454402
-2.01987434 -2.35181120 0.02510811
-1.77510183 -2.59122237 0.02578031
-1.50749134 -2.80957891 0.02656911
-1.21929297 -3.00425974 0.02748460
-0.91301092 -3.17283105 0.02853851
-0.59138345 -3.31307478 0.02974431
-0.25736017 -3.42301546 0.03111736
0.08592331 -3.50094525 0.03267492
0.43517314 -3.54544674 0.03443617
0.78696704 -3.55541333 0.03642212
1.13778627 -3.53006679 0.03865530
1.48404893 -3.46897212 0.04115934
1.82214493 -3.37204904 0.04395801
2.14847189 -3.23958018 0.04707398
2.45947192 -3.07221586 0.05052688
2.75166890 -2.87097507 0.05433056
3.02170602 -2.63724283 0.05848949
3.26638320 -2.37276362 0.06299410
3.48269428 -2.07963093 0.06781514
3.66786345 -1.76027290 0.07289724
3.81938088 -1.41743400 0.07815222
3.93503676 -1.05415285 0.08345306
4.01295364 -0.67373617 0.08863008
4.05161600 -0.27972914 0.09347098
4.04989658 0.12411771 0.09772700
4.00707806 0.53388468 0.10112687
3.92286931 0.94552178 0.10339949
3.79741486 1.35488969 0.10430427
3.63129698 1.75780211 0.10366582
3.42552999 2.15006881 0.10140705
3.18154738 2.52753859 0.09757327
2.90118297 2.88614154 0.09233984
2.58664825 3.22192994 0.08599885
2.24050799 3.53111771 0.07892506
1.86565633 3.81011810 0.07152720
1.46529423 4.05557986 0.06419465
1.04290857 4.26442194 0.05725178
0.60225153 4.43386676 0.05092878
0.14731868 4.56147207 0.04535330
-0.31767624 4.64516109 0.04056071
-0.78833108 4.68325045 0.03651667
-1.26009028 4.67447545 0.03314395
-1.72828487 4.61801207 0.03034666
-2.18817651 4.51349509 0.02802818
-2.63500466 4.36103206 0.02610175
-3.06403562 4.16121262 0.02449492
-3.47061243 3.91511300 0.02314995
-3.85020502 3.62429561 0.02202206
-4.19845969 3.29080349 0.02107698
-4.51124769 2.91714980 0.02028856
-4.78471216 2.50630225 0.01963688
-5.01531314 2.06166244 0.01910674
-5.19987017 1.58704051 0.01868661
-5.33560204 1.08662506 0.01836796
-5.42016311 0.56494857 0.01814464
-5.45167609 0.02684869 0.01801267
-5.42876068 -0.52257437 0.01796995
-5.35055767 -1.07800399 0.01801621
-5.21674839 -1.63395642 0.01815293
-5.02756894 -2.18483281 0.01838345
-4.78381928 -2.72497334 0.01871310
-4.48686668 -3.24871328 0.01914941
-4.13864369 -3.75043975 0.01970244
-3.74164023 -4.22465032 0.02038527
-3.29889006 -4.66601011 0.02121460
-2.81395151 -5.06940954 0.02221158
-2.29088264 -5.43002062 0.02340289
-1.73421096 -5.74335162 0.02482220
-1.14889793 -6.00529957 0.02651211
-0.54029861 -6.21219989 0.02852670
0.08588326 -6.36087286 0.03093499
0.72364412 -6.44866612 0.03382551
1.36673313 -6.47349306 0.03731258
2.00870743 -6.43386639 0.04154462
2.64298959 -6.32892685 0.04671545
3.26292639 -6.15846650 0.05307938
3.86184788 -5.92294654 0.06097123
4.43312567 -5.62350960 0.07083259
4.97022913 -5.26198644 0.08324515
5.46677834 -4.84089729 0.09897143
5.91659257 -4.36344807 0.11900117
6.31373333 -3.83352189 0.14459660
6.65254255 -3.25566633 0.17732358
6.92767783 -2.63507676 0.21904129
7.13415076 -1.97757566 0.27180635
7.26737941 -1.28958705 0.33762634
7.32327330 -0.57810375 0.41798574
7.29837610 0.14935741 0.51308306
7.19009356 0.88481969 0.62079658
6.99702370 1.61993999 0.73556610
6.71937470 2.34614233 0.84762928
6.35939855 3.05479802 0.94327602
5.92170044 3.73744835 1.00675343
5.41324336 4.38604928 1.02392970
4.84290690 4.99319979 0.98682246
4.22060469 5.55230714 0.89714213
3.55616892 6.05765219 0.76691498
2.85835554 6.50434601 0.61545639
2.13430267 6.88820603 0.46384685
1.38958100 7.20560447 0.32933624
0.62872373 7.45334493 0.22191282
-0.14404229 7.62860273 0.14390160
-0.92415182 7.72893561 0.09193738
-1.70631692 7.75234752 0.05986588
-2.48442970 7.69737769 0.04125452
-3.25167536 7.56318992 0.03085913
-4.00074667 7.34964622 0.02506668
-4.72407323 7.05735894 0.02169564
-5.41402032 6.68772224 0.01956326
-6.06304665 6.24292605 0.01808003
-6.66382821 5.72595626 0.01696737
-7.20935941 5.14058360 0.01609473
-7.69304089 4.49134284 0.01539776
-8.10875898 3.78350314 0.01484134
-8.45095931 3.02303006 0.01440398
-8.71471529 2.21653968 0.01407146
-8.89579105 1.37124510 0.01383416
-8.99069865 0.49489574 0.01368576
-8.99674862 -0.40428989 0.01362271
-8.91209351 -1.31769765 0.01364386
-8.73576382 -2.23639668 0.01375041
-8.46769572 -3.15122321 0.01394593
-8.10875027 -4.05286826 0.01423660
-7.66072364 -4.93196891 0.01463161
-7.12634822 -5.77920156 0.01514377
-6.50928431 -6.58537716 0.01579041
-5.81410247 -7.34153652 0.01659471
-5.04625632 -8.03904618 0.01758760
-4.21204627 -8.66969191 0.01881044
-3.31857415 -9.22577069 0.02031916
-2.37368940 -9.70017935 0.02219013
-1.38592724 -10.08649914 0.02452935
-0.36443985 -10.37907545 0.02748651
0.68107842 -10.57309176 0.03127715
1.74047004 -10.66463747 0.03621873
2.80319510 -10.65076887 0.04279016
3.85841003 -10.52956334 0.05173302
4.89503787 -10.30016693 0.06422781
5.90181918 -9.96283682 0.08220881
6.86732394 -9.51898107 0.10894028
7.77988749 -8.97120151 0.15009429
8.62740014 -8.32335049 0.21580443
9.39681388 -7.58062263 0.32462573
10.07310109 -6.74972292 0.51118023
10.63716276 -5.83919061 0.84066914
11.06179355 -4.86002915 1.43501698
11.30436602 -3.82690923 2.51412543
11.29518564 -2.76035118 4.43911572
10.92448637 -1.69025958 7.67896163
10.04563269 -0.66027853 12.47724906
8.53825800 0.27065015 17.99037210
6.46066017 1.03772536 21.63913782
4.16271293 1.59537284 20.82966040
2.11720255 1.94135017 16.08254662
0.59408977 2.11306892 10.38332493
-0.42123513 2.16093162 5.91635423
-1.07493788 2.12675050 3.11201266
-1.50890399 2.03791868 1.55885237
-1.81796016 1.91034629 0.76001594
-2.05537683 1.75290121 0.36792787
-2.24805704 1.57069773 0.18157095
-2.40838844 1.36704506 0.09506587
-2.54138888 1.14448281 0.05561275
-2.64856196 0.90529464 0.03783579
-2.72985692 0.65174801 0.02987488
-2.78462983 0.38619660 0.02631085
-2.81210487 0.11111590 0.02471408
-2.81159399 -0.17089338 0.02401264
-2.78260212 -0.45711763 0.02374004
-2.72487887 -0.74475042 0.02369595
-2.63844467 -1.03091682 0.02379582
-2.52360420 -1.31270012 0.02400527
-2.38095249 -1.58717005 0.02431182
-2.21137640 -1.85141192 0.02471286
-2.01605223 -2.10255636 0.02521053
-1.79644007 -2.33780919 0.02580966
-1.55427501 -2.55448119 0.02651690
-1.29155533 -2.75001744 0.02734044
-1.01052779 -2.92202587 0.02828990
-0.71367005 -3.06830482 0.02937634
-0.40367060 -3.18686922 0.03061230
-0.08340581 -3.27597509 0.03201179
0.24408506 -3.33414217 0.03359025
0.57562714 -3.36017437 0.03536446
0.90793920 -3.35317772 0.03735219
1.23766456 -3.31257566 0.03957183
1.56140344 -3.23812150 0.04204160
1.87574650 -3.12990774 0.04477852
2.17730933 -2.98837213 0.04779682
2.46276747 -2.81430041 0.05110590
2.72889181 -2.60882548 0.05470748
2.97258411 -2.37342299 0.05859215
3.19091216 -2.10990330 0.06273519
3.38114448 -1.82039968 0.06709176
3.54078413 -1.50735288 0.07159208
3.66760127 -1.17349198 0.07613689
3.75966395 -0.82181168 0.08059458
3.81536674 -0.45554611 0.08480081
3.83345629 -0.07813937 0.08856246
3.81305321 0.30678690 0.09166688
3.75366930 0.69546869 0.09389742
3.65521938 1.08403682 0.09505464
3.51802682 1.46855588 0.09498158
3.34282273 1.84506420 0.09358905
3.13073861 2.20961416 0.09087629
2.88329356 2.55831232 0.08694135
2.60237698 2.88735883 0.08197745
2.29022865 3.19308572 0.07625383
1.94941755 3.47199391 0.07008379
1.58282073 3.72078880 0.06378601
1.19360248 3.93641449 0.05764708
0.78519355 4.11608652 0.05189322
0.36126936 4.25732322 0.04667539
-0.07427421 4.35797536 0.04206924
-0.51734832 4.41625376 0.03808645
-0.96370302 4.43075447 0.03469274
-1.40896324 4.40048111 0.03182690
-1.84866867 4.32486368 0.02941707
-2.27831676 4.20377373 0.02739222
-2.69340787 4.03753521 0.02568870
-3.08949182 3.82693102 0.02425296
-3.46221493 3.57320493 0.02304163
-3.80736694 3.27805874 0.02202042
-4.12092738 2.94364474 0.02116254
-4.39911063 2.57255334 0.02044717
-4.63840951 2.16779600 0.01985818
-4.83563673 1.73278349 0.01938316
-4.98796386 1.27129970 0.01901269
-5.09295749 0.78747104 0.01873983
-5.14861192 0.28573179 0.01855977
-5.15337833 -0.22921433 0.01846960
-5.10618980 -0.75243623 0.01846816
-5.00648200 -1.27882057 0.01855598
-4.85420913 -1.80311974 0.01873535
-4.64985517 -2.32000205 0.01901033
-4.39443979 -2.82410392 0.01938689
-4.08951909 -3.31008345 0.01987344
-3.73718096 -3.77267483 0.02048071
-3.34003504 -4.20674310 0.02122259
-2.90119717 -4.60733887 0.02211664
-2.42426860 -4.96975205 0.02318487
-1.91330988 -5.28956452 0.02445487
-1.37280978 -5.56270087 0.02596122
-0.80764934 -5.78547681 0.02774728
-0.22306141 -5.95464476 0.02986768
0.37541391 -6.06743596 0.03239146
0.98197735 -6.12159874 0.03540628
1.59062185 -6.11543261 0.03902387
2.19518643 -6.04781769 0.04338726
2.78941196 -5.91823919 0.04868011
3.36699802 -5.72680672 0.05513864
3.92166012 -5.47426813 0.06306671
4.44718630 -5.16201798 0.07285417
4.93749243 -4.79210057 0.08499792
5.38667518 -4.36720720 0.10012430
5.78906252 -3.89066871 0.11900799
6.13926163 -3.36644245 0.14257986
6.43220577 -2.79909440 0.17190878
6.66320296 -2.19377612 0.20813526
6.82799252 -1.55619600 0.25232578
6.92281828 -0.89258342 0.30521337
6.94453061 -0.20964346 0.36679897
6.89072989 0.48550152 0.43582451
6.75995923 1.18538855 0.50920320
6.55193996 1.88231392 0.58160026
6.26781805 2.56845991 0.64546268
5.91035770 3.23604688 0.69181097
5.48399447 3.87750175 0.71192892
4.99466657 4.48562460 0.69968578
4.44939616 5.05372890 0.65374517
3.85568535 5.57573200 0.57866941
3.22088300 6.04618336 0.48421424
2.55171345 6.46023599 0.38289331
1.85410391 6.81358414 0.28673798
1.13332865 7.10239855 0.20454445
0.39436673 7.32328698 0.14056280
-0.35769016 7.47329406 0.09480784
-1.11732385 7.54993849 0.06446145
-1.87844154 7.55127461 0.04555172
-2.63438779 7.47596184 0.03426238
-3.37806320 7.32332840 0.02761514
-4.10208830 7.09342155 0.02360771
-4.79896790 6.78704201 0.02104327
-5.46123510 6.40576344 0.01926957
-6.08157167 5.95193892 0.01795323
-6.65290947 5.42869649 0.01692835
-7.16851936 4.83992491 0.01611045
-7.62209191 4.19025076 0.01545330
-8.00781234 3.48500706 0.01492905
-8.32043063 2.73019405 0.01451942
-8.55532673 1.93243228 0.01421192
-8.70857030 1.09890856 0.01399802
-8.77697497 0.23731466 0.01387226
-8.75814547 -0.64421973 0.01383178
-8.65051822 -1.53720033 0.01387609
-8.45339413 -2.43284662 0.01400697
-8.16696334 -3.32217466 0.01422867
-7.79232151 -4.19608373 0.01454806
-7.33147733 -5.04544583 0.01497515
-6.78735102 -5.86119742 0.01552370
-6.16376365 -6.63443234 0.01621225
-5.46541739 -7.35649465 0.01706546
-4.69786633 -8.01907233 0.01811620
-3.86747870 -8.61428733 0.01940836
-2.98139020 -9.13478482 0.02100124
-2.04744921 -9.57381856 0.02297580
-1.07415451 -9.92533204 0.02544438
-0.07058618 -10.18403468 0.02856548
0.95366877 -10.34547237 0.03256729
1.98859467 -10.40609160 0.03778542
3.02382654 -10.36329696 0.04472534
4.04872674 -10.21550192 0.05416780
5.05245233 -9.96217317 0.06735123
6.02400196 -9.60387012 0.08629499
6.95222267 -9.14228208 0.11438466
7.82573968 -8.58026917 0.15745297
8.63274066 -7.92191749 0.22580605
9.36048388 -7.17262978 0.33805211
9.99428409 -6.33929103 0.52830736
10.51552677 -5.43058384 0.85943042
10.89795422 -4.45758996 1.44581698
11.10119720 -3.43490890 2.48690383
11.06106029 -2.38261969 4.29616492
10.67992539 -1.32931985 7.25524803
9.83270029 -0.31562242 11.51851981
8.42238552 0.60503993 16.32941279
6.50307711 1.37477981 19.56450022
4.36832710 1.95202523 19.07489030
2.42255943 2.33170221 15.12064338
0.91882747 2.54371752 10.08136638
-0.12961313 2.63170777 5.92599536
-0.83840600 2.63381472 3.20054604
-1.33330874 2.57606600 1.63601370
-1.70377973 2.47400692 0.80844256
-2.00223298 2.33640688 0.39368870
-2.25584523 2.16829232 0.19372964
-2.47721698 1.97285375 0.10015100
-2.67127903 1.75250305 0.05735508
-2.83920051 1.50941564 0.03809768
-2.98044508 1.24579071 0.02949435
-3.09380546 0.96396571 0.02563045
-3.17790978 0.66645843 0.02385984
-3.23146697 0.35597345 0.02302484
-3.25338708 0.03539092 0.02262863
-3.24284286 -0.29225355 0.02246164
-3.19930336 -0.62379420 0.02243706
-3.12255385 -0.95596344 0.02252008
-3.01270797 -1.28542246 0.02269801
-2.87021472 -1.60879332 0.02296784
-2.69586146 -1.92269219 0.02333122
-2.49077310 -2.22376345 0.02379248
-2.25640779 -2.50871413 0.02435783
-1.99454914 -2.77434847 0.02503524
-1.70729489 -3.01760226 0.02583439
-1.39704232 -3.23557646 0.02676684
-1.06647020 -3.42556994 0.02784622
-0.71851772 -3.58511091 0.02908843
-0.35636026 -3.71198661 0.03051189
0.01661774 -3.80427106 0.03213777
0.39685233 -3.86035054 0.03399019
0.78063220 -3.87894641 0.03609636
1.16413292 -3.85913505 0.03848654
1.54345296 -3.80036466 0.04119388
1.91465138 -3.70246869 0.04425379
2.27378662 -3.56567566 0.04770294
2.61695635 -3.39061517 0.05157739
2.94033790 -3.17832006 0.05590986
3.24022904 -2.93022441 0.06072562
3.51308883 -2.64815746 0.06603685
3.75557837 -2.33433322 0.07183521
3.96460100 -1.99133583 0.07808256
4.13734200 -1.62210055 0.08470025
4.27130710 -1.22989045 0.09155793
4.36435967 -0.81826874 0.09846360
4.41475564 -0.39106694 0.10515760
4.42117535 0.04765094 0.11131420
4.38275095 0.49362807 0.11655425
4.29908766 0.94245760 0.12047212
4.17027719 1.38962821 0.12267767
3.99690170 1.83057141 0.12284987
3.78002725 2.26070967 0.12079430
3.52118714 2.67550436 0.11649214
3.22235648 3.07050253 0.11012674
2.88592120 3.44138171 0.10207665
2.51464528 3.78399244 0.09287138
2.11163980 4.09439830 0.08311703
1.68033649 4.36891394 0.07340818
1.22446609 4.60414141 0.06424743
0.74804005 4.79700522 0.05599120
0.25533240 4.94478631 0.04883120
-0.24914155 5.04515475 0.04280979
-0.76065257 5.09620064 0.03785792
-1.27429206 5.09646254 0.03384114
-1.78501383 5.04495258 0.03060079
-2.28768167 4.94117760 0.02798338
-2.77712111 4.78515564 0.02585659
-3.24817365 4.57742742 0.02411468
-3.69575200 4.31906250 0.02267708
-4.11489532 4.01166000 0.02148408
-4.50082387 3.65734378 0.02049185
-4.84899232 3.25875200 0.01966817
-5.15514148 2.81902128 0.01898917
-5.41534784 2.34176527 0.01843705
-5.62607039 1.83104813 0.01799852
-5.78419461 1.29135265 0.01766377
-5.88707293 0.72754357 0.01742576
-5.93256104 0.14482625 0.01727985
-5.91904994 -0.45129885 0.01722345
-5.84549321 -1.05508575 0.01725593
-5.71142918 -1.66059597 0.01737855
-5.51699750 -2.26175459 0.01759452
-5.26295017 -2.85240884 0.01790915
-4.95065645 -3.42638864 0.01833007
-4.58210183 -3.97756863 0.01886764
-4.15988063 -4.49993105 0.01953540
-3.68718253 -4.98762864 0.02035086
-3.16777274 -5.43504738 0.02133634
-2.60596627 -5.83686796 0.02252037
-2.00659586 -6.18812611 0.02393931
-1.37497480 -6.48426971 0.02563978
-0.71685394 -6.72121379 0.02768180
-0.03837396 -6.89539182 0.03014323
0.65398679 -7.00380291 0.03312583
1.35346824 -7.04405455 0.03676371
2.05308757 -7.01440046 0.04123520
2.74570033 -6.91377304 0.04677945
3.42406247 -6.74181029 0.05371994
4.08089205 -6.49887704 0.06249745
4.70892880 -6.18608038 0.07371643
5.30098951 -5.80527967 0.08820908
5.85001663 -5.35909146 0.10712260
6.34911700 -4.85088999 0.13203370
6.79158772 -4.28480450 0.16509088
7.17092630 -3.66571464 0.20917330
7.48082497 -2.99924550 0.26803262
7.71515407 -2.29176380 0.34634004
7.86795101 -1.55037565 0.44949382
7.93344938 -0.78292363 0.58295627
7.90620958 0.00202353 0.75082637
7.78143911 0.79520332 0.95341117
7.55559861 1.58673867 1.18390124
7.22734144 2.36629658 1.42502270
6.79869146 3.12335874 1.64760374
6.27612720 3.84761564 1.81362673
5.67101808 4.52945073 1.88527962
4.99886638 5.16042189 1.83811612
4.27722255 5.73360756 1.67234835
3.52284088 6.24370338 1.41535136
2.74916136 6.68684011 1.11290182
1.96509856 7.06020335 0.81360789
1.17543074 7.36160487 0.55464436
0.38231973 7.58914780 0.35477284
-0.41286499 7.74106091 0.21546318
-1.20810861 7.81569862 0.12696540
-2.00000104 7.81165252 0.07525709
-2.78361678 7.72790748 0.04712632
-3.55278513 7.56399128 0.03258871
-4.30050252 7.32009090 0.02520454
-5.01932408 6.99712970 0.02132188
-5.70166836 6.59681072 0.01908304
-6.34003338 6.12163468 0.01762384
-6.92714821 5.57490000 0.01656701
-7.45608572 4.96068970 0.01575148
-7.92035444 4.28384776 0.01510567
-8.31397892 3.54994634 0.01459404
-8.63157294 2.76524468 0.01419630
-8.86840694 1.93664002 0.01389953
-9.02046956 1.07161097 0.01369525
-9.08452316 0.17815387 0.01357813
-9.05815225 -0.73528735 0.01354551
-8.93980484 -1.65989739 0.01359708
-8.72882574 -2.58657096 0.01373487
-8.42548156 -3.50599890 0.01396339
-8.03097687 -4.40875805 0.01428986
-7.54746125 -5.28540411 0.01472472
-6.97802708 -6.12656657 0.01528236
-6.32669773 -6.92304506 0.01598211
-5.59840647 -7.66590538 0.01684983
-4.79896544 -8.34657642 0.01792008
-3.93502601 -8.95694304 0.01923923
-3.01402981 -9.48943837 0.02087034
-2.04415144 -9.93713174 0.02290005
-1.03423357 -10.29381240 0.02544962
0.00628485 -10.55406789 0.02869173
1.06744565 -10.71335664 0.03287765
2.13885204 -10.76807393 0.03838157
3.20974959 -10.71561107 0.04577497
4.26910299 -10.55440765 0.05595471
5.30566046 -10.28399776 0.07036918
6.30799172 -9.90505171 0.09142812
7.26447345 -9.41941717 0.12326337
8.16317272 -8.83016711 0.17317177
8.99153230 -8.14166946 0.25439896
9.73566959 -7.35970714 0.39156048
10.37892241 -6.49170512 0.63115940
10.89895188 -5.54717395 1.06144665
11.26221956 -4.53857470 1.84722416
11.41427561 -3.48295752 3.27992847
11.26560173 -2.40485309 5.80925948
10.68085268 -1.34061669 9.91190286
9.50249641 -0.34261539 15.48727103
7.66313317 0.52294205 20.79256427
5.36377014 1.19392881 22.62273984
3.07796771 1.64246956 19.48607167
1.23644697 1.88907767 13.62502676
-0.03554712 1.98356525 8.16092947
-0.84807292 1.97599195 4.41679944
-1.36472218 1.90236188 2.24646718
-1.71042556 1.78448881 1.10241961
-1.95997943 1.63460985 0.53262283
-2.15276948 1.45958016 0.25902283
-2.30777285 1.26354737 0.13095857
-2.43333453 1.04942256 0.07212569
-2.53261212 0.81962619 0.04545944
-2.60638522 0.57644465 0.03347648
-2.65444336 0.32218948 0.02811467
-2.67625381 0.05926017 0.02572407
-2.67127829 -0.20983948 0.02467730
-2.63912281 -0.48250712 0.02425800
-2.57960920 -0.75605851 0.02415442
-2.49280981 -1.02774958 0.02423264
-2.37906441 -1.29480151 0.02443648
-2.23898756 -1.55442747 0.02474378
-2.07347043 -1.80386031 0.02514754
-1.88367839 -2.04038085 0.02564781
-1.67104541 -2.26134626 0.02624823
-1.43726517 -2.46421833 0.02695465
-1.18427949 -2.64659124 0.02777444
-0.91426380 -2.80621860 0.02871637
-0.62961006 -2.94103943 0.02979046
-0.33290708 -3.04920280 0.03100793
-0.02691850 -3.12909087 0.03238119
0.28544150 -3.17934007 0.03392369
0.60113458 -3.19886010 0.03564971
0.91702621 -3.18685061 0.03757404
1.22991547 -3.14281529 0.03971142
1.53656605 -3.06657318 0.04207576
1.83373836 -2.95826698 0.04467902
2.11822246 -2.81836828 0.04752968
2.38687153 -2.64767953 0.05063073
2.63663554 -2.44733267 0.05397716
2.86459500 -2.21878426 0.05755283
3.06799428 -1.96380723 0.06132698
3.24427436 -1.68447903 0.06525040
3.39110455 -1.38316632 0.06925180
3.50641288 -1.06250622 0.07323492
3.58841467 -0.72538417 0.07707716
3.63563865 -0.37490860 0.08063091
3.64695024 -0.01438258 0.08372841
3.62157101 0.35272728 0.08619114
3.55909382 0.72282429 0.08784377
3.45949284 1.09221711 0.08853221
3.32312813 1.45715664 0.08814358
3.15074437 1.81387378 0.08662507
2.94346423 2.15861764 0.08399799
2.70277690 2.48769351 0.08036290
2.43052281 2.79750026 0.07589364
2.12887597 3.08456688 0.07081984
1.80032482 3.34558780 0.06540066
1.44765250 3.57745706 0.05989463
1.07391680 3.77730102 0.05453150
0.68242929 3.94250984 0.04949167
0.27673297 4.07076727 0.04489602
-0.13942247 4.16007877 0.04080661
-0.56210869 4.20879749 0.03723568
-0.98725033 4.21564780 0.03415930
-1.41066032 4.17974584 0.03153179
-1.82807838 4.10061688 0.02929800
-2.23521219 3.97820885 0.02740225
-2.62778044 3.81290202 0.02579360
-3.00155693 3.60551436 0.02442825
-3.35241523 3.35730263 0.02327000
-3.67637312 3.06995884 0.02228964
-3.96963642 2.74560236 0.02146394
-4.22864169 2.38676731 0.02077455
-4.45009731 1.99638563 0.02020711
-4.63102258 1.57776555 0.01975048
-4.76878453 1.13456620 0.01939614
-4.86113150 0.67076739 0.01913790
-4.90622408 0.19063644 0.01897145
-4.90266203 -0.30130932 0.01889425
-4.84950751 -0.80034291 0.01890556
-4.74630408 -1.30157126 0.01900602
-4.59309115 -1.79998117 0.01919813
-4.39041377 -2.29048758 0.01948609
-4.13932755 -2.76798341 0.01987596
-3.84139848 -3.22739076 0.02037600
-3.49869768 -3.66371278 0.02099689
-3.11379091 -4.07208593 0.02175227
-2.68972309 -4.44783165 0.02265925
-2.22999735 -4.78650809 0.02373921
-1.73854962 -5.08395925 0.02501872
-1.21971804 -5.33636327 0.02653086
-0.67820806 -5.54027813 0.02831678
-0.11905308 -5.69268436 0.03042787
0.45242854 -5.79102465 0.03292841
1.03068013 -5.83323960 0.03589907
1.60995621 -5.81779943 0.03944140
2.18437458 -5.74373110 0.04368343
2.74797005 -5.61064068 0.04878679
3.29474959 -5.41873071 0.05495543
3.81874779 -5.16881218 0.06244591
4.31408233 -4.86231134 0.07157898
4.77500856 -4.50127093 0.08275145
5.19597290 -4.08834603 0.09644593
5.57166473 -3.62679449 0.11323426
5.89706749 -3.12046200 0.13376722
6.16751003 -2.57376172 0.15873952
6.37872110 -1.99164812 0.18881450
6.52689112 -1.37958452 0.22449066
6.60874738 -0.74350308 0.26589478
6.62164913 -0.08975546 0.31250019
6.56370830 0.57494841 0.36279929
6.43393510 1.24361623 0.41400977
6.23239753 1.90906637 0.46195191
5.96036719 2.56403852 0.50127030
5.62040751 3.20131879 0.52614033
5.21635360 3.81387126 0.53145317
4.75314587 4.39496293 0.51423272
4.23651823 4.93826686 0.47480408
3.67259605 5.43793069 0.41717528
3.06750497 5.88860549 0.34832767
2.42709969 6.28544091 0.27656904
1.75688238 6.62406209 0.20954270
1.06210851 6.90054757 0.15263420
0.34801046 7.11142425 0.10828743
-0.37996101 7.25368651 0.07628987
-1.11596237 7.32483731 0.05468752
-1.85369004 7.32294246 0.04083902
-2.58641449 7.24668746 0.03222720
-3.30708147 7.09542837 0.02688004
-4.00844222 6.86923168 0.02345548
-4.68318459 6.56890166 0.02113458
-5.32405183 6.19599555 0.01945717
-5.92394652 5.75282783 0.01817777
-6.47602223 5.24246470 0.01716714
-6.97376657 4.66870972 0.01635506
-7.41107808 4.03608099 0.01570058
-7.78233827 3.34978048 0.01517781
-8.08247939 2.61565558 0.01476931
-8.30704733 1.84015327 0.01446295
-8.45225942 1.03026746 0.01425043
-8.51505677 0.19347918 0.01412645
-8.49314971 -0.66230864 0.01408824
-8.38505689 -1.52884259 0.01413538
-8.19013673 -2.39759493 0.01426972
-7.90861110 -3.25984415 0.01449554
-7.54158079 -4.10675913 0.01481970
-7.09103241 -4.92948605 0.01525219
-6.55983654 -5.71923748 0.01580672
-5.95173701 -6.46738258 0.01650166
-5.27133138 -7.16553703 0.01736143
-4.52404219 -7.80565407 0.01841843
-3.71608001 -8.38011161 0.01971581
-2.85439774 -8.88179879 0.02131162
-1.94663714 -9.30419855 0.02328475
-1.00106800 -9.64146621 0.02574406
-0.02652078 -9.88850313 0.02884224
0.96768603 -10.04102478 0.03279749
1.97182232 -10.09562271 0.03792814
2.97582424 -10.04981986 0.04470908
3.96936981 -9.90211927 0.05386577
4.94194680 -9.65204639 0.06653461
5.88290309 -9.30018628 0.08454202
6.78146297 -8.84821789 0.11090038
7.62667934 -8.29895034 0.15070422
8.40726694 -7.65637013 0.21277086
9.11121553 -6.92571609 0.31266006
9.72499794 -6.11361325 0.47819859
10.23204629 -5.22832271 0.75932881
10.60996488 -4.28020868 1.24458747
10.82578058 -3.28258932 2.08483663
10.82888281 -2.25320284 3.51465074
10.54367028 -1.21646858 5.82880949
9.87122189 -0.20620980 9.20694623
8.72175058 0.73305860 13.27124274
7.09705606 1.55059286 16.63291325
5.17803977 2.20339538 17.41797896
3.28714148 2.67411354 15.03473083
1.70096566 2.97705710 10.89265659
0.51224244 3.14591881 6.87462390
-0.33663062 3.21606093 3.92785152
-0.95161600 3.21453213 2.09428151
-1.42338076 3.15869509 1.06520241
-1.81115046 3.05868059 0.52630850
-2.14802017 2.92023458 0.25802265
-2.45023563 2.74679750 0.12964964
-2.72448277 2.54076881 0.07015726
-2.97246974 2.30420052 0.04325058
-3.19351079 2.03914964 0.03125060
-3.38589119 1.74784378 0.02588642
-3.54755845 1.43274976 0.02342323
-3.67646493 1.09659325 0.02222649
-3.77073818 0.74235401 0.02160011
-3.82876929 0.37324838 0.02125437
-3.84926267 -0.00729525 0.02107098
-3.83126719 -0.39566550 0.02100265
-3.77419763 -0.78810025 0.02103127
-3.67784999 -1.18072131 0.02115101
-3.54241205 -1.56957122 0.02136159
-3.36846988 -1.95065155 0.02166578
-3.15701018 -2.31996244 0.02206843
-2.90941859 -2.67354302 0.02257627
-2.62747398 -3.00751221 0.02319794
-2.31333856 -3.31810960 0.02394419
-1.96954414 -3.60173596 0.02482818
-1.59897408 -3.85499295 0.02586584
-1.20484171 -4.07472159 0.02707634
-0.79066486 -4.25803924 0.02848262
-0.36023685 -4.40237449 0.03011205
0.08240581 -4.50549961 0.03199718
0.53301872 -4.56556040 0.03417656
0.98718766 -4.58110278 0.03669566
1.44036907 -4.55109602 0.03960778
1.88793255 -4.47495224 0.04297495
2.32520506 -4.35254191 0.04686847
2.74751638 -4.18420512 0.05136911
3.15024560 -3.97075849 0.05656627
3.52886811 -3.71349742 0.06255573
3.87900299 -3.41419367 0.06943511
4.19646046 -3.07508806 0.07729595
4.47728947 -2.69887826 0.08621127
4.71782521 -2.28870152 0.09621742
4.91473688 -1.84811223 0.10728930
5.06507567 -1.38105418 0.11930933
5.16632315 -0.89182744 0.13203228
5.21643942 -0.38504963 0.14505143
5.21391022 0.13438837 0.15777486
5.15779059 0.66137222 0.16942497
5.04774164 1.19061910 0.17907528
4.88405545 1.71673680 0.18573564
4.66766300 2.23428590 0.18848707
4.40012030 2.73784280 0.18665046
4.08357117 3.22206148 0.17995419
3.72068921 3.68173171 0.16865183
3.31460711 4.11183178 0.15354266
2.86884480 4.50757501 0.13587056
2.38724917 4.86445048 0.11711519
1.87395407 5.17825934 0.09872933
1.33336258 5.44514914 0.08189750
0.77014615 5.66164776 0.06738246
0.18924970 5.82469856 0.05549093
-0.40410900 5.93169640 0.04614571
-1.00445428 5.98052370 0.03901904
-1.60608521 5.96958491 0.03367434
-2.20312444 5.89783739 0.02967687
-2.78957857 5.76481749 0.02665764
-3.35940508 5.57066063 0.02433530
-3.90658163 5.31611486 0.02251066
-4.42517513 5.00254771 0.02104912
-4.90940919 4.63194632 0.01986164
-5.35372960 4.20691074 0.01888913
-5.75286736 3.73064076 0.01809161
-6.10189930 3.20691610 0.01744123
-6.39630578 2.64007027 0.01691811
-6.63202522 2.03495820 0.01650786
-6.80550468 1.39691808 0.01620014
-6.91374676 0.73172698 0.01598772
-6.95435091 0.04555190 0.01586598
-6.92555025 -0.65510477 0.01583257
-6.82624230 -1.36346401 0.01588728
-6.65601383 -2.07253304 0.01603198
-6.41515911 -2.77517153 0.01627074
-6.10469148 -3.46416079 0.01661003
-5.72634789 -4.13227505 0.01705905
-5.28258624 -4.77235434 0.01763026
-4.77657553 -5.37737827 0.01834011
-4.21217869 -5.94053954 0.01921005
-3.59392796 -6.45531798 0.02026795
-2.92699358 -6.91555153 0.02155000
-2.21714524 -7.31550647 0.02310356
-1.47070727 -7.64994437 0.02499089
-0.69450758 -7.91418556 0.02729477
0.10417876 -8.10416852 0.03012639
0.91769071 -8.21650447 0.03363700
1.73804627 -8.24852668 0.03803520
2.55700993 -8.19833417 0.04361278
3.36616109 -8.06482924 0.05078400
4.15696091 -7.84774908 0.06014595
4.92081454 -7.54769137 0.07257212
5.64912384 -7.16613453 0.08935822
6.33332350 -6.70545390 0.11245028
6.96488989 -6.16893575 0.14480033
7.53530692 -5.56079282 0.19091383
8.03596583 -4.88618658 0.25767228
8.45796851 -4.15126471 0.35551242
8.79179861 -3.36322559 0.49997702
9.02683517 -2.53042504 0.71341438
9.15073222 -1.66254180 1.02601496
9.14882360 -0.77080990 1.47420617
9.00399319 0.13170215 2.09270149
8.69788890 1.02985170 2.89535186
8.21473578 1.90641990 3.84299211
7.54861488 2.74266778 4.80934198
6.71287090 3.51977229 5.57763252
5.74642654 4.22114563 5.90646252
4.70984312 4.83497485 5.65529954
3.66915952 5.35577356 4.87980547
2.67582319 5.78403005 3.80542279
1.75511792 6.12416156 2.70082275
0.90797339 6.38193960 1.76001458
0.12107193 6.56253156 1.06293555
-0.62255801 6.66960410 0.60103730
-1.33680193 6.70530159 0.32262118
-2.02992119 6.67068511 0.16821987
-2.70473682 6.56628497 0.08871698
-3.35996683 6.39257676 0.05030778
-3.99170924 6.15031856 0.03260522
-4.59462523 5.84075855 0.02458217
-5.16273471 5.46574681 0.02081526
-5.68989826 5.02778594 0.01885279
-6.17009512 4.53004495 0.01766394
-6.59758695 3.97635187 0.01683865
-6.96702380 3.37117289 0.01621802
-7.27352273 2.71958186 0.01573896
-7.51273273 2.02722209 0.01537396
-7.68089178 1.30026117 0.01510923
-7.77487767 0.54533949 0.01493707
-7.79225293 -0.23048716 0.01485325
-7.73130353 -1.01981038 0.01485614
-7.59107112 -1.81493682 0.01494637
-7.37137807 -2.60795996 0.01512684
-7.07284538 -3.39083574 0.01540284
-6.69690270 -4.15546097 0.01578238
-6.24579058 -4.89375401 0.01627664
-5.72255450 -5.59773690 0.01690068
-5.13103097 -6.25961777 0.01767444
-4.47582507 -6.87187437 0.01862416
-3.76228034 -7.42733466 0.01978433
-2.99644063 -7.91925717 0.02120059
-2.18500446 -8.34140806 0.02293372
-1.33527235 -8.68813496 0.02506568
-0.45508764 -8.95443654 0.02770836
0.44722823 -9.13602728 0.03101683
1.36294510 -9.22939683 0.03520960
2.28299650 -9.23186323 0.04060020
3.19805306 -9.14161999 0.04764718
4.09859401 -8.95777666 0.05703479
4.97497181 -8.68039337 0.06980538
5.81746293 -8.31051006 0.08757999
6.61629219 -7.85017249 0.11293055
7.36161075 -7.30245837 0.15001381
8.04339296 -6.67150991 0.20565404
8.65119441 -5.96258392 0.29118235
9.17367605 -5.18213806 0.42549882
9.59774796 -4.33798458 0.63995312
9.90713504 -3.43956097 0.98544992
10.08018392 -2.49838818 1.54085104
10.08701280 -1.52879608 2.41736761
9.88709630 -0.54894609 3.74340120
9.43068016 0.41803209 5.59917180
8.67068843 1.34348492 7.87243839
7.59147829 2.19469490 10.08726478
6.24681603 2.93991196 11.43623679
4.77280921 3.55643627 11.24432772
3.34216942 4.03732301 9.54959686
2.08527020 4.39141227 7.08880676
1.04699101 4.63667524 4.69639415
0.20335817 4.79219749 2.83882703
-0.49742771 4.87329623 1.59551650
-1.10480024 4.89031417 0.84696178
-1.65401860 4.84948550 0.43136969
-2.16576807 4.75436500 0.21542772
-2.64986228 4.60707291 0.10938650
-3.10922682 4.40915782 0.05974823
-3.54289900 4.16212025 0.03734777
-3.94794867 3.86769956 0.02741547
-4.32059133 3.52801606 0.02294131
-4.65679234 3.14563132 0.02078639
-4.95258423 2.72356471 0.01961604
-5.20423583 2.26528647 0.01888695
-5.40834929 1.77469769 0.01838473
-5.56192339 1.25610195 0.01802580
-5.66240052 0.71417092 0.01777708
-5.70770487 0.15390502 0.01762497
-5.69627437 -0.41941023 0.01756392
-5.62708745 -1.00025174 0.01759224
-5.49968459 -1.58290981 0.01771079
-5.31418456 -2.16154204 0.01792251
-5.07129503 -2.73022951 0.01823246
-4.77231761 -3.28303511 0.01864793
-4.41914687 -3.81406312 0.01917883
-4.01426354 -4.31751971 0.01983814
-3.56072159 -4.78777353 0.02064251
-3.06212934 -5.21941605 0.02161318
-2.52262480 -5.60732082 0.02277709
-1.94684509 -5.94670123 0.02416848
-1.33989056 -6.23316596 0.02583090
-0.70728368 -6.46277178 0.02782008
-0.05492308 -6.63207295 0.03020770
0.61096666 -6.73816677 0.03308660
1.28388892 -6.77873478 0.03657790
1.95713209 -6.75207921 0.04084081
2.62382875 -6.65715424 0.04608609
3.27701622 -6.49359191 0.05259475
3.90969712 -6.26172233 0.06074359
4.51489874 -5.96258835 0.07104009
5.08572953 -5.59795452 0.08416918
5.61543081 -5.17031085 0.10105433
6.09742173 -4.68287174 0.12293385
6.52533569 -4.13957070 0.15144930
6.89304700 -3.54505183 0.18873381
7.19468886 -2.90465889 0.23747078
7.42466804 -2.22442252 0.30086556
7.57768926 -1.51104548 0.38243259
7.64881407 -0.77188354 0.48545735
7.63359419 -0.01491679 0.61197612
7.52833157 0.75129907 0.76118249
7.33051569 1.51771721 0.92740234
7.03945175 2.27493989 1.09822165
6.65700565 3.01343191 1.25390057
6.18825933 3.72381146 1.36946122
5.64175421 4.39719527 1.42020031
5.02901134 5.02554092 1.38957703
4.36324019 5.60190600 1.27626634
3.65753271 6.12055207 1.09646016
2.92315767 6.57686745 0.87951130
2.16857839 6.96714843 0.65872935
1.39947673 7.28832705 0.46177549
0.61960318 7.53774061 0.30477026
-0.16802631 7.71300436 0.19160209
-0.96007307 7.81199887 0.11718061
-1.75224022 7.83294405 0.07211706
-2.53909203 7.77451532 0.04667537
-3.31419784 7.63596252 0.03300982
-4.07042610 7.41720791 0.02579036
-4.80025445 7.11891458 0.02185284
-5.49602934 6.74252737 0.01951796
-6.15016139 6.29029154 0.01797208
-6.75526940 5.76525484 0.01684549
-7.30429136 5.17125692 0.01597407
-7.79057665 4.51290831 0.01528224
-8.20796758 3.79556028 0.01473148
-8.55087409 3.02526622 0.01429944
-8.81434288 2.20873494 0.01397173
-8.99412087 1.35327634 0.01373877
-9.08671272 0.46673995 0.01359433
-9.08943166 -0.44255336 0.01353494
-9.00044341 -1.36588594 0.01355956
-8.81880189 -2.29422312 0.01366946
-8.54447713 -3.21829807 0.01386835
-8.17837422 -4.12870068 0.01416255
-7.72234339 -5.01596969 0.01456140
-7.17918076 -5.87068726 0.01507795
-6.55261954 -6.68357500 0.01572983
-5.84731188 -7.44559060 0.01654065
-5.06880103 -8.14802405 0.01754189
-4.22348442 -8.78259263 0.01877583
-3.31856730 -9.34153380 0.02029962
-2.36200823 -9.81769417 0.02219156
-1.36245633 -10.20461509 0.02456057
-0.32918148 -10.49661291 0.02756091
0.72800136 -10.68885362 0.03141556
1.79881192 -10.77742098 0.03645417
2.87258602 -10.75937805 0.04317632
3.93835435 -10.63282170 0.05235949
4.98491197 -10.39693072 0.06524854
6.00086656 -10.05200878 0.08389627
6.97464406 -9.59952532 0.11179176
7.89441077 -9.04216042 0.15504540
8.74783373 -8.38386568 0.22466707
9.52152532 -7.62996469 0.34099949
10.19987089 -6.78733922 0.54235744
10.76266334 -5.86479116 0.90156268
11.18051536 -4.87375158 1.55588569
11.40651820 -3.82964241 2.75403723
11.36306964 -2.75435166 4.90248669
10.92799420 -1.68020851 8.51065355
9.94230314 -0.65466540 13.76227378
8.29145039 0.25889972 19.50008345
6.08071770 0.99371824 22.72121497
3.72638137 1.50842748 20.97870984
1.71671128 1.80974222 15.52433951
0.27644730 1.94235987 9.66874109
-0.65541137 1.95900299 5.36110442
-1.24282207 1.90058290 2.76577088
-1.62687318 1.79285181 1.36759924
-1.89663703 1.65045663 0.66208624
-2.10046573 1.48153769 0.32039179
-2.26222904 1.29086833 0.15945483
-2.39275001 1.08163727 0.08516833
-2.49638047 0.85636977 0.05137906
-2.57444913 0.61737475 0.03616134
-2.62698099 0.36694902 0.02934527
-2.65352905 0.10746168 0.02630317
-2.65356961 -0.15861906 0.02496223
-2.62668896 -0.42872675 0.02440612
-2.57267203 -0.70021079 0.02423432
-2.49154503 -0.97035722 0.02427386
-2.38359609 -1.23641294 0.02445138
-2.24938466 -1.49561199 0.02473716
-2.08974443 -1.74520282 0.02512078
-1.90578180 -1.98247626 0.02560066
-1.69887089 -2.20479369 0.02617959
-1.47064540 -2.40961514 0.02686284
-1.22298753 -2.59452696 0.02765737
-0.95801420 -2.75726878 0.02857151
-0.67806048 -2.89575953 0.02961487
-0.38566058 -3.00812216 0.03079822
-0.08352642 -3.09270681 0.03213352
0.22547619 -3.14811216 0.03363369
0.53835314 -3.17320473 0.03531253
0.85200971 -3.16713586 0.03718433
1.16327973 -3.12935621 0.03926338
1.46895615 -3.05962744 0.04156325
1.76582274 -2.95803108 0.04409571
2.05068666 -2.82497426 0.04686934
2.32041153 -2.66119228 0.04988762
2.57195092 -2.46774782 0.05314656
2.80238176 -2.24602684 0.05663177
3.00893753 -1.99773093 0.06031509
3.18904088 -1.72486623 0.06415100
3.34033526 -1.42972892 0.06807302
3.46071533 -1.11488715 0.07199080
3.54835558 -0.78315980 0.07578863
3.60173676 -0.43759184 0.07932622
3.61966935 -0.08142681 0.08244293
3.60131365 0.28192353 0.08496610
3.54619550 0.64891196 0.08672393
3.45421727 1.01589062 0.08756225
3.32566339 1.37914728 0.08736370
3.16120025 1.73494270 0.08606629
2.96187076 2.07954844 0.08367792
2.72908397 2.40928462 0.08028296
2.46460077 2.72055716 0.07603843
2.17051690 3.00989429 0.07115903
1.84924430 3.27398183 0.06589306
1.50349172 3.50969738 0.06049368
1.13624477 3.71414318 0.05519106
0.75074540 3.88467758 0.05017091
0.35046981 4.01894502 0.04556262
-0.06089572 4.11490422 0.04143800
-0.47948223 4.17085450 0.03781853
-0.90126881 4.18545950 0.03468785
-1.32211711 4.15776822 0.03200567
-1.73780898 4.08723282 0.02972019
-2.14408691 3.97372277 0.02777736
-2.53669640 3.81753515 0.02612673
-2.91142955 3.61940081 0.02472431
-3.26416930 3.38048617 0.02353336
-3.59093361 3.10239067 0.02252403
-3.88791908 2.78713962 0.02167245
-4.15154352 2.43717263 0.02095972
-4.37848709 2.05532755 0.02037097
-4.56573153 1.64482010 0.01989462
-4.71059697 1.20921899 0.01952183
-4.81077613 0.75241726 0.01924601
-4.86436535 0.27859960 0.01906252
-4.86989215 -0.20779399 0.01896863
-4.82633899 -0.70210779 0.01896315
-4.73316287 -1.19951300 0.01904656
-4.59031060 -1.69505295 0.01922096
-4.39822937 -2.18369062 0.01949019
-4.15787250 -2.66035784 0.01985991
-3.87070029 -3.12000583 0.02033786
-3.53867563 -3.55765677 0.02093420
-3.16425476 -3.96845520 0.02166183
-2.75037250 -4.34772038 0.02253704
-2.30042282 -4.69099644 0.02358009
-1.81823415 -4.99410243 0.02481624
-1.30804016 -5.25318034 0.02627683
-0.77444566 -5.46474084 0.02800086
-0.22238857 -5.62570630 0.03003684
0.34290226 -5.73345073 0.03244540
0.91595271 -5.78583597 0.03530243
1.49109206 -5.78124391 0.03870317
2.06250427 -5.71860427 0.04276745
2.62428114 -5.59741774 0.04764609
3.17047694 -5.41777400 0.05352892
3.69516359 -5.18036470 0.06065406
4.19248593 -4.88649105 0.06931857
4.65671644 -4.53806598 0.07988920
5.08230880 -4.13761089 0.09281137
5.46395025 -3.68824702 0.10861269
5.79661300 -3.19368138 0.12789436
6.07560581 -2.65818719 0.15130087
6.29662798 -2.08657867 0.17945404
6.45582959 -1.48417955 0.21283550
6.54988319 -0.85678435 0.25160292
6.57607310 -0.21061078 0.29533698
6.53240740 0.44775892 0.34274189
6.41775306 1.11145037 0.39136572
6.23198534 1.77338534 0.43745953
5.97612817 2.42638678 0.47613209
5.65244694 3.06329812 0.50193712
5.26444704 3.67710997 0.50991361
4.81673993 4.26108282 0.49688871
4.31477092 4.80885158 0.46263050
3.76445133 5.31449934 0.41034913
3.17178281 5.77259418 0.34621224
2.54257693 6.17819282 0.27793662
1.88234353 6.52682411 0.21294344
1.19635866 6.81447007 0.15676204
0.48985735 7.03756054 0.11221675
-0.23173968 7.19298951 0.07953575
-0.96264947 7.27815291 0.05712525
-1.69664693 7.29100018 0.04256112
-2.42708361 7.23008994 0.03340991
-3.14697673 7.09464101 0.02769655
-3.84913224 6.88457346 0.02403838
-4.52627320 6.60053762 0.02157139
-5.17115834 6.24393112 0.01980045
-5.77668663 5.81690501 0.01845754
-6.33598992 5.32236005 0.01740052
-6.84251649 4.76393410 0.01655219
-7.29010853 4.14598103 0.01586788
-7.67307468 3.47354183 0.01531962
-7.98625824 2.75230778 0.01488866
-8.22510081 1.98857640 0.01456202
-8.38570083 1.18920030 0.01433072
-8.46486659 0.36152932 0.01418889
-8.46016326 -0.48665367 0.01413329
-8.36995276 -1.34720237 0.01416303
-8.19342677 -2.21168200 0.01427950
-7.93063183 -3.07144858 0.01448645
-7.58248640 -3.91773201 0.01479019
-7.15078945 -4.74172208 0.01520000
-6.63822039 -5.53465650 0.01572873
-6.04833030 -6.28791086 0.01639368
-5.38552399 -6.99308825 0.01721782
-4.65503355 -7.64210893 0.01823160
-3.86288299 -8.22729867 0.01947556
-3.01584459 -8.74147466 0.02100399
-2.12138721 -9.17802860 0.02289052
-1.18761723 -9.53100562 0.02523624
-0.22321258 -9.79517888 0.02818238
0.76264847 -9.96611822 0.03192963
1.76036285 -10.04025306 0.03676911
2.75998015 -10.01492881 0.04313235
3.75127899 -9.88845656 0.05167406
4.72383710 -9.66015639 0.06341224
5.66708675 -9.33039506 0.07997038
6.57034140 -8.90062016 0.10400454
7.42276752 -8.37339479 0.13997014
8.21325557 -7.75244027 0.19551667
8.93010442 -7.04270122 0.28404281
9.56036369 -6.25045936 0.42936033
10.08855779 -5.38354409 0.67402966
10.49433433 -4.45172563 1.09348488
10.74839924 -3.46743424 1.81718833
10.80625857 -2.44701385 3.05105982
10.60089662 -1.41271103 5.07090309
10.04103949 -0.39525782 8.10212456
9.03269594 0.56428922 11.96366078
7.54611562 1.41701627 15.58047648
5.70749542 2.11723014 17.14678986
3.80534555 2.63988302 15.60818527
2.13827481 2.99078118 11.86477456
0.84934662 3.19902165 7.78176130
-0.08473020 3.29980236 4.57583043
-0.76106526 3.32212877 2.49120561
-1.27479024 3.28546789 1.28567248
-1.69230339 3.20145036 0.64066991
-2.05237592 3.07668785 0.31431911
-2.37481169 2.91503932 0.15620074
-2.66824211 2.71905846 0.08223348
-2.93531514 2.49081323 0.04857464
-3.17571994 2.23231335 0.03353127
-3.38781979 1.94571693 0.02682760
-3.56949131 1.63342036 0.02377793
-3.71854334 1.29808875 0.02231656
-3.83292525 0.94265650 0.02155938
-3.91083366 0.57031263 0.02113739
-3.95077148 0.18447767 0.02089972
-3.95158417 -0.21122451 0.02078581
-3.91248448 -0.61299854 0.02077207
-3.83307039 -1.01691211 0.02085026
-3.71333797 -1.41893283 0.02101886
-3.55368995 -1.81496686 0.02127980
-3.35494019 -2.20089901 0.02163725
-3.11831393 -2.57263388 0.02209733
-2.84544392 -2.92613768 0.02266802
-2.53836235 -3.25748021 0.02335941
-2.19948868 -3.56287677 0.02418394
-1.83161315 -3.83872941 0.02515681
-1.43787648 -4.08166715 0.02629639
-1.02174556 -4.28858479 0.02762481
-0.58698535 -4.45667983 0.02916867
-0.13762743 -4.58348713 0.03095978
0.32206489 -4.66691097 0.03303613
0.78763422 -4.70525399 0.03544294
1.25446953 -4.69724286 0.03823378
1.71784876 -4.64205021 0.04147182
2.17298333 -4.53931269 0.04523086
2.61506419 -4.38914465 0.04959622
3.03930887 -4.19214759 0.05466485
3.44100940 -3.94941490 0.06054440
3.81558058 -3.66253183 0.06735028
4.15860844 -3.33357053 0.07519967
4.46589877 -2.96508022 0.08420123
4.73352576 -2.56007217 0.09443875
4.95788083 -2.12199944 0.10594732
5.13572198 -1.65473134 0.11868109
5.26422394 -1.16252221 0.13247346
5.34102915 -0.64997464 0.14699319
5.36429904 -0.12199662 0.16170439
5.33276398 0.41624725 0.17584358
5.24576885 0.95939035 0.18843076
5.10330924 1.50192401 0.19833241
4.90605216 2.03826151 0.20438724
4.65533445 2.56280449 0.20558975
4.35313451 3.07000917 0.20130241
4.00201699 3.55444970 0.19144423
3.60505630 4.01087603 0.17659188
3.16575127 4.43426463 0.15794260
2.68794643 4.81986195 0.13712733
2.17577383 5.16322153 0.11591546
1.63362305 5.46023757 0.09589515
1.06613701 5.70717740 0.07822343
0.47822316 5.90071512 0.06351091
-0.12493478 6.03796715 0.05185235
-0.73787747 6.11652922 0.04296299
-1.35489054 6.13451301 0.03635490
-1.97004579 6.09058045 0.03149335
-2.57725875 5.98397362 0.02790009
-3.17035629 5.81453890 0.02519926
-3.74314874 5.58274458 0.02312110
-4.28950239 5.28969136 0.02148353
-4.80341058 4.93711594 0.02016779
-5.27906238 4.52738753 0.01909702
-5.71090872 4.06349750 0.01822071
-6.09372597 3.54904228 0.01750467
-6.42267650 2.98819966 0.01692500
-6.69336630 2.38569860 0.01646461
-6.90189885 1.74678281 0.01611117
-7.04492492 1.07716838 0.01585595
-7.11968793 0.38299565 0.01569307
-7.12406376 -0.32922407 0.01561913
-7.05659540 -1.05266668 0.01563289
-6.91652126 -1.78025785 0.01573529
-6.70379713 -2.50473939 0.01592937
-6.41911137 -3.21873876 0.01622055
-6.06389298 -3.91484128 0.01661679
-5.64031239 -4.58566419 0.01712916
-5.15127487 -5.22393182 0.01777240
-4.60040643 -5.82255145 0.01856586
-3.99203227 -6.37468873 0.01953476
-3.33114797 -6.87384202 0.02071198
-2.62338323 -7.31391547 0.02214048
-1.87495914 -7.68928863 0.02387680
-1.09263880 -7.99488371 0.02599609
-0.28367201 -8.22622839 0.02859925
0.54426511 -8.37951430 0.03182355
1.38313487 -8.45165022 0.03585831
2.22460585 -8.44030974 0.04096851
3.06012226 -8.34397282 0.04753098
3.88097265 -8.16196135 0.05609020
4.67835479 -7.89446850 0.06744584
5.44343216 -7.54258258 0.08279084
6.16737496 -7.10830636 0.10393129
6.84137499 -6.59457382 0.13363635
7.45661763 -6.00526775 0.17619296
8.00418590 -5.34524369 0.23827133
8.47486010 -4.62036892 0.33023371
8.85876425 -3.83758978 0.46800028
9.14480809 -3.00504594 0.67541893
9.31990190 -2.13225484 0.98655567
9.36803828 -1.23038764 1.44605693
9.26962814 -0.31263573 2.10340583
9.00203793 0.60539762 2.99409087
8.54299366 1.50547980 4.10118319
7.87865361 2.36709451 5.30345293
7.01605590 3.16885056 6.34751764
5.99426096 3.89118638 6.90777656
4.88357266 4.51974611 6.75197332
3.76673081 5.04783361 5.90157161
2.71119441 5.47642548 4.62838788
1.75107251 5.81172621 3.28574004
0.88796709 6.06179681 2.13474923
0.10423491 6.23392326 1.28342705
-0.62280480 6.33340183 0.72193570
-1.31201540 6.36348896 0.38504452
-1.97526333 6.32594545 0.19880265
-2.61773718 6.22171640 0.10303937
-3.23964841 6.05150850 0.05679853
-3.83804905 5.81619437 0.03553171
-4.40824984 5.51705953 0.02597685
-4.94475882 5.15593561 0.02159009
-5.44184142 4.73526165 0.01939306
-5.89383723 4.25810346 0.01812258
-6.29534055 3.72814881 0.01727250
-6.64131203 3.14968835 0.01664672
-6.92715771 2.52758655 0.01616878
-7.14879222 1.86724504 0.01580677
-7.30269317 1.17455937 0.01554571
-7.38594934 0.45586956 0.01537767
-7.39630284 -0.28209479 0.01529852
-7.33218547 -1.03227449 0.01530674
-7.19274877 -1.78734540 0.01540308
-6.97788722 -2.53978692 0.01559050
-6.68825466 -3.28195398 0.01587434
-6.32527318 -4.00615173 0.01626257
-5.89113463 -4.70471229 0.01676625
-5.38879433 -5.37007278 0.01740025
-4.82195707 -5.99485394 0.01818412
-4.19505537 -6.57193847 0.01914345
-3.51322010 -7.09454844 0.02031172
-2.78224361 -7.55632090 0.02173291
-2.00853584 -7.95138089 0.02346519
-1.19907364 -8.27441123 0.02558632
-0.36134399 -8.52071819 0.02820143
0.49671814 -8.68629257 0.03145464
1.36679637 -8.76786542 0.03554648
2.24026264 -8.76295805 0.04076050
3.10824821 -8.66992592 0.04750456
3.96171362 -8.48799623 0.05637587
4.79151378 -8.21729944 0.06826476
5.58845256 -7.85889532 0.08452234
6.34331829 -7.41479491 0.10723389
7.04688588 -6.88798080 0.13966674
7.68986320 -6.28243026 0.18700310
8.26274601 -5.60314838 0.25752605
8.75552636 -4.85622347 0.36449007
9.15717661 -4.04892350 0.52892485
9.45481468 -3.18986185 0.78343555
9.63248440 -2.28926996 1.17629519
9.66964874 -1.35941530 1.77303387
9.53997023 -0.41517356 2.64843253
9.21195188 0.52533897 3.85600700
8.65439169 1.44039756 5.36216582
7.84986405 2.30522963 6.95805091
6.81504159 3.09434070 8.22757618
5.61587918 3.78583292 8.69150473
4.35858838 4.36626664 8.11265491
3.15231465 4.83318984 6.69164093
2.06866743 5.19349531 4.92436414
1.12753557 5.45882404 3.27993887
0.31105355 5.64097210 2.00705295
-0.41338336 5.74924676 1.14365155
-1.07645019 5.78984972 0.61475182
-1.69984983 5.76643559 0.31676886
-2.29572076 5.68103332 0.16055060
-2.86875971 5.53488334 0.08365389
-3.41878700 5.32904244 0.04775420
-3.94281859 5.06476256 0.03160454
-4.43646019 4.74370245 0.02440070
-4.89474473 4.36803227 0.02105467
-5.31260087 3.94047583 0.01932934
-5.68510839 3.46431813 0.01829788
-6.00764257 2.94339361 0.01759354
-6.27596501 2.38206245 0.01707460
-6.48628912 1.78517878 0.01668546
-6.63533318 1.15805223 0.01640287
-6.72036577 0.50640385 0.01621607
-6.73924534 -0.16368322 0.01611983
-6.69045417 -0.84581779 0.01611208
-6.57312658 -1.53335882 0.01619309
-6.38707105 -2.21947755 0.01636529
-6.13278598 -2.89722247 0.01663334
-5.81146878 -3.55958715 0.01700434
-5.42501826 -4.19957986 0.01748818
-4.97602988 -4.81029456 0.01809812
-4.46778393 -5.38498247 0.01885153
-3.90422672 -5.91712351 0.01977095
-3.28994475 -6.40049696 0.02088557
-2.63013209 -6.82925059 0.02223321
-1.93055116 -7.19796756 0.02386313
-1.19748719 -7.50173034 0.02584005
-0.43769720 -7.73618114 0.02824963
0.34164644 -7.89757802 0.03120663
1.13301673 -7.98284630 0.03486651
1.92859622 -7.98962461 0.03944266
2.72034347 -7.91630538 0.04523180
3.50006004 -7.76206922 0.05265235
4.25945596 -7.52691345 0.06230226
4.99021050 -7.21167472 0.07504740
5.68402395 -6.81804634 0.09215649
6.33265410 -6.34859148 0.11550730
6.92792833 -5.80675410 0.14789853
7.46171847 -5.19687053 0.19351305
7.92586109 -4.52418657 0.25858202
8.31200204 -3.79488643 0.35227853
8.61134600 -3.01614276 0.48778240
8.81430763 -2.19619797 0.68323020
8.91011280 -1.34448573 0.96178389
8.88651257 -0.47179166 1.34924433
8.72997737 0.40957395 1.86670022
8.42700208 1.28566901 2.51565031
7.96727933 2.14103049 3.25618684
7.34903048 2.95921886 3.98763027
6.58522624 3.72397696 4.55255322
5.70717481 4.42094561 4.78429347
4.76123756 5.03945905 4.58754904
3.79780991 5.57363767 3.99836880
2.85768824 6.02219427 3.17062526
1.96348503 6.38705714 2.29779451
1.11974494 6.67153351 1.53168950
0.31931279 6.87880115 0.94618535
-0.44899725 7.01111763 0.54661726
-1.19486449 7.06969846 0.29928992
-1.92391270 7.05499992 0.15893227
-2.63742242 6.96714213 0.08523819
-3.33319454 6.80630297 0.04904595
-4.00671104 6.57301229 0.03212152
-4.65214160 6.26834032 0.02433802
-5.26305746 5.89400272 0.02061987
-5.83288119 5.45240955 0.01864293
-6.35515486 4.94667959 0.01742171
-6.82370286 4.38063382 0.01656169
-7.23274042 3.75877527 0.01590865
-7.57695585 3.08625905 0.01540028
-7.85157981 2.36885418 0.01500854
-8.05244664 1.61289807 0.01471879
-8.17604952 0.82524417 0.01452249
-8.21958975 0.01320336 0.01441465
-8.18101953 -0.81552054 0.01439292
-8.05907812 -1.65290069 0.01445733
-7.85332062 -2.49066150 0.01461016
-7.56413923 -3.32035730 0.01485608
-7.19277641 -4.13345414 0.01520246
-6.74132981 -4.92141423 0.01565977
-6.21274871 -5.67578208 0.01624227
-5.61082181 -6.38827163 0.01696901
-4.94015660 -7.05085357 0.01786517
-4.20614983 -7.65584191 0.01896406
-3.41495010 -8.19597856 0.02030992
-2.57341207 -8.66451584 0.02196205
-1.68904326 -9.05529548 0.02400076
-0.76994386 -9.36282349 0.02653648
0.17525960 -9.58234011 0.02972333
1.13748563 -9.70988431 0.03378044
2.10727248 -9.74235209 0.03902541
3.07485426 -9.67754842 0.04592848
4.03023478 -9.51423252 0.05520150
4.96325397 -9.25215700 0.06794755
5.86363823 -8.89210174 0.08591687
6.72101973 -8.43590479 0.11195271
7.52489895 -7.88649453 0.15077854
8.26450417 -7.24793092 0.21040108
8.92846611 -6.52547022 0.30461307
9.50416367 -5.72567877 0.45740892
9.97649908 -4.85664150 0.71052600
10.32573429 -3.92834182 1.13542354
10.52395521 -2.95333363 1.84937971
10.53007007 -1.94786086 3.02800599
10.28492894 -0.93352571 4.88556068
9.71279078 0.06075363 7.55742299
8.74281125 0.99775979 10.81599936
7.36346527 1.83476718 13.75126497
5.68784843 2.53288480 14.97959990
3.95089388 3.07052274 13.72742132
2.39509892 3.45101991 10.65539554
1.14659151 3.69708805 7.19027351
0.19922931 3.83763021 4.35513059
-0.52025103 3.89750027 2.43500426
-1.09089157 3.89399452 1.28388499
-1.57123749 3.83771428 0.64951987
-1.99690386 3.73474855 0.32121910
-2.38648759 3.58862704 0.15965326
-2.74800193 3.40165288 0.08339647
-3.08355716 3.17569462 0.04859450
-3.39225282 2.91261514 0.03306300
-3.67180610 2.61448530 0.02615736
-3.91941446 2.28367962 0.02300317
-4.13219632 1.92291019 0.02145968
-4.30741430 1.53522902 0.02062059
-4.44259257 1.12401383 0.02011380
-4.53558394 0.69294452 0.01978994
-4.58461337 0.24597381 0.01958990
-4.58830952 -0.21270655 0.01949057
-4.54572915 -0.67870296 0.01948340
-4.45637632 -1.14746019 0.01956616
-4.32021687 -1.61430400 0.01973991
-4.13768838 -2.07448601 0.02000796
-3.90970549 -2.52323006 0.02037558
-3.63766045 -2.95577991 0.02085008
-3.32341904 -3.36744782 0.02144098
-2.96931135 -3.75366325 0.02216040
-2.57811804 -4.11002153 0.02302351
-2.15305162 -4.43233173 0.02404908
-1.69773315 -4.71666358 0.02526032
-1.21616441 -4.95939255 0.02668578
-0.71269563 -5.15724293 0.02836063
-0.19198942 -5.30732829 0.03032814
0.34101916 -5.40718890 0.03264171
0.88116593 -5.45482573 0.03536721
1.42310378 -5.44873059 0.03858602
1.96135135 -5.38791210 0.04239864
2.49034372 -5.27191714 0.04692901
3.00448451 -5.10084755 0.05232950
3.49819891 -4.87537186 0.05878624
3.96598706 -4.59673191 0.06652441
4.40247739 -4.26674413 0.07581223
4.80247953 -3.88779552 0.08696194
5.16103670 -3.46283424 0.10032447
5.47347802 -2.99535473 0.11627330
5.73547133 -2.48937721 0.13517093
5.94307834 -1.94942135 0.15731047
6.09281416 -1.38047362 0.18282476
6.18171412 -0.78794765 0.21155957
6.20741057 -0.17763651 0.24291727
6.16822053 0.44434422 0.27569504
6.06324182 1.07162393 0.30796557
5.89244869 1.69765550 0.33707240
5.65677047 2.31580452 0.35981894
5.35812988 2.91944632 0.37290290
4.99941633 3.50206583 0.37357039
4.58437833 4.05735273 0.36035223
4.11743879 4.57928359 0.33364474
3.60346371 5.06218437 0.29587999
3.04753592 5.50077055 0.25114167
2.45479021 5.89016788 0.20429600
1.83034693 6.22592166 0.15991942
1.17934671 6.50400476 0.12139463
0.50705343 6.72083313 0.09045863
-0.18102636 6.87329327 0.06727421
-0.87905532 6.95878115 0.05088288
-1.58083568 6.97524785 0.03978996
-2.27983963 6.92124622 0.03246057
-2.96928422 6.79597279 0.02761547
-3.64222943 6.59930177 0.02432976
-4.29168190 6.33180939 0.02200238
-4.91069425 5.99478836 0.02027203
-5.49245670 5.59025306 0.01893178
-6.03038110 5.12093591 0.01786464
-6.51817903 4.59027554 0.01700285
-6.94993511 4.00239704 0.01630500
-7.32017630 3.36208461 0.01574411
-7.62393731 2.67474692 0.01530169
-7.85682172 1.94637523 0.01496477
-8.01505818 1.18349495 0.01472430
-8.09555158 0.39311069 0.01457431
-8.09592837 -0.41735494 0.01451143
-8.01457512 -1.24012756 0.01453460
-7.85067049 -2.06715234 0.01464502
-7.60420974 -2.89016976 0.01484619
-7.27602151 -3.70079479 0.01514410
-6.86777652 -4.49059904 0.01554762
-6.38198805 -5.25119509 0.01606902
-5.82200400 -5.97432185 0.01672478
-5.19199029 -6.65193124 0.01753674
-4.49690601 -7.27627327 0.01853374
-3.74247011 -7.83998097 0.01975392
-2.93512002 -8.33615269 0.02124804
-2.08196272 -8.75843170 0.02308434
-1.19071839 -9.10108211 0.02535575
-0.26965777 -9.35906016 0.02819057
0.67246632 -9.52808062 0.03176903
1.62649124 -9.60467691 0.03634887
2.58291967 -9.58625543 0.04230612
3.53199446 -9.47114316 0.05020109
4.46376942 -9.25862892 0.06088739
5.36816954 -8.94899869 0.07569553
6.23503039 -8.54356661 0.09674717
7.05409843 -8.04470428 0.12750161
7.81496111 -7.45587388 0.17371568
8.50685161 -6.78167474 0.24513759
9.11823203 -6.02792059 0.35847924
9.63599166 -5.20177825 0.54252018
10.04400145 -4.31201972 0.84644493
10.32067407 -3.36947241 1.35205496
10.43524648 -2.38778817 2.18733123
10.34320441 -1.38465638 3.52830224
9.98365022 -0.38344670 5.55236481
9.28656318 0.58525244 8.27941991
8.20295583 1.48384081 11.28616514
6.76095699 2.27237062 13.54382659
5.10903655 2.91887578 13.89746470
3.47682994 3.41059964 12.07820805
2.05826327 3.75696393 9.00489192
0.92837252 3.98146257 5.91467333
0.05824015 4.10996061 3.52287941
-0.62328100 4.16328842 1.94929003
-1.18378546 4.15543884 1.02092037
-1.67080270 4.09482505 0.51456831
-2.11221401 3.98625660 0.25473828
-2.52188111 3.83258059 0.12794853
-2.90509878 3.63577238 0.06862953
-3.26244583 3.39757525 0.04177562
-3.59213909 3.11984284 0.02984514
-3.89135208 2.80470683 0.02451602
-4.15691221 2.45464899 0.02202856
-4.38565824 2.07252318 0.02075682
-4.57462421 1.66155150 0.02002371
-4.72113945 1.22530649 0.01955561
-4.82288914 0.76768511 0.01924410
-4.87795604 0.29287715 0.01904653
-4.88485226 -0.19467067 0.01894620
-4.84254475 -0.69029424 0.01893697
-4.75047563 -1.18915464 0.01901753
-4.60857779 -1.68628342 0.01918937
-4.41728571 -2.17663021 0.01945604
-4.17754143 -2.65511199 0.01982311
-3.89079545 -3.11666368 0.02029827
-3.55900267 -3.55629011 0.02089160
-3.18461295 -3.96911747 0.02161600
-2.77055678 -4.35044535 0.02248767
-2.32022568 -4.69579775 0.02352688
-1.83744776 -5.00097304 0.02475882
-1.32645836 -5.26209214 0.02621481
-0.79186614 -5.47564449 0.02793380
-0.23861496 -5.63853133 0.02996432
0.32805826 -5.74810578 0.03236701
0.90266929 -5.80220931 0.03521784
1.47953528 -5.79920415 0.03861223
2.05282608 -5.73800131 0.04267031
2.61661758 -5.61808385 0.04754346
3.16494632 -5.43952522 0.05342243
3.69186484 -5.20300237 0.06054683
4.19149705 -4.90980352 0.06921611
4.65809296 -4.56183058 0.07980068
5.08608233 -4.16159603 0.09275162
5.47012704 -3.71221452 0.10860491
5.80517234 -3.21738894 0.12797395
6.08649833 -2.68139114 0.15152034
6.30977364 -2.10903694 0.17988893
6.47111539 -1.50565489 0.21359052
6.56716067 -0.87704789 0.25281674
6.59515585 -0.22944592 0.29718285
6.55306937 0.43055233 0.34541982
6.43972865 1.09605170 0.39508183
6.25497277 1.75994889 0.44238944
5.99979769 2.41503797 0.48237006
5.67645479 3.05413077 0.50944091
5.28845459 3.67018513 0.51846300
4.84043541 4.25642977 0.50607992
4.33788901 4.80647087 0.47192140
3.78678527 5.31436763 0.41915219
3.19318537 5.77466982 0.35400997
2.56294968 6.18242103 0.28438095
1.90161801 6.53314074 0.21790528
1.21447546 6.82280340 0.16031880
0.50674896 7.04783110 0.11459088
-0.21615850 7.20510856 0.08101378
-0.94848331 7.29202031 0.05798665
-1.68401537 7.30650241 0.04303442
-2.41611371 7.24709865 0.03365802
-3.13779516 7.11301238 0.02782287
-3.84185853 6.90414829 0.02410220
-4.52101460 6.62114200 0.02160387
-5.16800625 6.26537755 0.01981685
-5.77571418 5.83899389 0.01846504
-6.33725022 5.34488136 0.01740248
-6.84604145 4.78666925 0.01655024
-7.29590800 4.16870492 0.01586290
-7.68113579 3.49602494 0.01531213
-7.99654512 2.77431842 0.01487899
-8.23755442 2.00988298 0.01455037
-8.40023907 1.20957367 0.01431722
-8.48138472 0.38074515 0.01417361
-8.47853438 -0.46881252 0.01411624
-8.39002877 -1.33094357 0.01414416
-8.21503935 -2.19720140 0.01425873
-7.95359374 -3.05892804 0.01446364
-7.60659300 -3.90733723 0.01476515
-7.17582039 -4.73360063 0.01517249
-6.66394154 -5.52893608 0.01569843
-6.07449576 -6.28469739 0.01636018
-5.41187839 -6.99246445 0.01718059
-4.68131440 -7.64413303 0.01819002
-3.88882319 -8.23200327 0.01942878
-3.04117499 -8.74886595 0.02095098
-2.14583928 -9.18808571 0.02282989
-1.21092567 -9.54368038 0.02516625
-0.24511813 -9.81039556 0.02810065
0.74239639 -9.98377375 0.03183303
1.74200354 -10.06021754 0.03665340
2.74373910 -10.03704622 0.04299172
3.73736552 -9.91254576 0.05150052
4.71244213 -9.68601234 0.06319475
5.65838090 -9.35779029 0.07969370
6.56447323 -8.92930648 0.10364820
7.41986217 -8.40310516 0.13950809
8.21341339 -7.78289083 0.19492045
8.93339909 -7.07359359 0.28329519
9.56683806 -6.28148318 0.42849798
10.09821247 -5.41438036 0.67326001
10.50709747 -4.48205213 1.09347895
10.76405117 -3.49693598 1.81975105
10.82425970 -2.47540573 3.06047179
10.62004593 -1.43978624 5.09597267
10.05895261 -0.42098151 8.15734817
9.04543623 0.53963393 12.06396259
7.54897101 1.39268917 15.72373211
5.69766887 2.09206818 17.29833942
3.78457808 2.61263496 15.72137692
2.11187887 2.96055155 11.92197379
0.82265296 3.16546299 7.79820649
-0.10846801 3.26300022 4.57385971
-0.78047845 3.28239708 2.48477552
-1.28948515 3.24320895 1.28021901
-1.70222006 3.15709391 0.63723829
-2.05751234 3.03067425 0.31248159
-2.37515181 2.86781858 0.15532825
-2.66375992 2.67109197 0.08186600
-2.92599545 2.44257395 0.04844630
-3.16157594 2.18428402 0.03350871
-3.36890407 1.89838679 0.02685080
-3.54590151 1.58728099 0.02382231
-3.69042463 1.25362943 0.02237292
-3.80047082 0.90035929 0.02162453
-3.87428416 0.53064742 0.02121027
-3.91041367 0.14789721 0.02097995
-3.90774897 -0.24428953 0.02087322
-3.86554460 -0.64214429 0.02086659
-3.78343736 -1.04176622 0.02095188
-3.66145881 -1.43915879 0.02112764
-3.50004337 -1.83026815 0.02139586
-3.30003242 -2.21102290 0.02176081
-3.06267414 -2.57737488 0.02222863
-2.78961937 -2.92534055 0.02280738
-2.48291329 -3.25104239 0.02350718
-2.14498284 -3.55075084 0.02434051
-1.77862027 -3.82092442 0.02532256
-1.38696255 -4.05824974 0.02647165
-0.97346706 -4.25967969 0.02780987
-0.54188339 -4.42246977 0.02936362
-0.09622194 -4.54421217 0.03116447
0.35928080 -4.62286723 0.03325001
0.82019988 -4.65679179 0.03566482
1.28196207 -4.64476427 0.03846158
1.73988826 -4.58600604 0.04170211
2.18923768 -4.48019882 0.04545831
2.62525358 -4.32749797 0.04981279
3.04321005 -4.12854129 0.05485873
3.43845945 -3.88445327 0.06069862
3.80648037 -3.59684461 0.06744089
4.14292565 -3.26780689 0.07519355
4.44367060 -2.89990222 0.08405353
4.70486115 -2.49614790 0.09409019
4.92296229 -2.05999579 0.10532166
5.09480686 -1.59530647 0.11768369
5.21764503 -1.10631780 0.13099186
5.28919425 -0.59760793 0.14490120
5.30768905 -0.07405241 0.15887140
5.27192901 0.45922443 0.17214993
5.18132164 0.99690376 0.18378955
5.03591555 1.53353153 0.19271544
4.83641774 2.06358146 0.19785048
4.58418943 2.58152015 0.19829071
4.28121636 3.08187167 0.19350167
3.93005412 3.55927932 0.18348504
3.53375490 4.00856193 0.16885774
3.09578720 4.42476363 0.15080038
2.61996312 4.80319659 0.13086999
2.11038549 5.13947828 0.11072024
1.57142093 5.42956549 0.09180863
1.00769575 5.66978739 0.07517557
0.42410463 5.85687972 0.06135063
-0.17418171 5.98802053 0.05039129
-0.78172138 6.06086692 0.04201428
-1.39282512 6.07359104 0.03575870
-2.00159915 6.02491352 0.03112764
-2.60200299 5.91413236 0.02767989
-3.18791630 5.74114613 0.02506965
-3.75320973 5.50647058 0.02304851
-4.29181616 5.21124845 0.02144814
-4.79780047 4.85725235 0.02015801
-5.26542716 4.44688066 0.01910594
-5.68922557 3.98314676 0.01824408
-6.06405237 3.46966150 0.01753975
-6.38515151 2.91060923 0.01696996
-6.64821086 2.31071730 0.01651820
-6.84941520 1.67521958 0.01617257
-6.98549541 1.00981385 0.01592463
-7.05377258 0.32061390 0.01576875
-7.05219736 -0.38590376 0.01570171
-6.97938354 -1.10295793 0.01572249
-6.83463574 -1.82352496 0.01583214
-6.61797050 -2.54040477 0.01603391
-6.33013081 -3.24628999 0.01633335
-5.97259341 -3.93383754 0.01673864
-5.54756909 -4.59574217 0.01726101
-5.05799544 -5.22481101 0.01791545
-4.50752240 -5.81403839 0.01872157
-3.90049010 -6.35668125 0.01970493
-3.24189981 -6.84633191 0.02089876
-2.53737758 -7.27699022 0.02234649
-1.79313119 -7.64313278 0.02410522
-1.01590075 -7.93977891 0.02625077
-0.21290352 -8.16255257 0.02888484
0.60822643 -8.30773983 0.03214561
1.43950264 -8.37234112 0.03622336
2.27265381 -8.35411790 0.04138403
3.09919278 -8.25163327 0.04800497
3.91048472 -8.06428660 0.05663011
4.69781167 -7.79234199 0.06805593
5.45242861 -7.43695122 0.08346651
6.16560466 -7.00017220 0.10464691
6.82863874 -6.48498479 0.13432053
7.43283424 -5.89530724 0.17667866
7.96940913 -5.23601854 0.23819751
8.42930807 -4.51299498 0.32885617
8.80287372 -3.73317301 0.46383915
9.07933414 -2.90465560 0.66563449
9.24609569 -2.03688251 0.96592655
9.28794419 -1.14088170 1.40552349
9.18652833 -0.22959725 2.02852517
8.92099496 0.68177201 2.86468903
8.47124295 1.57560881 3.89488795
7.82529424 2.43223741 5.00607344
6.99036653 3.23124124 5.96879846
6.00260627 3.95392371 6.49104031
4.92635964 4.58635346 6.36220620
3.83772356 5.12160384 5.59406517
2.79996357 5.55984665 4.42367514
1.84674561 5.90623123 3.17043976
0.98186018 6.16784571 2.08006663
0.19055527 6.35125473 1.26224039
-0.54750834 6.46128920 0.71597497
-1.24972564 6.50092316 0.38456947
-1.92718283 6.47174058 0.19962972
-2.58468439 6.37456268 0.10379873
-3.22223471 6.20999833 0.05724245
-3.83673606 5.97883768 0.03573270
-4.42335651 5.68229666 0.02603752
-4.97645374 5.32215066 0.02157633
-5.49013420 4.90079702 0.01933791
-5.95857257 4.42127532 0.01804099
-6.37619516 3.88726346 0.01717133
-6.73779396 3.30305902 0.01652951
-7.03860767 2.67355051 0.01603764
-7.27438672 2.00418090 0.01566307
-7.44144950 1.30090420 0.01539028
-7.53673216 0.57013586 0.01521095
-7.55783256 -0.18130253 0.01512061
-7.50304823 -0.94624391 0.01511743
-7.37140791 -1.71724103 0.01520189
-7.16269635 -2.48663598 0.01537669
-6.87747197 -3.24663320 0.01564687
-6.51707711 -3.98937549 0.01602012
-6.08364058 -4.70702210 0.01650721
-5.58007239 -5.39182830 0.01712264
-5.01005060 -6.03622549 0.01788556
-4.37800010 -6.63290185 0.01882112
-3.68906375 -7.17488092 0.01996223
-2.94906586 -7.65559948 0.02135229
-2.16446823 -8.06898252 0.02304875
-1.34231943 -8.40951500 0.02512864
-0.49019768 -8.67230953 0.02769634
0.38385181 -8.85316955 0.03089536
1.27138415 -8.94864701 0.03492608
2.16362527 -8.95609439 0.04007300
3.05154398 -8.87371046 0.04674736
3.92592280 -8.70057979 0.05555474
4.77742384 -8.43670605 0.06740408
5.59664363 -8.08303988 0.08368580
6.37414738 -7.64150267 0.10656604
7.10046721 -7.11500906 0.13947626
7.76603888 -6.50749284 0.18792893
8.36103542 -5.82394457 0.26086605
8.87503198 -5.07047454 0.37284227
9.29640406 -4.25442333 0.54740485
9.61133164 -3.38455407 0.82188479
9.80229831 -2.47137407 1.25297260
9.84614868 -1.52763877 1.91990274
9.71234476 -0.56906166 2.91634167
9.36337402 0.38486929 4.31343158
8.76123273 1.31036504 6.07458433
7.88453086 2.17995929 7.93715279
6.75478541 2.96540088 9.37155929
5.45509400 3.64309041 9.78797878
4.11516462 4.19999978 8.94899921
2.86060328 4.63622751 7.18277314
1.76448705 4.96219008 5.12829214
0.83728626 5.19265167 3.31478025
0.04971903 5.34147564 1.97310205
-0.63891074 5.41907039 1.09768122
-1.26337375 5.43215212 0.57873640
-1.84685265 5.38463201 0.29422798
-2.40178392 5.27872063 0.14832785
-2.93284500 5.11583444 0.07772139
-3.43988679 4.89721082 0.04514871
-3.92009665 4.62427594 0.03059144
-4.36937394 4.29884247 0.02410354
-4.78312519 3.92320356 0.02107667
-5.15669753 3.50016826 0.01950494
-5.48561140 3.03306504 0.01856112
-5.76569145 2.52572759 0.01791786
-5.99314882 1.98246991 0.01744833
-6.16464050 1.40805386 0.01710274
-6.27731720 0.80765065 0.01686043
-6.32886400 0.18679719 0.01671219
-6.31753531 -0.44865232 0.01665390
-6.24218440 -1.09257895 0.01668444
-6.10228736 -1.73865564 0.01680491
-5.89796113 -2.38040664 0.01701859
-5.62997550 -3.01126999 0.01733093
-5.29975875 -3.62466208 0.01774987
-4.90939678 -4.21404366 0.01828620
-4.46162568 -4.77298692 0.01895415
-3.95981754 -5.29524270 0.01977216
-3.40795975 -5.77480739 0.02076399
-2.81062776 -6.20598870 0.02196013
-2.17295146 -6.58346972 0.02339989
-1.50057557 -6.90237056 0.02513410
-0.79961430 -7.15830694 0.02722900
-0.07660082 -7.34744514 0.02977163
0.66156794 -7.46655264 0.03287740
1.40769042 -7.51304412 0.03670101
2.15432252 -7.48502220 0.04145199
2.89384169 -7.38131259 0.04741745
3.61851146 -7.20149346 0.05499505
4.32054456 -6.94591898 0.06474140
4.99216226 -6.61573712 0.07744307
5.62564655 -6.21290204 0.09422012
6.21338081 -5.74018215 0.11667574
6.74787320 -5.20116495 0.14710792
7.22175553 -4.60026075 0.18879811
7.62774955 -3.94270826 0.24638077
7.95859416 -3.23458548 0.32626289
8.20693374 -2.48283035 0.43698406
8.36518613 -1.69527420 0.58925551
8.42544653 -0.88068828 0.79517545
8.37954782 -0.04883431 1.06583549
8.21948281 0.78950612 1.40642817
7.93845926 1.62257375 1.80854253
7.53279974 2.43782282 2.24127093
7.00456787 3.22234798 2.64610577
6.36414081 3.96359221 2.94327393
5.63125499 4.65026617 3.05441474
4.83306872 5.27325033 2.93544668
3.99910681 5.82615525 2.60086046
3.15498952 6.30529804 2.12127267
2.31787208 6.70910768 1.59423634
1.49546357 7.03723123 1.10734807
0.68830400 7.28969789 0.71431870
-0.10651003 7.46638665 0.43119756
-0.89197725 7.56685273 0.24677012
-1.66916454 7.59042579 0.13707497
-2.43653968 7.53644414 0.07695418
-3.19021868 7.40451031 0.04622375
-3.92461115 7.19470297 0.03127659
-4.63309778 6.90772411 0.02410664
-5.30856938 6.54498695 0.02051622
-5.94379747 6.10865981 0.01851305
-6.53167252 5.60168055 0.01722685
-7.06535922 5.02775176 0.01629910
-7.53840649 4.39132269 0.01558478
-7.94483470 3.69756103 0.01502234
-8.27921111 2.95231591 0.01458233
-8.53671787 2.16207297 0.01424826
-8.71321412 1.33390194 0.01400995
-8.80529184 0.47539716 0.01386096
-8.81032555 -0.40538838 0.01379772
-8.72651474 -1.30001501 0.01381909
-8.55291900 -2.19973374 0.01392625
-8.28948513 -3.09556834 0.01412275
-7.93706583 -3.97840130 0.01441475
-7.49742966 -4.83906313 0.01481136
-6.97326199 -5.66842397 0.01532528
-6.36815687 -6.45748633 0.01597368
-5.68659948 -7.19747952 0.01677946
-4.93393957 -7.87995212 0.01777312
-4.11635571 -8.49686454 0.01899540
-3.24081082 -9.04067870 0.02050113
-2.31499939 -9.50444479 0.02236502
-1.34728679 -9.88188417 0.02469032
-0.34664177 -10.16746722 0.02762220
0.67743718 -10.35648600 0.03136865
1.71499923 -10.44512017 0.03623418
2.75572098 -10.43049676 0.04267504
3.78898450 -10.31074298 0.05139222
4.80394788 -10.08503247 0.06349166
5.78959877 -9.75362623 0.08076702
6.73477320 -9.31791042 0.10621032
7.62810798 -8.78043606 0.14495315
8.45786669 -8.14497002 0.20603093
9.21152520 -7.41657538 0.30572491
9.87489986 -6.60175595 0.47389330
10.43041599 -5.70873044 0.76575704
10.85381570 -4.74795835 1.28275394
11.10826933 -3.73312996 2.20511853
11.13504011 -2.68294244 3.82722622
10.84261646 -1.62397435 6.54171117
10.10634573 -0.59436171 10.61549736
8.81029587 0.35419227 15.55892939
6.96217994 1.16222690 19.45992023
4.81143003 1.78154401 19.86374002
2.77266798 2.19828974 16.38895253
1.15522877 2.43718287 11.24974536
0.01692757 2.54208502 6.73669644
-0.74707857 2.55413136 3.67877964
-1.27014286 2.50239878 1.89247292
-1.65213334 2.40454923 0.93817682
-1.95309723 2.27058370 0.45685209
-2.20476868 2.10617552 0.22366512
-2.42222359 1.91482841 0.11407116
-2.61167763 1.69908978 0.06375981
-2.77495741 1.46117863 0.04105338
-2.91186814 1.20328991 0.03089799
-3.02138890 0.92773104 0.02634820
-3.10225828 0.63697461 0.02427982
-3.15325753 0.33367002 0.02331804
-3.17334820 0.02063501 0.02286922
-3.16174135 -0.29916301 0.02268125
-3.11793447 -0.62263118 0.02264893
-3.04173248 -0.94657876 0.02272954
-2.93326028 -1.26774685 0.02290699
-2.79296985 -1.58283979 0.02317680
-2.62164305 -1.88855756 0.02353993
-2.42039083 -2.18162905 0.02400030
-2.19064894 -2.45884568 0.02456384
-1.93417010 -2.71709510 0.02523820
-1.65301292 -2.95339465 0.02603270
-1.34952742 -3.16492411 0.02695846
-1.02633746 -3.34905766 0.02802851
-0.68631983 -3.50339434 0.02925804
-0.33258059 -3.62578701 0.03066451
0.03157140 -3.71436937 0.03226791
0.40265364 -3.76758058 0.03409084
0.77704134 -3.78418751 0.03615860
1.15100092 -3.76330397 0.03849910
1.52072535 -3.70440702 0.04114253
1.88237088 -3.60734984 0.04412070
2.23209509 -3.47237115 0.04746592
2.56609578 -3.30010089 0.05120908
2.88065048 -3.09156213 0.05537692
3.17215632 -2.84816889 0.05998807
3.43716990 -2.57171999 0.06504766
3.67244695 -2.26438870 0.07054045
3.87498157 -1.92870821 0.07642239
4.04204463 -1.56755291 0.08261128
4.17122113 -1.18411538 0.08897711
4.26044579 -0.78187935 0.09533432
4.30803657 -0.36458850 0.10143774
4.31272469 0.06378856 0.10698586
4.27368041 0.49909675 0.11163411
4.19053265 0.93703623 0.11502063
4.06338125 1.37320642 0.11680453
3.89280031 1.80315185 0.11671333
3.67983204 2.22240864 0.11459223
3.42597138 2.62655101 0.11044454
3.13314284 3.01123656 0.10445168
2.80367241 3.37225006 0.09696373
2.44025762 3.70554498 0.08845855
2.04593908 4.00728305 0.07947603
1.62407531 4.27387174 0.07054199
1.17832136 4.50200031 0.06209968
0.71260963 4.68867442 0.05446408
0.23113043 4.83124959 0.04780676
-0.26169079 4.92746324 0.04216930
-0.76122161 4.97546473 0.03749570
-1.26265750 4.97384297 0.03367171
-1.76106298 4.92165058 0.03056021
-2.25141812 4.81842422 0.02802680
-2.72866891 4.66420042 0.02595414
-3.18777980 4.45952642 0.02424713
-3.62378736 4.20546599 0.02283234
-4.03185402 3.90359982 0.02165458
-4.40732115 3.55602062 0.02067280
-4.74576103 3.16532273 0.01985652
-5.04302720 2.73458637 0.01918296
-5.29530265 2.26735665 0.01863500
-5.49914558 1.76761728 0.01819980
-5.65153212 1.23975946 0.01786787
-5.74989558 0.68854578 0.01763240
-5.79216187 0.11906982 0.01748889
-5.77678063 -0.46328860 0.01743487
-5.70275164 -1.05291183 0.01746977
-5.56964619 -1.64399636 0.01759492
-5.37762319 -2.23060760 0.01781349
-5.12743963 -2.80673713 0.01813080
-4.82045517 -3.36636196 0.01855441
-4.45863090 -3.90350508 0.01909454
-4.04452191 -4.41229680 0.01976458
-3.58126386 -4.88703630 0.02058172
-3.07255345 -5.32225273 0.02156791
-2.52262294 -5.71276531 0.02275103
-1.93620886 -6.05374175 0.02416658
-1.31851533 -6.34075435 0.02585983
-0.67517168 -6.56983363 0.02788892
-0.01218597 -6.73751784 0.03032883
0.66410634 -6.84089910 0.03327709
1.34709729 -6.87766488 0.03686145
2.02996424 -6.84613473 0.04125063
2.70572992 -6.74529166 0.04666921
3.36732357 -6.57480809 0.05341830
4.00764191 -6.33506620 0.06190425
4.61960850 -6.02717249 0.07267816
5.19622967 -5.65296686 0.08648947
5.73064485 -5.21502648 0.10435691
6.21616902 -4.71666505 0.12765873
6.64632497 -4.16192819 0.15823966
7.01486386 -3.55558611 0.19852168
7.31577503 -2.90312462 0.25158619
7.54329052 -2.21073533 0.32116068
7.69189944 -1.48530477 0.41139337
7.75640112 -0.73440037 0.52624380
7.73204506 0.03375324 0.66828973
7.61482205 0.81031947 0.83682451
7.40196999 1.58593577 1.02540176
7.09271454 2.35086443 1.21954181
6.68915516 3.09522991 1.39601581
6.19704186 3.80934793 1.52544777
5.62604428 4.48411764 1.57913126
4.98913630 5.11140684 1.53862106
4.30101358 5.68433288 1.40395769
3.57594402 6.19735544 1.19573284
2.82582125 6.64615726 0.94906406
2.05914755 7.02736799 0.70224743
1.28121571 7.33824024 0.48572124
0.49520236 7.57638772 0.31599168
-0.29642409 7.73964961 0.19570637
-1.09073082 7.82608622 0.11794113
-1.88366406 7.83406818 0.07165144
-2.66990441 7.76240689 0.04595845
-3.44306300 7.61048339 0.03238322
-4.19601898 7.37835138 0.02531655
-4.92125677 7.06680738 0.02150471
-5.61113857 6.67743125 0.01925684
-6.25810454 6.21260373 0.01776949
-6.85481768 5.67550707 0.01668398
-7.39427443 5.07011297 0.01584343
-7.86989619 4.40116005 0.01517633
-8.27561016 3.67412236 0.01464637
-8.60592328 2.89516935 0.01423246
-8.85599057 2.07111784 0.01392105
-9.02167770 1.20937648 0.01370313
-9.09961744 0.31788306 0.01357298
-9.08725954 -0.59496491 0.01352753
-8.98291321 -1.52038571 0.01356612
-8.78578170 -2.44929411 0.01369044
-8.49598872 -3.37238700 0.01390458
-8.11459600 -4.28023298 0.01421534
-7.64361182 -5.16336495 0.01463264
-7.08599017 -6.01237506 0.01517019
-6.44562044 -6.81801103 0.01584654
-5.72730761 -7.57127284 0.01668645
-4.93674301 -8.26350851 0.01772297
-4.08046543 -8.88650983 0.01900057
-3.16581381 -9.43260353 0.02057938
-2.20087096 -9.89474063 0.02254213
-1.19439965 -10.26658097 0.02500412
-0.15577166 -10.54257270 0.02812928
0.90510872 -10.71802590 0.03215541
1.97788503 -10.78917972 0.03743553
3.05182993 -10.75326279 0.04450709
4.11592307 -10.60854665 0.05421058
5.15891801 -10.35439292 0.06789863
6.16938516 -9.99129572 0.08781370
7.13570677 -9.52092274 0.11778787
8.04597839 -8.94616186 0.16456790
8.88772873 -8.27118679 0.24037057
9.64728478 -7.50156814 0.36786396
10.30844370 -6.64448198 0.58986765
10.84980830 -5.70911680 0.98782143
11.23965832 -4.70746997 1.71473674
11.42676968 -3.65586854 3.04482750
11.32646811 -2.57769546 5.41385397
10.80798372 -1.50762578 9.32473628
9.71050876 -0.49614914 14.81643437
7.94293375 0.39117285 20.38871432
5.66583844 1.08944312 22.85105133
3.33635527 1.56466577 20.25125464
1.41705119 1.83197136 14.47465350
0.07468369 1.93983034 8.79418875
-0.78424756 1.93996546 4.79891346
-1.32618888 1.87063613 2.45169095
-1.68376056 1.75533356 1.20563221
-1.93784984 1.60728766 0.58255209
-2.13150630 1.43387700 0.28259197
-2.28566932 1.23950587 0.14190947
-2.40967858 1.02720273 0.07716908
-2.50718456 0.79943552 0.04778233
-2.57921159 0.55850321 0.03456295
-2.62567423 0.30671224 0.02864555
-2.64610766 0.04644750 0.02600801
-2.64001394 -0.21980743 0.02485290
-2.60702542 -0.48947411 0.02438700
-2.54698246 -0.75989492 0.02426413
-2.45997084 -1.02835457 0.02433506
-2.34633967 -1.29210474 0.02453677
-2.20670935 -1.54839046 0.02484409
-2.04197337 -1.79447753 0.02524864
-1.85329603 -2.02768042 0.02574983
-1.64210676 -2.24539037 0.02635097
-1.41009131 -2.44510327 0.02705766
-1.15918010 -2.62444716 0.02787712
-0.89153382 -2.78120882 0.02881789
-0.60952638 -2.91335950 0.02988976
-0.31572536 -3.01907912 0.03110368
-0.01287014 -3.09677906 0.03247171
0.29615225 -3.14512294 0.03400684
0.60833323 -3.16304533 0.03572283
0.92057048 -3.14976810 0.03763382
1.22969744 -3.10481429 0.03975375
1.53251400 -3.02801907 0.04209563
1.82581834 -2.91953787 0.04467031
2.10643948 -2.77985142 0.04748509
2.37127042 -2.60976748 0.05054161
2.61730143 -2.41041934 0.05383346
2.84165338 -2.18326092 0.05734315
3.04161067 -1.93005834 0.06103873
3.21465351 -1.65287813 0.06487019
3.35848920 -1.35407187 0.06876607
3.47108202 -1.03625757 0.07263090
3.55068129 -0.70229762 0.07634414
3.59584696 -0.35527362 0.07976181
3.60547238 0.00154171 0.08272154
3.57880318 0.36471536 0.08505187
3.51545203 0.73068713 0.08658596
3.41540824 1.09580471 0.08717881
3.27904207 1.45636004 0.08672630
3.10710345 1.80862674 0.08518268
2.90071538 2.14889773 0.08257340
2.66136270 2.47352280 0.07899927
2.39087729 2.77894558 0.07463008
2.09142068 3.06173966 0.06968749
1.76546535 3.31864354 0.06441994
1.41577530 3.54659439 0.05907410
1.04538604 3.74276055 0.05386854
0.65758379 3.90457256 0.04897459
0.25588302 4.02975267 0.04450711
-0.15599843 4.11634257 0.04052530
-0.57416741 4.16272896 0.03704130
-0.99458707 4.16766673 0.03403297
-1.41311192 4.13029914 0.03145750
-1.82552616 4.05017471 0.02926294
-2.22758433 3.92726056 0.02739660
-2.61505398 3.76195162 0.02581005
-2.98375923 3.55507587 0.02446146
-3.32962489 3.30789508 0.02331613
-3.64872034 3.02210124 0.02234591
-3.93730286 2.69980843 0.02152834
-4.19185973 2.34354028 0.02084564
-4.40914877 1.95621287 0.02028382
-4.58623694 1.54111345 0.01983204
-4.72053654 1.10187495 0.01948202
-4.80983841 0.64244609 0.01922771
-4.85234222 0.16705826 0.01906495
-4.84668308 -0.31981154 0.01899129
-4.79195422 -0.81348088 0.01900597
-4.68772563 -1.30910503 0.01910986
-4.53405815 -1.80172255 0.01930546
-4.33151296 -2.28630305 0.01959694
-4.08115617 -2.75779663 0.01999043
-3.78455850 -3.21118441 0.02049416
-3.44378977 -3.64153004 0.02111883
-3.06140840 -4.04403115 0.02187800
-2.64044573 -4.41407073 0.02278873
-2.18438535 -4.74726765 0.02387224
-1.69713741 -5.03952599 0.02515491
-1.18300842 -5.28708211 0.02666950
-0.64666640 -5.48654988 0.02845671
-0.09310190 -5.63496284 0.03056725
0.47241488 -5.72981313 0.03306438
1.04438023 -5.76908673 0.03602733
1.61710617 -5.75129451 0.03955546
2.18477202 -5.67549895 0.04377368
2.74147782 -5.54133593 0.04883904
3.28129893 -5.34903162 0.05494877
3.79834126 -5.09941414 0.06234968
4.28679630 -4.79391980 0.07134847
4.74099558 -4.43459406 0.08232178
5.15546397 -4.02408700 0.09572374
5.52497180 -3.56564326 0.11208652
5.84458634 -3.06308678 0.13200726
6.10972383 -2.52079987 0.15611058
6.31620471 -1.94369650 0.18497291
6.46031591 -1.33718917 0.21899286
6.53888580 -0.70714819 0.25819594
6.54937729 -0.05985177 0.30197568
6.49000342 0.59807549 0.34880224
6.35986387 1.25973807 0.39597540
6.15909052 1.91806098 0.43954764
5.88897591 2.56589712 0.47456989
5.55204445 3.19614735 0.49577236
5.15202162 3.80188533 0.49865632
4.69367026 4.37647529 0.48075839
4.18249849 4.91366890 0.44265233
3.62439249 5.40767014 0.38822190
3.02526546 5.85316446 0.32395892
2.39081929 6.24531789 0.25744949
1.72647760 6.57976055 0.19558838
1.03748508 6.85257169 0.14317675
0.32910857 7.06028034 0.10234376
-0.39314949 7.19988765 0.07283070
-1.12340051 7.26890851 0.05282671
-1.85531666 7.26542448 0.03991807
-2.58216908 7.18813837 0.03181390
-3.29692635 7.03642261 0.02672039
-3.99237888 6.81035727 0.02341440
-4.66126413 6.51075589 0.02114640
-5.29638078 6.13917987 0.01949230
-5.89068953 5.69794215 0.01822360
-6.43740279 5.19010149 0.01721843
-6.93006644 4.61944786 0.01640958
-7.36263580 3.99047976 0.01575733
-7.72954702 3.30837349 0.01523630
-8.02578414 2.57894484 0.01482928
-8.24694142 1.80860356 0.01452430
-8.38928063 1.00430075 0.01431315
-8.44978260 0.17346978 0.01419059
-8.42619259 -0.67603912 0.01415390
-8.31705859 -1.53602940 0.01420270
-8.12176252 -2.39803403 0.01433890
-7.84054350 -3.25339550 0.01456678
-7.47451303 -4.09334937 0.01489327
-7.02566164 -4.90911067 0.01532837
-6.49685689 -5.69196211 0.01588581
-5.89183259 -6.43334377 0.01658400
-5.21516902 -7.12494280 0.01744734
-4.47226452 -7.75878242 0.01850822
-3.66929836 -8.32730974 0.01980975
-2.81318539 -8.82348074 0.02140981
-1.91152274 -9.24084244 0.02338706
-0.97252932 -9.57361065 0.02584984
-0.00497878 -9.81674305 0.02894994
0.98187277 -9.96600664 0.03290393
1.97836268 -10.01803887 0.03802716
2.97449920 -9.97040248 0.04478902
3.96003692 -9.82163359 0.05390486
4.92454451 -9.57128349 0.06649186
5.85745568 -9.21995515 0.08433961
6.74808714 -8.76933681 0.11038830
7.58559503 -8.22223728 0.14958856
8.35881770 -7.58263136 0.21046593
9.05590929 -6.85573169 0.30798137
9.66359132 -6.04811621 0.46872599
10.16571943 -5.16796515 0.74010661
10.54067781 -4.22550156 1.20558253
10.75696883 -3.23378951 2.00641971
10.76669382 -2.21010195 3.36120370
10.49874713 -1.17802284 5.54512433
9.86003084 -0.16998883 8.73417263
8.76413446 0.77141739 12.60864380
7.20574011 1.59730990 15.92278487
5.34429853 2.26511564 16.90895675
3.48037186 2.75553731 14.86494635
1.88783387 3.07955745 10.97884753
0.67347800 3.26816610 7.05103491
-0.20583685 3.35553058 4.08737589
-0.84904687 3.36857959 2.20414614
-1.34548737 3.32494518 1.13037543
-1.75529196 3.23503095 0.56132198
-2.11275682 3.10474503 0.27547412
-2.43498166 2.93758749 0.13781527
-2.72910350 2.73595327 0.07375448
-2.99698852 2.50185999 0.04472409
-3.23793133 2.23732343 0.03177702
-3.45010089 1.94453649 0.02599799
-3.63128007 1.62594508 0.02334813
-3.77923441 1.28427143 0.02205826
-3.89189621 0.92251116 0.02137584
-3.96746023 0.54391663 0.02098856
-4.00443766 0.15197265 0.02076939
-4.00169031 -0.24963259 0.02066759
-3.95845431 -0.65704011 0.02066362
-3.87435757 -1.06625540 0.02075091
-3.74943233 -1.47318595 0.02092867
-3.58412345 -1.87368055 0.02119926
-3.37929250 -2.26357003 0.02156717
-3.13621767 -2.63870899 0.02203878
-2.85658947 -2.99501822 0.02262240
-2.54250221 -3.32852712 0.02332853
-2.19644118 -3.63541654 0.02417007
-1.82126574 -3.91205997 0.02516280
-1.42018828 -4.15506446 0.02632584
-0.99674935 -4.36130976 0.02768223
-0.55478875 -4.52798550 0.02925975
-0.09841346 -4.65262613 0.03109165
0.36803794 -4.73314308 0.03321779
0.84003371 -4.76785391 0.03568572
1.31289010 -4.75550789 0.03855200
1.78181460 -4.69530800 0.04188351
2.24195121 -4.58692875 0.04575875
2.68842706 -4.43052982 0.05026886
3.11640016 -4.22676516 0.05551793
3.52110778 -3.97678744 0.06162221
3.89791528 -3.68224762 0.06870719
4.24236506 -3.34528966 0.07690146
4.55022558 -2.96854011 0.08632582
4.81754044 -2.55509256 0.09707579
5.04067787 -2.10848679 0.10919587
5.21638085 -1.63268250 0.12264436
5.34181827 -1.13202733 0.13724954
5.41463735 -0.61121912 0.15266094
5.43301670 -0.07526192 0.16830475
5.39571834 0.47058407 0.18335747
5.30213538 1.02085876 0.19675745
5.15232984 1.56996386 0.20727416
4.94705374 2.11222889 0.21364754
4.68774612 2.64197951 0.21479139
4.37650095 3.15360546 0.21002785
4.01600578 3.64162517 0.19929359
3.60945800 4.10074421 0.18324625
3.16047244 4.52590594 0.16321566
2.67299763 4.91233411 0.14098963
2.15125601 5.25556897 0.11848392
1.59971561 5.55149964 0.09739223
1.02309019 5.79639579 0.07892032
0.42635540 5.98694084 0.06367292
-0.18523546 6.12026772 0.05170052
-0.80615003 6.19399613 0.04265731
-1.43059760 6.20626980 0.03599616
-2.05257190 6.15579115 0.03113599
-2.66591103 6.04185145 0.02756795
-3.26436746 5.86435497 0.02489909
-3.84168208 5.62383628 0.02285179
-4.39165830 5.32147048 0.02124129
-4.90823428 4.95907607 0.01994857
-5.38555243 4.53911090 0.01889732
-5.81802629 4.06466102 0.01803774
-6.20040462 3.53942273 0.01733627
-6.52783246 2.96767799 0.01676949
-6.79590908 2.35426325 0.01632067
-7.00074220 1.70453200 0.01597780
-7.13899781 1.02431143 0.01573238
-7.20794580 0.31985296 0.01557875
-7.20549958 -0.40222187 0.01551373
-7.13025058 -1.13498090 0.01553628
-6.98149635 -1.87124499 0.01564757
-6.75926214 -2.60365550 0.01585087
-6.46431553 -3.32474496 0.01615186
-6.09817396 -4.02701027 0.01655887
-5.66310481 -4.70298782 0.01708337
-5.16211802 -5.34532961 0.01774065
-4.59895111 -5.94688023 0.01855076
-3.97804662 -6.50075280 0.01953988
-3.30452223 -7.00040434 0.02074213
-2.58413356 -7.43970904 0.02220227
-1.82323015 -7.81302902 0.02397934
-1.02870496 -8.11528165 0.02615203
-0.20793791 -8.34200286 0.02882640
0.63126560 -8.48940578 0.03214734
1.48074048 -8.55443412 0.03631558
2.33203066 -8.53480979 0.04161354
3.17645903 -8.42907455 0.04844509
4.00519623 -8.23662535 0.05739749
4.80932482 -7.95774372 0.06933899
5.57989376 -7.59361972 0.08557452
6.30795503 -7.14637159 0.10809518
6.98457033 -6.61906358 0.13997937
7.60076822 -6.01572571 0.18603431
8.14742239 -5.34138191 0.25380628
8.61500730 -4.60209680 0.35512168
8.99317321 -3.80505663 0.50829928
9.27007800 -2.95870657 0.74096712
9.43145096 -2.07297188 1.09274079
9.45951141 -1.15958764 1.61539433
9.33224192 -0.23253311 2.36515622
9.02423011 0.69151658 3.37831254
8.51116658 1.59297837 4.62278211
7.78005720 2.44987612 5.93683545
6.84408597 3.23966556 7.00777278
5.75400625 3.94252391 7.46807564
4.59312046 4.54512979 7.10580352
3.45162265 5.04292948 6.02361855
2.39537947 5.43938471 4.57654711
1.45065791 5.74271605 3.15051012
0.61049314 5.96216960 1.98941693
-0.14850604 6.10550128 1.16600941
-0.85147071 6.17807779 0.64182954
-1.51753528 6.18310111 0.33672127
-2.15791273 6.12230467 0.17239915
-2.77701537 5.99668236 0.08976098
-3.37449882 5.80705940 0.05056244
-3.94714281 5.55447107 0.03274891
-4.49021467 5.24038412 0.02477054
-4.99833057 4.86681123 0.02107156
-5.46595407 4.43636030 0.01917467
-5.88767390 3.95224655 0.01804555
-6.25836259 3.41828347 0.01727391
-6.57327661 2.83886084 0.01670129
-6.82812868 2.21891385 0.01626552
-7.01914665 1.56388494 0.01594032
-7.14312430 0.87967942 0.01571317
-7.19746607 0.17261539 0.01557756
-7.18022612 -0.55063166 0.01553035
-7.09014136 -1.28308894 0.01557084
-6.92665823 -2.01755080 0.01570058
-6.68995281 -2.74664663 0.01592332
-6.38094401 -3.46291207 0.01624523
-6.00129961 -4.15886241 0.01667524
-5.55343477 -4.82706790 0.01722550
-5.04050310 -5.46022990 0.01791216
-4.46638020 -6.05125738 0.01875637
-3.83563968 -6.59334289 0.01978570
-3.15352170 -7.08003729 0.02103613
-2.42589455 -7.50532239 0.02255486
-1.65920931 -7.86368096 0.02440426
-0.86044813 -8.15016304 0.02666761
-0.03706691 -8.36044830 0.02945740
0.80306712 -8.49090348 0.03292763
1.65174174 -8.53863451 0.03729220
2.50046872 -8.50153281 0.04285284
3.34055371 -8.37831554 0.05004213
4.16316432 -8.16855965 0.05949068
4.95939288 -7.87272995 0.07213312
5.72030820 -7.49220192 0.08937703
6.43698788 -7.02928066 0.11337376
7.10051768 -6.48721846 0.14745263
7.70193754 -5.87023526 0.19681274
8.23210254 -5.18354894 0.26960464
8.68141357 -4.43342639 0.37856076
9.03935900 -3.62727180 0.54328747
9.29380999 -2.77377498 0.79306327
9.43006391 -1.88314710 1.16918516
9.42980926 -0.96746437 1.72408239
9.27061109 -0.04110487 2.51129110
8.92726666 0.87883290 3.55741918
8.37716766 1.77242192 4.81087798
7.61136961 2.61762026 6.08458648
6.64925544 3.39234358 7.05177029
5.54755594 4.07788271 7.36474215
4.39155934 4.66248499 6.86554167
3.26758506 5.14310129 5.70916455
2.23402082 5.52412192 4.26436899
1.31028679 5.81395832 2.89299469
0.48576077 6.02151102 1.80423672
-0.26350225 6.15397895 1.04643009
-0.96143315 6.21620523 0.57117694
-1.62546221 6.21101256 0.29806562
-2.26528641 6.13991364 0.15264557
-2.88421984 6.00380985 0.08025149
-3.48122120 5.80352209 0.04619378
-4.05267158 5.54013561 0.03078703
-4.59363166 5.21519798 0.02386952
-5.09862333 4.83081901 0.02061771
-5.56207833 4.38971175 0.01890673
-5.97858856 3.89519997 0.01785854
-6.34305106 3.35120646 0.01712730
-6.65076189 2.76222922 0.01657957
-6.89748567 2.13330923 0.01616249
-7.07951311 1.46999102 0.01585322
-7.19371106 0.77827725 0.01564060
-7.23756662 0.06457740 0.01551879
-7.20922540 -0.66434857 0.01548505
-7.10752391 -1.40145138 0.01553905
-6.93201537 -2.13945775 0.01568268
-6.68298902 -2.87093920 0.01592005
-6.36148222 -3.58838401 0.01625775
-5.96928541 -4.28427139 0.01670519
-5.50893946 -4.95114729 0.01727512
-4.98372565 -5.58170110 0.01798445
-4.39764784 -6.16884251 0.01885530
-3.75540731 -6.70577775 0.01991653
-3.06237003 -7.18608445 0.02120582
-2.32452696 -7.60378428 0.02277272
-1.54844744 -7.95341283 0.02468285
-0.74122642 -8.23008576 0.02702403
0.08957407 -8.42956073 0.02991530
0.93598826 -8.54829439 0.03352015
1.78971382 -8.58349391 0.03806656
2.64218133 -8.53316268 0.04387741
3.48462431 -8.39613984 0.05141770
4.30814684 -8.17213360 0.06136844
5.10378490 -7.86174873 0.07474400
5.86255520 -7.46650896 0.09307977
6.57548201 -6.98887588 0.11873444
7.23358713 -6.43226725 0.15537647
7.82781970 -5.80107948 0.20876120
8.34889051 -5.10072206 0.28794738
8.78695993 -4.33767631 0.40712724
9.13111470 -3.51959695 0.58817806
9.36857379 -2.65548175 0.86370167
9.48363168 -1.75593874 1.27932624
9.45657044 -0.83357073 1.89184415
9.26328606 0.09654910 2.75614902
8.87724168 1.01645357 3.89109888
8.27613957 1.90526336 5.22076478
7.45477985 2.74015480 6.51680166
6.44058796 3.49884329 7.41416728
5.30044161 4.16336830 7.56681185
4.12662159 4.72365557 6.87408332
3.00509805 5.17872137 5.56689234
1.98757889 5.53467793 4.05395806
1.08527258 5.80089829 2.68713181
0.28176407 5.98653548 1.64159466
-0.44930234 6.09863414 0.93525597
-1.13187868 6.14176851 0.50317561
-1.78236625 6.11854769 0.26012579
-2.40929171 6.03038279 0.13308848
-3.01506390 5.87817822 0.07083083
-3.59808460 5.66283171 0.04189240
-4.15446629 5.38554788 0.02888388
-4.67919624 5.04801263 0.02302484
-5.16684026 4.65247787 0.02022476
-5.61194036 4.20179349 0.01870946
-6.00923588 3.69940973 0.01775447
-6.35379352 3.14936225 0.01707643
-6.64109351 2.55624636 0.01656592
-6.86709510 1.92518307 0.01617912
-7.02829127 1.26177858 0.01589674
-7.12175661 0.57207767 0.01570923
-7.14518925 -0.13748831 0.01561166
-7.09694708 -0.86015853 0.01560200
-6.97607797 -1.58890424 0.01568052
-6.78234344 -2.31649428 0.01584969
-6.51623575 -3.03556397 0.01611425
-6.17898793 -3.73868681 0.01648147
-5.77257655 -4.41844825 0.01696155
-5.29971710 -5.06752088 0.01756817
-4.76385188 -5.67874026 0.01831940
-4.16913040 -6.24518070 0.01923878
-3.52038237 -6.76023024 0.02035699
-2.82308346 -7.21766401 0.02171411
-2.08331410 -7.61171529 0.02336279
-1.30771169 -7.93714348 0.02537282
-0.50341681 -8.18929834 0.02783767
0.32198604 -8.36417982 0.03088413
1.16053227 -8.45849282 0.03468647
2.00394445 -8.46969646 0.03948782
2.84370156 -8.39604749 0.04563266
3.67110819 -8.23663746 0.05361700
4.47736088 -7.99142384 0.06416684
5.25360726 -7.66125535 0.07836191
5.99099184 -7.24789251 0.09783250
6.68067847 -6.75402490 0.12507360
7.31383459 -6.18328845 0.16394458
7.88155407 -5.54028739 0.22045465
8.37468455 -4.83062899 0.30396611
8.78351247 -4.06098305 0.42894755
9.09725125 -3.23918403 0.61729837
9.30329502 -2.37439848 0.90085102
9.38628778 -1.47738169 1.32260066
9.32730035 -0.56083228 1.93309825
9.10390992 0.36019883 2.77546380
8.69271637 1.26800580 3.85136177
8.07626474 2.14237990 5.06898214
7.25496526 2.96172494 6.20206489
6.25980659 3.70550291 6.92317544
5.15563516 4.35763813 6.95229366
4.02621318 4.90943496 6.24035226
2.94629335 5.36027255 5.01564299
1.95920158 5.71560337 3.63876444
1.07323875 5.98355228 2.40901291
0.27342660 6.17194361 1.47195052
-0.46331309 6.28672425 0.83928827
-1.15765252 6.33169029 0.45217675
-1.82346340 6.30895313 0.23444530
-2.46755931 6.21962951 0.12075018
-3.09126114 6.06446311 0.06512220
-3.69228920 5.84427549 0.03929956
-4.26631361 5.56024920 0.02767707
-4.80801061 5.21408500 0.02240139
-5.31170445 4.80807750 0.01983338
-5.77173243 4.34514255 0.01840522
-6.18265085 3.82881713 0.01748104
-6.53935889 3.26324312 0.01681316
-6.83718309 2.65314037 0.01630568
-7.07194320 2.00377182 0.01591953
-7.24000798 1.32090176 0.01563697
-7.33834446 0.61074799 0.01544886
-7.36456123 -0.12007167 0.01535036
-7.31694590 -0.86459805 0.01533943
-7.19449638 -1.61559401 0.01541632
-6.99694552 -2.36561175 0.01558350
-6.72477890 -3.10706382 0.01584575
-6.37924538 -3.83229688 0.01621042
-5.96236016 -4.53366773 0.01668782
-5.47690021 -5.20362072 0.01729186
-4.92639209 -5.83476593 0.01804091
-4.31509188 -6.41995726 0.01895901
-3.64795763 -6.95236978 0.02007757
-2.93061429 -7.42557534 0.02143780
-2.16931139 -7.83361593 0.02309404
-1.37087417 -8.17107385 0.02511872
-0.54264824 -8.43313802 0.02760940
0.30756115 -8.61566579 0.03069925
1.17155459 -8.71523964 0.03457271
2.04080737 -8.72921814 0.03948927
2.90654017 -8.65578099 0.04582021
3.75978934 -8.49396775 0.05410597
4.59147347 -8.24371039 0.06514752
5.39245116 -7.90586030 0.08015284
6.15356254 -7.48221055 0.10097487
6.86564208 -6.97551588 0.13049959
7.51948341 -6.38951395 0.17327906
8.10572520 -5.72895424 0.23655510
8.61461048 -4.99964490 0.33187739
9.03555090 -4.20853409 0.47755048
9.35640947 -3.36385031 0.70202483
9.56242944 -2.47533552 1.04778797
9.63485285 -1.55460812 1.57370766
9.54963548 -0.61567391 2.35030793
9.27747200 0.32447364 3.43718614
8.78759357 1.24540749 4.82952768
8.05850280 2.12352114 6.37684632
7.09611518 2.93376882 7.72950296
5.95099161 3.65334623 8.42361325
4.71726504 4.26641851 8.14266689
3.50339532 4.76740172 6.96020589
2.39142242 5.16052903 5.29709210
1.41483214 5.45601789 3.63596913
0.56533119 5.66542171 2.28390293
-0.18594120 5.79846819 1.33071761
-0.86993304 5.86194274 0.72833459
-1.51027521 5.85996749 0.37994574
-2.12117004 5.79483818 0.19314274
-2.70888584 5.66788132 0.09940737
-3.27422416 5.48011291 0.05497318
-3.81471004 5.23266927 0.03479782
-4.32614450 4.92705685 0.02580506
-4.80356969 4.56528093 0.02169545
-5.24182016 4.14990191 0.01964544
-5.63582520 3.68405072 0.01846701
-5.98077743 3.17142154 0.01768522
-6.27223549 2.61625103 0.01711598
-6.50619571 2.02328853 0.01668773
-6.67914879 1.39775927 0.01637108
-6.78812796 0.74532158 0.01615273
-6.83075100 0.07201867 0.01602613
-6.80525660 -0.61577451 0.01598830
-6.71053498 -1.31140889 0.01603878
-6.54615251 -2.00802288 0.01617927
-6.31236992 -2.69860727 0.01641369
-6.01015392 -3.37607304 0.01674832
-5.64118197 -4.03332141 0.01719210
-5.20783996 -4.66331529 0.01775720
-4.71321283 -5.25915177 0.01845963
-4.16106788 -5.81413456 0.01932026
-3.55583111 -6.32184603 0.02036615
-2.90255648 -6.77621787 0.02163239
-2.20688847 -7.17159971 0.02316470
-1.47501817 -7.50282507 0.02502306
-0.71363341 -7.76527391 0.02728686
0.07013653 -7.95493108 0.03006229
0.86878095 -8.06844014 0.03349310
1.67447165 -8.10315199 0.03777643
2.47912936 -8.05716795 0.04318631
3.27449137 -7.92937684 0.05010908
4.05217816 -7.71948603 0.05909729
4.80375611 -7.42804663 0.07095218
5.52079208 -7.05647310 0.08685112
6.19489388 -6.60705846 0.10854389
6.81772745 -6.08298685 0.13865461
7.38099780 -5.48834618 0.18113928
7.87637541 -4.82814562 0.24196100
8.29534383 -4.10834460 0.33003944
8.62894231 -3.33590287 0.45847001
8.86738621 -2.51886360 0.64581833
8.99958886 -1.66648212 0.91684331
9.01271294 -0.78940567 1.30114521
8.89208930 0.10011219 1.82701045
8.62216022 0.98802933 2.50693738
8.18938044 1.85851467 3.31339713
7.58776821 2.69437223 4.15206497
6.82631492 3.47814509 4.85487203
5.93468963 4.19394647 5.22200397
4.96181333 4.82958838 5.11401659
3.96467155 5.37811265 4.53762514
2.99207161 5.83789746 3.65014074
2.07282336 6.21127066 2.67482647
1.21419015 6.50240252 1.79833674
0.40863260 6.71546022 1.11824797
-0.35713896 6.85357292 0.64901724
-1.09533895 6.91860236 0.35592408
-1.81381183 6.91141991 0.18821031
-2.51548883 6.83237297 0.09947607
-3.19927816 6.68173276 0.05563050
-3.86135971 6.46003437 0.03508520
-4.49633345 6.16829746 0.02570059
-5.09804248 5.80815136 0.02131468
-5.66009295 5.38189546 0.01906999
-6.17616157 4.89251982 0.01774116
-6.64017765 4.34370207 0.01683415
-7.04643992 3.73978952 0.01615635
-7.38970169 3.08577094 0.01563151
-7.66524061 2.38723998 0.01522675
-7.86891980 1.65035128 0.01492573
-7.99724257 0.88176992 0.01471923
-8.04740119 0.08861451 0.01460189
-8.01731956 -0.72160549 0.01457115
-7.90568905 -1.54105752 0.01462677
-7.71199757 -2.36165852 0.01477077
-7.43655100 -3.17515143 0.01500754
-7.08048684 -3.97318516 0.01534410
-6.64577986 -4.74739648 0.01579044
-6.13523943 -5.48949546 0.01636028
-5.55249830 -6.19134957 0.01707184
-4.90199310 -6.84506970 0.01794927
-4.18893648 -7.44309488 0.01902436
-3.41928095 -7.97827542 0.02033923
-2.59967495 -8.44395386 0.02195009
-1.73741139 -8.83404266 0.02393274
-0.84036908 -9.14309815 0.02639077
0.08305150 -9.36638915 0.02946787
1.02399800 -9.49996080 0.03336682
1.97323939 -9.54069217 0.03837915
2.92124096 -9.48634761 0.04493248
3.85823798 -9.33562157 0.05366749
4.77430355 -9.08817710 0.06556553
5.65940330 -8.74467893 0.08216399
6.50342457 -8.30682279 0.10592558
7.29615939 -7.77736448 0.14087985
8.02720446 -7.16015505 0.19374680
8.68571478 -6.46019347 0.27590569
9.25990122 -5.68371688 0.40680747
9.73609137 -4.83836364 0.61971004
10.09708165 -3.93346739 0.97069547
10.31945547 -2.98057313 1.55089256
10.36974638 -1.99429399 2.49717178
10.20037484 -0.99360075 3.98335515
9.74925577 -0.00341548 6.14903209
8.95224547 0.94426898 8.90994808
7.77976380 1.81165258 11.69044843
6.29124587 2.56122847 13.40964088
4.65820934 3.16650526 13.13403370
3.10099779 3.62112977 10.95020450
1.77730467 3.93856029 7.90200966
0.72871269 4.14264419 5.07019417
-0.08728852 4.25719213 2.97123207
-0.73991896 4.30043241 1.62535650
-1.28930511 4.28424858 0.84444114
-1.77585541 4.21566728 0.42370712
-2.22240720 4.09870179 0.21004040
-2.63970759 3.93579474 0.10676830
-3.03126698 3.72875136 0.05887062
-3.39668103 3.47927756 0.03733120
-3.73362917 3.18926345 0.02777910
-4.03898316 2.86091901 0.02347821
-4.30939028 2.49682956 0.02142328
-4.54157272 2.09996931 0.02033110
-4.73248398 1.67369292 0.01967381
-4.87939662 1.22171505 0.01924029
-4.97995776 0.74808244 0.01894739
-5.03222904 0.25714063 0.01876239
-5.03471792 -0.24650344 0.01867245
-4.98640311 -0.75802255 0.01867297
-4.88675499 -1.27241340 0.01876333
-4.73575119 -1.78454355 0.01894539
-4.53388730 -2.28920061 0.01922308
-4.28218249 -2.78114324 0.01960235
-3.98218008 -3.25515364 0.02009135
-3.63594270 -3.70609066 0.02070076
-3.24604222 -4.12894334 0.02144423
-2.81554448 -4.51888433 0.02233897
-2.34798852 -4.87132243 0.02340653
-1.84736101 -5.18195390 0.02467385
-1.31806556 -5.44681204 0.02617452
-0.76488737 -5.66231431 0.02795057
-0.19295356 -5.82530673 0.03005467
0.39231060 -5.93310484 0.03255311
0.98522895 -5.98353098 0.03552956
1.57992490 -5.97494738 0.03909002
2.17037429 -5.90628460 0.04336926
2.75046018 -5.77706527 0.04853890
3.31402889 -5.58742251 0.05481777
3.85494636 -5.33811318 0.06248445
4.36715434 -5.03052569 0.07189216
4.84472534 -4.66668228 0.08348514
5.28191605 -4.24923594 0.09781450
5.67321872 -3.78146195 0.11554937
6.01341085 -3.26724408 0.13747542
6.29760451 -2.71105568 0.16446837
6.52129826 -2.11793518 0.19742334
6.68043642 -1.49345558 0.23711612
6.77148340 -0.84368665 0.28397183
6.79152214 -0.17514772 0.33772794
6.73838561 0.50525205 0.39701225
6.61082485 1.19028965 0.45891764
6.40870475 1.87252441 0.51873679
6.13319809 2.54441600 0.57008829
5.78692499 3.19846233 0.60565480
5.37396979 3.82734864 0.61859533
4.89971703 4.42409264 0.60438066
4.37049299 4.98216600 0.56245499
3.79307099 5.49557445 0.49697910
3.17416553 5.95888770 0.41615833
2.52006241 6.36722464 0.33025858
1.83648733 6.71621221 0.24903993
1.12872287 7.00194323 0.17959949
0.40189156 7.22095432 0.12535342
-0.33872397 7.37023513 0.08629507
-1.08743729 7.44726684 0.06011775
-1.83804817 7.45007967 0.04356332
-2.58386228 7.37731579 0.03348299
-3.31779861 7.22828671 0.02739939
-4.03253507 7.00301867 0.02362957
-4.72065578 6.70228392 0.02115424
-5.37478273 6.32761851 0.01940849
-5.98768831 5.88132802 0.01809739
-6.55239229 5.36648298 0.01707027
-7.06224817 4.78690489 0.01624812
-7.51102226 4.14714364 0.01558652
-7.89296752 3.45244681 0.01505810
-8.20289276 2.70872103 0.01464472
-8.43622702 1.92248593 0.01433388
-8.58907871 1.10082078 0.01411702
-8.65828888 0.25130463 0.01398865
-8.64147852 -0.61805042 0.01394584
-8.53708818 -1.49887090 0.01398805
-8.34441074 -2.38249938 0.01411700
-8.06361589 -3.26007607 0.01433685
-7.69576647 -4.12262419 0.01465437
-7.24282596 -4.96113830 0.01507941
-6.70765725 -5.76667465 0.01562556
-6.09401226 -6.53044289 0.01631107
-5.40651259 -7.24389793 0.01716023
-4.65062108 -7.89883166 0.01820533
-3.83260448 -8.48746269 0.01948945
-2.95948773 -9.00252399 0.02107063
-2.03900000 -9.43734722 0.02302793
-1.07951336 -9.78594295 0.02547069
-0.08997468 -10.04307592 0.02855269
0.92016777 -10.20433468 0.03249441
1.94104164 -10.26619499 0.03761866
2.96242923 -10.22607667 0.04440913
3.97384384 -10.08239359 0.05360850
4.96459790 -9.83459748 0.06638702
5.92385253 -9.48321639 0.08463861
6.84063070 -9.02989069 0.11151199
7.70376117 -8.47741154 0.15238174
8.50169267 -7.82977160 0.21664825
9.22206447 -7.09224661 0.32109942
9.85082182 -6.27154246 0.49616094
10.37049440 -5.37607259 0.79724298
10.75700217 -4.41648240 1.32410723
10.97412486 -3.40661707 2.24935719
10.96516095 -2.36521100 3.84464798
10.64422730 -1.31851839 6.45104886
9.89896904 -0.30346370 10.25630018
8.63216183 0.63109154 14.74065028
6.86338030 1.43031580 18.17698058
4.82366114 2.05056689 18.47374172
2.88215611 2.47918132 15.34097379
1.31620917 2.73782244 10.67918120
0.18527015 2.86573248 6.50381110
-0.59832758 2.90049013 3.60930722
-1.15363892 2.86922207 1.88181159
-1.57307110 2.78869236 0.94208108
-1.91363980 2.66849132 0.46137507
-2.20598651 2.51406615 0.22615600
-2.46472775 2.32876156 0.11494976
-2.69574817 2.11500044 0.06378548
-2.90052638 1.87490859 0.04071170
-3.07848315 1.61062290 0.03041285
-3.22818878 1.32443175 0.02579703
-3.34796325 1.01883019 0.02367777
-3.43616972 0.69653287 0.02266066
-3.49135939 0.36046598 0.02214930
-3.51234601 0.01374841 0.02189357
-3.49824720 -0.34033317 0.02179048
-3.44850970 -0.69835294 0.02179868
-3.36292584 -1.05677731 0.02190264
-3.24164436 -1.41199818 0.02209789
-3.08517696 -1.76036781 0.02238514
-2.89440081 -2.09823485 0.02276796
-2.67055734 -2.42198117 0.02325192
-2.41524721 -2.72805905 0.02384441
-2.13042161 -3.01302853 0.02455465
-1.81836982 -3.27359437 0.02539385
-1.48170314 -3.50664237 0.02637547
-1.12333523 -3.70927457 0.02751549
-0.74645903 -3.87884302 0.02883280
-0.35452049 -4.01298177 0.03034957
0.04881078 -4.10963665 0.03209167
0.45967370 -4.16709257 0.03408909
0.87405045 -4.18399799 0.03637639
1.28780344 -4.15938622 0.03899293
1.69671423 -4.09269339 0.04198310
2.09652407 -3.98377269 0.04539598
2.48297570 -3.83290482 0.04928467
2.85185616 -3.64080425 0.05370463
3.19904016 -3.40862142 0.05871082
3.52053392 -3.13794040 0.06435314
3.81251898 -2.83077225 0.07066953
4.07139612 -2.48954364 0.07767634
4.29382885 -2.11708097 0.08535548
4.47678669 -1.71658969 0.09363852
4.61758770 -1.29162892 0.10238868
4.71394015 -0.84608130 0.11138279
4.76398260 -0.38411801 0.12029713
4.76632115 0.08984068 0.12870266
4.72006237 0.57116938 0.13607618
4.62483940 1.05508533 0.14183369
4.48082849 1.53669934 0.14538925
4.28875333 2.01106883 0.14623636
4.04987507 2.47325167 0.14404035
3.76596814 2.91835939 0.13872243
3.43928376 3.34160831 0.13051050
3.07250597 3.73836770 0.11993634
2.66870649 4.10420426 0.10777011
2.23130457 4.43492319 0.09490287
1.76403617 4.72660648 0.08220487
1.27093323 4.97564937 0.07039672
0.75631015 5.17879582 0.05996562
0.22475223 5.33317356 0.05114226
-0.31890005 5.43632845 0.04393316
-0.86957523 5.48625756 0.03818772
-1.42200571 5.48143997 0.03367380
-1.97077247 5.42086413 0.03014127
-2.51035769 5.30405085 0.02736323
-3.03520236 5.13107117 0.02515502
-3.53976642 4.90255862 0.02337683
-4.01858963 4.61971561 0.02192761
-4.46635189 4.28431382 0.02073599
-4.87793254 3.89868852 0.01975179
-5.24846792 3.46572693 0.01893939
-5.57340696 2.98885057 0.01827308
-5.84856424 2.47199180 0.01773408
-6.07017036 1.91956467 0.01730854
-6.23491875 1.33643020 0.01698636
-6.34000878 0.72785655 0.01676042
-6.38318466 0.09947391 0.01662606
-6.36276926 -0.54277470 0.01658079
-6.27769303 -1.19268719 0.01662418
-6.12751727 -1.84385971 0.01675777
-5.91245148 -2.48974727 0.01698517
-5.63336461 -3.12372692 0.01731222
-5.29178974 -3.73916310 0.01774728
-4.88992236 -4.32947448 0.01830167
-4.43061187 -4.88820151 0.01899026
-3.91734642 -5.40907429 0.01983234
-3.35423103 -5.88607983 0.02085271
-2.74595925 -6.31352821 0.02208331
-2.09777843 -6.68611683 0.02356530
-1.41544888 -6.99899218 0.02535211
-0.70519753 -7.24780843 0.02751347
0.02633381 -7.42878226 0.03014133
0.77214460 -7.53874334 0.03335800
1.52493560 -7.57517995 0.03732804
2.27717181 -7.53627930 0.04227528
3.02114700 -7.42096224 0.04850772
3.74904847 -7.22891211 0.05645394
4.45301994 -6.96059768 0.06671689
5.12521984 -6.61729046 0.08015289
5.75787145 -6.20107681 0.09798791
6.34329996 -5.71486583 0.12198608
6.87394985 -5.16239466 0.15468927
7.34237460 -4.54823338 0.19974496
7.74118943 -3.87779283 0.26232651
8.06297983 -3.15733963 0.34960828
8.30016674 -2.39402289 0.47116404
8.44485123 -1.59591654 0.63897422
8.48870665 -0.77207658 0.86644029
8.42306275 0.06739763 1.16547700
8.23942531 0.91132877 1.54066975
7.93074289 1.74751379 1.98027926
7.49363914 2.56295305 2.44634595
6.93139921 3.34435224 2.87017518
6.25669804 4.07893546 3.16210703
5.49231828 4.75546507 3.23985191
4.66834466 5.36518487 3.06555004
3.81608552 5.90232165 2.66849129
2.96125832 6.36391767 2.13540550
2.11969840 6.74907483 1.57370831
1.29719594 7.05795554 1.07198594
0.49257937 7.29092593 0.67867284
-0.29813923 7.44806580 0.40272927
-1.07840335 7.52905901 0.22727283
-1.84929451 7.53334541 0.12520565
-2.60910681 7.46038545 0.07037454
-3.35376515 7.30992580 0.04281952
-4.07755206 7.08220860 0.02957595
-4.77380301 6.77811131 0.02324515
-5.43543312 6.39922705 0.02004772
-6.05528853 5.94790258 0.01822943
-6.62636920 5.42724836 0.01703768
-7.14197428 4.84113072 0.01616620
-7.59580644 4.19415135 0.01549144
-7.98205581 3.49161712 0.01496044
-8.29547313 2.73950128 0.01454732
-8.53143592 1.94439697 0.01423734
-8.68600865 1.11346328 0.01402135
-8.75599667 0.25436472 0.01389368
-8.73899403 -0.62479624 0.01385138
-8.63342361 -1.51555170 0.01389388
-8.43857020 -2.40914655 0.01402296
-8.15460536 -3.29662109 0.01424277
-7.78260378 -4.16889723 0.01456013
-7.32455101 -5.01686794 0.01498496
-6.78334212 -5.83148845 0.01553092
-6.16277131 -6.60386926 0.01621642
-5.46751218 -7.32536897 0.01706594
-4.70308908 -7.98768670 0.01811206
-3.87583936 -8.58295325 0.01939837
-2.99286710 -9.10381948 0.02098360
-2.06198860 -9.54354173 0.02294798
-1.09167042 -9.89606282 0.02540267
-0.09096040 -10.15608841 0.02850446
0.93058634 -10.31915719 0.03247873
1.96298546 -10.38170514 0.03765667
2.99590268 -10.34112298 0.04453637
4.01873049 -10.19580697 0.05388613
5.02065581 -9.94520322 0.06692260
5.99070792 -9.58984707 0.08562620
6.91776721 -9.13140012 0.11331083
7.79049929 -8.57269050 0.15567407
8.59714783 -7.91776692 0.22276148
9.32506013 -7.17198688 0.33267079
9.95970798 -6.34217717 0.51850991
10.48277111 -5.43693908 0.84115952
10.86855460 -4.46722959 1.41125638
11.07774510 -3.44744158 2.42164733
11.04799113 -2.39729938 4.17632354
10.68438092 -1.34480674 7.05005790
9.86426480 -0.32969206 11.21269620
8.48905527 0.59560199 15.97408732
6.60264285 1.37362511 19.30051606
4.48365681 1.96188921 19.02456354
2.53131908 2.35324903 15.25310713
1.00775892 2.57574328 10.27104330
-0.06216009 2.67226193 6.08440315
-0.78849152 2.68107821 3.30486054
-1.29648371 2.62863431 1.69611391
-1.67690425 2.53083577 0.84024871
-1.98351941 2.39667706 0.40953600
-2.24442290 2.23129859 0.20126039
-2.47272801 2.03793589 0.10358680
-2.67360976 1.81900967 0.05886153
-2.84832666 1.57668824 0.03872576
-2.99634955 1.31315907 0.02973139
-3.11643711 1.03074929 0.02569375
-3.20716380 0.73197071 0.02384305
-3.26717610 0.41952771 0.02296717
-3.29531826 0.09630677 0.02254612
-3.29069663 -0.23464337 0.02236072
-3.25271490 -0.57013685 0.02232026
-3.18109509 -0.90687914 0.02238830
-3.07589048 -1.24149763 0.02255145
-2.93749341 -1.57057400 0.02280637
-2.76663888 -1.89067774 0.02315449
-2.56440442 -2.19840053 0.02359996
-2.33220633 -2.49039114 0.02414889
-2.07179241 -2.76339044 0.02480909
-1.78523121 -3.01426627 0.02559017
-1.47489774 -3.24004769 0.02650359
-1.14345592 -3.43795833 0.02756295
-0.79383774 -3.60544852 0.02878414
-0.42921919 -3.74022569 0.03018566
-0.05299348 -3.84028294 0.03178885
0.33125857 -3.90392528 0.03361814
0.71980064 -3.92979326 0.03570123
1.10877519 -3.91688377 0.03806920
1.49423963 -3.86456766 0.04075632
1.87220424 -3.77260400 0.04379969
2.23867122 -3.64115070 0.04723824
2.58967491 -3.47077143 0.05111117
2.92132259 -3.26243844 0.05545533
3.22983578 -3.01753144 0.06030136
3.51159158 -2.73783216 0.06566816
3.76316399 -2.42551471 0.07155547
3.98136483 -2.08313153 0.07793448
4.16328411 -1.71359500 0.08473659
4.30632951 -1.32015458 0.09184124
4.40826450 -0.90636964 0.09906446
4.46724467 -0.47607790 0.10615075
4.48185098 -0.03335977 0.11277199
4.45111907 0.41750123 0.11853744
4.37456251 0.87206156 0.12301868
4.25218840 1.32576350 0.12579091
4.08450337 1.77398313 0.12648856
3.87250869 2.21207928 0.12486754
3.61768450 2.63544243 0.12086190
3.32196438 3.03954252 0.11461928
2.98770338 3.41997477 0.10650213
2.61764341 3.77250309 0.09704806
2.21488039 4.09310080 0.08689486
1.78283590 4.37798924 0.07668616
1.32523467 4.62367440 0.06698093
0.84608632 4.82698243 0.05818832
0.34966826 4.98509396 0.05054061
-0.15949396 5.09557742 0.04410424
-0.67665226 5.15642064 0.03881824
-1.19686912 5.16606027 0.03454393
-1.71505847 5.12340794 0.03111121
-2.22603299 5.02787253 0.02835263
-2.72455611 4.87937789 0.02612259
-3.20539682 4.67837541 0.02430438
-3.66338569 4.42585139 0.02280921
-4.09347109 4.12332869 0.02157156
-4.49077478 3.77286296 0.02054363
-4.85064622 3.37703308 0.01969056
-5.16871536 2.93892608 0.01898668
-5.44094313 2.46211652 0.01841294
-5.66366964 1.95064044 0.01795513
-5.83365913 1.40896413 0.01760274
-5.94814155 0.84194787 0.01734823
-6.00485036 0.25480481 0.01718648
-6.00205568 -0.34694444 0.01711454
-5.93859279 -0.95752118 0.01713142
-5.81388556 -1.57094181 0.01723805
-5.62796432 -2.18107403 0.01743732
-5.38147802 -2.78169582 0.01773420
-5.07570034 -3.36655640 0.01813594
-4.71252978 -3.92943887 0.01865250
-4.29448331 -4.46422369 0.01929695
-3.82468381 -4.96495258 0.02008624
-3.30684123 -5.42589203 0.02104206
-2.74522746 -5.84159600 0.02219212
-2.14464520 -6.20696690 0.02357184
-1.51039104 -6.51731447 0.02522665
-0.84821309 -6.76841181 0.02721514
-0.16426342 -6.95654795 0.02961335
0.53495391 -7.07857655 0.03252088
1.24263882 -7.13196005 0.03606917
1.95175434 -7.11480892 0.04043337
2.65508806 -7.02591558 0.04584901
3.34531455 -6.86478278 0.05263566
4.01505766 -6.63164621 0.06123052
4.65695065 -6.32749138 0.07223599
5.26369214 -5.95406497 0.08648648
5.82809500 -5.51388105 0.10514060
6.34312486 -5.01022299 0.12980519
6.80192457 -4.44714225 0.16269405
7.19782092 -3.82945545 0.20681522
7.52431208 -3.16274177 0.26615744
7.77503898 -2.45334231 0.34580294
7.94375503 -1.70836278 0.45181878
8.02432798 -0.93567788 0.59067630
8.01083822 -0.14393157 0.76784983
7.89787213 0.65748150 0.98525490
7.68112985 1.45847942 1.23749185
7.35843046 2.24843882 1.50767994
6.93105289 3.01646353 1.76496195
6.40507955 3.75179838 1.96680292
5.79211311 4.44436179 2.06844544
5.10867009 5.08529976 2.03812673
4.37397384 5.66740850 1.87140806
3.60670174 6.18528160 1.59590217
2.82194390 6.63513041 1.26238444
2.02960390 7.01435829 0.92687665
1.23468656 7.32106030 0.63343268
0.43897762 7.55361899 0.40522451
-0.35685109 7.71049159 0.24527979
-1.15154231 7.79019027 0.14327241
-1.94233635 7.79139542 0.08354275
-2.72478580 7.71312536 0.05106681
-3.49303173 7.55490228 0.03437049
-4.24025486 7.31688280 0.02599619
-4.95911071 6.99994521 0.02168952
-5.64206849 6.60573919 0.01927730
-6.28164894 6.13670744 0.01774722
-6.87058787 5.59608778 0.01665890
-7.40195465 4.98790126 0.01582658
-7.86924649 4.31692940 0.01516964
-8.26646985 3.58868213 0.01464935
-8.58821401 2.80935735 0.01424423
-8.82971878 1.98579250 0.01394087
-8.98693631 1.12540856 0.01373052
-9.05658664 0.23614717 0.01360766
-9.03620685 -0.67359919 0.01356945
-8.92419247 -1.59506254 0.01361544
-8.71983129 -2.51918037 0.01374751
-8.42332889 -3.43668121 0.01396997
-8.03582524 -4.33817396 0.01428985
-7.55940246 -5.21424046 0.01471737
-6.99708313 -6.05552950 0.01526657
-6.35281919 -6.85285396 0.01595644
-5.63147134 -7.59728576 0.01681225
-4.83877907 -8.28025201 0.01786786
-3.98132135 -8.89362911 0.01916863
-3.06646857 -9.42983402 0.02077613
-2.10232594 -9.88191251 0.02277490
-1.09766919 -10.24362284 0.02528300
-0.06187342 -10.50951441 0.02846825
0.99516356 -10.67500044 0.03257431
2.06310135 -10.73642420 0.03796311
3.13123809 -10.69111843 0.04518596
4.18858741 -10.53745786 0.05510540
5.22394430 -10.27490558 0.06910989
6.22592597 -9.90405471 0.08950140
7.18296340 -9.42666914 0.12021241
8.08319710 -8.84573005 0.16816117
8.91418723 -8.16550238 0.24585781
9.66226272 -7.39164797 0.37646484
10.31116829 -6.53143824 0.60359716
10.83936728 -5.59416836 1.00983084
11.21489201 -4.59196405 1.74930605
11.38623464 -3.54131158 3.09562090
11.26880207 -2.46577249 5.47686199
10.73346652 -1.40013201 9.37072909
9.62474646 -0.39465942 14.76942318
7.86095183 0.48607308 20.15110045
5.60862036 1.17906013 22.42472568
3.31602635 1.65214492 19.79640978
1.42791178 1.92084283 14.14475896
0.10183622 2.03254238 8.61154080
-0.75367893 2.03755080 4.71351209
-1.29984945 1.97311262 2.41526443
-1.66547301 1.86215684 1.19059051
-1.92942520 1.71762984 0.57622231
-2.13381933 1.54676375 0.27975572
-2.29915320 1.35387962 0.14051789
-2.43452489 1.14195395 0.07641402
-2.54341862 0.91342162 0.04732609
-2.62672011 0.67056309 0.03425032
-2.68421627 0.41567929 0.02839804
-2.71532005 0.15116203 0.02578340
-2.71941520 -0.12048584 0.02462797
-2.69601976 -0.39665451 0.02414901
-2.64486430 -0.67464301 0.02400617
-2.56593015 -0.95168101 0.02405335
-2.45946833 -1.22495378 0.02422919
-2.32600840 -1.49162908 0.02450933
-2.16636133 -1.74888508 0.02488573
-1.98161821 -1.99393901 0.02535793
-1.77314540 -2.22407596 0.02592929
-1.54257661 -2.43667778 0.02660543
-1.29180200 -2.62925141 0.02739359
-1.02295441 -2.79945672 0.02830243
-0.73839285 -2.94513325 0.02934194
-0.44068338 -3.06432576 0.03052342
-0.13257758 -3.15530829 0.03185941
0.18301155 -3.21660620 0.03336370
0.50303548 -3.24701638 0.03505108
0.82433818 -3.24562499 0.03693714
1.14368576 -3.21182268 0.03903777
1.45779759 -3.14531706 0.04136849
1.76337855 -3.04614221 0.04394343
2.05715225 -2.91466504 0.04677391
2.33589486 -2.75158849 0.04986659
2.59646932 -2.55795121 0.05322099
2.83585961 -2.33512393 0.05682641
3.05120483 -2.08480216 0.06065838
3.23983273 -1.80899543 0.06467461
3.39929243 -1.51001290 0.06881087
3.52738590 -1.19044546 0.07297741
3.62219774 -0.85314440 0.07705657
3.68212288 -0.50119664 0.08090280
3.70589139 -0.13789694 0.08434610
3.69258986 0.23328291 0.08720000
3.64167846 0.60872739 0.08927467
3.55300306 0.98471276 0.09039482
3.42680171 1.35744420 0.09042076
3.26370518 1.72309405 0.08926988
3.06473167 2.07784062 0.08693431
2.83127626 2.41790695 0.08349059
2.56509603 2.73959902 0.07909770
2.26829230 3.03934318 0.07398249
1.94329116 3.31372233 0.06841405
1.59282345 3.55951092 0.06267162
1.21990448 3.77370855 0.05701269
0.82781343 3.95357222 0.05164742
0.42007167 4.09664715 0.04672383
0.00041885 4.20079583 0.04232510
-0.42721398 4.26422519 0.03847707
-0.85873498 4.28551133 0.03516214
-1.28992608 4.26362161 0.03233513
-1.71648100 4.19793330 0.02993764
-2.13404630 4.08824882 0.02790883
-2.53826460 3.93480688 0.02619210
-2.92481923 3.73828947 0.02473840
-3.28947951 3.49982442 0.02350708
-3.62814613 3.22098345 0.02246539
-3.93689594 2.90377558 0.02158732
-4.21202582 2.55063599 0.02085242
-4.45009502 2.16441022 0.02024468
-4.64796560 1.74833392 0.01975170
-4.80284061 1.30600822 0.01936396
-4.91229948 0.84137082 0.01907439
-4.97433027 0.35866319 0.01887800
-4.98735847 -0.13760612 0.01877165
-4.95027190 -0.64270151 0.01875394
-4.86244143 -1.15170354 0.01882510
-4.72373729 -1.65955486 0.01898705
-4.53454058 -2.16110848 0.01924341
-4.29575000 -2.65117795 0.01959972
-4.00878336 -3.12458897 0.02006356
-3.67557398 -3.57623189 0.02064495
-3.29856180 -4.00111475 0.02135671
-2.88067948 -4.39441612 0.02221503
-2.42533271 -4.75153738 0.02324021
-1.93637613 -5.06815385 0.02445753
-1.41808394 -5.34026421 0.02589852
-0.87511582 -5.56423773 0.02760255
-0.31247855 -5.73685880 0.02961882
0.26451650 -5.85536831 0.03200903
0.85029953 -5.91750127 0.03485087
1.43909161 -5.92152049 0.03824240
2.02495668 -5.86624574 0.04230783
2.60185549 -5.75107822 0.04720474
3.16370104 -5.57601987 0.05313326
3.70441455 -5.34168758 0.06034719
4.21798148 -5.04932194 0.06916709
4.69850670 -4.70079054 0.07999473
5.14026831 -4.29858591 0.09332696
5.53776970 -3.84581794 0.10976568
5.88579017 -3.34620108 0.13001696
6.17943490 -2.80403617 0.15486878
6.41418694 -2.22418675 0.18513106
6.58596516 -1.61204948 0.22151744
6.69119455 -0.97351744 0.26444696
6.72689699 -0.31493469 0.31375275
6.69081021 0.35696067 0.36831166
6.58153894 1.03510810 0.42565927
6.39873198 1.71221454 0.48172438
6.14326176 2.38086429 0.53088094
5.81736218 3.03364764 0.56651991
5.42466531 3.66330151 0.58222674
4.97008157 4.26284907 0.57339512
4.45950249 4.82572111 0.53879581
3.89936582 5.34584229 0.48144235
3.29618567 5.81767238 0.40824253
2.65618003 6.23620473 0.32840717
1.98510032 6.59693652 0.25116731
1.28829100 6.89583307 0.18367425
0.57092043 7.12930676 0.12982094
-0.16172839 7.29422294 0.09023683
-0.90401750 7.38793352 0.06317803
-1.64982883 7.40833004 0.04575536
-2.39256234 7.35390411 0.03498872
-3.12522489 7.22380433 0.02842923
-3.84056425 7.01788267 0.02435457
-4.53121149 6.73672771 0.02169024
-5.18981162 6.38168453 0.01982556
-5.80913685 5.95486277 0.01843536
-6.38218473 5.45913421 0.01735147
-6.90226523 4.89812086 0.01648551
-7.36308062 4.27617456 0.01578813
-7.75879979 3.59834830 0.01522928
-8.08412803 2.87035970 0.01478920
-8.33437221 2.09854692 0.01445431
-8.50550072 1.28981744 0.01421523
-8.59419815 0.45158978 0.01406581
-8.59791326 -0.40827081 0.01400256
-8.51490053 -1.28152277 0.01402435
-8.34425432 -2.15962373 0.01413238
-8.08593516 -3.03381072 0.01433019
-7.74078791 -3.89518410 0.01462387
-7.31055136 -4.73479483 0.01502248
-6.79785903 -5.54373370 0.01553859
-6.20623104 -6.31322231 0.01618917
-5.54005702 -7.03470425 0.01699682
-4.80456991 -7.69993665 0.01799157
-4.00581099 -8.30107954 0.01921338
-3.15058640 -8.83078368 0.02071591
-2.24641537 -9.28227520 0.02257195
-1.30147095 -9.64943635 0.02488170
-0.32451384 -9.92688147 0.02778526
0.67517947 -10.11002758 0.03148223
1.68789290 -10.19515888 0.03626282
2.70354900 -10.17948475 0.04255850
3.71178619 -10.06119105 0.05102624
4.70202957 -9.83948482 0.06269197
5.66354686 -9.51463355 0.07920018
6.58547431 -9.08800080 0.10325800
7.45678566 -8.56208258 0.13943952
8.26615431 -7.94055234 0.19566577
9.00161639 -7.22832983 0.28595054
9.64986284 -6.43170214 0.43548918
10.19485000 -5.55854954 0.68991625
10.61520061 -4.61877161 1.13133142
10.87963086 -3.62507682 1.90296361
10.93976024 -2.59437949 3.23653640
10.72147910 -1.55005096 5.44709562
10.12266644 -0.52488238 8.79196122
9.03872883 0.43681751 13.04144552
7.44265529 1.28227198 16.90298412
5.49051503 1.96344238 18.30214512
3.51446944 2.45687549 16.23348154
1.83240841 2.77347246 11.97138123
0.57175388 2.94760130 7.62415720
-0.31620070 3.01752170 4.37072783
-0.94435441 3.01320771 2.33156829
-1.41308502 2.95408878 1.18517700
-1.78884144 2.85153212 0.58490579
-2.10907688 2.71196559 0.28604557
-2.39245575 2.53919109 0.14289149
-2.64698747 2.33579338 0.07640233
-2.87513500 2.10391172 0.04624434
-3.07668394 1.84563180 0.03276428
-3.25025172 1.56317076 0.02674496
-3.39404884 1.25895501 0.02400480
-3.50625398 0.93564452 0.02270142
-3.58519888 0.59613028 0.02204348
-3.62946227 0.24351835 0.02169842
-3.63792120 -0.11889361 0.02152910
-3.60978189 -0.48764426 0.02148012
-3.54459997 -0.85913960 0.02153006
-3.44229443 -1.22968633 0.02167177
-3.30315671 -1.59552708 0.02190455
-3.12785580 -1.95287695 0.02223103
-2.91743936 -2.29796124 0.02265602
-2.67333100 -2.62705378 0.02318619
-2.39732365 -2.93651557 0.02383005
-2.09156913 -3.22283338 0.02459812
-1.75856390 -3.48265783 0.02550312
-1.40113096 -3.71284065 0.02656035
-1.02239826 -3.91047065 0.02778802
-0.62577356 -4.07290809 0.02920773
-0.21491603 -4.19781700 0.03084491
0.20629527 -4.28319521 0.03272946
0.63379566 -4.32740150 0.03489623
1.06337164 -4.32917992 0.03738563
1.49069994 -4.28768057 0.04024410
1.91138836 -4.20247688 0.04352437
2.32101821 -4.07357902 0.04728534
2.71518789 -3.90144318 0.05159132
3.08955732 -3.68697663 0.05651023
3.43989290 -3.43153838 0.06211028
3.76211275 -3.13693526 0.06845443
4.05233205 -2.80541337 0.07559195
4.30690824 -2.43964473 0.08354639
4.52248613 -2.04270922 0.09229934
4.69604274 -1.61807145 0.10177014
4.82493176 -1.16955280 0.11179288
4.90692732 -0.70129833 0.12209343
4.94026631 -0.21773874 0.13227179
4.92368773 0.27645268 0.14179739
4.85646710 0.77640758 0.15002584
4.73844268 1.27711425 0.15624552
4.57003019 1.77347237 0.15975693
4.35222240 2.26034973 0.15997962
4.08657171 2.73263909 0.15656925
3.77515600 3.18531364 0.14951713
3.42053136 3.61347943 0.13919982
3.02567833 4.01242362 0.12635477
2.59395009 4.37765841 0.11197654
2.12902997 4.70496093 0.09715446
1.63490263 4.99041041 0.08289389
1.11583825 5.23042381 0.06996912
0.57638471 5.42179107 0.05884451
0.02136014 5.56171029 0.04967418
-0.54416132 5.64782274 0.04236481
-1.11487541 5.67824637 0.03666953
-1.68528635 5.65160692 0.03228010
-2.24975659 5.56706507 0.02889581
-2.80256436 5.42433870 0.02626179
-3.33796566 5.22371961 0.02418140
-3.85025797 4.96608411 0.02251218
-4.33384383 4.65289746 0.02115476
-4.78329341 4.28621196 0.02004078
-5.19340547 3.86865886 0.01912307
-5.55926628 3.40343390 0.01836848
-5.87630628 2.89427685 0.01775326
-6.14035394 2.34544501 0.01726014
-6.34768655 1.76168085 0.01687647
-6.49507727 1.14817405 0.01659314
-6.57983798 0.51051843 0.01640388
-6.59985780 -0.14533664 0.01630482
-6.55363602 -0.81313874 0.01629425
-6.44030988 -1.48638944 0.01637250
-6.25967643 -2.15840498 0.01654195
-6.01220802 -2.82237996 0.01680713
-5.69906149 -3.47145360 0.01717497
-5.32208047 -4.09877801 0.01765515
-4.88379100 -4.69758751 0.01826060
-4.38739013 -5.26126884 0.01900827
-3.83672764 -5.78343113 0.01992011
-3.23628095 -6.25797485 0.02102443
-2.59112313 -6.67916022 0.02235789
-1.90688479 -7.04167205 0.02396804
-1.18970962 -7.34068278 0.02591709
-0.44620438 -7.57191163 0.02828710
0.31661627 -7.73167969 0.03118736
1.09138927 -7.81696031 0.03476518
1.87046614 -7.82542434 0.03922141
2.64597838 -7.75547975 0.04483341
3.40990364 -7.60630541 0.05198914
4.15413083 -7.37787893 0.06123814
4.87052141 -7.07099861 0.07336827
5.55096308 -6.68730002 0.08952132
6.18741071 -6.22926805 0.11136681
6.77190681 -5.70024606 0.14136013
7.29657162 -5.10444453 0.18311825
7.75354927 -4.44695306 0.24194558
8.13489473 -3.73376079 0.32552122
8.43238888 -2.97179227 0.44468463
8.63728358 -2.16896639 0.61407958
8.74001947 -1.33428423 0.85206213
8.73004540 -0.47794365 1.17871571
8.59601474 0.38854133 1.61021079
8.32681438 1.25227613 2.14779157
7.91396189 2.09908858 2.76185241
7.35558716 2.91395706 3.37738448
6.66117537 3.68190128 3.87481192
5.85469303 4.38931445 4.12084730
4.97299842 5.02542391 4.02598198
4.05832940 5.58331680 3.59541596
3.14775386 6.06003362 2.93271995
2.26510899 6.45567741 2.19053275
1.41918547 6.77199104 1.50539475
0.60755341 7.01102822 0.95774915
-0.17737585 7.17432825 0.56859650
-0.94319637 7.26266022 0.31876401
-1.69461143 7.27617264 0.17225871
-2.43261936 7.21472831 0.09306695
-3.15497006 7.07825682 0.05319252
-3.85710493 6.86703818 0.03417749
-4.53308282 6.58189511 0.02532929
-5.17628618 6.22430597 0.02110053
-5.77988789 5.79646102 0.01887795
-6.33713815 5.30128228 0.01752811
-6.84154082 4.74242101 0.01658962
-7.28697061 4.12424055 0.01588038
-7.66776113 3.45178862 0.01532679
-7.97877855 2.73076105 0.01489597
-8.21548678 1.96745771 0.01457084
-8.37400652 1.16873135 0.01434133
-8.45116821 0.34192966 0.01420133
-8.44455869 -0.50516876 0.01414757
-8.35256115 -1.36442429 0.01417919
-8.17438771 -2.22741097 0.01429763
-7.91010435 -3.08549589 0.01450669
-7.56064778 -3.92992209 0.01481272
-7.12783381 -4.75189461 0.01522509
-6.61435707 -5.54266851 0.01575672
-6.02378204 -6.29363786 0.01642497
-5.36052501 -6.99642669 0.01725296
-4.62982738 -7.64297724 0.01827129
-3.83772027 -8.22563853 0.01952068
-2.99098064 -8.73725227 0.02105571
-2.09707964 -9.17123532 0.02295033
-1.16412333 -9.52165875 0.02530617
-0.20078697 -9.78332178 0.02826506
0.78375662 -9.95182071 0.03202874
1.77991218 -10.02361113 0.03688969
2.77773962 -9.99606427 0.04328149
3.76703015 -9.86751642 0.05186186
4.73737620 -9.63731196 0.06365335
5.67822658 -9.30584086 0.08028617
6.57891268 -8.87457268 0.10442644
7.42861985 -8.34609103 0.14054405
8.21625768 -7.72413625 0.19630810
8.93014384 -7.01367044 0.28513955
9.55734656 -6.22099128 0.43086212
10.08241124 -5.35394248 0.67599538
10.48501892 -4.42230627 1.09576065
10.73595088 -3.43852002 1.81894666
10.79090213 -2.41892249 3.04975027
10.58330398 -1.38572446 5.06037004
10.02278743 -0.36955482 8.07074231
9.01674348 0.58875251 11.89670501
7.53653306 1.44064794 15.47311372
5.70754019 2.14083954 17.02038860
3.81496559 2.66447313 15.50101506
2.15406249 3.01718684 11.79882251
0.86705982 3.22768467 7.75180238
-0.06814610 3.33079572 4.56616776
-0.74720915 3.35529470 2.48977130
-1.26434749 3.32053502 1.28649682
-1.68554608 3.23809658 0.64161671
-2.04942551 3.11456602 0.31491174
-2.37573835 2.95378601 0.15648393
-2.67308953 2.75829720 0.08233594
-2.94410027 2.53015684 0.04859006
-3.18842764 2.27136667 0.03350940
-3.40439859 1.98408017 0.02679008
-3.58985105 1.67069278 0.02373255
-3.74255436 1.33387261 0.02226550
-3.86041854 0.97656110 0.02150298
-3.94160167 0.60195840 0.02107559
-3.98456942 0.21350022 0.02083245
-3.98813173 -0.18517039 0.02071305
-3.95146796 -0.59023503 0.02069384
-3.87414516 -0.99773463 0.02076655
-3.75613136 -1.40360653 0.02092962
-3.59780441 -1.80372330 0.02118494
-3.39995682 -2.19393320 0.02153664
-3.16379623 -2.57010154 0.02199077
-2.89094187 -2.92815288 0.02255529
-2.58341671 -3.26411323 0.02324026
-2.24363533 -3.57415280 0.02405812
-1.87438779 -3.85462718 0.02502405
-1.47881927 -4.10211824 0.02615648
-1.06040584 -4.31347336 0.02747763
-0.62292643 -4.48584287 0.02901423
-0.17043122 -4.61671512 0.03079833
0.29279317 -4.70394904 0.03286828
0.76226161 -4.74580362 0.03526982
1.23333096 -4.74096401 0.03805734
1.70124293 -4.68856393 0.04129513
2.16116886 -4.58820417 0.04505863
2.60825597 -4.43996679 0.04943545
3.03767478 -4.24442489 0.05452575
3.44466732 -4.00264776 0.06044154
3.82459566 -3.71620128 0.06730414
4.17299076 -3.38714329 0.07523851
4.48560129 -3.01801409 0.08436327
4.75844258 -2.61182169 0.09477456
4.98784583 -2.17202187 0.10652194
5.17050786 -1.70249280 0.11957544
5.30354185 -1.20750411 0.13378397
5.38452912 -0.69168017 0.14882847
5.41157160 -0.15995728 0.16417763
5.38334348 0.38246517 0.17905936
5.29913897 0.93017971 0.19246641
5.15891126 1.47763121 0.20321534
4.96329591 2.01918184 0.21007250
4.71361177 2.54917857 0.21194398
4.41183396 3.06202077 0.20810154
4.06053794 3.55222496 0.19839028
3.66282042 4.01448401 0.18334943
3.22220949 4.44371883 0.16418853
2.74258056 4.83512222 0.14260176
2.22809347 5.18419602 0.12045952
1.68315964 5.48678419 0.09946528
1.11243765 5.73910472 0.08087973
0.52084658 5.93778266 0.06538601
-0.08641862 6.07988559 0.05311265
-0.70388408 6.16296063 0.04377398
-1.32581473 6.18507166 0.03685817
-1.94625399 6.14483428 0.03179690
-2.55908105 6.04144659 0.02807883
-3.15807921 5.87471419 0.02530137
-3.73700903 5.64506840 0.02317575
-4.28968203 5.35357756 0.02150777
-4.81003285 5.00195108 0.02017145
-5.29218881 4.59253640 0.01908586
-5.73053695 4.12830904 0.01819822
-6.11978828 3.61285580 0.01747307
-6.45503906 3.05035131 0.01688576
-6.73182912 2.44552794 0.01641872
-6.94619647 1.80363954 0.01605928
-7.09472761 1.13041924 0.01579848
-7.17460387 0.43203091 0.01563024
-7.18364163 -0.28498381 0.01555101
-7.12032769 -1.01376409 0.01555941
-6.98384828 -1.74719264 0.01565626
-6.77411161 -2.47796237 0.01584445
-6.49176358 -3.19864635 0.01612931
-6.13819644 -3.90177039 0.01651863
-5.71555003 -4.57988756 0.01702334
-5.22670564 -5.22565405 0.01765802
-4.67527226 -5.83190553 0.01844181
-4.06556544 -6.39173303 0.01939971
-3.40257848 -6.89855867 0.02056432
-2.69194665 -7.34620847 0.02197824
-1.93990434 -7.72898350 0.02369767
-1.15323576 -8.04172754 0.02579726
-0.33921957 -8.27989083 0.02837740
0.49443162 -8.43958928 0.03157477
1.33963624 -8.51765847 0.03557812
2.18801191 -8.51170212 0.04065203
3.03094508 -8.42013439 0.04717339
3.85966014 -8.24221619 0.05568795
4.66528466 -7.97808529 0.06699914
5.43890604 -7.62878086 0.08230912
6.17161245 -7.19626350 0.10344428
6.85450677 -6.68343281 0.13321646
7.47867624 -6.09414591 0.17599981
8.03509105 -5.43324274 0.23863910
8.51439271 -4.70658725 0.33183870
8.90651869 -3.92113854 0.47217270
9.20010393 -3.08507214 0.68469610
9.38162645 -2.20797705 1.00558962
9.43438282 -1.30115329 1.48291165
9.33769272 -0.37801284 2.17092930
9.06735084 0.54548173 3.11017775
8.59917543 1.45055265 4.28543370
7.91773713 2.31594252 5.56748873
7.03007865 3.11941148 6.68052966
5.97811380 3.84066906 7.26848479
4.83766674 4.46504932 7.08133390
3.69733843 4.98614051 6.15258319
2.62793916 5.40569377 4.78748045
1.66348349 5.73086564 3.36903526
0.80330204 5.97055343 2.16965984
0.02710472 6.13263508 1.29368615
-0.68978120 6.22277192 0.72241210
-1.36738344 6.24443424 0.38298640
-2.01813856 6.19951588 0.19688498
-2.64749160 6.08905789 0.10183629
-3.25578723 5.91384633 0.05618071
-3.84018257 5.67482324 0.03526252
-4.39610011 5.37333413 0.02588679
-4.91817303 5.01125987 0.02158738
-5.40080263 4.59107656 0.01943504
-5.83847103 4.11587366 0.01819096
-6.22591835 3.58934856 0.01735942
-6.55825201 3.01578685 0.01674843
-6.83102380 2.40003311 0.01628323
-7.04029149 1.74745406 0.01593272
-7.18267170 1.06389535 0.01568239
-7.25538646 0.35563235 0.01552472
-7.25630402 -0.37068443 0.01545585
-7.18397373 -1.10808876 0.01547455
-7.03765472 -1.84936279 0.01558181
-6.81733786 -2.58710462 0.01578085
-6.52376092 -3.31379941 0.01607724
-6.15841641 -4.02189298 0.01647921
-5.72355207 -4.70386736 0.01699813
-5.22216375 -5.35231748 0.01764917
-4.65798071 -5.96002835 0.01845225
-4.03544328 -6.52005191 0.01943340
-3.35967304 -7.02578284 0.02062657
-2.63643584 -7.47103247 0.02207632
-1.87209763 -7.85010007 0.02384146
-1.07357404 -8.15784091 0.02600045
-0.24827381 -8.38973014 0.02865912
0.59596288 -8.54192212 0.03196218
1.45093045 -8.61130438 0.03611037
2.30812683 -8.59554591 0.04138648
3.15882376 -8.49313936 0.04819558
3.99413581 -8.30343702 0.05712773
4.80508485 -8.02668075 0.06905740
5.58265453 -7.66402649 0.08530219
6.31782657 -7.21756451 0.10787887
7.00158625 -6.69033793 0.13991678
7.62487672 -6.08636334 0.18632322
8.17847108 -5.41066029 0.25483931
8.65271583 -4.66930033 0.35766528
9.03708244 -3.86949202 0.51382218
9.31945695 -3.01972553 0.75221271
9.48513286 -2.13000704 1.11464299
9.51562501 -1.21221068 1.65632347
9.38782435 -0.28054736 2.43805734
9.07479579 0.64793913 3.50032881
8.55051264 1.55312210 4.81070738
7.80085458 2.41231772 6.19621350
6.83977769 3.20222989 7.31933821
5.72165497 3.90248770 7.78494713
4.53541263 4.49969401 7.37290741
3.37614695 4.98977550 6.20746695
2.31153722 5.37703482 4.67799806
1.36657873 5.67056808 3.19295181
0.53168370 5.88030165 1.99965152
-0.21891738 6.01442336 1.16325975
-0.91187379 6.07854228 0.63622480
-1.56707312 6.07599514 0.33211933
-2.19602861 6.00860219 0.16952449
-2.80325886 5.87742703 0.08823250
-3.38847664 5.68335851 0.04984316
-3.94852813 5.42749083 0.03244898
-4.47876977 5.11134302 0.02466935
-4.97392597 4.73697107 0.02106202
-5.42858085 4.30701545 0.01920997
-5.83745059 3.82471207 0.01810639
-6.19553847 3.29388242 0.01735229
-6.49823257 2.71891123 0.01679356
-6.74137635 2.10471525 0.01636980
-6.92132598 1.45670497 0.01605551
-7.03499974 0.78074042 0.01583865
-7.07992146 0.08308108 0.01571305
-7.05425820 -0.62966903 0.01567583
-6.95685199 -1.35062114 0.01572656
-6.78724545 -2.07266542 0.01586702
-6.54570067 -2.78853828 0.01610120
-6.23321145 -3.49089262 0.01643550
-5.85150820 -4.17237039 0.01687910
-5.40305565 -4.82567667 0.01744445
-4.89104326 -5.44365473 0.01814801
-4.31936794 -6.01936119 0.01901131
-3.69260966 -6.54614067 0.02006234
-3.01599967 -7.01769900 0.02133758
-2.29538178 -7.42817446 0.02288481
-1.53716695 -7.77220612 0.02476707
-0.74828182 -8.04499873 0.02706835
0.06388853 -8.24238337 0.02990188
0.89156251 -8.36087335 0.03342229
1.72662783 -8.39771477 0.03784374
2.56070989 -8.35093124 0.04346728
3.38524083 -8.21936268 0.05072279
4.19152696 -8.00269785 0.06023391
4.97081099 -7.70150104 0.07291974
5.71432367 -7.31723346 0.09015526
6.41331711 -6.85227070 0.11402538
7.05906741 -6.30991857 0.14772713
7.64282818 -5.69443130 0.19619940
8.15570741 -5.01103839 0.26708836
8.58842968 -4.26598984 0.37216591
8.93093680 -3.46663399 0.52925560
9.17178765 -2.62154729 0.76445344
9.29737144 -1.74073713 1.11371387
9.29111161 -0.83593142 1.62135905
9.13319556 0.07906537 2.33068506
8.80195349 0.98805242 3.25998031
8.27855480 1.87239782 4.36100744
7.55620918 2.71170198 5.47477017
6.65202689 3.48557442 6.32999257
5.61434299 4.17649753 6.63600589
4.51612208 4.77285037 6.24814056
3.43320715 5.27051352 5.27408838
2.42005046 5.67203525 4.01112485
1.49856516 5.98389465 2.77378594
0.66355728 6.21345360 1.76249396
-0.10381657 6.36689310 1.03987727
-0.82406948 6.44845202 0.57607667
-1.51280535 6.46059762 0.30418095
-2.17889301 6.40460897 0.15696750
-2.82528512 6.28120566 0.08268100
-3.45072931 6.09105028 0.04736780
-4.05140619 5.83508671 0.03127735
-4.62214518 5.51473997 0.02402366
-5.15720517 5.13201987 0.02060991
-5.65073281 4.68956519 0.01881471
-6.09702202 4.19065349 0.01771518
-6.49066575 3.63919079 0.01694687
-6.82665454 3.03968889 0.01636901
-7.10044996 2.39723354 0.01592567
-7.30804552 1.71744534 0.01559247
-7.44601988 1.00643410 0.01535727
-7.51158411 0.27074719 0.01521349
-7.50262306 -0.48268764 0.01515775
-7.41773060 -1.24662451 0.01518916
-7.25623835 -2.01356603 0.01530909
-7.01823757 -2.77583393 0.01552112
-6.70459380 -3.52564293 0.01583129
-6.31695403 -4.25517718 0.01624842
-5.85774612 -4.95666868 0.01678463
-5.33017047 -5.62247670 0.01745607
-4.73818371 -6.24516765 0.01828400
-4.08647459 -6.81759453 0.01929627
-3.38043219 -7.33297508 0.02052939
-2.62610656 -7.78496802 0.02203149
-1.83016234 -8.16774640 0.02386660
-0.99982568 -8.47606747 0.02612076
-0.14282509 -8.70533827 0.02891110
0.73267286 -8.85167631 0.03239940
1.61813194 -8.91196472 0.03681267
2.50471740 -8.88390153 0.04247490
3.38336760 -8.76604266 0.04985691
4.24486341 -8.55783862 0.05965565
5.07989070 -8.25966529 0.07292249
5.87908915 -7.87284958 0.09127296
6.63307620 -7.39969184 0.11723307
7.33242815 -6.84348825 0.15481397
7.96758893 -6.20855893 0.21046271
8.52865944 -5.50029131 0.29461631
9.00499434 -4.72521464 0.42416726
9.38450332 -3.89113061 0.62615246
9.65253701 -3.00733712 0.94265030
9.79029550 -2.08499329 1.43560945
9.77297269 -1.13766988 2.18700382
9.56861129 -0.18207577 3.28321170
9.14013599 0.76121637 4.76524702
8.45472825 1.66756597 6.53325482
7.50369669 2.50952652 8.24554621
6.32717689 3.26049361 9.34672080
5.02315850 3.90035125 9.34829791
3.72040693 4.42040708 8.19974635
2.52666042 4.82417564 6.34706371
1.49257691 5.12339554 4.39887007
0.61401448 5.33224123 2.77660732
-0.14238195 5.46304467 1.62164654
-0.81475254 5.52461657 0.88857231
-1.43315120 5.52244041 0.46334917
-2.01640385 5.45964080 0.23451725
-2.57376999 5.33800861 0.11911183
-3.10789687 5.15879331 0.06408169
-3.61744898 4.92322171 0.03898133
-4.09896507 4.63279965 0.02781137
-4.54800820 4.28946938 0.02278641
-4.95981933 3.89568073 0.02037045
-5.32967165 3.45441423 0.01905289
-5.65306296 2.96917796 0.01822075
-5.92582769 2.44398939 0.01763416
-6.14421089 1.88334779 0.01720024
-6.30492414 1.29219951 0.01688197
-6.40519189 0.67589752 0.01666348
-6.44279123 0.04015579 0.01653746
-6.41608610 -0.60900104 0.01650074
-6.32405600 -1.26529208 0.01655279
-6.16631902 -1.92223855 0.01669530
-5.94314872 -2.57322505 0.01693207
-5.65548488 -3.21156362 0.01726921
-5.30493769 -3.83055990 0.01771539
-4.89378530 -4.42358055 0.01828233
-4.42496461 -4.98412166 0.01898540
-3.90205542 -5.50587705 0.01984453
-3.32925767 -5.98280620 0.02088539
-2.71136219 -6.40920077 0.02214105
-2.05371512 -6.77974933 0.02365423
-1.36217617 -7.08959934 0.02548044
-0.64307127 -7.33441601 0.02769240
0.09686000 -7.51043720 0.03038617
0.85052147 -7.61452400 0.03369004
1.61052120 -7.64420624 0.03777716
2.36923509 -7.59772272 0.04288400
3.11887193 -7.47405569 0.04933731
3.85153835 -7.27295952 0.05759392
4.55930144 -6.99498338 0.06829968
5.23424618 -6.64148836 0.08237680
5.86852357 -6.21465958 0.10115288
6.45438407 -5.71751425 0.12654958
6.98418902 -5.15390773 0.16135228
7.45039073 -4.52853989 0.20958187
7.84547065 -3.84696574 0.27697431
8.16182720 -3.11561491 0.37152593
8.39161396 -2.34182556 0.50395184
8.52655485 -1.53389676 0.68768748
8.55781624 -0.70115874 0.93772023
8.47610640 0.14595198 1.26714888
8.27229004 0.99584910 1.68029054
7.93888042 1.83585537 2.16218031
7.47264301 2.65246887 2.66740517
6.87800211 3.43194422 3.11607077
6.16997518 4.16122104 3.40732383
5.37455919 4.82905759 3.45402888
4.52498768 5.42702451 3.22449745
3.65454609 5.94994917 2.76340207
2.78918010 6.39559944 2.17417425
1.94349088 6.76376132 1.57439631
1.12141064 7.05513130 1.05385828
0.32008739 7.27043636 0.65607568
-0.46556551 7.40998243 0.38339291
-1.23949814 7.47360405 0.21366009
-2.00290035 7.46086556 0.11682869
-2.75399414 7.37135422 0.06571290
-3.48860336 7.20495570 0.04040162
-4.20095256 6.96206233 0.02836199
-4.88437960 6.64370762 0.02262483
-5.53185434 6.25164088 0.01970782
-6.13631603 5.78836066 0.01802461
-6.69088469 5.25712143 0.01690478
-7.18899907 4.66192328 0.01607823
-7.62451664 4.00748947 0.01543623
-7.99179476 3.29923461 0.01493186
-8.28576185 2.54322445 0.01454182
-8.50198173 1.74612809 0.01425273
-8.63671194 0.91516298 0.01405626
-8.68695603 0.05803324 0.01394740
-8.65050913 -0.81713820 0.01392374
-8.52599641 -1.70188311 0.01398523
-8.31290400 -2.58746641 0.01413413
-8.01160180 -3.46496901 0.01437517
-7.62335783 -4.32537410 0.01471578
-7.15034385 -5.15965635 0.01516659
-6.59563212 -5.95887254 0.01574217
-5.96318289 -6.71425449 0.01646204
-5.25782296 -7.41730034 0.01735212
-4.48521515 -8.05986656 0.01844694
-3.65181897 -8.63425750 0.01979264
-2.76484281 -9.13331264 0.02145156
-1.83218823 -9.55049025 0.02350894
-0.86238677 -9.87994686 0.02608313
0.13546959 -10.11661150 0.02934143
1.15180327 -10.25625433 0.03352492
2.17662883 -10.29554854 0.03898873
3.19963186 -10.23212594 0.04626832
4.21024417 -10.06462572 0.05619159
5.19770863 -9.79273701 0.07007253
6.15112205 -9.41723678 0.09005382
7.05943501 -8.94002608 0.11972526
7.91137048 -8.36417073 0.16526085
8.69518962 -7.69395786 0.23753671
9.39817016 -6.93499028 0.35609706
10.00554782 -6.09435962 0.55652407
10.49847389 -5.18097465 0.90372381
10.85026571 -4.20618109 1.51414375
11.02004862 -3.18489694 2.58660007
10.94364772 -2.13755955 4.42339247
10.52577756 -1.09303561 7.36862082
9.64936451 -0.09172329 11.50120924
8.23323255 0.81437492 15.99987776
6.34693201 1.57054716 18.83560328
4.27907528 2.13915782 18.13781093
2.40480327 2.51730135 14.30346894
0.95027512 2.73399360 9.54624881
-0.07713537 2.83027759 5.63702470
-0.78562521 2.84184567 3.06163003
-1.29216467 2.79311603 1.57307244
-1.68042178 2.69873777 0.78039827
-1.99972636 2.56700509 0.38100392
-2.27571957 2.40268437 0.18777615
-2.52020282 2.20881391 0.09721044
-2.73762711 1.98771264 0.05580360
-2.92881483 1.74150200 0.03719790
-3.09293914 1.47235782 0.02889548
-3.22852805 1.18262169 0.02515965
-3.33395933 0.87484156 0.02343075
-3.40770209 0.55177750 0.02259465
-3.44843654 0.21639004 0.02217664
-3.45511639 -0.12818058 0.02197820
-3.42700415 -0.47864028 0.02191783
-3.36369287 -0.83157047 0.02196315
-3.26512030 -1.18345962 0.02210243
-3.13157796 -1.53073675 0.02233297
-2.96371597 -1.86980620 0.02265641
-2.76254403 -2.19708344 0.02307697
-2.52942878 -2.50903154 0.02360077
-2.26608731 -2.80219785 0.02423572
-1.97457716 -3.07325065 0.02499157
-1.65728252 -3.31901532 0.02588007
-1.31689701 -3.53650965 0.02691526
-0.95640294 -3.72297799 0.02811374
-0.57904732 -3.87592380 0.02949500
-0.18831466 -3.99314025 0.03108181
0.21210305 -4.07273862 0.03290056
0.61833911 -4.11317402 0.03498168
1.02638723 -4.11326825 0.03735988
1.43213877 -4.07222943 0.04007437
1.83142178 -3.98966823 0.04316874
2.22004146 -3.86561033 0.04669042
2.59382182 -3.70050501 0.05068958
2.94864813 -3.49522978 0.05521695
3.28050987 -3.25109057 0.06032030
3.58554398 -2.96981771 0.06603918
3.86007808 -2.65355748 0.07239718
4.10067355 -2.30485901 0.07939165
4.30416822 -1.92665672 0.08698044
4.46771856 -1.52224799 0.09506644
4.58884096 -1.09526630 0.10348100
4.66545175 -0.64964954 0.11196916
4.69590502 -0.18960395 0.12018073
4.67902693 0.28043656 0.12767289
4.61414476 0.75585493 0.13393006
4.50110823 1.23189903 0.13840549
4.34030057 1.70373237 0.14058525
4.13263715 2.16648631 0.14006837
3.87955060 2.61531256 0.13664905
3.58296322 3.04543448 0.13038129
3.24524967 3.45219624 0.12160438
2.86919495 3.83110882 0.11091472
2.45795357 4.17789274 0.09908400
2.01501481 4.48851780 0.08693975
1.54417671 4.75924055 0.07523827
1.04952821 4.98664033 0.06456249
0.53543555 5.16765442 0.05526806
0.00652789 5.29961266 0.04748392
-0.53232291 5.38027092 0.04115631
-1.07603137 5.40784288 0.03611458
-1.61933741 5.38102895 0.03213675
-2.15685378 5.29904142 0.02899973
-2.68311987 5.16162499 0.02650892
-3.19265933 4.96907205 0.02450944
-3.68003936 4.72223233 0.02288536
-4.13993028 4.42251682 0.02155298
-4.56716438 4.07189567 0.02045284
-4.95679363 3.67289021 0.01954262
-5.30414552 3.22855910 0.01879192
-5.60487685 2.74247859 0.01817852
-5.85502502 2.21871716 0.01768607
-6.05105614 1.66180452 0.01730251
-6.18990986 1.07669538 0.01701910
-6.26904009 0.46872817 0.01682980
-6.28645147 -0.15642128 0.01673090
-6.24073070 -0.79278989 0.01672076
-6.13107282 -1.43418178 0.01679972
-5.95730184 -2.07422613 0.01697012
-5.71988544 -2.70643792 0.01723639
-5.41994340 -3.32428117 0.01760526
-5.05924977 -3.92123389 0.01808610
-4.64022845 -4.49085433 0.01869142
-4.16594214 -5.02684768 0.01943753
-3.64007475 -5.52313278 0.02034542
-3.06690729 -5.97390801 0.02144211
-2.45128726 -6.37371576 0.02276227
-1.79859213 -6.71750481 0.02435061
-1.11468674 -7.00068996 0.02626515
-0.40587545 -7.21920833 0.02858165
0.32115069 -7.36957167 0.03140007
1.05937099 -7.44891420 0.03485341
1.80149565 -7.45503543 0.03912066
2.54002870 -7.38643769 0.04444522
3.26733230 -7.24235784 0.05116171
3.97569051 -7.02279329 0.05973502
4.65737076 -6.72852208 0.07081727
5.30468004 -6.36111748 0.08533087
5.91001228 -5.92295753 0.10458836
6.46588209 -5.41723074 0.13046281
6.96493878 -4.84793933 0.16562275
7.39995354 -4.21990247 0.21384010
7.76377299 -3.53876249 0.28035805
8.04923631 -2.81099781 0.37225331
8.24906468 -2.04394592 0.49862122
8.35575776 -1.24583825 0.67022955
8.36157918 -0.42584260 0.89804208
8.25878301 0.40590268 1.18982145
8.04030548 1.23829791 1.54421011
7.70115537 2.05939496 1.94281896
7.24056335 2.85669198 2.34333523
6.66448637 3.61767520 2.67966513
5.98740073 4.33060038 2.87545292
5.23194477 4.98537437 2.87093260
4.42557601 5.57426935 2.65122823
3.59505871 6.09218975 2.25756150
2.76116089 6.53637509 1.77183764
1.93595433 6.90567723 1.28403007
1.12348158 7.19972207 0.86233107
0.32271587 7.41825142 0.53984468
-0.46898720 7.56078989 0.31814581
-1.25329525 7.62661823 0.17963532
-2.02962448 7.61494208 0.10028062
-2.79497075 7.52513385 0.05816407
-3.54436867 7.35696066 0.03713272
-4.27154653 7.11075771 0.02697804
-4.96951898 6.78754078 0.02201120
-5.63102522 6.38906859 0.01938679
-6.24882019 5.91786995 0.01780707
-6.81586287 5.37724755 0.01672144
-7.32544437 4.77126620 0.01590555
-7.77128465 4.10472958 0.01526679
-8.14761333 3.38314776 0.01476344
-8.44924164 2.61269624 0.01437372
-8.67162798 1.80016734 0.01408460
-8.81093747 0.95291421 0.01388782
-8.86409529 0.07878813 0.01377832
-8.82883348 -0.81393076 0.01375366
-8.70373030 -1.71660822 0.01381376
-8.48824194 -2.62033599 0.01396087
-8.18272599 -3.51601611 0.01419971
-7.78845617 -4.39444899 0.01453772
-7.30762850 -5.24642422 0.01498558
-6.74335790 -6.06281347 0.01555794
-6.09966587 -6.83466444 0.01627446
-5.38145864 -7.55329490 0.01716128
-4.59449631 -8.21038609 0.01825335
-3.74535291 -8.79807434 0.01959742
-2.84136782 -9.30904012 0.02125692
-1.89058910 -9.73659359 0.02331867
-0.90170906 -10.07475558 0.02590392
0.11600621 -10.31833367 0.02918465
1.15279291 -10.46299219 0.03341002
2.19846870 -10.50531581 0.03894912
3.24251244 -10.44286645 0.04636227
4.27413976 -10.27423330 0.05652243
5.28236725 -9.99907685 0.07082743
6.25605189 -9.61816831 0.09157968
7.18388242 -9.13342813 0.12268093
8.05427843 -8.54797017 0.17092839
8.85511339 -7.86616498 0.24846872
9.57310141 -7.09374738 0.37747498
10.19254328 -6.23801701 0.59900412
10.69287657 -5.30822371 0.98927595
11.04411085 -4.31630518 1.68737257
11.19898922 -3.27825652 2.93391890
11.08176767 -2.21650133 5.09515523
10.57940180 -1.16342109 8.56915359
9.55736542 -0.16489284 13.35261525
7.94080416 0.72065163 18.22380153
5.85748874 1.43507073 20.62037938
3.68165492 1.94505225 18.78598342
1.81962772 2.25864370 13.95147820
0.45315136 2.41507245 8.81850853
-0.46833893 2.46005572 4.98268140
-1.08247792 2.42952304 2.61704069
-1.51125988 2.34652045 1.31282329
-1.83398399 2.22436769 0.64177800
-2.09467373 2.07053139 0.31203087
-2.31526927 1.88939571 0.15530041
-2.50555786 1.68389441 0.08267697
-2.66914627 1.45637974 0.04966607
-2.80670131 1.20905429 0.03484763
-2.91760890 0.94417189 0.02822188
-3.00079330 0.66412180 0.02523948
-3.05511336 0.37145574 0.02387615
-3.07955349 0.06888701 0.02324823
-3.07331718 -0.24072417 0.02297628
-3.03587495 -0.55439251 0.02289995
-2.96699034 -0.86903351 0.02295282
-2.86673478 -1.18149189 0.02310863
-2.73549587 -1.48857171 0.02335842
-2.57398109 -1.78706770 0.02370108
-2.38321768 -2.07379741 0.02413935
-2.16454901 -2.34563382 0.02467838
-1.91962763 -2.59953805 0.02532507
-1.65040500 -2.83259191 0.02608798
-1.35911793 -3.04202986 0.02697732
-1.04827203 -3.22527010 0.02800507
-0.72062190 -3.37994448 0.02918512
-0.37914854 -3.50392684 0.03053342
-0.02703412 -3.59535949 0.03206811
0.33236598 -3.65267765 0.03380958
0.69555330 -3.67463126 0.03578055
1.05891856 -3.66030427 0.03800583
1.41877566 -3.60913082 0.04051204
1.77139728 -3.52090834 0.04332695
2.11305163 -3.39580717 0.04647828
2.44004017 -3.23437669 0.04999207
2.74873594 -3.03754768 0.05389008
3.03562226 -2.80663083 0.05818622
3.29733152 -2.54331136 0.06288188
3.53068369 -2.24963954 0.06795986
3.73272444 -1.92801723 0.07337721
3.90076238 -1.58118032 0.07905724
4.03240525 -1.21217702 0.08488156
4.12559435 -0.82434226 0.09068368
4.17863680 -0.42126814 0.09624602
4.19023464 -0.00677064 0.10130295
4.15950971 0.41514697 0.10555233
4.08602307 0.84033387 0.10867735
3.96978763 1.26453367 0.11037875
3.81127278 1.68342832 0.11041483
3.61140047 2.09268276 0.10864294
3.37153296 2.48798981 0.10505452
3.09345328 2.86511422 0.09979341
2.77934071 3.21993547 0.09315031
2.43174396 3.54848872 0.08553097
2.05355461 3.84700397 0.07740263
1.64798281 4.11194334 0.06923032
1.21853555 4.34003685 0.06141719
0.76899661 4.52831680 0.05426218
0.30340622 4.67415079 0.04794252
-0.17396211 4.77527330 0.04252059
-0.65862934 4.82981532 0.03796844
-1.14594454 4.83633142 0.03420010
-1.63112424 4.79382379 0.03110251
-2.10929681 4.70176246 0.02855917
-2.57555049 4.56010124 0.02646467
-3.02498391 4.36928906 0.02473106
-3.45275775 4.13027629 0.02328876
-3.85414678 3.84451600 0.02208439
-4.22459137 3.51395999 0.02107766
-4.55974818 3.14104957 0.02023823
-4.85553921 2.72870113 0.01954323
-5.10819909 2.28028655 0.01897537
-5.31431991 1.79960849 0.01852157
-5.47089317 1.29087091 0.01817210
-5.57534865 0.75864484 0.01791990
-5.62558935 0.20782969 0.01776022
-5.62002255 -0.35638946 0.01769031
-5.55758618 -0.92858843 0.01770929
-5.43777049 -1.50315382 0.01781815
-5.26063456 -2.07433586 0.01801967
-5.02681726 -2.63630372 0.01831869
-4.73754289 -3.18320277 0.01872218
-4.39462076 -3.70921320 0.01923960
-4.00043902 -4.20860963 0.01988351
-3.55795259 -4.67582088 0.02066985
-3.07066511 -5.10548950 0.02161902
-2.54260511 -5.49253038 0.02275686
-1.97829660 -5.83218772 0.02411610
-1.38272406 -6.12009014 0.02573832
-0.76129246 -6.35230290 0.02767652
-0.11978229 -6.52537709 0.02999868
0.53569952 -6.63639483 0.03279247
1.19877249 -6.68301034 0.03617178
1.86283865 -6.66348639 0.04028559
2.52114093 -6.57672558 0.04533010
3.16682296 -6.42229635 0.05156538
3.79298926 -6.20045345 0.05933798
4.39276458 -5.91215273 0.06911151
4.95935086 -5.55906038 0.08150717
5.48608023 -5.14355678 0.09735599
5.96646232 -4.66873534 0.11776321
6.39422423 -4.13839684 0.14418145
6.76334256 -3.55704017 0.17848110
7.06806823 -2.92984988 0.22299275
7.30294916 -2.26268120 0.28047263
7.46286181 -1.56204215 0.35390972
7.54307251 -0.83507083 0.44606094
7.53936154 -0.08950323 0.55858845
7.44825272 0.66637709 0.69073067
7.26738911 1.42382062 0.83762449
6.99606571 2.17374112 0.98874818
6.63585989 2.90690709 1.12738832
6.19119418 3.61419927 1.23225138
5.66957039 4.28691609 1.28188006
5.08121290 4.91708088 1.26115540
4.43802641 5.49768454 1.16742021
3.75207838 6.02280059 1.01299973
3.03409485 6.48754529 0.82224558
2.29250584 6.88790874 0.62414910
1.53333178 7.22052760 0.44398257
0.76081986 7.48248182 0.29759254
-0.02154658 7.67117403 0.19004825
-0.81009408 7.78430895 0.11796750
-1.60034054 7.81995319 0.07348804
-2.38677932 7.77663831 0.04790697
-3.16297263 7.65347097 0.03392594
-3.92180397 7.45022661 0.02643073
-4.65576310 7.16741711 0.02230320
-5.35719410 6.80633241 0.01984820
-6.01848730 6.36906091 0.01822623
-6.63222319 5.85849329 0.01704845
-7.19128432 5.27831369 0.01613957
-7.68894839 4.63298043 0.01541820
-8.11897064 3.92769751 0.01484283
-8.47565930 3.16837760 0.01438945
-8.75394551 2.36159693 0.01404269
-8.94944785 1.51454247 0.01379222
-9.05853064 0.63495199 0.01363126
-9.07835647 -0.26895319 0.01355586
-9.00693079 -1.18854102 0.01356450
-8.84313954 -2.11484766 0.01365807
-8.58677835 -3.03866126 0.01383975
-8.23857324 -3.95060989 0.01411536
-7.80019235 -4.84125310 0.01449362
-7.27424843 -5.70117546 0.01498679
-6.66429198 -6.52108299 0.01561154
-5.97479476 -7.29189890 0.01639019
-5.21112393 -8.00486005 0.01735251
-4.37950672 -8.65161208 0.01853840
-3.48698616 -9.22430227 0.02000169
-2.54136799 -9.71566954 0.02181590
-1.55115962 -10.11913039 0.02408298
-0.52550167 -10.42886012 0.02694671
0.52590662 -10.63986845 0.03061399
1.59288642 -10.74806877 0.03538920
2.66486046 -10.75034078 0.04173105
3.73093279 -10.64458624 0.05034931
4.77996065 -10.42977804 0.06237320
5.80060832 -10.10600387 0.07965254
6.78136381 -9.67450693 0.10531008
7.71048288 -9.13772912 0.14477751
8.57579228 -8.49936698 0.20777792
9.36421913 -7.76446091 0.31217084
10.06078567 -6.93955767 0.49143892
10.64656855 -6.03302420 0.80907022
11.09471282 -5.05566189 1.38494979
11.36307761 -4.02189183 2.43838648
11.38218745 -2.95193772 4.33751706
11.04081754 -1.87544537 7.58043198
10.18610785 -0.83614996 12.47762242
8.68397388 0.10591064 18.25423376
6.57813793 0.88326317 22.25369057
4.22275463 1.44691608 21.61478040
2.11801746 1.79286470 16.73702940
0.55717882 1.95954613 10.78339414
-0.47162937 1.99972494 6.11593960
-1.12254859 1.95723713 3.20050159
-1.54509974 1.86069721 1.59602558
-1.83857730 1.72664944 0.77560326
-2.05841989 1.56428414 0.37475113
-2.23254053 1.37889148 0.18479315
-2.37384222 1.17388676 0.09673360
-2.48766501 0.95187703 0.05656608
-2.57576223 0.71518645 0.03844754
-2.63830511 0.46610015 0.03032647
-2.67485926 0.20696814 0.02669707
-2.68485078 -0.05975859 0.02508613
-2.66778682 -0.33152440 0.02439830
-2.62336024 -0.60568102 0.02415421
-2.55150007 -0.87950725 0.02414657
-2.45239617 -1.15023273 0.02428717
-2.32651094 -1.41506397 0.02453980
-2.17458385 -1.67121168 0.02489118
-1.99763115 -1.91591889 0.02533834
-1.79694198 -2.14648932 0.02588337
-1.57407125 -2.36031594 0.02653107
-1.33082950 -2.55490902 0.02728806
-1.06926997 -2.72792379 0.02816244
-0.79167290 -2.87718706 0.02916358
-0.50052717 -3.00072270 0.03030211
-0.19850955 -3.09677573 0.03158991
0.11153839 -3.16383459 0.03303995
0.42663567 -3.20065143 0.03466622
0.74368902 -3.20626014 0.03648342
1.05952181 -3.17999205 0.03850659
1.37090445 -3.12148872 0.04075039
1.67458608 -3.03071205 0.04322827
1.96732707 -2.90795123 0.04595110
2.24593240 -2.75382654 0.04892546
2.50728528 -2.56928989 0.05215140
2.74838105 -2.35562184 0.05561958
2.96636082 -2.11442528 0.05930803
3.15854468 -1.84761550 0.06317831
3.32246417 -1.55740681 0.06717176
3.45589353 -1.24629562 0.07120596
3.55687946 -0.91704012 0.07517237
3.62376878 -0.57263661 0.07893602
3.65523347 -0.21629275 0.08233817
3.65029241 0.14860214 0.08520320
3.60832909 0.51850942 0.08735008
3.52910465 0.88977561 0.08860855
3.41276548 1.25866864 0.08883846
3.25984522 1.62141534 0.08795006
3.07126098 1.97423958 0.08592149
2.84830437 2.31340050 0.08280945
2.59262805 2.63523046 0.07874970
2.30622914 2.93617215 0.07394573
1.99143063 3.21281467 0.06864657
1.65086180 3.46192844 0.06311774
1.28743836 3.68049880 0.05761076
0.90434202 3.86575827 0.05233753
0.50499911 4.01521731 0.04745388
0.09305730 4.12669354 0.04305445
-0.32764062 4.19833900 0.03917751
-0.75308628 4.22866512 0.03581681
-1.17913914 4.21656508 0.03293617
-1.60156338 4.16133308 0.03048350
-2.01606774 4.06267999 0.02840174
-2.41834780 3.92074537 0.02663620
-2.80412968 3.73610517 0.02513846
-3.16921462 3.50977527 0.02386777
-3.50952373 3.24321052 0.02279089
-3.82114237 2.93829926 0.02188125
-4.10036363 2.59735329 0.02111779
-4.34373048 2.22309329 0.02048398
-4.54807617 1.81862982 0.01996691
-4.71056243 1.38743994 0.01955662
-4.82871502 0.93333957 0.01924567
-4.90045624 0.46045192 0.01902873
-4.92413424 -0.02682785 0.01890224
-4.89854839 -0.52387141 0.01886447
-4.82297073 -1.02585934 0.01891527
-4.69716300 -1.52782582 0.01905623
-4.52138914 -2.02470588 0.01929049
-4.29642288 -2.51138447 0.01962309
-4.02355050 -2.98274719 0.02006105
-3.70456831 -3.43373195 0.02061368
-3.34177511 -3.85938118 0.02129297
-2.93795941 -4.25489420 0.02211407
-2.49638156 -4.61567869 0.02309593
-2.02075055 -4.93740213 0.02426222
-1.51519636 -5.21604023 0.02564233
-0.98423725 -5.44792446 0.02727290
-0.43274281 -5.62978660 0.02919957
0.13410725 -5.75880019 0.03147942
0.71086783 -5.83261866 0.03418399
1.29187657 -5.84940936 0.03740326
1.87130467 -5.80788336 0.04125067
2.44320993 -5.70732061 0.04586949
3.00159130 -5.54759016 0.05144077
3.54044434 -5.32916517 0.05819299
4.05381689 -5.05313270 0.06641329
4.53586424 -4.72119803 0.07645974
4.98090325 -4.33568359 0.08877313
5.38346502 -3.89952238 0.10388518
5.73834630 -3.41624611 0.12241761
6.04066023 -2.88996789 0.14506298
6.28588858 -2.32535945 0.17253399
6.46993866 -1.72762234 0.20546375
6.58921028 -1.10245243 0.24423866
6.64067940 -0.45599607 0.28875223
6.62200520 0.20520415 0.33808887
6.53166435 0.87427692 0.39018788
6.36910812 1.54410594 0.44159431
6.13492420 2.20743164 0.48746076
5.83096712 2.85697005 0.52197640
5.46040734 3.48554372 0.53931834
5.02764897 4.08621387 0.53502067
4.53809157 4.65239913 0.50739105
3.99776005 5.17796555 0.45842050
3.41288351 5.65727756 0.39369897
2.78953619 6.08520960 0.32121260
2.13344117 6.45712921 0.24940326
1.44997759 6.76887024 0.18521760
0.74435541 7.01671525 0.13284734
0.02186648 7.19739990 0.09349239
-0.71188926 7.30814234 0.06600154
-1.45087097 7.34669174 0.04793530
-2.18857633 7.31138541 0.03657006
-2.91811103 7.20120449 0.02955381
-3.63230868 7.01582069 0.02516675
-4.32386559 6.75563098 0.02229972
-4.98546853 6.42177960 0.02030386
-5.60990767 6.01616824 0.01882529
-6.19017508 5.54145587 0.01767788
-6.71955252 5.00104915 0.01676311
-7.19169163 4.39908418 0.01602610
-7.60068884 3.74040005 0.01543373
-7.94115547 3.03050459 0.01496440
-8.20828364 2.27553246 0.01460331
-8.39790692 1.48219612 0.01434020
-8.50655600 0.65772978 0.01416816
-8.53150786 -0.19017296 0.01408309
-8.47082874 -1.05342741 0.01408327
-8.32340977 -1.92363150 0.01416934
-8.08899510 -2.79214414 0.01434417
-7.76820195 -3.65016768 0.01461322
-7.36253222 -4.48883355 0.01498468
-6.87437557 -5.29929039 0.01547013
-6.30700352 -6.07279390 0.01608525
-5.66455470 -6.80079742 0.01685098
-4.95201128 -7.47504212 0.01779507
-4.17516625 -8.08764715 0.01895443
-3.34058250 -8.63119637 0.02037839
-2.45554350 -9.09882354 0.02213365
-1.52799626 -9.48429328 0.02431146
-0.56648737 -9.78207774 0.02703868
0.41990703 -9.98742788 0.03049481
1.42165595 -10.09643904 0.03493880
2.42885106 -10.10611000 0.04075241
3.43128415 -10.01439550 0.04851158
4.41852021 -9.82025203 0.05910669
5.37995877 -9.52367776 0.07394981
6.30487119 -9.12574820 0.09533943
7.18239201 -8.62865075 0.12711433
8.00142443 -8.03572482 0.17584493
8.75038654 -7.35151947 0.25302487
9.41666283 -6.58189112 0.37910820
9.98551574 -5.73418318 0.59084517
10.43803520 -4.81756315 0.95409488
10.74748516 -3.84364823 1.58422012
10.87336966 -2.82762299 2.67172243
10.75355463 -1.79009036 4.49191344
10.29910320 -0.75969184 7.32754764
9.40701677 0.22441143 11.16955141
8.01653857 1.11328020 15.18039379
6.20803170 1.85711033 17.55012394
4.24904094 2.42287711 16.75783954
2.47050809 2.80881868 13.24383214
1.06977174 3.04113057 8.92582004
0.05523193 3.15662558 5.33988954
-0.66689995 3.18763128 2.93804450
-1.20096047 3.15657246 1.52612316
-1.62336635 3.07706703 0.76313203
-1.98000312 2.95687942 0.37429042
-2.29495317 2.80047567 0.18471272
-2.57922427 2.61070025 0.09549958
-2.83673958 2.38973870 0.05468246
-3.06787298 2.13962478 0.03637176
-3.27136981 1.86248899 0.02821555
-3.44533712 1.56066943 0.02453638
-3.58773799 1.23675274 0.02280917
-3.69663564 0.89357994 0.02194296
-3.77031650 0.53423452 0.02147794
-3.80735602 0.16202127 0.02122434
-3.80665762 -0.21956068 0.02110527
-3.76747802 -0.60684833 0.02109042
-3.68944518 -0.99604816 0.02116879
-3.57257080 -1.38327168 0.02133773
-3.41725860 -1.76457271 0.02159861
-3.22430847 -2.13598604 0.02195532
-2.99491659 -2.49356714 0.02241364
-2.73067159 -2.83343240 0.02298124
-2.43354655 -3.15179963 0.02366775
-2.10588713 -3.44502839 0.02448504
-1.75039557 -3.70965984 0.02544752
-1.37011088 -3.94245525 0.02657255
-0.96838529 -4.14043341 0.02788091
-0.54885711 -4.30090616 0.02939742
-0.11542002 -4.42151160 0.03115154
0.32781044 -4.50024492 0.03317818
0.77653349 -4.53548612 0.03551849
1.22630215 -4.52602460 0.03822072
1.67256455 -4.47108010 0.04134102
2.11070698 -4.37031985 0.04494410
2.53609849 -4.22387164 0.04910347
2.94413655 -4.03233253 0.05390095
3.33029344 -3.79677317 0.05942508
3.69016316 -3.51873745 0.06576752
4.01950849 -3.20023735 0.07301681
4.31430810 -2.84374305 0.08124826
4.57080376 -2.45216795 0.09050886
4.78554746 -2.02884869 0.10079636
4.95544878 -1.57751999 0.11203230
5.07782243 -1.10228419 0.12403020
5.15043565 -0.60757534 0.13646309
5.17155485 -0.09811786 0.14883682
5.13998977 0.42112030 0.16048022
5.05513229 0.94497960 0.17056502
4.91698577 1.46816542 0.17816725
4.72618018 1.98530803 0.18237575
4.48396806 2.49102430 0.18243992
4.19219862 2.97997923 0.17793125
3.85327063 3.44694494 0.16887762
3.47006941 3.88685532 0.15582416
3.04589780 4.29485494 0.13978697
2.58441283 4.66634219 0.12209651
2.08957809 4.99700765 0.10416613
1.56563681 5.28286939 0.08724946
1.01710334 5.52030730 0.07225531
0.44876473 5.70609784 0.05966540
-0.13431840 5.83744964 0.04956090
-0.72682168 5.91203954 0.04172701
-1.32318263 5.92804749 0.03578704
-1.91764260 5.88418886 0.03132210
-2.50430202 5.77974227 0.02795142
-3.07718383 5.61457218 0.02537000
-3.63030100 5.38914508 0.02335394
-4.15772492 5.10453924 0.02174814
-4.65365271 4.76244780 0.02044858
-5.11247290 4.36517513 0.01938600
-5.52882889 3.91562664 0.01851373
-5.89768016 3.41729207 0.01779956
-6.21436065 2.87422245 0.01722061
-6.47463436 2.29100074 0.01676039
-6.67474733 1.67270648 0.01640693
-6.81147559 1.02487481 0.01615173
-6.88216901 0.35344964 0.01598905
-6.88478960 -0.33526779 0.01591559
-6.81794481 -1.03467532 0.01593015
-6.68091487 -1.73793046 0.01603368
-6.47367377 -2.43801453 0.01622920
-6.19690382 -3.12780000 0.01652205
-5.85200330 -3.80012029 0.01692006
-5.44108703 -4.44784139 0.01743410
-4.96697983 -5.06393456 0.01807859
-4.43320275 -5.64154959 0.01887245
-3.84395205 -6.17408774 0.01984020
-3.20407113 -6.65527360 0.02101370
-2.51901539 -7.07922554 0.02243440
-1.79481069 -7.44052304 0.02415659
-1.03800544 -7.73427152 0.02625196
-0.25561692 -7.95616303 0.02881613
0.54492733 -8.10253255 0.03197821
1.35585243 -8.17040927 0.03591466
2.16910222 -8.15756242 0.04087007
2.97640705 -8.06254121 0.04718830
3.76935140 -7.88470873 0.05535995
4.53943862 -7.62426985 0.06609513
5.27814916 -7.28229339 0.08043625
5.97698643 -6.86072944 0.09993304
6.62750240 -6.36242339 0.12691414
7.22129043 -5.79112906 0.16490482
7.74992783 -5.15152530 0.21925722
8.20484368 -4.44924218 0.29806664
8.57708211 -3.69090609 0.41341774
8.85693313 -2.88421615 0.58286976
9.03342918 -2.03806637 0.83072926
9.09378648 -1.16272523 1.18788603
9.02305383 -0.27006814 1.68769157
8.80455530 0.62618317 2.35397267
8.42210062 1.51034076 3.17776289
7.86500433 2.36498587 4.08590453
7.13589083 3.17186583 4.92044474
6.25847058 3.91363461 5.46312777
5.27940368 4.57617213 5.52415389
4.25931654 5.15061140 5.05260962
3.25538868 5.63401445 4.17716911
2.30558783 6.02828867 3.13504012
1.42347277 6.33797794 2.15162365
0.60374936 6.56806163 1.36182790
-0.16773109 6.72255500 0.80215271
-0.90552606 6.80404922 0.44462564
-1.62003742 6.81390435 0.23590235
-2.31631508 6.75272692 0.12344446
-2.99476787 6.62086954 0.06700158
-3.65252862 6.41882742 0.04027329
-4.28475515 6.14750455 0.02806304
-4.88559794 5.80836953 0.02246095
-5.44882444 5.40353480 0.01971229
-5.96818983 4.93578795 0.01817319
-6.43765274 4.40859478 0.01717043
-6.85150801 3.82608533 0.01644029
-7.20447858 3.19302842 0.01587993
-7.49178806 2.51479760 0.01544682
-7.70922303 1.79732956 0.01512105
-7.85318839 1.04707586 0.01489186
-7.92075690 0.27094826 0.01475310
-7.90971251 -0.52374160 0.01470155
-7.81858749 -1.32934797 0.01473644
-7.64669244 -2.13796135 0.01485925
-7.39413932 -2.94148296 0.01507375
-7.06185667 -3.73170275 0.01538625
-6.65159703 -4.50038005 0.01580593
-6.16593619 -5.23932621 0.01634542
-5.60826417 -5.94048844 0.01702163
-4.98276792 -6.59603397 0.01785689
-4.29440577 -7.19843378 0.01888061
-3.54887367 -7.74054505 0.02013160
-2.75256371 -8.21569137 0.02166143
-1.91251502 -8.61774016 0.02353929
-1.03635785 -8.94117619 0.02585915
-0.13225121 -9.18117068 0.02875045
0.79118463 -9.33364523 0.03239437
1.72493980 -9.39532997 0.03704912
2.65968885 -9.36381556 0.04308973
3.58586444 -9.23759871 0.05107205
4.49372712 -9.01612132 0.06183764
5.37342498 -8.69980390 0.07668837
6.21503349 -8.29007442 0.09768197
7.00855897 -7.78939543 0.12813863
7.74387748 -7.20129431 0.17351643
8.41056054 -6.53040552 0.24292704
8.99750515 -5.78254017 0.35173587
9.49223204 -4.96480970 0.52590951
9.87964602 -4.08584804 0.80888602
10.13999683 -3.15620135 1.27120328
10.24587274 -2.18898029 2.02037504
10.15866627 -1.20086460 3.20029262
9.82681042 -0.21342792 4.95228091
9.19183900 0.74565562 7.29264448
8.21178804 1.64278634 9.89789862
6.90449013 2.44204843 11.96953094
5.38428760 3.11331955 12.54674502
3.84045121 3.64171042 11.26524879
2.44991095 4.03137256 8.72710538
1.30007224 4.30027642 5.95721030
0.38484711 4.47061483 3.67432430
-0.35004010 4.56155667 2.09411952
-0.96447968 4.58662806 1.12279136
-1.50410817 4.55421706 0.57532509
-1.99721656 4.46915994 0.28706534
-2.45847096 4.33425998 0.14364701
-2.89367943 4.15137873 0.07564450
-3.30354276 3.92211162 0.04462881
-3.68610146 3.64816513 0.03082659
-4.03816884 3.33154877 0.02468324
-4.35611287 2.97466157 0.02183394
-4.63626506 2.58032213 0.02038256
-4.87513321 2.15176897 0.01954062
-5.06951748 1.69264475 0.01899145
-5.21658093 1.20697115 0.01861056
-5.31389831 0.69911728 0.01834911
-5.35949402 0.17376310 0.01818764
-5.35187299 -0.36414127 0.01811841
-5.29004638 -0.90941994 0.01813889
-5.17355213 -1.45671900 0.01824948
-5.00247058 -2.00055687 0.01845276
-4.77743475 -2.53537715 0.01875334
-4.49963533 -3.05560316 0.01915800
-4.17082021 -3.55569388 0.01967591
-3.79328822 -4.03020075 0.02031904
-3.36987746 -4.47382458 0.02110274
-2.90394782 -4.88147224 0.02204643
-2.39935810 -5.24831241 0.02317459
-1.86043758 -5.56982988 0.02451805
-1.29195257 -5.84187782 0.02611565
-0.69906793 -6.06072745 0.02801653
-0.08730413 -6.22311467 0.03028307
0.53751008 -6.32628289 0.03299494
1.16928811 -6.36802208 0.03625434
1.80173956 -6.34670303 0.04019313
2.42842634 -6.26130691 0.04498238
3.04282046 -6.11144963 0.05084494
3.63836253 -5.89740078 0.05807204
4.20851995 -5.62009707 0.06704484
4.74684381 -5.28115025 0.07826158
5.24702320 -4.88284947 0.09237046
5.70293605 -4.42815852 0.11020660
6.10869573 -3.92070791 0.13282825
6.45869336 -3.36478249 0.16154123
6.74763776 -2.76530451 0.19789110
6.97059712 -2.12781239 0.24358874
7.12305116 -1.45843441 0.30031978
7.20096771 -0.76385543 0.36937711
7.20092324 -0.05127325 0.45106620
7.12028947 0.67166122 0.54388642
6.95750132 1.39692798 0.64361431
6.71239921 2.11625456 0.74260339
6.38659667 2.82127155 0.82980319
5.98376971 3.50370550 0.89202840
5.50972481 4.15559514 0.91668717
4.97211760 4.76950194 0.89545318
4.37979048 5.33867712 0.82755147
3.74185732 5.85715046 0.72102863
3.06680236 6.31972673 0.59106083
2.36188707 6.72190421 0.45578586
1.63303770 7.05975538 0.33141849
0.88518316 7.32981745 0.22865475
0.12284371 7.52902966 0.15150894
-0.64928090 7.65473065 0.09843025
-1.42590888 7.70470696 0.06463776
-2.20102316 7.67727063 0.04446245
-2.96792620 7.57134274 0.03292816
-3.71941390 7.38652627 0.02640807
-4.44798472 7.12316056 0.02260555
-5.14603288 6.78235625 0.02022240
-5.80600743 6.36601310 0.01858789
-6.42053907 5.87682373 0.01737609
-6.98254416 5.31826596 0.01643186
-7.48531434 4.69458515 0.01567877
-7.92259747 4.01076771 0.01507575
-8.28867244 3.27250620 0.01459812
-8.57841898 2.48615635 0.01422972
-8.78738211 1.65868650 0.01395956
-8.91183107 0.79761976 0.01378029
-8.94881188 -0.08903064 0.01368745
-8.89619313 -0.99283228 0.01367906
-8.75270437 -1.90501013 0.01375551
-8.51796657 -2.81652821 0.01391951
-8.19251414 -3.71817560 0.01417628
-7.77780830 -4.60065579 0.01453388
-7.27624133 -5.45467898 0.01500374
-6.69113157 -6.27105610 0.01560143
-6.02670917 -7.04079324 0.01634784
-5.28809225 -7.75518773 0.01727080
-4.48125402 -8.40592095 0.01840746
-3.61298081 -8.98515102 0.01980782
-2.69082139 -9.48560191 0.02153980
-1.72302830 -9.90064899 0.02369701
-0.71849167 -10.22440009 0.02641065
0.31333313 -10.45177099 0.02986800
1.36250311 -10.57855519 0.03434226
2.41866751 -10.60148662 0.04024118
3.47114764 -10.51829591 0.04818886
4.50901107 -10.32775981 0.05916656
5.52113149 -10.02974479 0.07476106
6.49621895 -9.62524675 0.09761368
7.42279207 -9.11643113 0.13225060
8.28903891 -8.50668156 0.18664819
9.08246362 -7.80067327 0.27522592
9.78912050 -7.00450206 0.42459924
10.39205715 -6.12592888 0.68453254
10.86827834 -5.17485353 1.14803982
11.18311879 -4.16422396 1.98497079
11.28076991 -3.11171773 3.48556110
11.07160997 -2.04260156 6.07197649
10.42589223 -0.99375947 10.12878609
9.20495715 -0.01692742 15.39043926
7.37395761 0.82501185 20.05445161
5.15268847 1.47628046 21.27020346
2.98419902 1.91502658 18.04368125
1.24271915 2.16303625 12.56679574
0.02526830 2.26682993 7.55649481
-0.77254982 2.27213144 4.11979355
-1.29885232 2.21177295 2.11149536
-1.66687498 2.10575303 1.04275402
-1.94496659 1.96536202 0.50602522
-2.16934368 1.79695795 0.24676343
-2.35741813 1.60441011 0.12502141
-2.51667144 1.39046335 0.06906466
-2.64968987 1.15743893 0.04374271
-2.75680278 0.90757276 0.03238959
-2.83740242 0.64316735 0.02730876
-2.89058547 0.36665163 0.02502343
-2.91546027 0.08059598 0.02399225
-2.91129417 -0.21229441 0.02354279
-2.87758565 -0.50919689 0.02338587
-2.81410090 -0.80719441 0.02339899
-2.72089333 -1.10330170 0.02353158
-2.59831383 -1.39449351 0.02376408
-2.44701539 -1.67773408 0.02409060
-2.26795360 -1.95000755 0.02451159
-2.06238362 -2.20834876 0.02503081
-1.83185373 -2.44987424 0.02565410
-1.57819591 -2.67181305 0.02638899
-1.30351314 -2.87153707 0.02724453
-1.01016383 -3.04659051 0.02823131
-0.70074329 -3.19471824 0.02936153
-0.37806253 -3.31389282 0.03064910
-0.04512429 -3.40233963 0.03210961
0.29490318 -3.45856003 0.03376043
0.63871463 -3.48135229 0.03562052
0.98289830 -3.46982987 0.03771030
1.32396806 -3.42343696 0.04005108
1.65839717 -3.34196099 0.04266447
1.98265302 -3.22554190 0.04557112
2.29323295 -3.07467805 0.04878915
2.58670059 -2.89022866 0.05233179
2.85972254 -2.67341253 0.05620430
3.10910509 -2.42580304 0.06039994
3.33183074 -2.14931939 0.06489511
3.52509410 -1.84621394 0.06964372
3.68633701 -1.51905580 0.07457124
3.81328233 -1.17071045 0.07956916
3.90396603 -0.80431582 0.08449098
3.95676697 -0.42325455 0.08915141
3.97043352 -0.03112298 0.09333030
3.94410636 0.36830304 0.09678329
3.87733608 0.77110509 0.09925988
3.77009496 1.17326139 0.10052884
3.62278185 1.57068753 0.10040846
3.43621982 1.95927830 0.09879704
3.21164685 2.33494969 0.09569775
2.95070041 2.69368049 0.09123071
2.65539752 3.03155293 0.08562765
2.32811234 3.34479200 0.07920763
1.97155316 3.62980324 0.07233737
1.58874005 3.88320903 0.06538424
1.18298370 4.10188336 0.05867183
0.75786464 4.28298522 0.05244758
0.31721170 4.42399056 0.04686790
-0.13492217 4.52272258 0.04200085
-0.59428789 4.57738000 0.03784237
-1.05647306 4.58656288 0.03433907
-1.51693947 4.54929531 0.03141125
-1.97106485 4.46504468 0.02897146
-2.41418791 4.33373686 0.02693683
-2.84165555 4.15576701 0.02523554
-3.24887141 3.93200586 0.02380869
-3.63134478 3.66380104 0.02260970
-3.98473933 3.35297368 0.02160238
-4.30492100 3.00180986 0.02075891
-4.58800459 2.61304732 0.02005790
-4.83039865 2.18985712 0.01948297
-5.02884812 1.73582053 0.01902158
-5.18047435 1.25490136 0.01866432
-5.28281207 0.75141371 0.01840432
-5.33384285 0.22998564 0.01823685
-5.33202471 -0.30448120 0.01815918
-5.27631754 -0.84685542 0.01817032
-5.16620390 -1.39182309 0.01827109
-5.00170495 -1.93393767 0.01846402
-4.78339132 -2.46767228 0.01875360
-4.51238864 -2.98747397 0.01914631
-4.19037759 -3.48781928 0.01965106
-3.81958841 -3.96327062 0.02027941
-3.40278974 -4.40853309 0.02104628
-2.94327190 -4.81851085 0.02197047
-2.44482466 -5.18836286 0.02307576
-1.91170955 -5.51355704 0.02439200
-1.34862700 -5.78992261 0.02595682
-0.76067865 -6.01369985 0.02781776
-0.15332492 -6.18158678 0.03003507
0.46766142 -6.29078244 0.03268558
1.09624552 -6.33902597 0.03586769
1.72618371 -6.32463136 0.03970817
2.35107927 -6.24651741 0.04437112
2.96443989 -6.10423247 0.05006988
3.55973598 -5.89797392 0.05708276
4.13045885 -5.62860205 0.06577323
4.67017770 -5.29764856 0.07661551
5.17259439 -4.90731939 0.09022551
5.63159489 -4.46049233 0.10739555
6.04129676 -3.96070963 0.12912867
6.39609261 -3.41216574 0.15666216
6.69069101 -2.81969067 0.19146171
6.92015889 -2.18872881 0.23515466
7.07997313 -1.52531270 0.28935613
7.16609420 -0.83603000 0.35533184
7.17508026 -0.12798059 0.43344841
7.10426208 0.59128170 0.52240977
6.95199439 1.31382990 0.61838755
6.71797898 2.03147560 0.71432718
6.40361671 2.73591751 0.79989183
6.01229484 3.41892628 0.86255208
5.54947607 4.07255342 0.89006057
5.02246359 4.68933781 0.87390005
4.43980054 5.26247413 0.81251464
3.81040903 5.78590935 0.71277572
3.14271213 6.25435089 0.58867595
2.44402207 6.66319755 0.45755139
1.72037719 7.00842900 0.33539670
0.97682170 7.28649970 0.23320969
0.21795241 7.49427442 0.15558738
-0.55150801 7.62902085 0.10157367
-1.32629991 7.68845308 0.06681803
-2.10045318 7.67080555 0.04586978
-2.86732211 7.57491503 0.03380426
-3.61974567 7.40029362 0.02695631
-4.35025042 7.14718432 0.02296469
-5.05124266 6.81659748 0.02047481
-5.71516860 6.41033004 0.01877808
-6.33464284 5.93097073 0.01752691
-6.90255365 5.38189360 0.01655506
-7.41215344 4.76724155 0.01578076
-7.85714037 4.09190098 0.01516033
-8.23173358 3.36146789 0.01466779
-8.53074354 2.58220608 0.01428619
-8.74963703 1.76099748 0.01400402
-8.88459654 0.90528556 0.01381353
-8.93257395 0.02301118 0.01370991
-8.89133671 -0.87745701 0.01369091
-8.75950730 -1.78739859 0.01375660
-8.53659461 -2.69782221 0.01390939
-8.22301703 -3.59955092 0.01415419
-7.82011688 -4.48331106 0.01449866
-7.33016576 -5.33982397 0.01495375
-6.75636080 -6.15989970 0.01553446
-6.10281152 -6.93453143 0.01626088
-5.37451730 -7.65499086 0.01715986
-4.57733563 -8.31292163 0.01826715
-3.71794135 -8.90043176 0.01963080
-2.80377715 -9.41018316 0.02131600
-1.84299589 -9.83547752 0.02341239
-0.84439550 -10.17033775 0.02604525
0.18265264 -10.40958420 0.02939294
1.22828041 -10.54890477 0.03371473
2.28220279 -10.58491867 0.03939624
3.33379777 -10.51523332 0.04702538
4.37218161 -10.33849444 0.05752262
5.38627128 -10.05443023 0.07236983
6.36482004 -9.66389120 0.09402228
7.29640029 -9.16888969 0.12666753
8.16928491 -8.57264640 0.17765096
8.97113429 -7.87965861 0.26019343
9.68830904 -7.09581816 0.39860679
10.30446572 -6.22863347 0.63822974
10.79780750 -5.28765873 1.06375703
11.13595420 -4.28531875 1.83035048
11.26716947 -3.23844278 3.20607766
11.10809105 -2.17090920 5.59269590
10.53548425 -1.11750437 9.39771393
9.40905234 -0.12746890 14.50519888
7.66983535 0.73767113 19.38428794
5.49325203 1.41987941 21.23651592
3.29883133 1.89113181 18.62492603
1.48674293 2.16706845 13.34067140
0.19587655 2.29178999 8.18785040
-0.65701793 2.31187734 4.52614852
-1.21904271 2.26205273 2.34068068
-1.60943014 2.16389862 1.16218748
-1.90226385 2.02969721 0.56513338
-2.13752177 1.86633678 0.27495221
-2.33471908 1.67793638 0.13808310
-2.50240251 1.46734024 0.07497546
-2.64364915 1.23689535 0.04636218
-2.75898220 0.98883098 0.03352391
-2.84784055 0.72543155 0.02778002
-2.90929674 0.44910684 0.02519703
-2.94240167 0.16241201 0.02402733
-2.94634993 -0.13195658 0.02350747
-2.92056048 -0.43117759 0.02330882
-2.86471771 -0.73232710 0.02329204
-2.77879312 -1.03240457 0.02339937
-2.66305720 -1.32836093 0.02360817
-2.51808512 -1.61712817 0.02391115
-2.34475820 -1.89564979 0.02430805
-2.14426173 -2.16091190 0.02480221
-1.91807940 -2.40997454 0.02539920
-1.66798453 -2.64000287 0.02610628
-1.39602819 -2.84829802 0.02693227
-1.10452426 -3.03232711 0.02788758
-0.79603148 -3.18975231 0.02898423
-0.47333279 -3.31845847 0.03023597
-0.13941189 -3.41657917 0.03165837
0.20257272 -3.48252062 0.03326882
0.54931587 -3.51498353 0.03508647
0.89739598 -3.51298231 0.03713212
1.24330717 -3.47586162 0.03942780
1.58349284 -3.40330978 0.04199618
1.91438063 -3.29536922 0.04485953
2.23241826 -3.15244328 0.04803826
2.53411014 -2.97529977 0.05154874
2.81605436 -2.76507064 0.05540036
3.07497984 -2.52324809 0.05959169
3.30778330 -2.25167669 0.06410564
3.51156579 -1.95254178 0.06890380
3.68366848 -1.62835385 0.07392013
3.82170728 -1.28192912 0.07905488
3.92360594 -0.91636631 0.08416954
3.98762700 -0.53501963 0.08908460
4.01239988 -0.14146830 0.09358173
3.99694520 0.26051722 0.09741243
3.94069440 0.66701191 0.10031451
3.84350344 1.07397530 0.10203655
3.70565973 1.47729247 0.10236867
3.52788169 1.87281609 0.10117535
3.31131089 2.25640906 0.09842444
3.05749762 2.62398668 0.09420469
2.76838124 2.97155811 0.08872607
2.44626753 3.29526644 0.08229981
2.09380498 3.59142716 0.07530047
1.71396178 3.85656514 0.06811725
1.31000408 4.08745003 0.06110511
0.88547528 4.28113026 0.05454615
0.44417506 4.43496560 0.04862866
-0.00986378 4.54665825 0.04344537
-0.47240201 4.61428195 0.03900760
-0.93902549 4.63630880 0.03526850
-1.40518171 4.61163322 0.03214800
-1.86622077 4.53959234 0.02955403
-2.31744022 4.41998266 0.02739721
-2.75413227 4.25307219 0.02559897
-3.17163268 4.03960810 0.02409450
-3.56537024 3.78081953 0.02283240
-3.93091612 3.47841538 0.02177280
-4.26403258 3.13457722 0.02088513
-4.56072053 2.75194713 0.02014598
-4.81726535 2.33361054 0.01953746
-5.03028066 1.88307428 0.01904588
-5.19674957 1.40423976 0.01866094
-5.31406286 0.90137175 0.01837502
-5.38005384 0.37906271 0.01818279
-5.39302941 -0.15780687 0.01808097
-5.35179685 -0.70411187 0.01806807
-5.25568623 -1.25452930 0.01814443
-5.10456786 -1.80358805 0.01831213
-4.89886468 -2.34572112 0.01857514
-4.63955941 -2.87531989 0.01893942
-4.32819606 -3.38678998 0.01941326
-3.96687598 -3.87460807 0.02000756
-3.55824816 -4.33337916 0.02073641
-3.10549385 -4.75789378 0.02161768
-2.61230567 -5.14318452 0.02267396
-2.08286109 -5.48458120 0.02393371
-1.52179069 -5.77776438 0.02543280
-0.93414139 -6.01881636 0.02721658
-0.32533488 -6.20426931 0.02934262
0.29887824 -6.33114992 0.03188432
0.93246812 -6.39702014 0.03493584
1.56917870 -6.40001361 0.03861860
2.20258335 -6.33886720 0.04309011
2.82614237 -6.21294758 0.04855561
3.43326161 -6.02227245 0.05528370
4.01735103 -5.76752616 0.06362672
4.57188234 -5.45006992 0.07404692
5.09044440 -5.07194641 0.08714902
5.56679518 -4.63587901 0.10371853
5.99490954 -4.14526608 0.12476230
6.36902225 -3.60417050 0.15154340
6.68366720 -3.01730479 0.18559312
6.93371606 -2.39001213 0.22867058
7.11442334 -1.72824279 0.28262318
7.22149023 -1.03852478 0.34908596
7.25116609 -0.32792563 0.42895529
7.20041076 0.39599957 0.52160705
7.06713956 1.12528166 0.62392706
6.85055640 1.85164169 0.72940134
6.55154385 2.56663420 0.82773496
6.17302332 3.26183231 0.90559958
5.72014420 3.92904572 0.94893621
5.20014695 4.56054690 0.94661415
4.62181399 5.14926746 0.89432928
3.99457464 5.68892436 0.79699323
3.32750312 6.17405018 0.66817348
2.62853306 6.59993112 0.52647973
1.90413933 6.96248646 0.39037123
1.15953790 7.25814014 0.27360397
0.39924578 7.48372995 0.18298840
-0.37226413 7.63647865 0.11878926
-1.15004727 7.71402507 0.07689414
-1.92842657 7.71449558 0.05142200
-2.70097707 7.63659048 0.03673990
-3.46067205 7.47966469 0.02849387
-4.20009475 7.24379136 0.02379925
-4.91164803 6.92980495 0.02096609
-5.58773126 6.53932567 0.01909810
-6.22088103 6.07476831 0.01775380
-6.80388388 5.53933858 0.01672394
-7.32987113 4.93701894 0.01590822
-7.79240302 4.27254517 0.01525510
-8.18554577 3.55137434 0.01473503
-8.50394339 2.77964462 0.01432927
-8.74288426 1.96412724 0.01402517
-8.89836222 1.11217113 0.01381419
-8.96713154 0.23164056 0.01369089
-8.94675551 -0.66915391 0.01365243
-8.83564754 -1.58153023 0.01369836
-8.63310454 -2.49651488 0.01383054
-8.33933216 -3.40492760 0.01405329
-7.95546128 -4.29746994 0.01437360
-7.48355562 -5.16481674 0.01480163
-6.92661001 -5.99770986 0.01535137
-6.28853946 -6.78705306 0.01604169
-5.57415869 -7.52400732 0.01689772
-4.78915243 -8.20008547 0.01795303
-3.94003670 -8.80724494 0.01925260
-3.03411072 -9.33797938 0.02085740
-2.07940126 -9.78540472 0.02285094
-1.08459874 -10.14334268 0.02534968
-0.05898676 -10.40639842 0.02851876
0.98763381 -10.57003255 0.03259731
2.04502451 -10.63062660 0.03793954
3.10258965 -10.58554184 0.04508301
4.14945335 -10.43317116 0.05486554
5.17452576 -10.17298481 0.06862962
6.16654581 -9.80557129 0.08858962
7.11407758 -9.33267693 0.11850625
8.00541701 -8.75725060 0.16495252
8.82832609 -8.08350650 0.23972823
9.56943435 -7.31702998 0.36450828
10.21299889 -6.46497478 0.57976253
10.73844766 -5.53644429 0.96145121
11.11572117 -4.54322931 1.65021688
11.29707521 -3.50119811 2.89425973
11.20485411 -2.43275319 5.08254686
10.72057999 -1.37060263 8.66237402
9.69843558 -0.36178916 13.69219833
8.04930374 0.53270450 18.92711739
5.89912483 1.25114495 21.58145082
3.64675522 1.75769108 19.66587072
1.73118403 2.06099412 14.51032357
0.34513831 2.20324729 9.07917247
-0.57101089 2.23315645 5.07508083
-1.16693976 2.18851687 2.64037502
-1.57202361 2.09327942 1.31484362
-1.86883193 1.96116609 0.63971202
-2.10260896 1.79984167 0.31042465
-2.29575829 1.61381439 0.15465962
-2.45832558 1.40611072 0.08264478
-2.59415299 1.17915327 0.04991218
-2.70416083 0.93519181 0.03519966
-2.78800574 0.67650175 0.02861616
-2.84489133 0.40546652 0.02566356
-2.87395707 0.12460357 0.02433513
-2.87446398 -0.16343694 0.02375011
-2.84588444 -0.45588681 0.02352738
-2.78794701 -0.74988124 0.02350435
-2.70065962 -1.04248407 0.02361301
-2.58432178 -1.33071524 0.02382625
-2.43953033 -1.61157966 0.02413480
-2.26718061 -1.88209706 0.02453751
-2.06846413 -2.13933236 0.02503727
-1.84486278 -2.38042619 0.02563936
-1.59813995 -2.60262538 0.02635079
-1.33032856 -2.80331290 0.02718011
-1.04371614 -2.98003718 0.02813737
-0.74082699 -3.13054026 0.02923415
-0.42440165 -3.25278455 0.03048362
-0.09737378 -3.34497815 0.03190058
0.23715554 -3.40559782 0.03350144
0.57594545 -3.43341010 0.03530416
0.91564519 -3.42748978 0.03732795
1.25282556 -3.38723557 0.03959292
1.58401195 -3.31238303 0.04211933
1.90571859 -3.20301417 0.04492657
2.21448366 -3.05956381 0.04803157
2.50690514 -2.88282257 0.05144669
2.77967694 -2.67393609 0.05517678
3.02962516 -2.43440079 0.05921549
3.25374416 -2.16605569 0.06354080
3.44923202 -1.87107064 0.06810974
3.61352532 -1.55193058 0.07285289
3.74433255 -1.21141618 0.07766922
3.83966599 -0.85258071 0.08242227
3.89787123 -0.47872336 0.08693911
3.91765385 -0.09335914 0.09101372
3.89810223 0.29981426 0.09441636
3.83870569 0.69695242 0.09690976
3.73936692 1.09410243 0.09827220
3.60040790 1.48724275 0.09832531
3.42256896 1.87232424 0.09696280
3.20700099 2.24531148 0.09417440
2.95525165 2.60222390 0.09005884
2.66924694 2.93917605 0.08482121
2.35126998 3.25241669 0.07875265
2.00393870 3.53836644 0.07219519
1.63018394 3.79365400 0.06549845
1.23322824 4.01515082 0.05897739
0.81656512 4.20000450 0.05287999
0.38393750 4.34567060 0.04737042
-0.06068604 4.44994292 0.04252885
-0.51313876 4.51098178 0.03836450
-0.96908755 4.52733986 0.03483607
-1.42406940 4.49798513 0.03187330
-1.87353204 4.42232037 0.02939526
-2.31287778 4.30019877 0.02732301
-2.73750978 4.13193529 0.02558667
-3.14287970 3.91831355 0.02412807
-3.52453587 3.66058795 0.02290063
-3.87817134 3.36048098 0.02186787
-4.19967135 3.02017569 0.02100154
-4.48515943 2.64230324 0.02027984
-4.73104207 2.22992561 0.01968597
-4.93405107 1.78651359 0.01920707
-5.09128356 1.31592011 0.01883339
-5.20023897 0.82234923 0.01855777
-5.25885262 0.31032080 0.01837523
-5.26552558 -0.21536866 0.01828276
-5.21915045 -0.74968877 0.01827910
-5.11913259 -1.28742136 0.01836475
-4.96540668 -1.82320929 0.01854200
-4.75844827 -2.35160775 0.01881487
-4.49928005 -2.86713747 0.01918948
-4.18947283 -3.36433940 0.01967423
-3.83114096 -3.83783031 0.02028007
-3.42693222 -4.28235872 0.02102108
-2.98001221 -4.69286077 0.02191514
-2.49404328 -5.06451521 0.02298472
-1.97315804 -5.39279721 0.02425809
-1.42192775 -5.67353035 0.02577072
-0.84532591 -5.90293607 0.02756732
-0.24868687 -6.07768054 0.02970441
0.36233919 -6.19491756 0.03225375
0.98183541 -6.25232801 0.03530687
1.60367044 -6.24815481 0.03898119
2.22155326 -6.18123320 0.04342793
2.82908984 -6.05101600 0.04884271
3.41984080 -5.85759357 0.05547923
3.98737933 -5.60170840 0.06366693
4.52534824 -5.28476408 0.07383299
5.02751523 -4.90882883 0.08652867
5.48782547 -4.47663369 0.10245858
5.90045076 -3.99156541 0.12250892
6.25983534 -3.45765450 0.14776595
6.56073953 -2.87955855 0.17950880
6.79828447 -2.26254068 0.21915006
6.96800461 -1.61244283 0.26808625
7.06591860 -0.93565238 0.32741117
7.08863365 -0.23905929 0.39745174
7.03350068 0.47000046 0.47712382
6.89883326 1.18382145 0.56319294
6.68418758 1.89443223 0.64966584
6.39066953 2.59373101 0.72768891
6.02119331 3.27365331 0.78638160
5.58058040 3.92636230 0.81483978
5.07538902 4.54443999 0.80503655
4.51342688 5.12104923 0.75469518
3.90301883 5.65003616 0.66883534
3.25222350 6.12595619 0.55902578
2.56824346 6.54402924 0.44039613
1.85720737 6.90005215 0.32758709
1.12434971 7.19030796 0.23130259
0.37445824 7.41150652 0.15668162
-0.38761626 7.56077393 0.10370106
-1.15656727 7.63568867 0.06892127
-1.92644367 7.63434801 0.04754854
-2.69065537 7.55544480 0.03501988
-3.44210631 7.39833800 0.02780928
-4.17337929 7.16310816 0.02357275
-4.87691916 6.85059504 0.02092762
-5.54519001 6.46241870 0.01913231
-6.17080354 6.00098666 0.01781520
-6.74662494 5.46948940 0.01679573
-7.26586409 4.87188590 0.01598443
-7.72215771 4.21288010 0.01533361
-8.10964512 3.49788907 0.01481506
-8.42303915 2.73300298 0.01441052
-8.65769182 1.92493736 0.01410758
-8.80965466 1.08097826 0.01389780
-8.87573309 0.20892020 0.01377580
-8.85353419 -0.68300217 0.01373881
-8.74150732 -1.58618827 0.01378641
-8.53897696 -2.49175091 0.01392052
-8.24616746 -3.39060029 0.01414548
-7.86421921 -4.27353161 0.01446831
-7.39519593 -5.13131579 0.01489919
-6.84208279 -5.95479220 0.01545214
-6.20877534 -6.73496261 0.01614601
-5.50005907 -7.46308554 0.01700592
-4.72157975 -8.13076987 0.01806537
-3.87980498 -8.73006667 0.01936921
-2.98197632 -9.25355966 0.02097813
-2.03605405 -9.69445048 0.02297518
-1.05065375 -10.04664110 0.02547592
-0.03497632 -10.30481060 0.02864397
1.00126731 -10.46448630 0.03271568
2.04793525 -10.52210834 0.03804020
3.09453455 -10.47508772 0.04514585
4.13029781 -10.32185742 0.05485310
5.14424958 -10.06191731 0.06847128
6.12525034 -9.69587422 0.08814980
7.06199632 -9.22548042 0.11751939
7.94293445 -8.65367663 0.16288667
8.75601542 -7.98465184 0.23549469
9.48813683 -7.22394310 0.35583598
10.12399458 -6.37862032 0.56184920
10.64382290 -5.45764086 0.92410443
11.01914436 -4.47253080 1.57208995
11.20534848 -3.43865888 2.73255971
11.13065526 -2.37747439 4.75986659
10.68599390 -1.31994043 8.06828866
9.73542572 -0.31028725 12.75272858
8.18752251 0.59390840 17.78211726
6.13751528 1.33280015 20.66674546
3.93846793 1.86829430 19.34900129
2.01416029 2.20331306 14.69935365
0.58222995 2.37488210 9.44087626
-0.38717111 2.42950378 5.38859918
-1.02984695 2.40497318 2.84757777
-1.47344663 2.32595603 1.43351415
-1.80298685 2.20681590 0.70183071
-2.06632191 2.05559894 0.34090292
-2.28757865 1.87698137 0.16884250
-2.47769638 1.67403088 0.08891843
-2.64086222 1.44915180 0.05251611
-2.77802794 1.20455784 0.03615412
-2.88871763 0.94249357 0.02883763
-2.97192225 0.66532894 0.02555013
-3.02653267 0.37559118 0.02405302
-3.05154787 0.07596632 0.02336627
-3.04617657 -0.23071418 0.02306782
-3.00988866 -0.54149460 0.02297871
-2.94244283 -0.85332031 0.02302450
-2.84390213 -1.16306584 0.02317546
-2.71464257 -1.46756464 0.02342112
-2.55535705 -1.76364011 0.02375966
-2.36705534 -2.04813743 0.02419351
-2.15106063 -2.31795586 0.02472755
-1.90900272 -2.57008118 0.02536852
-1.64280793 -2.80161792 0.02612477
-1.35468573 -3.00982107 0.02700629
-1.04711245 -3.19212691 0.02802480
-0.72281170 -3.34618272 0.02919385
-0.38473206 -3.46987481 0.03052901
-0.03602210 -3.56135496 0.03204793
0.31999717 -3.61906454 0.03377046
0.67986221 -3.64175633 0.03571859
1.03999884 -3.62851358 0.03791633
1.39675591 -3.57876620 0.04038934
1.74644054 -3.49230380 0.04316424
2.08535454 -3.36928532 0.04626752
2.40983178 -3.21024512 0.04972379
2.71627619 -3.01609551 0.05355332
3.00120011 -2.78812528 0.05776856
3.26126272 -2.52799448 0.06236958
3.49330824 -2.23772516 0.06733824
3.69440367 -1.91968805 0.07263132
3.86187571 -1.57658528 0.07817292
3.99334650 -1.21142900 0.08384697
4.08676774 -0.82751608 0.08949120
4.14045252 -0.42839896 0.09489457
4.15310404 -0.01785280 0.09980035
4.12384019 0.40016065 0.10391742
4.05221273 0.82153222 0.10694132
3.93821987 1.24204685 0.10858496
3.78231108 1.65742689 0.10861682
3.58538362 2.06337624 0.10690033
3.34877087 2.45562473 0.10342714
3.07422377 2.82997181 0.09833447
2.76388711 3.18232898 0.09190004
2.42027364 3.50876052 0.08451195
2.04623807 3.80552243 0.07661816
1.64495314 4.06909961 0.06866593
1.21988789 4.29624154 0.06104492
0.77478744 4.48399645 0.05404643
0.31365240 4.62974431 0.04784593
-0.15928443 4.73122813 0.04250875
-0.63958586 4.78658340 0.03801278
-1.12264370 4.79436507 0.03427894
-1.60371770 4.75357132 0.03120064
-2.07797943 4.66366375 0.02866668
-2.54055973 4.52458323 0.02657550
-2.98659863 4.33676123 0.02484177
-3.41129643 4.10112620 0.02339751
-3.80996525 3.81910498 0.02219028
-4.17808005 3.49261896 0.02118029
-4.51132885 3.12407509 0.02033750
-4.80566145 2.71635172 0.01963916
-5.05733631 2.27277931 0.01906805
-5.26296500 1.79711607 0.01861113
-5.41955401 1.29351888 0.01825865
-5.52454319 0.76650943 0.01800356
-5.57584068 0.22093607 0.01784105
-5.57185365 -0.33806849 0.01776836
-5.51151464 -0.90513322 0.01778457
-5.39430321 -1.47469813 0.01789057
-5.22026239 -2.04106658 0.01808912
-4.99000975 -2.59846007 0.01838490
-4.70474303 -3.14107493 0.01878484
-4.36624002 -3.66314044 0.01929822
-3.97685255 -4.15897781 0.01993733
-3.53949464 -4.62305955 0.02071796
-3.05762484 -5.05006841 0.02166012
-2.53522271 -5.43495549 0.02278919
-1.97675979 -5.77299696 0.02413730
-1.38716512 -6.05984845 0.02574518
-0.77178561 -6.29159712 0.02766468
-0.13634180 -6.46481033 0.02996215
0.51312104 -6.57658079 0.03272302
1.17028504 -6.62456719 0.03605795
1.82861538 -6.60703046 0.04011136
2.48141817 -6.52286501 0.04507282
3.12189988 -6.37162453 0.05119282
3.74322724 -6.15354239 0.05880392
4.33858644 -5.86954640 0.06834922
4.90124022 -5.52126798 0.08041977
5.42458136 -5.11104588 0.09580250
5.90218097 -4.64192488 0.11553841
6.32783020 -4.11764988 0.14098752
6.69557479 -3.54265602 0.17388976
6.99974336 -2.92205543 0.21639716
7.23497440 -2.26162100 0.27103267
7.39625201 -1.56776679 0.34050214
7.47896994 -0.84752316 0.42725778
7.47905317 -0.10850240 0.53270487
7.39317536 0.64115317 0.65599725
7.21910700 1.39285243 0.79253611
6.95620229 2.13768064 0.93259624
6.60596970 2.86658133 1.06087989
6.17257818 3.57059793 1.15797982
5.66306725 4.24115870 1.20432743
5.08702806 4.87036353 1.18600459
4.45566823 5.45121306 1.10027436
3.78044012 5.97772327 0.95798414
3.07166245 6.44489922 0.78110624
2.33761821 6.84858945 0.59621047
1.58440670 7.18528334 0.42686106
0.81648811 7.45192616 0.28822390
0.03759263 7.64580716 0.18556621
-0.74839672 7.76453884 0.11618749
-1.53685559 7.80611159 0.07300185
-2.32219961 7.76899025 0.04793814
-3.09795912 7.65221875 0.03411042
-3.85701083 7.45551032 0.02662788
-4.59184705 7.17931350 0.02247296
-5.29481449 6.82485329 0.01998690
-5.95830155 6.39415178 0.01833946
-6.57488054 5.89003251 0.01714208
-7.13741899 5.31611227 0.01621791
-7.63917271 4.67678254 0.01548417
-8.07386830 3.97718170 0.01489841
-8.43577879 3.22315869 0.01443603
-8.71979387 2.42122860 0.01408125
-8.92148458 1.57852052 0.01382343
-9.03716229 0.70271813 0.01365559
-9.06393111 -0.19800652 0.01357355
-8.99973357 -1.11506578 0.01357564
-8.84338843 -2.03953440 0.01366251
-8.59462056 -2.96223298 0.01383721
-8.25408230 -3.87381536 0.01410530
-7.82336586 -4.76485980 0.01447527
-7.30500650 -5.62596246 0.01495907
-6.70247643 -6.44783294 0.01557296
-6.02016915 -7.22139014 0.01633874
-5.26337423 -7.93785908 0.01728551
-4.43824291 -8.58886524 0.01845217
-3.55174451 -9.16652786 0.01989122
-2.61161408 -9.66354994 0.02167424
-1.62629207 -10.07330443 0.02390033
-0.60485648 -10.38991563 0.02670903
0.44305108 -10.60833509 0.03030068
1.50730407 -10.72441132 0.03496934
2.57737208 -10.73495285 0.04115709
3.64240070 -10.63778434 0.04954600
4.69128439 -10.43179605 0.06121804
5.71272251 -10.11698777 0.07794001
6.69524033 -9.69450944 0.10268457
7.62714200 -9.16670355 0.14060477
8.49633140 -8.53715912 0.20089356
9.28987647 -7.81079625 0.30038262
9.99307386 -6.99401886 0.47053920
10.58754581 -6.09500832 0.77091191
11.04751536 -5.12429775 1.31389878
11.33290136 -4.09588087 2.30565194
11.37785935 -3.02926299 4.09544218
11.07646528 -1.95290075 7.16905511
10.28020178 -0.90878523 11.87677026
8.84956725 0.04487464 17.60269466
6.80288692 0.84095588 21.88852579
4.46148148 1.42762207 21.76860462
2.32199027 1.79585827 17.23842447
0.70653374 1.98048208 11.30405958
-0.37035176 2.03363532 6.49050631
-1.05473165 2.00025786 3.42397063
-1.49868252 1.91027838 1.71605511
-1.80610135 1.78117320 0.83609398
-2.03590692 1.62266524 0.40396808
-2.21807579 1.44031040 0.19847074
-2.36659155 1.23764011 0.10297796
-2.48730813 1.01730217 0.05935357
-2.58219385 0.78162715 0.03966061
-2.65148522 0.53289343 0.03083151
-2.69474084 0.27344161 0.02688351
-2.71134583 0.00571571 0.02512557
-2.70075086 -0.26773071 0.02436500
-2.66258582 -0.54424540 0.02407984
-2.59671457 -0.82109662 0.02404435
-2.50326195 -1.09549666 0.02416242
-2.38262692 -1.36462785 0.02439446
-2.23548799 -1.62566993 0.02472565
-2.06280380 -1.87582833 0.02515235
-1.86580992 -2.11236280 0.02567624
-1.64601232 -2.33261626 0.02630191
-1.40517794 -2.53404326 0.02703582
-1.14532218 -2.71423803 0.02788593
-0.86869379 -2.87096167 0.02886151
-0.57775698 -3.00216819 0.02997318
-0.27517095 -3.10602914 0.03123281
0.03623275 -3.18095666 0.03265347
0.35347543 -3.22562441 0.03424938
0.67345812 -3.23898640 0.03603559
0.99299045 -3.22029340 0.03802773
1.30882096 -3.16910664 0.04024132
1.61766879 -3.08530863 0.04269098
1.91625639 -2.96911102 0.04538924
2.20134291 -2.82105923 0.04834483
2.46975826 -2.64203376 0.05156054
2.71843717 -2.43324813 0.05503051
2.94445332 -2.19624327 0.05873684
3.14505305 -1.93287839 0.06264583
3.31768834 -1.64531834 0.06670393
3.46004879 -1.33601737 0.07083389
3.57009212 -1.00769943 0.07493178
3.64607278 -0.66333507 0.07886586
3.68656803 -0.30611512 0.08247833
3.69050085 0.06057863 0.08559112
3.65715905 0.43320553 0.08801649
3.58620964 0.80810045 0.08957262
3.47770795 1.18151008 0.09010321
3.33210095 1.54963058 0.08949891
3.15022465 1.90864605 0.08771673
2.93329604 2.25476719 0.08479374
2.68290020 2.58426977 0.08085059
2.40097386 2.89353225 0.07608284
2.08978677 3.17907248 0.07074032
1.75192192 3.43758317 0.06509783
1.39025549 3.66596604 0.05942292
1.00793652 3.86136464 0.05394714
0.60836576 4.02119576 0.04884629
0.19517302 4.14317920 0.04423222
-0.22780831 4.22536584 0.04015589
-0.65657004 4.26616343 0.03661856
-1.08696188 4.26435985 0.03358696
-1.51472774 4.21914334 0.03100845
-1.93554540 4.13011934 0.02882336
-2.34506865 3.99732342 0.02697345
-2.73897119 3.82123028 0.02540665
-3.11299157 3.60275827 0.02407896
-3.46297835 3.34326961 0.02295442
-3.78493514 3.04456590 0.02200429
-4.07506476 2.70887916 0.02120587
-4.32981218 2.33885820 0.02054131
-4.54590577 1.93755049 0.01999671
-4.72039643 1.50837961 0.01956132
-4.85069423 1.05511845 0.01922703
-4.93460194 0.58185811 0.01898798
-4.97034550 0.09297328 0.01884015
-4.95660056 -0.40691622 0.01878138
-4.89251518 -0.91298707 0.01881112
-4.77772810 -1.42025705 0.01893057
-4.61238247 -1.92363208 0.01914249
-4.39713477 -2.41795543 0.01945149
-4.13315875 -2.89805852 0.01986417
-3.82214417 -3.35881293 0.02038934
-3.46629050 -3.79518300 0.02103841
-3.06829516 -4.20227878 0.02182590
-2.63133686 -4.57540812 0.02276999
-2.15905330 -4.91012891 0.02389343
-1.65551453 -5.20229845 0.02522454
-1.12519096 -5.44812194 0.02679863
-0.57291717 -5.64419813 0.02865975
-0.00385127 -5.78756204 0.03086308
0.57656934 -5.87572421 0.03347786
1.16267585 -5.90670619 0.03659132
1.74861860 -5.87907170 0.04031369
2.32842014 -5.79195317 0.04478455
2.89602985 -5.64507341 0.05018093
3.44537965 -5.43876216 0.05672721
3.97043996 -5.17396724 0.06470700
4.46527529 -4.85226039 0.07447658
4.92409872 -4.47583762 0.08647870
5.34132483 -4.04751411 0.10125420
5.71162108 -3.57071375 0.11944626
6.02995804 -3.04945338 0.14178883
6.29166035 -2.48832163 0.16906605
6.49246151 -1.89245198 0.20202433
6.62856765 -1.26748935 0.24121599
6.69673749 -0.61954885 0.28675714
6.69438622 0.04483552 0.33799954
6.61971952 0.71877522 0.39315438
6.47189641 1.39510785 0.44896670
6.25120658 2.06649677 0.50060660
5.95922824 2.72555016 0.54198029
5.59891433 3.36495521 0.56660991
5.17454920 3.97761770 0.56904206
4.69153676 4.55679173 0.54645450
4.15603015 5.09618228 0.49987591
3.57447636 5.59000736 0.43441906
2.95319625 6.03301606 0.35825780
2.29812016 6.42047152 0.28063254
1.61474433 6.74811777 0.20963115
0.90828810 7.01215212 0.15057259
0.18396216 7.20921939 0.10547929
-0.55276605 7.33643392 0.07359271
-1.29599610 7.39142480 0.05248048
-2.03934053 7.37239380 0.03918496
-2.77597692 7.27817418 0.03103617
-3.49876444 7.10828193 0.02602306
-4.20038365 6.86295469 0.02282105
-4.87347212 6.54317748 0.02064458
-5.51074453 6.15069592 0.01906288
-6.10509649 5.68801847 0.01785045
-6.64969580 5.15840889 0.01688994
-7.13806500 4.56586977 0.01611768
-7.56415798 3.91511773 0.01549634
-7.92243160 3.21155066 0.01500211
-8.20791299 2.46120721 0.01461887
-8.41626185 1.67071902 0.01433545
-8.54382755 0.84725579 0.01414426
-8.58770017 -0.00153608 0.01404062
-8.54575514 -0.86760098 0.01402229
-8.41669079 -1.74254708 0.01408940
-8.20005831 -2.61772428 0.01424435
-7.89628382 -3.48430631 0.01449199
-7.50668189 -4.33337624 0.01483993
-7.03346061 -5.15601478 0.01529896
-6.47971758 -5.94339041 0.01588385
-5.84942721 -6.68684994 0.01661433
-5.14741863 -7.37801075 0.01751664
-4.37934510 -8.00885000 0.01862558
-3.55164446 -8.57179370 0.01998775
-2.67149134 -9.05980270 0.02166590
-1.74674144 -9.46645508 0.02374586
-0.78586868 -9.78602439 0.02634657
0.20210406 -10.01355262 0.02963596
1.20767914 -10.14491752 0.03385562
2.22096161 -10.17689356 0.03936064
3.23173733 -10.10720621 0.04668514
4.22954759 -9.93457961 0.05665250
5.20375354 -9.65877806 0.07056494
6.14357911 -9.28064283 0.09053699
7.03811225 -8.80212724 0.12009366
7.87622794 -8.22633587 0.16526189
8.64636513 -7.55757888 0.23658588
9.33603194 -6.80146231 0.35286275
9.93080831 -5.96505282 0.54800292
10.41244045 -5.05718798 0.88322721
10.75538275 -4.08905688 1.46712693
10.92101361 -3.07525311 2.48289230
10.84947467 -2.03556090 4.20596027
10.45279688 -0.99759806 6.94826027
9.62312494 0.00037441 10.79025298
8.28304913 0.90928889 15.02668660
6.48723190 1.67697082 17.86022538
4.49026226 2.26578417 17.50977799
2.64170521 2.66951764 14.12715398
1.17232114 2.91272404 9.64990315
0.11031871 3.03338812 5.81623108
-0.63649157 3.06605686 3.21192668
-1.17878470 3.03509107 1.67121977
-1.59956532 2.95539275 0.83618399
-1.94926211 2.83546943 0.40986056
-2.25463335 2.68018560 0.20163838
-2.52816291 2.49258774 0.10343636
-2.77457923 2.27495564 0.05839277
-2.99471146 2.02935750 0.03814023
-3.18758425 1.75792280 0.02911326
-3.35149667 1.46296535 0.02505504
-3.48455987 1.14703003 0.02316993
-3.58496141 0.81290161 0.02224319
-3.65109725 0.46359445 0.02175957
-3.68164110 0.10233230 0.02150492
-3.67558429 -0.26747776 0.02139192
-3.63226106 -0.64227500 0.02138588
-3.55136587 -1.01837756 0.02147400
-3.43296524 -1.39201695 0.02165293
-3.27750527 -1.75937434 0.02192379
-3.08581515 -2.11661811 0.02229033
-2.85910676 -2.45994223 0.02275825
-2.59897035 -2.78560531 0.02333509
-2.30736627 -3.08996974 0.02403030
-1.98661288 -3.36954053 0.02485545
-1.63937057 -3.62100365 0.02582455
-1.26862215 -3.84126326 0.02695436
-0.87764932 -4.02747749 0.02826484
-0.47000606 -4.17709250 0.02977967
-0.04948858 -4.28787429 0.03152677
0.37989770 -4.35793798 0.03353892
0.81397388 -4.38577426 0.03585442
1.24842579 -4.37027254 0.03851768
1.67884419 -4.31074069 0.04157971
2.10076678 -4.20692100 0.04509842
2.50972161 -4.05900214 0.04913832
2.90127150 -3.86762689 0.05376959
3.27105921 -3.63389559 0.05906578
3.61485303 -3.35936497 0.06509975
3.92859251 -3.04604239 0.07193701
4.20843428 -2.69637538 0.07962566
4.45079776 -2.31323627 0.08818211
4.65241071 -1.89990192 0.09757224
4.81035469 -1.46002850 0.10768830
4.92211008 -0.99762111 0.11832333
4.98560046 -0.51699834 0.12914722
4.99923518 -0.02275163 0.13969048
4.96194845 0.48030027 0.14934519
4.87323236 0.98716145 0.15739246
4.73316026 1.49271287 0.16306428
4.54239648 1.99176925 0.16564092
4.30218931 2.47913716 0.16457340
4.01434545 2.94967276 0.15960809
3.68118771 3.39833718 0.15087962
3.30550096 3.82024810 0.13893848
2.89047478 4.21072672 0.12469238
2.43965155 4.56534006 0.10926611
1.95688758 4.87993941 0.09381235
1.44632954 5.15069654 0.07932491
0.91240396 5.37413888 0.06650455
0.35981242 5.54718468 0.05570750
-0.20647569 5.66717840 0.04697618
-0.78124027 5.73192563 0.04012599
-1.35904078 5.73972628 0.03485062
-1.93425992 5.68940479 0.03081372
-2.50115766 5.58033588 0.02770970
-3.05393214 5.41246508 0.02529206
-3.58678376 5.18632326 0.02337742
-4.09398009 4.90303500 0.02183640
-4.56992019 4.56432052 0.02058023
-5.00919739 4.17249127 0.01954840
-5.40666025 3.73043915 0.01869917
-5.75747136 3.24161948 0.01800313
-6.05716353 2.71002786 0.01743914
-6.30169317 2.14017091 0.01699180
-6.48749014 1.53703128 0.01664991
-6.61150368 0.90602721 0.01640550
-6.67124428 0.25296645 0.01625327
-6.66482001 -0.41600414 0.01619022
-6.59096814 -1.09445388 0.01621548
-6.44908079 -1.77572742 0.01633018
-6.23922445 -2.45300738 0.01653759
-5.96215319 -3.11937988 0.01684321
-5.61931513 -3.76790241 0.01725510
-5.21285211 -4.39167355 0.01778425
-4.74559243 -4.98390333 0.01844525
-4.22103650 -5.53798432 0.01925711
-3.64333556 -6.04756216 0.02024443
-3.01726368 -6.50660478 0.02143901
-2.34818257 -6.90947089 0.02288212
-1.64200071 -7.25097434 0.02462753
-0.90512597 -7.52644663 0.02674599
-0.14441290 -7.73179515 0.02933134
0.63289484 -7.86355707 0.03250956
1.41922614 -7.91894825 0.03645166
2.20674713 -7.89590686 0.04139286
2.98742759 -7.79313112 0.04766087
3.75310742 -7.61011113 0.05571846
4.49556062 -7.34715478 0.06622756
5.20655369 -7.00540790 0.08014674
5.87789370 -6.58686938 0.09887902
6.50145930 -6.09440262 0.12449542
7.06920528 -5.53174524 0.16006840
7.57312758 -4.90352039 0.21015673
8.00517201 -4.21525457 0.28147876
8.35706837 -3.47340854 0.38377283
8.62007742 -2.68543008 0.53072372
8.78466343 -1.85983727 0.74056003
8.84016878 -1.00633759 1.03540549
8.77469588 -0.13597432 1.43770332
8.57560315 0.73873872 1.96140762
8.23122841 1.60378582 2.59638401
7.73442028 2.44387929 3.28876564
7.08775001 3.24314182 3.92891670
6.30864073 3.98634832 4.36653153
5.43090631 4.66056351 4.46418851
4.49956716 5.25664437 4.16810638
3.55973040 5.76992107 3.54486900
2.64510984 6.19969149 2.75057813
1.77234532 6.54779954 1.95602341
0.94284862 6.81699925 1.28270860
0.14915094 7.00973557 0.78143928
-0.61847153 7.12758653 0.44658346
-1.36759867 7.17126239 0.24313892
-2.10187487 7.14091444 0.12961341
-2.82105177 7.03653023 0.07088772
-3.52189319 6.85828159 0.04237128
-4.19924127 6.60677595 0.02908942
-4.84689739 6.28321260 0.02292015
-5.45823077 5.88946700 0.01988111
-6.02655781 5.42812731 0.01818460
-6.54536992 4.90250176 0.01708468
-7.00847611 4.31660778 0.01628517
-7.41010246 3.67514903 0.01566949
-7.74497071 2.98348307 0.01518905
-8.00836602 2.24758099 0.01482080
-8.19619762 1.47397980 0.01455206
-8.30505356 0.66972807 0.01437522
-8.33224919 -0.15767485 0.01428591
-8.27586932 -1.00034538 0.01428231
-8.13480328 -1.85008746 0.01436491
-7.90877262 -2.69846895 0.01453650
-7.59835097 -3.53690199 0.01480232
-7.20497574 -4.35672660 0.01517039
-6.73095131 -5.14929671 0.01565199
-6.17944363 -5.90606784 0.01626242
-5.55446619 -6.61868514 0.01702205
-4.86085704 -7.27907273 0.01795787
-4.10424742 -7.87952004 0.01910560
-3.29102190 -8.41276793 0.02051291
-2.42827045 -8.87209146 0.02224389
-1.52373304 -9.25137918 0.02438588
-0.58573725 -9.54520810 0.02705960
0.37687005 -9.74891352 0.03043477
1.35479573 -9.85865325 0.03475449
2.33837649 -9.87146539 0.04037418
3.31765534 -9.78531971 0.04782501
4.28245471 -9.59916237 0.05791946
5.22243973 -9.31295462 0.07193072
6.12716132 -8.92770682 0.09190350
6.98606072 -8.44551050 0.12120211
7.78840320 -7.86957379 0.16549072
8.52308212 -7.20427024 0.23450178
9.17818842 -6.45521894 0.34522596
9.74015854 -5.62942903 0.52758715
10.19218734 -4.73556680 0.83415793
10.51143726 -3.78444469 1.35541102
10.66454126 -2.78988453 2.23910712
10.60153546 -1.77013935 3.70047656
10.25108481 -0.74993693 5.97820428
9.52672376 0.23738472 9.14482553
8.36244649 1.14963782 12.72096768
6.78583899 1.94112137 15.40977554
4.97816924 2.57556638 15.72519648
3.22149700 3.04041465 13.39703800
1.74172609 3.34986867 9.69963637
0.60920571 3.53363257 6.16826730
-0.22722145 3.62233080 3.56338388
-0.85793561 3.63944437 1.92097105
-1.36099979 3.60017051 0.98592954
-1.78813052 3.51344130 0.49026536
-2.16847060 3.38434316 0.24133628
-2.51620835 3.21593618 0.12165613
-2.83685683 3.01038915 0.06613962
-3.13133728 2.76961504 0.04108021
-3.39834255 2.49559902 0.02993367
-3.63561045 2.19055399 0.02494525
-3.84057857 1.85698499 0.02262580
-4.01071325 1.49770692 0.02146151
-4.14367612 1.11583865 0.02081597
-4.23741300 0.71478448 0.02042843
-4.29020623 0.29820836 0.02019414
-4.30070941 -0.12999666 0.02007164
-4.26797285 -0.56574269 0.02004507
-4.19146283 -1.00478413 0.02010918
-4.07107621 -1.44275727 0.02026364
-3.90715051 -1.87522195 0.02051085
-3.70046963 -2.29770484 0.02085530
-3.45226515 -2.70574398 0.02130340
-3.16421316 -3.09493394 0.02186361
-2.83842649 -3.46097193 0.02254666
-2.47744244 -3.79970296 0.02336595
-2.08420602 -4.10716509 0.02433799
-1.66204878 -4.37963350 0.02548299
-1.21466337 -4.61366301 0.02682563
-0.74607394 -4.80612878 0.02839597
-0.26060286 -4.95426462 0.03023054
0.23716628 -5.05569853 0.03237381
0.74242883 -5.10848504 0.03487978
1.25020220 -5.11113401 0.03781400
1.75537137 -5.06263554 0.04125586
2.25273649 -4.96248063 0.04530112
2.73706204 -4.81067746 0.05006461
3.20312715 -4.60776288 0.05568274
3.64577653 -4.35480907 0.06231533
4.05997184 -4.05342510 0.07014573
4.44084291 -3.70575346 0.07937802
4.78373904 -3.31446120 0.09022890
5.08428022 -2.88272582 0.10291150
5.33840888 -2.41421560 0.11760755
5.54244291 -1.91306438 0.13442405
5.69313111 -1.38384016 0.15333202
5.78771216 -0.83150750 0.17408772
5.82397799 -0.26138285 0.19614430
5.80034095 0.32091753 0.21857036
5.71590203 0.90953771 0.24000550
5.57051360 1.49844994 0.25869143
5.36482653 2.08152974 0.27261684
5.10030845 2.65263573 0.27979391
4.77922046 3.20569104 0.27864229
4.40454521 3.73476158 0.26839929
3.97987035 4.23412621 0.24942916
3.50924528 4.69833511 0.22330034
2.99704004 5.12225457 0.19255877
2.44783716 5.50110003 0.16023347
1.86637769 5.83046127 0.12922092
1.25756426 6.10632580 0.10174684
0.62650444 6.32510510 0.07906761
-0.02143377 6.48366672 0.06146716
-0.68058223 6.57937206 0.04848848
-1.34496649 6.61011724 0.03926863
-2.00833680 6.57437361 0.03284782
-2.66422911 6.47122430 0.02837521
-3.30604409 6.30039435 0.02519855
-3.92713305 6.06227304 0.02286766
-4.52088357 5.75792794 0.02109434
-5.08080137 5.38911083 0.01970241
